# Blender 5.2.1 LTS
# www.blender.org
mtllib board_frame.mtl
o board_frame
v 4.000000 -0.120000 -4.000000
v -4.000000 -0.120000 -4.000000
v -4.000000 -0.120000 4.000000
v 4.000000 -0.120000 4.000000
v 4.000000 0.092000 -4.000000
v -4.000000 0.092000 -4.000000
v -4.000000 0.092000 4.000000
v 4.000000 0.092000 4.000000
v 4.008000 0.100000 -4.008000
v -4.008000 0.100000 -4.008000
v -4.008000 0.100000 4.008000
v 4.008000 0.100000 4.008000
v 4.360000 0.100000 -4.360000
v -4.360000 0.100000 -4.360000
v -4.360000 0.100000 4.360000
v 4.360000 0.100000 4.360000
v 4.520000 0.100000 -4.520000
v -4.520000 0.100000 -4.520000
v -4.520000 0.100000 4.520000
v 4.520000 0.100000 4.520000
v 4.528957 0.099497 -4.528957
v -4.528957 0.099497 -4.528957
v -4.528957 0.099497 4.528957
v 4.528957 0.099497 4.528957
v 4.537802 0.097994 -4.537802
v -4.537802 0.097994 -4.537802
v -4.537802 0.097994 4.537802
v 4.537802 0.097994 4.537802
v 4.546422 0.095511 -4.546422
v -4.546422 0.095511 -4.546422
v -4.546422 0.095511 4.546422
v 4.546422 0.095511 4.546422
v 4.554711 0.092078 -4.554711
v -4.554711 0.092078 -4.554711
v -4.554711 0.092078 4.554711
v 4.554711 0.092078 4.554711
v 4.562562 0.087738 -4.562562
v -4.562562 0.087738 -4.562562
v -4.562562 0.087738 4.562562
v 4.562562 0.087738 4.562562
v 4.569879 0.082547 -4.569879
v -4.569879 0.082547 -4.569879
v -4.569879 0.082547 4.569879
v 4.569879 0.082547 4.569879
v 4.576569 0.076569 -4.576569
v -4.576569 0.076569 -4.576569
v -4.576569 0.076569 4.576569
v 4.576569 0.076569 4.576569
v 4.582547 0.069879 -4.582547
v -4.582547 0.069879 -4.582547
v -4.582547 0.069879 4.582547
v 4.582547 0.069879 4.582547
v 4.587738 0.062563 -4.587738
v -4.587738 0.062563 -4.587738
v -4.587738 0.062563 4.587738
v 4.587738 0.062563 4.587738
v 4.592077 0.054711 -4.592077
v -4.592077 0.054711 -4.592077
v -4.592077 0.054711 4.592077
v 4.592077 0.054711 4.592077
v 4.595510 0.046422 -4.595510
v -4.595510 0.046422 -4.595510
v -4.595510 0.046422 4.595510
v 4.595510 0.046422 4.595510
v 4.597994 0.037802 -4.597994
v -4.597994 0.037802 -4.597994
v -4.597994 0.037802 4.597994
v 4.597994 0.037802 4.597994
v 4.599497 0.028957 -4.599497
v -4.599497 0.028957 -4.599497
v -4.599497 0.028957 4.599497
v 4.599497 0.028957 4.599497
v 4.600000 0.020000 -4.600000
v -4.600000 0.020000 -4.600000
v -4.600000 0.020000 4.600000
v 4.600000 0.020000 4.600000
v 4.599316 0.009558 -4.599316
v -4.599316 0.009558 -4.599316
v -4.599316 0.009558 4.599316
v 4.599316 0.009558 4.599316
v 4.597274 -0.000706 -4.597274
v -4.597274 -0.000706 -4.597274
v -4.597274 -0.000706 4.597274
v 4.597274 -0.000706 4.597274
v 4.593910 -0.010615 -4.593910
v -4.593910 -0.010615 -4.593910
v -4.593910 -0.010615 4.593910
v 4.593910 -0.010615 4.593910
v 4.589282 -0.020000 -4.589282
v -4.589282 -0.020000 -4.589282
v -4.589282 -0.020000 4.589282
v 4.589282 -0.020000 4.589282
v 4.583468 -0.028701 -4.583468
v -4.583468 -0.028701 -4.583468
v -4.583468 -0.028701 4.583468
v 4.583468 -0.028701 4.583468
v 4.576569 -0.036569 -4.576569
v -4.576569 -0.036569 -4.576569
v -4.576569 -0.036569 4.576569
v 4.576569 -0.036569 4.576569
v 4.568701 -0.043468 -4.568701
v -4.568701 -0.043468 -4.568701
v -4.568701 -0.043468 4.568701
v 4.568701 -0.043468 4.568701
v 4.560000 -0.049282 -4.560000
v -4.560000 -0.049282 -4.560000
v -4.560000 -0.049282 4.560000
v 4.560000 -0.049282 4.560000
v 4.550615 -0.053910 -4.550615
v -4.550615 -0.053910 -4.550615
v -4.550615 -0.053910 4.550615
v 4.550615 -0.053910 4.550615
v 4.540706 -0.057274 -4.540706
v -4.540706 -0.057274 -4.540706
v -4.540706 -0.057274 4.540706
v 4.540706 -0.057274 4.540706
v 4.530442 -0.059316 -4.530442
v -4.530442 -0.059316 -4.530442
v -4.530442 -0.059316 4.530442
v 4.530442 -0.059316 4.530442
v 4.520000 -0.060000 -4.520000
v -4.520000 -0.060000 -4.520000
v -4.520000 -0.060000 4.520000
v 4.520000 -0.060000 4.520000
v 4.548434 -0.060000 -4.548434
v -4.548434 -0.060000 -4.548434
v -4.548434 -0.060000 4.548434
v 4.548434 -0.060000 4.548434
v 4.550375 -0.061521 -4.550375
v -4.550375 -0.061521 -4.550375
v -4.550375 -0.061521 4.550375
v 4.550375 -0.061521 4.550375
v 4.551738 -0.067041 -4.551738
v -4.551738 -0.067041 -4.551738
v -4.551738 -0.067041 4.551738
v 4.551738 -0.067041 4.551738
v 4.556406 -0.073203 -4.556406
v -4.556406 -0.073203 -4.556406
v -4.556406 -0.073203 4.556406
v 4.556406 -0.073203 4.556406
v 4.563184 -0.078545 -4.563184
v -4.563184 -0.078545 -4.563184
v -4.563184 -0.078545 4.563184
v 4.563184 -0.078545 4.563184
v 4.571250 -0.083125 -4.571250
v -4.571250 -0.083125 -4.571250
v -4.571250 -0.083125 4.571250
v 4.571250 -0.083125 4.571250
v 4.579785 -0.087002 -4.579785
v -4.579785 -0.087002 -4.579785
v -4.579785 -0.087002 4.579785
v 4.579785 -0.087002 4.579785
v 4.587969 -0.090234 -4.587969
v -4.587969 -0.090234 -4.587969
v -4.587969 -0.090234 4.587969
v 4.587969 -0.090234 4.587969
v 4.594980 -0.092881 -4.594980
v -4.594980 -0.092881 -4.594980
v -4.594980 -0.092881 4.594980
v 4.594980 -0.092881 4.594980
v 4.600000 -0.095000 -4.600000
v -4.600000 -0.095000 -4.600000
v -4.600000 -0.095000 4.600000
v 4.600000 -0.095000 4.600000
v 4.600000 -0.110757 -4.600000
v -4.600000 -0.110757 -4.600000
v -4.600000 -0.110757 4.600000
v 4.600000 -0.110757 4.600000
v 4.599780 -0.111909 -4.599780
v -4.599780 -0.111909 -4.599780
v -4.599780 -0.111909 4.599780
v 4.599780 -0.111909 4.599780
v 4.599121 -0.112879 -4.599121
v -4.599121 -0.112879 -4.599121
v -4.599121 -0.112879 4.599121
v 4.599121 -0.112879 4.599121
v 4.592000 -0.120000 -4.592000
v -4.592000 -0.120000 -4.592000
v -4.592000 -0.120000 4.592000
v 4.592000 -0.120000 4.592000
v 4.060000 0.092000 -4.060000
v -4.060000 0.092000 -4.060000
v -4.060000 0.092000 4.060000
v 4.060000 0.092000 4.060000
v 4.095000 0.092000 -4.095000
v -4.095000 0.092000 -4.095000
v -4.095000 0.092000 4.095000
v 4.095000 0.092000 4.095000
v 4.095000 0.101800 -4.095000
v -4.095000 0.101800 -4.095000
v -4.095000 0.101800 4.095000
v 4.095000 0.101800 4.095000
v 4.060000 0.101800 -4.060000
v -4.060000 0.101800 -4.060000
v -4.060000 0.101800 4.060000
v 4.060000 0.101800 4.060000
v 4.200000 0.094000 -4.200000
v 4.275000 0.094000 -4.200000
v 4.273995 0.094000 -4.207288
v 4.271023 0.094000 -4.214127
v 4.266149 0.094000 -4.220066
v 4.258204 0.094000 -4.224109
v 4.260963 0.094000 -4.232585
v 4.260211 0.094000 -4.240232
v 4.257475 0.094000 -4.247169
v 4.253033 0.094000 -4.253033
v 4.247169 0.094000 -4.257475
v 4.240232 0.094000 -4.260211
v 4.232585 0.094000 -4.260963
v 4.224109 0.094000 -4.258204
v 4.220066 0.094000 -4.266149
v 4.214127 0.094000 -4.271023
v 4.207288 0.094000 -4.273995
v 4.200000 0.094000 -4.275000
v 4.192712 0.094000 -4.273995
v 4.185873 0.094000 -4.271023
v 4.179934 0.094000 -4.266149
v 4.175891 0.094000 -4.258204
v 4.167414 0.094000 -4.260963
v 4.159768 0.094000 -4.260211
v 4.152831 0.094000 -4.257475
v 4.146967 0.094000 -4.253033
v 4.142524 0.094000 -4.247169
v 4.139789 0.094000 -4.240232
v 4.139036 0.094000 -4.232585
v 4.141795 0.094000 -4.224109
v 4.133851 0.094000 -4.220066
v 4.128976 0.094000 -4.214127
v 4.126005 0.094000 -4.207288
v 4.125000 0.094000 -4.200000
v 4.126005 0.094000 -4.192712
v 4.128976 0.094000 -4.185873
v 4.133851 0.094000 -4.179934
v 4.141795 0.094000 -4.175891
v 4.139036 0.094000 -4.167414
v 4.139789 0.094000 -4.159768
v 4.142524 0.094000 -4.152831
v 4.146967 0.094000 -4.146967
v 4.152831 0.094000 -4.142524
v 4.159768 0.094000 -4.139789
v 4.167414 0.094000 -4.139036
v 4.175891 0.094000 -4.141795
v 4.179934 0.094000 -4.133851
v 4.185873 0.094000 -4.128976
v 4.192712 0.094000 -4.126005
v 4.200000 0.094000 -4.125000
v 4.207288 0.094000 -4.126005
v 4.214127 0.094000 -4.128976
v 4.220066 0.094000 -4.133851
v 4.224109 0.094000 -4.141795
v 4.232585 0.094000 -4.139036
v 4.240232 0.094000 -4.139789
v 4.247169 0.094000 -4.142524
v 4.253033 0.094000 -4.146967
v 4.257475 0.094000 -4.152831
v 4.260211 0.094000 -4.159768
v 4.260963 0.094000 -4.167414
v 4.258204 0.094000 -4.175891
v 4.266149 0.094000 -4.179934
v 4.271023 0.094000 -4.185873
v 4.273995 0.094000 -4.192712
v 4.275000 0.100673 -4.200000
v 4.273995 0.100673 -4.207288
v 4.271023 0.100673 -4.214127
v 4.266149 0.100673 -4.220066
v 4.258204 0.100673 -4.224109
v 4.260963 0.100673 -4.232585
v 4.260211 0.100673 -4.240232
v 4.257475 0.100673 -4.247169
v 4.253033 0.100673 -4.253033
v 4.247169 0.100673 -4.257475
v 4.240232 0.100673 -4.260211
v 4.232585 0.100673 -4.260963
v 4.224109 0.100673 -4.258204
v 4.220066 0.100673 -4.266149
v 4.214127 0.100673 -4.271023
v 4.207288 0.100673 -4.273995
v 4.200000 0.100673 -4.275000
v 4.192712 0.100673 -4.273995
v 4.185873 0.100673 -4.271023
v 4.179934 0.100673 -4.266149
v 4.175891 0.100673 -4.258204
v 4.167414 0.100673 -4.260963
v 4.159768 0.100673 -4.260211
v 4.152831 0.100673 -4.257475
v 4.146967 0.100673 -4.253033
v 4.142524 0.100673 -4.247169
v 4.139789 0.100673 -4.240232
v 4.139036 0.100673 -4.232585
v 4.141795 0.100673 -4.224109
v 4.133851 0.100673 -4.220066
v 4.128976 0.100673 -4.214127
v 4.126005 0.100673 -4.207288
v 4.125000 0.100673 -4.200000
v 4.126005 0.100673 -4.192712
v 4.128976 0.100673 -4.185873
v 4.133851 0.100673 -4.179934
v 4.141795 0.100673 -4.175891
v 4.139036 0.100673 -4.167414
v 4.139789 0.100673 -4.159768
v 4.142524 0.100673 -4.152831
v 4.146967 0.100673 -4.146967
v 4.152831 0.100673 -4.142524
v 4.159768 0.100673 -4.139789
v 4.167414 0.100673 -4.139036
v 4.175891 0.100673 -4.141795
v 4.179934 0.100673 -4.133851
v 4.185873 0.100673 -4.128976
v 4.192712 0.100673 -4.126005
v 4.200000 0.100673 -4.125000
v 4.207288 0.100673 -4.126005
v 4.214127 0.100673 -4.128976
v 4.220066 0.100673 -4.133851
v 4.224109 0.100673 -4.141795
v 4.232585 0.100673 -4.139036
v 4.240232 0.100673 -4.139789
v 4.247169 0.100673 -4.142524
v 4.253033 0.100673 -4.146967
v 4.257475 0.100673 -4.152831
v 4.260211 0.100673 -4.159768
v 4.260963 0.100673 -4.167414
v 4.258204 0.100673 -4.175891
v 4.266149 0.100673 -4.179934
v 4.271023 0.100673 -4.185873
v 4.273995 0.100673 -4.192712
v 4.273777 0.102516 -4.200000
v 4.272789 0.102516 -4.207169
v 4.269866 0.102516 -4.213897
v 4.265071 0.102516 -4.219739
v 4.257256 0.102516 -4.223716
v 4.259970 0.102516 -4.232054
v 4.259229 0.102516 -4.239576
v 4.256539 0.102516 -4.246400
v 4.252169 0.102516 -4.252169
v 4.246400 0.102516 -4.256539
v 4.239576 0.102516 -4.259229
v 4.232054 0.102516 -4.259970
v 4.223716 0.102516 -4.257256
v 4.219739 0.102516 -4.265071
v 4.213897 0.102516 -4.269866
v 4.207169 0.102516 -4.272789
v 4.200000 0.102516 -4.273777
v 4.192831 0.102516 -4.272789
v 4.186102 0.102516 -4.269866
v 4.180261 0.102516 -4.265071
v 4.176284 0.102516 -4.257256
v 4.167945 0.102516 -4.259970
v 4.160424 0.102516 -4.259229
v 4.153600 0.102516 -4.256539
v 4.147831 0.102516 -4.252169
v 4.143461 0.102516 -4.246400
v 4.140770 0.102516 -4.239576
v 4.140030 0.102516 -4.232054
v 4.142744 0.102516 -4.223716
v 4.134929 0.102516 -4.219739
v 4.130134 0.102516 -4.213897
v 4.127211 0.102516 -4.207169
v 4.126222 0.102516 -4.200000
v 4.127211 0.102516 -4.192831
v 4.130134 0.102516 -4.186102
v 4.134929 0.102516 -4.180261
v 4.142744 0.102516 -4.176284
v 4.140030 0.102516 -4.167945
v 4.140770 0.102516 -4.160424
v 4.143461 0.102516 -4.153600
v 4.147831 0.102516 -4.147831
v 4.153600 0.102516 -4.143461
v 4.160424 0.102516 -4.140770
v 4.167945 0.102516 -4.140030
v 4.176284 0.102516 -4.142744
v 4.180261 0.102516 -4.134929
v 4.186102 0.102516 -4.130134
v 4.192831 0.102516 -4.127211
v 4.200000 0.102516 -4.126222
v 4.207169 0.102516 -4.127211
v 4.213897 0.102516 -4.130134
v 4.219739 0.102516 -4.134929
v 4.223716 0.102516 -4.142744
v 4.232054 0.102516 -4.140030
v 4.239576 0.102516 -4.140770
v 4.246400 0.102516 -4.143461
v 4.252169 0.102516 -4.147831
v 4.256539 0.102516 -4.153600
v 4.259229 0.102516 -4.160424
v 4.259970 0.102516 -4.167945
v 4.257256 0.102516 -4.176284
v 4.265071 0.102516 -4.180261
v 4.269866 0.102516 -4.186102
v 4.272789 0.102516 -4.192831
v 4.269844 0.104176 -4.200000
v 4.268908 0.104176 -4.206787
v 4.266140 0.104176 -4.213156
v 4.261601 0.104176 -4.218687
v 4.254203 0.104176 -4.222451
v 4.256772 0.104176 -4.230345
v 4.256071 0.104176 -4.237465
v 4.253524 0.104176 -4.243926
v 4.249387 0.104176 -4.249387
v 4.243926 0.104176 -4.253524
v 4.237465 0.104176 -4.256071
v 4.230345 0.104176 -4.256772
v 4.222451 0.104176 -4.254203
v 4.218687 0.104176 -4.261601
v 4.213156 0.104176 -4.266140
v 4.206787 0.104176 -4.268908
v 4.200000 0.104176 -4.269844
v 4.193213 0.104176 -4.268908
v 4.186843 0.104176 -4.266140
v 4.181313 0.104176 -4.261601
v 4.177548 0.104176 -4.254203
v 4.169654 0.104176 -4.256772
v 4.162534 0.104176 -4.256071
v 4.156074 0.104176 -4.253524
v 4.150613 0.104176 -4.249387
v 4.146476 0.104176 -4.243926
v 4.143929 0.104176 -4.237465
v 4.143228 0.104176 -4.230345
v 4.145797 0.104176 -4.222451
v 4.138398 0.104176 -4.218687
v 4.133859 0.104176 -4.213156
v 4.131092 0.104176 -4.206787
v 4.130156 0.104176 -4.200000
v 4.131092 0.104176 -4.193213
v 4.133859 0.104176 -4.186843
v 4.138398 0.104176 -4.181313
v 4.145797 0.104176 -4.177548
v 4.143228 0.104176 -4.169654
v 4.143929 0.104176 -4.162534
v 4.146476 0.104176 -4.156074
v 4.150613 0.104176 -4.150613
v 4.156074 0.104176 -4.146476
v 4.162534 0.104176 -4.143929
v 4.169654 0.104176 -4.143228
v 4.177548 0.104176 -4.145797
v 4.181313 0.104176 -4.138398
v 4.186843 0.104176 -4.133859
v 4.193213 0.104176 -4.131092
v 4.200000 0.104176 -4.130156
v 4.206787 0.104176 -4.131092
v 4.213156 0.104176 -4.133859
v 4.218687 0.104176 -4.138398
v 4.222451 0.104176 -4.145797
v 4.230345 0.104176 -4.143228
v 4.237465 0.104176 -4.143929
v 4.243926 0.104176 -4.146476
v 4.249387 0.104176 -4.150613
v 4.253524 0.104176 -4.156074
v 4.256071 0.104176 -4.162534
v 4.256772 0.104176 -4.169654
v 4.254203 0.104176 -4.177548
v 4.261601 0.104176 -4.181313
v 4.266140 0.104176 -4.186843
v 4.268908 0.104176 -4.193213
v 4.262500 0.105741 -4.200000
v 4.261662 0.105741 -4.206073
v 4.259186 0.105741 -4.211773
v 4.255124 0.105741 -4.216722
v 4.248504 0.105741 -4.220091
v 4.250803 0.105741 -4.227155
v 4.250175 0.105741 -4.233526
v 4.247896 0.105741 -4.239307
v 4.244194 0.105741 -4.244194
v 4.239307 0.105741 -4.247896
v 4.233526 0.105741 -4.250175
v 4.227155 0.105741 -4.250803
v 4.220091 0.105741 -4.248504
v 4.216722 0.105741 -4.255124
v 4.211773 0.105741 -4.259186
v 4.206073 0.105741 -4.261662
v 4.200000 0.105741 -4.262500
v 4.193927 0.105741 -4.261662
v 4.188227 0.105741 -4.259186
v 4.183278 0.105741 -4.255124
v 4.179909 0.105741 -4.248504
v 4.172845 0.105741 -4.250803
v 4.166473 0.105741 -4.250175
v 4.160692 0.105741 -4.247896
v 4.155806 0.105741 -4.244194
v 4.152103 0.105741 -4.239307
v 4.149824 0.105741 -4.233526
v 4.149197 0.105741 -4.227155
v 4.151496 0.105741 -4.220091
v 4.144876 0.105741 -4.216722
v 4.140813 0.105741 -4.211773
v 4.138337 0.105741 -4.206073
v 4.137500 0.105741 -4.200000
v 4.138337 0.105741 -4.193927
v 4.140813 0.105741 -4.188227
v 4.144876 0.105741 -4.183278
v 4.151496 0.105741 -4.179909
v 4.149197 0.105741 -4.172845
v 4.149824 0.105741 -4.166473
v 4.152103 0.105741 -4.160692
v 4.155806 0.105741 -4.155806
v 4.160692 0.105741 -4.152103
v 4.166473 0.105741 -4.149824
v 4.172845 0.105741 -4.149197
v 4.179909 0.105741 -4.151496
v 4.183278 0.105741 -4.144876
v 4.188227 0.105741 -4.140813
v 4.193927 0.105741 -4.138337
v 4.200000 0.105741 -4.137500
v 4.206073 0.105741 -4.138337
v 4.211773 0.105741 -4.140813
v 4.216722 0.105741 -4.144876
v 4.220091 0.105741 -4.151496
v 4.227155 0.105741 -4.149197
v 4.233526 0.105741 -4.149824
v 4.239307 0.105741 -4.152103
v 4.244194 0.105741 -4.155806
v 4.247896 0.105741 -4.160692
v 4.250175 0.105741 -4.166473
v 4.250803 0.105741 -4.172845
v 4.248504 0.105741 -4.179909
v 4.255124 0.105741 -4.183278
v 4.259186 0.105741 -4.188227
v 4.261662 0.105741 -4.193927
v 4.253906 0.106750 -4.200000
v 4.253184 0.106750 -4.205238
v 4.251048 0.106750 -4.210154
v 4.247545 0.106750 -4.214422
v 4.241834 0.106750 -4.217328
v 4.243817 0.106750 -4.223421
v 4.243277 0.106750 -4.228916
v 4.241311 0.106750 -4.233902
v 4.238117 0.106750 -4.238117
v 4.233902 0.106750 -4.241311
v 4.228916 0.106750 -4.243277
v 4.223421 0.106750 -4.243817
v 4.217328 0.106750 -4.241834
v 4.214422 0.106750 -4.247545
v 4.210154 0.106750 -4.251048
v 4.205238 0.106750 -4.253184
v 4.200000 0.106750 -4.253906
v 4.194762 0.106750 -4.253184
v 4.189846 0.106750 -4.251048
v 4.185577 0.106750 -4.247545
v 4.182672 0.106750 -4.241834
v 4.176579 0.106750 -4.243817
v 4.171083 0.106750 -4.243277
v 4.166097 0.106750 -4.241311
v 4.161882 0.106750 -4.238117
v 4.158689 0.106750 -4.233902
v 4.156723 0.106750 -4.228916
v 4.156182 0.106750 -4.223421
v 4.158165 0.106750 -4.217328
v 4.152455 0.106750 -4.214422
v 4.148952 0.106750 -4.210154
v 4.146816 0.106750 -4.205238
v 4.146093 0.106750 -4.200000
v 4.146816 0.106750 -4.194762
v 4.148952 0.106750 -4.189846
v 4.152455 0.106750 -4.185577
v 4.158165 0.106750 -4.182672
v 4.156182 0.106750 -4.176579
v 4.156723 0.106750 -4.171083
v 4.158689 0.106750 -4.166097
v 4.161882 0.106750 -4.161882
v 4.166097 0.106750 -4.158689
v 4.171083 0.106750 -4.156723
v 4.176579 0.106750 -4.156182
v 4.182672 0.106750 -4.158165
v 4.185577 0.106750 -4.152455
v 4.189846 0.106750 -4.148952
v 4.194762 0.106750 -4.146816
v 4.200000 0.106750 -4.146093
v 4.205238 0.106750 -4.146816
v 4.210154 0.106750 -4.148952
v 4.214422 0.106750 -4.152455
v 4.217328 0.106750 -4.158165
v 4.223421 0.106750 -4.156182
v 4.228916 0.106750 -4.156723
v 4.233902 0.106750 -4.158689
v 4.238117 0.106750 -4.161882
v 4.241311 0.106750 -4.166097
v 4.243277 0.106750 -4.171083
v 4.243817 0.106750 -4.176579
v 4.241834 0.106750 -4.182672
v 4.247545 0.106750 -4.185577
v 4.251048 0.106750 -4.189846
v 4.253184 0.106750 -4.194762
v 4.245000 0.107259 -4.200000
v 4.244397 0.107259 -4.204372
v 4.242614 0.107259 -4.208476
v 4.239689 0.107259 -4.212039
v 4.234922 0.107259 -4.214465
v 4.236578 0.107259 -4.219551
v 4.236126 0.107259 -4.224139
v 4.234485 0.107259 -4.228301
v 4.231820 0.107259 -4.231820
v 4.228301 0.107259 -4.234485
v 4.224139 0.107259 -4.236126
v 4.219551 0.107259 -4.236578
v 4.214465 0.107259 -4.234922
v 4.212039 0.107259 -4.239689
v 4.208476 0.107259 -4.242614
v 4.204372 0.107259 -4.244397
v 4.200000 0.107259 -4.245000
v 4.195627 0.107259 -4.244397
v 4.191524 0.107259 -4.242614
v 4.187960 0.107259 -4.239689
v 4.185534 0.107259 -4.234922
v 4.180449 0.107259 -4.236578
v 4.175861 0.107259 -4.236126
v 4.171699 0.107259 -4.234485
v 4.168180 0.107259 -4.231820
v 4.165514 0.107259 -4.228301
v 4.163873 0.107259 -4.224139
v 4.163422 0.107259 -4.219551
v 4.165077 0.107259 -4.214465
v 4.160310 0.107259 -4.212039
v 4.157386 0.107259 -4.208476
v 4.155603 0.107259 -4.204372
v 4.155000 0.107259 -4.200000
v 4.155603 0.107259 -4.195627
v 4.157386 0.107259 -4.191524
v 4.160310 0.107259 -4.187960
v 4.165077 0.107259 -4.185534
v 4.163422 0.107259 -4.180449
v 4.163873 0.107259 -4.175861
v 4.165514 0.107259 -4.171699
v 4.168180 0.107259 -4.168180
v 4.171699 0.107259 -4.165514
v 4.175861 0.107259 -4.163873
v 4.180449 0.107259 -4.163422
v 4.185534 0.107259 -4.165077
v 4.187960 0.107259 -4.160310
v 4.191524 0.107259 -4.157386
v 4.195627 0.107259 -4.155603
v 4.200000 0.107259 -4.155000
v 4.204372 0.107259 -4.155603
v 4.208476 0.107259 -4.157386
v 4.212039 0.107259 -4.160310
v 4.214465 0.107259 -4.165077
v 4.219551 0.107259 -4.163422
v 4.224139 0.107259 -4.163873
v 4.228301 0.107259 -4.165514
v 4.231820 0.107259 -4.168180
v 4.234485 0.107259 -4.171699
v 4.236126 0.107259 -4.175861
v 4.236578 0.107259 -4.180449
v 4.234922 0.107259 -4.185534
v 4.239689 0.107259 -4.187960
v 4.242614 0.107259 -4.191524
v 4.244397 0.107259 -4.195627
v 4.236719 0.107324 -4.200000
v 4.236227 0.107324 -4.203568
v 4.234772 0.107324 -4.206916
v 4.232386 0.107324 -4.209824
v 4.228496 0.107324 -4.211803
v 4.229846 0.107324 -4.215953
v 4.229478 0.107324 -4.219697
v 4.228139 0.107324 -4.223093
v 4.225964 0.107324 -4.225964
v 4.223093 0.107324 -4.228139
v 4.219697 0.107324 -4.229478
v 4.215953 0.107324 -4.229846
v 4.211803 0.107324 -4.228496
v 4.209824 0.107324 -4.232386
v 4.206916 0.107324 -4.234772
v 4.203568 0.107324 -4.236227
v 4.200000 0.107324 -4.236719
v 4.196432 0.107324 -4.236227
v 4.193083 0.107324 -4.234772
v 4.190176 0.107324 -4.232386
v 4.188196 0.107324 -4.228496
v 4.184046 0.107324 -4.229846
v 4.180303 0.107324 -4.229478
v 4.176907 0.107324 -4.228139
v 4.174036 0.107324 -4.225964
v 4.171861 0.107324 -4.223093
v 4.170522 0.107324 -4.219697
v 4.170153 0.107324 -4.215953
v 4.171504 0.107324 -4.211803
v 4.167614 0.107324 -4.209824
v 4.165228 0.107324 -4.206916
v 4.163773 0.107324 -4.203568
v 4.163281 0.107324 -4.200000
v 4.163773 0.107324 -4.196432
v 4.165228 0.107324 -4.193083
v 4.167614 0.107324 -4.190176
v 4.171504 0.107324 -4.188196
v 4.170153 0.107324 -4.184046
v 4.170522 0.107324 -4.180303
v 4.171861 0.107324 -4.176907
v 4.174036 0.107324 -4.174036
v 4.176907 0.107324 -4.171861
v 4.180303 0.107324 -4.170522
v 4.184046 0.107324 -4.170153
v 4.188196 0.107324 -4.171504
v 4.190176 0.107324 -4.167614
v 4.193083 0.107324 -4.165228
v 4.196432 0.107324 -4.163773
v 4.200000 0.107324 -4.163281
v 4.203568 0.107324 -4.163773
v 4.206916 0.107324 -4.165228
v 4.209824 0.107324 -4.167614
v 4.211803 0.107324 -4.171504
v 4.215953 0.107324 -4.170153
v 4.219697 0.107324 -4.170522
v 4.223093 0.107324 -4.171861
v 4.225964 0.107324 -4.174036
v 4.228139 0.107324 -4.176907
v 4.229478 0.107324 -4.180303
v 4.229846 0.107324 -4.184046
v 4.228496 0.107324 -4.188196
v 4.232386 0.107324 -4.190176
v 4.234772 0.107324 -4.193083
v 4.236227 0.107324 -4.196432
v 4.230000 0.107000 -4.200000
v 4.229598 0.107000 -4.202915
v 4.228409 0.107000 -4.205651
v 4.226460 0.107000 -4.208026
v 4.223281 0.107000 -4.209643
v 4.224385 0.107000 -4.213034
v 4.224084 0.107000 -4.216093
v 4.222990 0.107000 -4.218867
v 4.221213 0.107000 -4.221213
v 4.218867 0.107000 -4.222990
v 4.216093 0.107000 -4.224084
v 4.213034 0.107000 -4.224385
v 4.209643 0.107000 -4.223281
v 4.208026 0.107000 -4.226460
v 4.205651 0.107000 -4.228409
v 4.202915 0.107000 -4.229598
v 4.200000 0.107000 -4.230000
v 4.197084 0.107000 -4.229598
v 4.194349 0.107000 -4.228409
v 4.191973 0.107000 -4.226460
v 4.190356 0.107000 -4.223281
v 4.186965 0.107000 -4.224385
v 4.183907 0.107000 -4.224084
v 4.181132 0.107000 -4.222990
v 4.178787 0.107000 -4.221213
v 4.177010 0.107000 -4.218867
v 4.175915 0.107000 -4.216093
v 4.175614 0.107000 -4.213034
v 4.176718 0.107000 -4.209643
v 4.173540 0.107000 -4.208026
v 4.171590 0.107000 -4.205651
v 4.170402 0.107000 -4.202915
v 4.170000 0.107000 -4.200000
v 4.170402 0.107000 -4.197084
v 4.171590 0.107000 -4.194349
v 4.173540 0.107000 -4.191973
v 4.176718 0.107000 -4.190356
v 4.175614 0.107000 -4.186965
v 4.175915 0.107000 -4.183907
v 4.177010 0.107000 -4.181132
v 4.178787 0.107000 -4.178787
v 4.181132 0.107000 -4.177010
v 4.183907 0.107000 -4.175915
v 4.186965 0.107000 -4.175614
v 4.190356 0.107000 -4.176718
v 4.191973 0.107000 -4.173540
v 4.194349 0.107000 -4.171590
v 4.197084 0.107000 -4.170402
v 4.200000 0.107000 -4.170000
v 4.202915 0.107000 -4.170402
v 4.205651 0.107000 -4.171590
v 4.208026 0.107000 -4.173540
v 4.209643 0.107000 -4.176718
v 4.213034 0.107000 -4.175614
v 4.216093 0.107000 -4.175915
v 4.218867 0.107000 -4.177010
v 4.221213 0.107000 -4.178787
v 4.222990 0.107000 -4.181132
v 4.224084 0.107000 -4.183907
v 4.224385 0.107000 -4.186965
v 4.223281 0.107000 -4.190356
v 4.226460 0.107000 -4.191973
v 4.228409 0.107000 -4.194349
v 4.229598 0.107000 -4.197084
v 4.227000 0.106500 -4.200000
v 4.226870 0.106500 -4.202646
v 4.226481 0.106500 -4.205267
v 4.225837 0.106500 -4.207838
v 4.224945 0.106500 -4.210332
v 4.223812 0.106500 -4.212728
v 4.222449 0.106500 -4.215000
v 4.220871 0.106500 -4.217128
v 4.219092 0.106500 -4.219092
v 4.217128 0.106500 -4.220871
v 4.215000 0.106500 -4.222449
v 4.212728 0.106500 -4.223812
v 4.210332 0.106500 -4.224945
v 4.207838 0.106500 -4.225837
v 4.205267 0.106500 -4.226481
v 4.202646 0.106500 -4.226870
v 4.200000 0.106500 -4.227000
v 4.197353 0.106500 -4.226870
v 4.194732 0.106500 -4.226481
v 4.192162 0.106500 -4.225837
v 4.189667 0.106500 -4.224945
v 4.187272 0.106500 -4.223812
v 4.184999 0.106500 -4.222449
v 4.182871 0.106500 -4.220871
v 4.180908 0.106500 -4.219092
v 4.179129 0.106500 -4.217128
v 4.177550 0.106500 -4.215000
v 4.176188 0.106500 -4.212728
v 4.175055 0.106500 -4.210332
v 4.174162 0.106500 -4.207838
v 4.173519 0.106500 -4.205267
v 4.173130 0.106500 -4.202646
v 4.173000 0.106500 -4.200000
v 4.173130 0.106500 -4.197353
v 4.173519 0.106500 -4.194732
v 4.174162 0.106500 -4.192162
v 4.175055 0.106500 -4.189667
v 4.176188 0.106500 -4.187272
v 4.177550 0.106500 -4.184999
v 4.179129 0.106500 -4.182871
v 4.180908 0.106500 -4.180908
v 4.182871 0.106500 -4.179129
v 4.184999 0.106500 -4.177550
v 4.187272 0.106500 -4.176188
v 4.189667 0.106500 -4.175055
v 4.192162 0.106500 -4.174162
v 4.194732 0.106500 -4.173519
v 4.197353 0.106500 -4.173130
v 4.200000 0.106500 -4.173000
v 4.202646 0.106500 -4.173130
v 4.205267 0.106500 -4.173519
v 4.207838 0.106500 -4.174162
v 4.210332 0.106500 -4.175055
v 4.212728 0.106500 -4.176188
v 4.215000 0.106500 -4.177550
v 4.217128 0.106500 -4.179129
v 4.219092 0.106500 -4.180908
v 4.220871 0.106500 -4.182871
v 4.222449 0.106500 -4.184999
v 4.223812 0.106500 -4.187272
v 4.224945 0.106500 -4.189667
v 4.225837 0.106500 -4.192162
v 4.226481 0.106500 -4.194732
v 4.226870 0.106500 -4.197353
v 4.224062 0.109113 -4.200000
v 4.223947 0.109113 -4.202358
v 4.223600 0.109113 -4.204694
v 4.223026 0.109113 -4.206985
v 4.222230 0.109113 -4.209208
v 4.221221 0.109113 -4.211343
v 4.220007 0.109113 -4.213368
v 4.218600 0.109113 -4.215265
v 4.217015 0.109113 -4.217015
v 4.215265 0.109113 -4.218600
v 4.213368 0.109113 -4.220007
v 4.211343 0.109113 -4.221221
v 4.209208 0.109113 -4.222230
v 4.206985 0.109113 -4.223026
v 4.204694 0.109113 -4.223600
v 4.202358 0.109113 -4.223947
v 4.200000 0.109113 -4.224062
v 4.197641 0.109113 -4.223947
v 4.195305 0.109113 -4.223600
v 4.193015 0.109113 -4.223026
v 4.190792 0.109113 -4.222230
v 4.188657 0.109113 -4.221221
v 4.186631 0.109113 -4.220007
v 4.184735 0.109113 -4.218600
v 4.182985 0.109113 -4.217015
v 4.181399 0.109113 -4.215265
v 4.179993 0.109113 -4.213368
v 4.178779 0.109113 -4.211343
v 4.177769 0.109113 -4.209208
v 4.176973 0.109113 -4.206985
v 4.176400 0.109113 -4.204694
v 4.176053 0.109113 -4.202358
v 4.175937 0.109113 -4.200000
v 4.176053 0.109113 -4.197641
v 4.176400 0.109113 -4.195305
v 4.176973 0.109113 -4.193015
v 4.177769 0.109113 -4.190792
v 4.178779 0.109113 -4.188657
v 4.179993 0.109113 -4.186631
v 4.181399 0.109113 -4.184735
v 4.182985 0.109113 -4.182985
v 4.184735 0.109113 -4.181399
v 4.186631 0.109113 -4.179993
v 4.188657 0.109113 -4.178779
v 4.190792 0.109113 -4.177769
v 4.193015 0.109113 -4.176973
v 4.195305 0.109113 -4.176400
v 4.197641 0.109113 -4.176053
v 4.200000 0.109113 -4.175937
v 4.202358 0.109113 -4.176053
v 4.204694 0.109113 -4.176400
v 4.206985 0.109113 -4.176973
v 4.209208 0.109113 -4.177769
v 4.211343 0.109113 -4.178779
v 4.213368 0.109113 -4.179993
v 4.215265 0.109113 -4.181399
v 4.217015 0.109113 -4.182985
v 4.218600 0.109113 -4.184735
v 4.220007 0.109113 -4.186631
v 4.221221 0.109113 -4.188657
v 4.222230 0.109113 -4.190792
v 4.223026 0.109113 -4.193015
v 4.223600 0.109113 -4.195305
v 4.223947 0.109113 -4.197641
v 4.220000 0.111407 -4.200000
v 4.219903 0.111407 -4.201960
v 4.219615 0.111407 -4.203902
v 4.219139 0.111407 -4.205805
v 4.218477 0.111407 -4.207654
v 4.217638 0.111407 -4.209428
v 4.216629 0.111407 -4.211111
v 4.215460 0.111407 -4.212687
v 4.214142 0.111407 -4.214142
v 4.212687 0.111407 -4.215460
v 4.211111 0.111407 -4.216629
v 4.209428 0.111407 -4.217638
v 4.207654 0.111407 -4.218477
v 4.205805 0.111407 -4.219139
v 4.203902 0.111407 -4.219615
v 4.201960 0.111407 -4.219903
v 4.200000 0.111407 -4.220000
v 4.198040 0.111407 -4.219903
v 4.196098 0.111407 -4.219615
v 4.194194 0.111407 -4.219139
v 4.192346 0.111407 -4.218477
v 4.190572 0.111407 -4.217638
v 4.188889 0.111407 -4.216629
v 4.187312 0.111407 -4.215460
v 4.185858 0.111407 -4.214142
v 4.184540 0.111407 -4.212687
v 4.183371 0.111407 -4.211111
v 4.182362 0.111407 -4.209428
v 4.181522 0.111407 -4.207654
v 4.180861 0.111407 -4.205805
v 4.180384 0.111407 -4.203902
v 4.180096 0.111407 -4.201960
v 4.180000 0.111407 -4.200000
v 4.180096 0.111407 -4.198040
v 4.180384 0.111407 -4.196098
v 4.180861 0.111407 -4.194194
v 4.181522 0.111407 -4.192346
v 4.182362 0.111407 -4.190572
v 4.183371 0.111407 -4.188889
v 4.184540 0.111407 -4.187312
v 4.185858 0.111407 -4.185858
v 4.187312 0.111407 -4.184540
v 4.188889 0.111407 -4.183371
v 4.190572 0.111407 -4.182362
v 4.192346 0.111407 -4.181522
v 4.194194 0.111407 -4.180861
v 4.196098 0.111407 -4.180384
v 4.198040 0.111407 -4.180096
v 4.200000 0.111407 -4.180000
v 4.201960 0.111407 -4.180096
v 4.203902 0.111407 -4.180384
v 4.205805 0.111407 -4.180861
v 4.207654 0.111407 -4.181522
v 4.209428 0.111407 -4.182362
v 4.211111 0.111407 -4.183371
v 4.212687 0.111407 -4.184540
v 4.214142 0.111407 -4.185858
v 4.215460 0.111407 -4.187312
v 4.216629 0.111407 -4.188889
v 4.217638 0.111407 -4.190572
v 4.218477 0.111407 -4.192346
v 4.219139 0.111407 -4.194194
v 4.219615 0.111407 -4.196098
v 4.219903 0.111407 -4.198040
v 4.215187 0.113312 -4.200000
v 4.215114 0.113312 -4.201488
v 4.214895 0.113312 -4.202963
v 4.214533 0.113312 -4.204409
v 4.214031 0.113312 -4.205812
v 4.213394 0.113312 -4.207159
v 4.212628 0.113312 -4.208437
v 4.211740 0.113312 -4.209635
v 4.210739 0.113312 -4.210739
v 4.209635 0.113312 -4.211740
v 4.208437 0.113312 -4.212628
v 4.207159 0.113312 -4.213394
v 4.205812 0.113312 -4.214031
v 4.204409 0.113312 -4.214533
v 4.202963 0.113312 -4.214895
v 4.201488 0.113312 -4.215114
v 4.200000 0.113312 -4.215187
v 4.198511 0.113312 -4.215114
v 4.197037 0.113312 -4.214895
v 4.195591 0.113312 -4.214533
v 4.194188 0.113312 -4.214031
v 4.192841 0.113312 -4.213394
v 4.191562 0.113312 -4.212628
v 4.190365 0.113312 -4.211740
v 4.189260 0.113312 -4.210739
v 4.188260 0.113312 -4.209635
v 4.187372 0.113312 -4.208437
v 4.186605 0.113312 -4.207159
v 4.185968 0.113312 -4.205812
v 4.185466 0.113312 -4.204409
v 4.185104 0.113312 -4.202963
v 4.184886 0.113312 -4.201488
v 4.184813 0.113312 -4.200000
v 4.184886 0.113312 -4.198511
v 4.185104 0.113312 -4.197037
v 4.185466 0.113312 -4.195591
v 4.185968 0.113312 -4.194188
v 4.186605 0.113312 -4.192841
v 4.187372 0.113312 -4.191562
v 4.188260 0.113312 -4.190365
v 4.189260 0.113312 -4.189260
v 4.190365 0.113312 -4.188260
v 4.191562 0.113312 -4.187372
v 4.192841 0.113312 -4.186605
v 4.194188 0.113312 -4.185968
v 4.195591 0.113312 -4.185466
v 4.197037 0.113312 -4.185104
v 4.198511 0.113312 -4.184886
v 4.200000 0.113312 -4.184813
v 4.201488 0.113312 -4.184886
v 4.202963 0.113312 -4.185104
v 4.204409 0.113312 -4.185466
v 4.205812 0.113312 -4.185968
v 4.207159 0.113312 -4.186605
v 4.208437 0.113312 -4.187372
v 4.209635 0.113312 -4.188260
v 4.210739 0.113312 -4.189260
v 4.211740 0.113312 -4.190365
v 4.212628 0.113312 -4.191562
v 4.213394 0.113312 -4.192841
v 4.214031 0.113312 -4.194188
v 4.214533 0.113312 -4.195591
v 4.214895 0.113312 -4.197037
v 4.215114 0.113312 -4.198511
v 4.210000 0.114759 -4.200000
v 4.209952 0.114759 -4.200980
v 4.209808 0.114759 -4.201951
v 4.209569 0.114759 -4.202903
v 4.209239 0.114759 -4.203826
v 4.208819 0.114759 -4.204714
v 4.208314 0.114759 -4.205555
v 4.207730 0.114759 -4.206344
v 4.207071 0.114759 -4.207071
v 4.206344 0.114759 -4.207730
v 4.205555 0.114759 -4.208314
v 4.204714 0.114759 -4.208819
v 4.203826 0.114759 -4.209239
v 4.202903 0.114759 -4.209569
v 4.201951 0.114759 -4.209808
v 4.200980 0.114759 -4.209952
v 4.200000 0.114759 -4.210000
v 4.199019 0.114759 -4.209952
v 4.198049 0.114759 -4.209808
v 4.197097 0.114759 -4.209569
v 4.196173 0.114759 -4.209239
v 4.195286 0.114759 -4.208819
v 4.194444 0.114759 -4.208314
v 4.193656 0.114759 -4.207730
v 4.192929 0.114759 -4.207071
v 4.192270 0.114759 -4.206344
v 4.191685 0.114759 -4.205555
v 4.191181 0.114759 -4.204714
v 4.190761 0.114759 -4.203826
v 4.190431 0.114759 -4.202903
v 4.190192 0.114759 -4.201951
v 4.190048 0.114759 -4.200980
v 4.190000 0.114759 -4.200000
v 4.190048 0.114759 -4.199019
v 4.190192 0.114759 -4.198049
v 4.190431 0.114759 -4.197097
v 4.190761 0.114759 -4.196173
v 4.191181 0.114759 -4.195286
v 4.191685 0.114759 -4.194444
v 4.192270 0.114759 -4.193656
v 4.192929 0.114759 -4.192929
v 4.193656 0.114759 -4.192270
v 4.194444 0.114759 -4.191685
v 4.195286 0.114759 -4.191181
v 4.196173 0.114759 -4.190761
v 4.197097 0.114759 -4.190431
v 4.198049 0.114759 -4.190192
v 4.199019 0.114759 -4.190048
v 4.200000 0.114759 -4.190000
v 4.200980 0.114759 -4.190048
v 4.201951 0.114759 -4.190192
v 4.202903 0.114759 -4.190431
v 4.203826 0.114759 -4.190761
v 4.204714 0.114759 -4.191181
v 4.205555 0.114759 -4.191685
v 4.206344 0.114759 -4.192270
v 4.207071 0.114759 -4.192929
v 4.207730 0.114759 -4.193656
v 4.208314 0.114759 -4.194444
v 4.208819 0.114759 -4.195286
v 4.209239 0.114759 -4.196173
v 4.209569 0.114759 -4.197097
v 4.209808 0.114759 -4.198049
v 4.209952 0.114759 -4.199019
v 4.204813 0.115678 -4.200000
v 4.204789 0.115678 -4.200471
v 4.204720 0.115678 -4.200939
v 4.204605 0.115678 -4.201397
v 4.204446 0.115678 -4.201841
v 4.204244 0.115678 -4.202269
v 4.204001 0.115678 -4.202673
v 4.203720 0.115678 -4.203053
v 4.203403 0.115678 -4.203403
v 4.203053 0.115678 -4.203720
v 4.202673 0.115678 -4.204001
v 4.202269 0.115678 -4.204244
v 4.201841 0.115678 -4.204446
v 4.201397 0.115678 -4.204605
v 4.200939 0.115678 -4.204720
v 4.200471 0.115678 -4.204789
v 4.200000 0.115678 -4.204813
v 4.199528 0.115678 -4.204789
v 4.199061 0.115678 -4.204720
v 4.198603 0.115678 -4.204605
v 4.198158 0.115678 -4.204446
v 4.197731 0.115678 -4.204244
v 4.197326 0.115678 -4.204001
v 4.196947 0.115678 -4.203720
v 4.196597 0.115678 -4.203403
v 4.196280 0.115678 -4.203053
v 4.195998 0.115678 -4.202673
v 4.195755 0.115678 -4.202269
v 4.195554 0.115678 -4.201841
v 4.195395 0.115678 -4.201397
v 4.195280 0.115678 -4.200939
v 4.195210 0.115678 -4.200471
v 4.195187 0.115678 -4.200000
v 4.195210 0.115678 -4.199528
v 4.195280 0.115678 -4.199061
v 4.195395 0.115678 -4.198603
v 4.195554 0.115678 -4.198158
v 4.195755 0.115678 -4.197731
v 4.195998 0.115678 -4.197326
v 4.196280 0.115678 -4.196947
v 4.196597 0.115678 -4.196597
v 4.196947 0.115678 -4.196280
v 4.197326 0.115678 -4.195998
v 4.197731 0.115678 -4.195755
v 4.198158 0.115678 -4.195554
v 4.198603 0.115678 -4.195395
v 4.199061 0.115678 -4.195280
v 4.199528 0.115678 -4.195210
v 4.200000 0.115678 -4.195187
v 4.200471 0.115678 -4.195210
v 4.200939 0.115678 -4.195280
v 4.201397 0.115678 -4.195395
v 4.201841 0.115678 -4.195554
v 4.202269 0.115678 -4.195755
v 4.202673 0.115678 -4.195998
v 4.203053 0.115678 -4.196280
v 4.203403 0.115678 -4.196597
v 4.203720 0.115678 -4.196947
v 4.204001 0.115678 -4.197326
v 4.204244 0.115678 -4.197731
v 4.204446 0.115678 -4.198158
v 4.204605 0.115678 -4.198603
v 4.204720 0.115678 -4.199061
v 4.204789 0.115678 -4.199528
v 4.200000 0.116000 -4.200000
v -4.200000 0.094000 -4.200000
v -4.125000 0.094000 -4.200000
v -4.126005 0.094000 -4.207288
v -4.128976 0.094000 -4.214127
v -4.133851 0.094000 -4.220066
v -4.141795 0.094000 -4.224109
v -4.139036 0.094000 -4.232585
v -4.139789 0.094000 -4.240232
v -4.142524 0.094000 -4.247169
v -4.146967 0.094000 -4.253033
v -4.152831 0.094000 -4.257475
v -4.159768 0.094000 -4.260211
v -4.167414 0.094000 -4.260963
v -4.175891 0.094000 -4.258204
v -4.179934 0.094000 -4.266149
v -4.185873 0.094000 -4.271023
v -4.192712 0.094000 -4.273995
v -4.200000 0.094000 -4.275000
v -4.207288 0.094000 -4.273995
v -4.214127 0.094000 -4.271023
v -4.220066 0.094000 -4.266149
v -4.224109 0.094000 -4.258204
v -4.232585 0.094000 -4.260963
v -4.240232 0.094000 -4.260211
v -4.247169 0.094000 -4.257475
v -4.253033 0.094000 -4.253033
v -4.257475 0.094000 -4.247169
v -4.260211 0.094000 -4.240232
v -4.260963 0.094000 -4.232585
v -4.258204 0.094000 -4.224109
v -4.266149 0.094000 -4.220066
v -4.271023 0.094000 -4.214127
v -4.273995 0.094000 -4.207288
v -4.275000 0.094000 -4.200000
v -4.273995 0.094000 -4.192712
v -4.271023 0.094000 -4.185873
v -4.266149 0.094000 -4.179934
v -4.258204 0.094000 -4.175891
v -4.260963 0.094000 -4.167414
v -4.260211 0.094000 -4.159768
v -4.257475 0.094000 -4.152831
v -4.253033 0.094000 -4.146967
v -4.247169 0.094000 -4.142524
v -4.240232 0.094000 -4.139789
v -4.232585 0.094000 -4.139036
v -4.224109 0.094000 -4.141795
v -4.220066 0.094000 -4.133851
v -4.214127 0.094000 -4.128976
v -4.207288 0.094000 -4.126005
v -4.200000 0.094000 -4.125000
v -4.192712 0.094000 -4.126005
v -4.185873 0.094000 -4.128976
v -4.179934 0.094000 -4.133851
v -4.175891 0.094000 -4.141795
v -4.167414 0.094000 -4.139036
v -4.159768 0.094000 -4.139789
v -4.152831 0.094000 -4.142524
v -4.146967 0.094000 -4.146967
v -4.142524 0.094000 -4.152831
v -4.139789 0.094000 -4.159768
v -4.139036 0.094000 -4.167414
v -4.141795 0.094000 -4.175891
v -4.133851 0.094000 -4.179934
v -4.128976 0.094000 -4.185873
v -4.126005 0.094000 -4.192712
v -4.125000 0.100673 -4.200000
v -4.126005 0.100673 -4.207288
v -4.128976 0.100673 -4.214127
v -4.133851 0.100673 -4.220066
v -4.141795 0.100673 -4.224109
v -4.139036 0.100673 -4.232585
v -4.139789 0.100673 -4.240232
v -4.142524 0.100673 -4.247169
v -4.146967 0.100673 -4.253033
v -4.152831 0.100673 -4.257475
v -4.159768 0.100673 -4.260211
v -4.167414 0.100673 -4.260963
v -4.175891 0.100673 -4.258204
v -4.179934 0.100673 -4.266149
v -4.185873 0.100673 -4.271023
v -4.192712 0.100673 -4.273995
v -4.200000 0.100673 -4.275000
v -4.207288 0.100673 -4.273995
v -4.214127 0.100673 -4.271023
v -4.220066 0.100673 -4.266149
v -4.224109 0.100673 -4.258204
v -4.232585 0.100673 -4.260963
v -4.240232 0.100673 -4.260211
v -4.247169 0.100673 -4.257475
v -4.253033 0.100673 -4.253033
v -4.257475 0.100673 -4.247169
v -4.260211 0.100673 -4.240232
v -4.260963 0.100673 -4.232585
v -4.258204 0.100673 -4.224109
v -4.266149 0.100673 -4.220066
v -4.271023 0.100673 -4.214127
v -4.273995 0.100673 -4.207288
v -4.275000 0.100673 -4.200000
v -4.273995 0.100673 -4.192712
v -4.271023 0.100673 -4.185873
v -4.266149 0.100673 -4.179934
v -4.258204 0.100673 -4.175891
v -4.260963 0.100673 -4.167414
v -4.260211 0.100673 -4.159768
v -4.257475 0.100673 -4.152831
v -4.253033 0.100673 -4.146967
v -4.247169 0.100673 -4.142524
v -4.240232 0.100673 -4.139789
v -4.232585 0.100673 -4.139036
v -4.224109 0.100673 -4.141795
v -4.220066 0.100673 -4.133851
v -4.214127 0.100673 -4.128976
v -4.207288 0.100673 -4.126005
v -4.200000 0.100673 -4.125000
v -4.192712 0.100673 -4.126005
v -4.185873 0.100673 -4.128976
v -4.179934 0.100673 -4.133851
v -4.175891 0.100673 -4.141795
v -4.167414 0.100673 -4.139036
v -4.159768 0.100673 -4.139789
v -4.152831 0.100673 -4.142524
v -4.146967 0.100673 -4.146967
v -4.142524 0.100673 -4.152831
v -4.139789 0.100673 -4.159768
v -4.139036 0.100673 -4.167414
v -4.141795 0.100673 -4.175891
v -4.133851 0.100673 -4.179934
v -4.128976 0.100673 -4.185873
v -4.126005 0.100673 -4.192712
v -4.126222 0.102516 -4.200000
v -4.127211 0.102516 -4.207169
v -4.130134 0.102516 -4.213897
v -4.134929 0.102516 -4.219739
v -4.142744 0.102516 -4.223716
v -4.140030 0.102516 -4.232054
v -4.140770 0.102516 -4.239576
v -4.143461 0.102516 -4.246400
v -4.147831 0.102516 -4.252169
v -4.153600 0.102516 -4.256539
v -4.160424 0.102516 -4.259229
v -4.167945 0.102516 -4.259970
v -4.176284 0.102516 -4.257256
v -4.180261 0.102516 -4.265071
v -4.186102 0.102516 -4.269866
v -4.192831 0.102516 -4.272789
v -4.200000 0.102516 -4.273777
v -4.207169 0.102516 -4.272789
v -4.213897 0.102516 -4.269866
v -4.219739 0.102516 -4.265071
v -4.223716 0.102516 -4.257256
v -4.232054 0.102516 -4.259970
v -4.239576 0.102516 -4.259229
v -4.246400 0.102516 -4.256539
v -4.252169 0.102516 -4.252169
v -4.256539 0.102516 -4.246400
v -4.259229 0.102516 -4.239576
v -4.259970 0.102516 -4.232054
v -4.257256 0.102516 -4.223716
v -4.265071 0.102516 -4.219739
v -4.269866 0.102516 -4.213897
v -4.272789 0.102516 -4.207169
v -4.273777 0.102516 -4.200000
v -4.272789 0.102516 -4.192831
v -4.269866 0.102516 -4.186102
v -4.265071 0.102516 -4.180261
v -4.257256 0.102516 -4.176284
v -4.259970 0.102516 -4.167945
v -4.259229 0.102516 -4.160424
v -4.256539 0.102516 -4.153600
v -4.252169 0.102516 -4.147831
v -4.246400 0.102516 -4.143461
v -4.239576 0.102516 -4.140770
v -4.232054 0.102516 -4.140030
v -4.223716 0.102516 -4.142744
v -4.219739 0.102516 -4.134929
v -4.213897 0.102516 -4.130134
v -4.207169 0.102516 -4.127211
v -4.200000 0.102516 -4.126222
v -4.192831 0.102516 -4.127211
v -4.186102 0.102516 -4.130134
v -4.180261 0.102516 -4.134929
v -4.176284 0.102516 -4.142744
v -4.167945 0.102516 -4.140030
v -4.160424 0.102516 -4.140770
v -4.153600 0.102516 -4.143461
v -4.147831 0.102516 -4.147831
v -4.143461 0.102516 -4.153600
v -4.140770 0.102516 -4.160424
v -4.140030 0.102516 -4.167945
v -4.142744 0.102516 -4.176284
v -4.134929 0.102516 -4.180261
v -4.130134 0.102516 -4.186102
v -4.127211 0.102516 -4.192831
v -4.130156 0.104176 -4.200000
v -4.131092 0.104176 -4.206787
v -4.133859 0.104176 -4.213156
v -4.138398 0.104176 -4.218687
v -4.145797 0.104176 -4.222451
v -4.143228 0.104176 -4.230345
v -4.143929 0.104176 -4.237465
v -4.146476 0.104176 -4.243926
v -4.150613 0.104176 -4.249387
v -4.156074 0.104176 -4.253524
v -4.162534 0.104176 -4.256071
v -4.169654 0.104176 -4.256772
v -4.177548 0.104176 -4.254203
v -4.181313 0.104176 -4.261601
v -4.186843 0.104176 -4.266140
v -4.193213 0.104176 -4.268908
v -4.200000 0.104176 -4.269844
v -4.206787 0.104176 -4.268908
v -4.213156 0.104176 -4.266140
v -4.218687 0.104176 -4.261601
v -4.222451 0.104176 -4.254203
v -4.230345 0.104176 -4.256772
v -4.237465 0.104176 -4.256071
v -4.243926 0.104176 -4.253524
v -4.249387 0.104176 -4.249387
v -4.253524 0.104176 -4.243926
v -4.256071 0.104176 -4.237465
v -4.256772 0.104176 -4.230345
v -4.254203 0.104176 -4.222451
v -4.261601 0.104176 -4.218687
v -4.266140 0.104176 -4.213156
v -4.268908 0.104176 -4.206787
v -4.269844 0.104176 -4.200000
v -4.268908 0.104176 -4.193213
v -4.266140 0.104176 -4.186843
v -4.261601 0.104176 -4.181313
v -4.254203 0.104176 -4.177548
v -4.256772 0.104176 -4.169654
v -4.256071 0.104176 -4.162534
v -4.253524 0.104176 -4.156074
v -4.249387 0.104176 -4.150613
v -4.243926 0.104176 -4.146476
v -4.237465 0.104176 -4.143929
v -4.230345 0.104176 -4.143228
v -4.222451 0.104176 -4.145797
v -4.218687 0.104176 -4.138398
v -4.213156 0.104176 -4.133859
v -4.206787 0.104176 -4.131092
v -4.200000 0.104176 -4.130156
v -4.193213 0.104176 -4.131092
v -4.186843 0.104176 -4.133859
v -4.181313 0.104176 -4.138398
v -4.177548 0.104176 -4.145797
v -4.169654 0.104176 -4.143228
v -4.162534 0.104176 -4.143929
v -4.156074 0.104176 -4.146476
v -4.150613 0.104176 -4.150613
v -4.146476 0.104176 -4.156074
v -4.143929 0.104176 -4.162534
v -4.143228 0.104176 -4.169654
v -4.145797 0.104176 -4.177548
v -4.138398 0.104176 -4.181313
v -4.133859 0.104176 -4.186843
v -4.131092 0.104176 -4.193213
v -4.137500 0.105741 -4.200000
v -4.138337 0.105741 -4.206073
v -4.140813 0.105741 -4.211773
v -4.144876 0.105741 -4.216722
v -4.151496 0.105741 -4.220091
v -4.149197 0.105741 -4.227155
v -4.149824 0.105741 -4.233526
v -4.152103 0.105741 -4.239307
v -4.155806 0.105741 -4.244194
v -4.160692 0.105741 -4.247896
v -4.166473 0.105741 -4.250175
v -4.172845 0.105741 -4.250803
v -4.179909 0.105741 -4.248504
v -4.183278 0.105741 -4.255124
v -4.188227 0.105741 -4.259186
v -4.193927 0.105741 -4.261662
v -4.200000 0.105741 -4.262500
v -4.206073 0.105741 -4.261662
v -4.211773 0.105741 -4.259186
v -4.216722 0.105741 -4.255124
v -4.220091 0.105741 -4.248504
v -4.227155 0.105741 -4.250803
v -4.233526 0.105741 -4.250175
v -4.239307 0.105741 -4.247896
v -4.244194 0.105741 -4.244194
v -4.247896 0.105741 -4.239307
v -4.250175 0.105741 -4.233526
v -4.250803 0.105741 -4.227155
v -4.248504 0.105741 -4.220091
v -4.255124 0.105741 -4.216722
v -4.259186 0.105741 -4.211773
v -4.261662 0.105741 -4.206073
v -4.262500 0.105741 -4.200000
v -4.261662 0.105741 -4.193927
v -4.259186 0.105741 -4.188227
v -4.255124 0.105741 -4.183278
v -4.248504 0.105741 -4.179909
v -4.250803 0.105741 -4.172845
v -4.250175 0.105741 -4.166473
v -4.247896 0.105741 -4.160692
v -4.244194 0.105741 -4.155806
v -4.239307 0.105741 -4.152103
v -4.233526 0.105741 -4.149824
v -4.227155 0.105741 -4.149197
v -4.220091 0.105741 -4.151496
v -4.216722 0.105741 -4.144876
v -4.211773 0.105741 -4.140813
v -4.206073 0.105741 -4.138337
v -4.200000 0.105741 -4.137500
v -4.193927 0.105741 -4.138337
v -4.188227 0.105741 -4.140813
v -4.183278 0.105741 -4.144876
v -4.179909 0.105741 -4.151496
v -4.172845 0.105741 -4.149197
v -4.166473 0.105741 -4.149824
v -4.160692 0.105741 -4.152103
v -4.155806 0.105741 -4.155806
v -4.152103 0.105741 -4.160692
v -4.149824 0.105741 -4.166473
v -4.149197 0.105741 -4.172845
v -4.151496 0.105741 -4.179909
v -4.144876 0.105741 -4.183278
v -4.140813 0.105741 -4.188227
v -4.138337 0.105741 -4.193927
v -4.146093 0.106750 -4.200000
v -4.146816 0.106750 -4.205238
v -4.148952 0.106750 -4.210154
v -4.152455 0.106750 -4.214422
v -4.158165 0.106750 -4.217328
v -4.156182 0.106750 -4.223421
v -4.156723 0.106750 -4.228916
v -4.158689 0.106750 -4.233902
v -4.161882 0.106750 -4.238117
v -4.166097 0.106750 -4.241311
v -4.171083 0.106750 -4.243277
v -4.176579 0.106750 -4.243817
v -4.182672 0.106750 -4.241834
v -4.185577 0.106750 -4.247545
v -4.189846 0.106750 -4.251048
v -4.194762 0.106750 -4.253184
v -4.200000 0.106750 -4.253906
v -4.205238 0.106750 -4.253184
v -4.210154 0.106750 -4.251048
v -4.214422 0.106750 -4.247545
v -4.217328 0.106750 -4.241834
v -4.223421 0.106750 -4.243817
v -4.228916 0.106750 -4.243277
v -4.233902 0.106750 -4.241311
v -4.238117 0.106750 -4.238117
v -4.241311 0.106750 -4.233902
v -4.243277 0.106750 -4.228916
v -4.243817 0.106750 -4.223421
v -4.241834 0.106750 -4.217328
v -4.247545 0.106750 -4.214422
v -4.251048 0.106750 -4.210154
v -4.253184 0.106750 -4.205238
v -4.253906 0.106750 -4.200000
v -4.253184 0.106750 -4.194762
v -4.251048 0.106750 -4.189846
v -4.247545 0.106750 -4.185577
v -4.241834 0.106750 -4.182672
v -4.243817 0.106750 -4.176579
v -4.243277 0.106750 -4.171083
v -4.241311 0.106750 -4.166097
v -4.238117 0.106750 -4.161882
v -4.233902 0.106750 -4.158689
v -4.228916 0.106750 -4.156723
v -4.223421 0.106750 -4.156182
v -4.217328 0.106750 -4.158165
v -4.214422 0.106750 -4.152455
v -4.210154 0.106750 -4.148952
v -4.205238 0.106750 -4.146816
v -4.200000 0.106750 -4.146093
v -4.194762 0.106750 -4.146816
v -4.189846 0.106750 -4.148952
v -4.185577 0.106750 -4.152455
v -4.182672 0.106750 -4.158165
v -4.176579 0.106750 -4.156182
v -4.171083 0.106750 -4.156723
v -4.166097 0.106750 -4.158689
v -4.161882 0.106750 -4.161882
v -4.158689 0.106750 -4.166097
v -4.156723 0.106750 -4.171083
v -4.156182 0.106750 -4.176579
v -4.158165 0.106750 -4.182672
v -4.152455 0.106750 -4.185577
v -4.148952 0.106750 -4.189846
v -4.146816 0.106750 -4.194762
v -4.155000 0.107259 -4.200000
v -4.155603 0.107259 -4.204372
v -4.157386 0.107259 -4.208476
v -4.160310 0.107259 -4.212039
v -4.165077 0.107259 -4.214465
v -4.163422 0.107259 -4.219551
v -4.163873 0.107259 -4.224139
v -4.165514 0.107259 -4.228301
v -4.168180 0.107259 -4.231820
v -4.171699 0.107259 -4.234485
v -4.175861 0.107259 -4.236126
v -4.180449 0.107259 -4.236578
v -4.185534 0.107259 -4.234922
v -4.187960 0.107259 -4.239689
v -4.191524 0.107259 -4.242614
v -4.195627 0.107259 -4.244397
v -4.200000 0.107259 -4.245000
v -4.204372 0.107259 -4.244397
v -4.208476 0.107259 -4.242614
v -4.212039 0.107259 -4.239689
v -4.214465 0.107259 -4.234922
v -4.219551 0.107259 -4.236578
v -4.224139 0.107259 -4.236126
v -4.228301 0.107259 -4.234485
v -4.231820 0.107259 -4.231820
v -4.234485 0.107259 -4.228301
v -4.236126 0.107259 -4.224139
v -4.236578 0.107259 -4.219551
v -4.234922 0.107259 -4.214465
v -4.239689 0.107259 -4.212039
v -4.242614 0.107259 -4.208476
v -4.244397 0.107259 -4.204372
v -4.245000 0.107259 -4.200000
v -4.244397 0.107259 -4.195627
v -4.242614 0.107259 -4.191524
v -4.239689 0.107259 -4.187960
v -4.234922 0.107259 -4.185534
v -4.236578 0.107259 -4.180449
v -4.236126 0.107259 -4.175861
v -4.234485 0.107259 -4.171699
v -4.231820 0.107259 -4.168180
v -4.228301 0.107259 -4.165514
v -4.224139 0.107259 -4.163873
v -4.219551 0.107259 -4.163422
v -4.214465 0.107259 -4.165077
v -4.212039 0.107259 -4.160310
v -4.208476 0.107259 -4.157386
v -4.204372 0.107259 -4.155603
v -4.200000 0.107259 -4.155000
v -4.195627 0.107259 -4.155603
v -4.191524 0.107259 -4.157386
v -4.187960 0.107259 -4.160310
v -4.185534 0.107259 -4.165077
v -4.180449 0.107259 -4.163422
v -4.175861 0.107259 -4.163873
v -4.171699 0.107259 -4.165514
v -4.168180 0.107259 -4.168180
v -4.165514 0.107259 -4.171699
v -4.163873 0.107259 -4.175861
v -4.163422 0.107259 -4.180449
v -4.165077 0.107259 -4.185534
v -4.160310 0.107259 -4.187960
v -4.157386 0.107259 -4.191524
v -4.155603 0.107259 -4.195627
v -4.163281 0.107324 -4.200000
v -4.163773 0.107324 -4.203568
v -4.165228 0.107324 -4.206916
v -4.167614 0.107324 -4.209824
v -4.171504 0.107324 -4.211803
v -4.170153 0.107324 -4.215953
v -4.170522 0.107324 -4.219697
v -4.171861 0.107324 -4.223093
v -4.174036 0.107324 -4.225964
v -4.176907 0.107324 -4.228139
v -4.180303 0.107324 -4.229478
v -4.184046 0.107324 -4.229846
v -4.188196 0.107324 -4.228496
v -4.190176 0.107324 -4.232386
v -4.193083 0.107324 -4.234772
v -4.196432 0.107324 -4.236227
v -4.200000 0.107324 -4.236719
v -4.203568 0.107324 -4.236227
v -4.206916 0.107324 -4.234772
v -4.209824 0.107324 -4.232386
v -4.211803 0.107324 -4.228496
v -4.215953 0.107324 -4.229846
v -4.219697 0.107324 -4.229478
v -4.223093 0.107324 -4.228139
v -4.225964 0.107324 -4.225964
v -4.228139 0.107324 -4.223093
v -4.229478 0.107324 -4.219697
v -4.229846 0.107324 -4.215953
v -4.228496 0.107324 -4.211803
v -4.232386 0.107324 -4.209824
v -4.234772 0.107324 -4.206916
v -4.236227 0.107324 -4.203568
v -4.236719 0.107324 -4.200000
v -4.236227 0.107324 -4.196432
v -4.234772 0.107324 -4.193083
v -4.232386 0.107324 -4.190176
v -4.228496 0.107324 -4.188196
v -4.229846 0.107324 -4.184046
v -4.229478 0.107324 -4.180303
v -4.228139 0.107324 -4.176907
v -4.225964 0.107324 -4.174036
v -4.223093 0.107324 -4.171861
v -4.219697 0.107324 -4.170522
v -4.215953 0.107324 -4.170153
v -4.211803 0.107324 -4.171504
v -4.209824 0.107324 -4.167614
v -4.206916 0.107324 -4.165228
v -4.203568 0.107324 -4.163773
v -4.200000 0.107324 -4.163281
v -4.196432 0.107324 -4.163773
v -4.193083 0.107324 -4.165228
v -4.190176 0.107324 -4.167614
v -4.188196 0.107324 -4.171504
v -4.184046 0.107324 -4.170153
v -4.180303 0.107324 -4.170522
v -4.176907 0.107324 -4.171861
v -4.174036 0.107324 -4.174036
v -4.171861 0.107324 -4.176907
v -4.170522 0.107324 -4.180303
v -4.170153 0.107324 -4.184046
v -4.171504 0.107324 -4.188196
v -4.167614 0.107324 -4.190176
v -4.165228 0.107324 -4.193083
v -4.163773 0.107324 -4.196432
v -4.170000 0.107000 -4.200000
v -4.170402 0.107000 -4.202915
v -4.171590 0.107000 -4.205651
v -4.173540 0.107000 -4.208026
v -4.176718 0.107000 -4.209643
v -4.175614 0.107000 -4.213034
v -4.175915 0.107000 -4.216093
v -4.177010 0.107000 -4.218867
v -4.178787 0.107000 -4.221213
v -4.181132 0.107000 -4.222990
v -4.183907 0.107000 -4.224084
v -4.186965 0.107000 -4.224385
v -4.190356 0.107000 -4.223281
v -4.191973 0.107000 -4.226460
v -4.194349 0.107000 -4.228409
v -4.197084 0.107000 -4.229598
v -4.200000 0.107000 -4.230000
v -4.202915 0.107000 -4.229598
v -4.205651 0.107000 -4.228409
v -4.208026 0.107000 -4.226460
v -4.209643 0.107000 -4.223281
v -4.213034 0.107000 -4.224385
v -4.216093 0.107000 -4.224084
v -4.218867 0.107000 -4.222990
v -4.221213 0.107000 -4.221213
v -4.222990 0.107000 -4.218867
v -4.224084 0.107000 -4.216093
v -4.224385 0.107000 -4.213034
v -4.223281 0.107000 -4.209643
v -4.226460 0.107000 -4.208026
v -4.228409 0.107000 -4.205651
v -4.229598 0.107000 -4.202915
v -4.230000 0.107000 -4.200000
v -4.229598 0.107000 -4.197084
v -4.228409 0.107000 -4.194349
v -4.226460 0.107000 -4.191973
v -4.223281 0.107000 -4.190356
v -4.224385 0.107000 -4.186965
v -4.224084 0.107000 -4.183907
v -4.222990 0.107000 -4.181132
v -4.221213 0.107000 -4.178787
v -4.218867 0.107000 -4.177010
v -4.216093 0.107000 -4.175915
v -4.213034 0.107000 -4.175614
v -4.209643 0.107000 -4.176718
v -4.208026 0.107000 -4.173540
v -4.205651 0.107000 -4.171590
v -4.202915 0.107000 -4.170402
v -4.200000 0.107000 -4.170000
v -4.197084 0.107000 -4.170402
v -4.194349 0.107000 -4.171590
v -4.191973 0.107000 -4.173540
v -4.190356 0.107000 -4.176718
v -4.186965 0.107000 -4.175614
v -4.183907 0.107000 -4.175915
v -4.181132 0.107000 -4.177010
v -4.178787 0.107000 -4.178787
v -4.177010 0.107000 -4.181132
v -4.175915 0.107000 -4.183907
v -4.175614 0.107000 -4.186965
v -4.176718 0.107000 -4.190356
v -4.173540 0.107000 -4.191973
v -4.171590 0.107000 -4.194349
v -4.170402 0.107000 -4.197084
v -4.173000 0.106500 -4.200000
v -4.173130 0.106500 -4.202646
v -4.173519 0.106500 -4.205267
v -4.174162 0.106500 -4.207838
v -4.175055 0.106500 -4.210332
v -4.176188 0.106500 -4.212728
v -4.177550 0.106500 -4.215000
v -4.179129 0.106500 -4.217128
v -4.180908 0.106500 -4.219092
v -4.182871 0.106500 -4.220871
v -4.184999 0.106500 -4.222449
v -4.187272 0.106500 -4.223812
v -4.189667 0.106500 -4.224945
v -4.192162 0.106500 -4.225837
v -4.194732 0.106500 -4.226481
v -4.197353 0.106500 -4.226870
v -4.200000 0.106500 -4.227000
v -4.202646 0.106500 -4.226870
v -4.205267 0.106500 -4.226481
v -4.207838 0.106500 -4.225837
v -4.210332 0.106500 -4.224945
v -4.212728 0.106500 -4.223812
v -4.215000 0.106500 -4.222449
v -4.217128 0.106500 -4.220871
v -4.219092 0.106500 -4.219092
v -4.220871 0.106500 -4.217128
v -4.222449 0.106500 -4.215000
v -4.223812 0.106500 -4.212728
v -4.224945 0.106500 -4.210332
v -4.225837 0.106500 -4.207838
v -4.226481 0.106500 -4.205267
v -4.226870 0.106500 -4.202646
v -4.227000 0.106500 -4.200000
v -4.226870 0.106500 -4.197353
v -4.226481 0.106500 -4.194732
v -4.225837 0.106500 -4.192162
v -4.224945 0.106500 -4.189667
v -4.223812 0.106500 -4.187272
v -4.222449 0.106500 -4.184999
v -4.220871 0.106500 -4.182871
v -4.219092 0.106500 -4.180908
v -4.217128 0.106500 -4.179129
v -4.215000 0.106500 -4.177550
v -4.212728 0.106500 -4.176188
v -4.210332 0.106500 -4.175055
v -4.207838 0.106500 -4.174162
v -4.205267 0.106500 -4.173519
v -4.202646 0.106500 -4.173130
v -4.200000 0.106500 -4.173000
v -4.197353 0.106500 -4.173130
v -4.194732 0.106500 -4.173519
v -4.192162 0.106500 -4.174162
v -4.189667 0.106500 -4.175055
v -4.187272 0.106500 -4.176188
v -4.184999 0.106500 -4.177550
v -4.182871 0.106500 -4.179129
v -4.180908 0.106500 -4.180908
v -4.179129 0.106500 -4.182871
v -4.177550 0.106500 -4.184999
v -4.176188 0.106500 -4.187272
v -4.175055 0.106500 -4.189667
v -4.174162 0.106500 -4.192162
v -4.173519 0.106500 -4.194732
v -4.173130 0.106500 -4.197353
v -4.175937 0.109113 -4.200000
v -4.176053 0.109113 -4.202358
v -4.176400 0.109113 -4.204694
v -4.176973 0.109113 -4.206985
v -4.177769 0.109113 -4.209208
v -4.178779 0.109113 -4.211343
v -4.179993 0.109113 -4.213368
v -4.181399 0.109113 -4.215265
v -4.182985 0.109113 -4.217015
v -4.184735 0.109113 -4.218600
v -4.186631 0.109113 -4.220007
v -4.188657 0.109113 -4.221221
v -4.190792 0.109113 -4.222230
v -4.193015 0.109113 -4.223026
v -4.195305 0.109113 -4.223600
v -4.197641 0.109113 -4.223947
v -4.200000 0.109113 -4.224062
v -4.202358 0.109113 -4.223947
v -4.204694 0.109113 -4.223600
v -4.206985 0.109113 -4.223026
v -4.209208 0.109113 -4.222230
v -4.211343 0.109113 -4.221221
v -4.213368 0.109113 -4.220007
v -4.215265 0.109113 -4.218600
v -4.217015 0.109113 -4.217015
v -4.218600 0.109113 -4.215265
v -4.220007 0.109113 -4.213368
v -4.221221 0.109113 -4.211343
v -4.222230 0.109113 -4.209208
v -4.223026 0.109113 -4.206985
v -4.223600 0.109113 -4.204694
v -4.223947 0.109113 -4.202358
v -4.224062 0.109113 -4.200000
v -4.223947 0.109113 -4.197641
v -4.223600 0.109113 -4.195305
v -4.223026 0.109113 -4.193015
v -4.222230 0.109113 -4.190792
v -4.221221 0.109113 -4.188657
v -4.220007 0.109113 -4.186631
v -4.218600 0.109113 -4.184735
v -4.217015 0.109113 -4.182985
v -4.215265 0.109113 -4.181399
v -4.213368 0.109113 -4.179993
v -4.211343 0.109113 -4.178779
v -4.209208 0.109113 -4.177769
v -4.206985 0.109113 -4.176973
v -4.204694 0.109113 -4.176400
v -4.202358 0.109113 -4.176053
v -4.200000 0.109113 -4.175937
v -4.197641 0.109113 -4.176053
v -4.195305 0.109113 -4.176400
v -4.193015 0.109113 -4.176973
v -4.190792 0.109113 -4.177769
v -4.188657 0.109113 -4.178779
v -4.186631 0.109113 -4.179993
v -4.184735 0.109113 -4.181399
v -4.182985 0.109113 -4.182985
v -4.181399 0.109113 -4.184735
v -4.179993 0.109113 -4.186631
v -4.178779 0.109113 -4.188657
v -4.177769 0.109113 -4.190792
v -4.176973 0.109113 -4.193015
v -4.176400 0.109113 -4.195305
v -4.176053 0.109113 -4.197641
v -4.180000 0.111407 -4.200000
v -4.180096 0.111407 -4.201960
v -4.180384 0.111407 -4.203902
v -4.180861 0.111407 -4.205805
v -4.181522 0.111407 -4.207654
v -4.182362 0.111407 -4.209428
v -4.183371 0.111407 -4.211111
v -4.184540 0.111407 -4.212687
v -4.185858 0.111407 -4.214142
v -4.187312 0.111407 -4.215460
v -4.188889 0.111407 -4.216629
v -4.190572 0.111407 -4.217638
v -4.192346 0.111407 -4.218477
v -4.194194 0.111407 -4.219139
v -4.196098 0.111407 -4.219615
v -4.198040 0.111407 -4.219903
v -4.200000 0.111407 -4.220000
v -4.201960 0.111407 -4.219903
v -4.203902 0.111407 -4.219615
v -4.205805 0.111407 -4.219139
v -4.207654 0.111407 -4.218477
v -4.209428 0.111407 -4.217638
v -4.211111 0.111407 -4.216629
v -4.212687 0.111407 -4.215460
v -4.214142 0.111407 -4.214142
v -4.215460 0.111407 -4.212687
v -4.216629 0.111407 -4.211111
v -4.217638 0.111407 -4.209428
v -4.218477 0.111407 -4.207654
v -4.219139 0.111407 -4.205805
v -4.219615 0.111407 -4.203902
v -4.219903 0.111407 -4.201960
v -4.220000 0.111407 -4.200000
v -4.219903 0.111407 -4.198040
v -4.219615 0.111407 -4.196098
v -4.219139 0.111407 -4.194194
v -4.218477 0.111407 -4.192346
v -4.217638 0.111407 -4.190572
v -4.216629 0.111407 -4.188889
v -4.215460 0.111407 -4.187312
v -4.214142 0.111407 -4.185858
v -4.212687 0.111407 -4.184540
v -4.211111 0.111407 -4.183371
v -4.209428 0.111407 -4.182362
v -4.207654 0.111407 -4.181522
v -4.205805 0.111407 -4.180861
v -4.203902 0.111407 -4.180384
v -4.201960 0.111407 -4.180096
v -4.200000 0.111407 -4.180000
v -4.198040 0.111407 -4.180096
v -4.196098 0.111407 -4.180384
v -4.194194 0.111407 -4.180861
v -4.192346 0.111407 -4.181522
v -4.190572 0.111407 -4.182362
v -4.188889 0.111407 -4.183371
v -4.187312 0.111407 -4.184540
v -4.185858 0.111407 -4.185858
v -4.184540 0.111407 -4.187312
v -4.183371 0.111407 -4.188889
v -4.182362 0.111407 -4.190572
v -4.181522 0.111407 -4.192346
v -4.180861 0.111407 -4.194194
v -4.180384 0.111407 -4.196098
v -4.180096 0.111407 -4.198040
v -4.184813 0.113312 -4.200000
v -4.184886 0.113312 -4.201488
v -4.185104 0.113312 -4.202963
v -4.185466 0.113312 -4.204409
v -4.185968 0.113312 -4.205812
v -4.186605 0.113312 -4.207159
v -4.187372 0.113312 -4.208437
v -4.188260 0.113312 -4.209635
v -4.189260 0.113312 -4.210739
v -4.190365 0.113312 -4.211740
v -4.191562 0.113312 -4.212628
v -4.192841 0.113312 -4.213394
v -4.194188 0.113312 -4.214031
v -4.195591 0.113312 -4.214533
v -4.197037 0.113312 -4.214895
v -4.198511 0.113312 -4.215114
v -4.200000 0.113312 -4.215187
v -4.201488 0.113312 -4.215114
v -4.202963 0.113312 -4.214895
v -4.204409 0.113312 -4.214533
v -4.205812 0.113312 -4.214031
v -4.207159 0.113312 -4.213394
v -4.208437 0.113312 -4.212628
v -4.209635 0.113312 -4.211740
v -4.210739 0.113312 -4.210739
v -4.211740 0.113312 -4.209635
v -4.212628 0.113312 -4.208437
v -4.213394 0.113312 -4.207159
v -4.214031 0.113312 -4.205812
v -4.214533 0.113312 -4.204409
v -4.214895 0.113312 -4.202963
v -4.215114 0.113312 -4.201488
v -4.215187 0.113312 -4.200000
v -4.215114 0.113312 -4.198511
v -4.214895 0.113312 -4.197037
v -4.214533 0.113312 -4.195591
v -4.214031 0.113312 -4.194188
v -4.213394 0.113312 -4.192841
v -4.212628 0.113312 -4.191562
v -4.211740 0.113312 -4.190365
v -4.210739 0.113312 -4.189260
v -4.209635 0.113312 -4.188260
v -4.208437 0.113312 -4.187372
v -4.207159 0.113312 -4.186605
v -4.205812 0.113312 -4.185968
v -4.204409 0.113312 -4.185466
v -4.202963 0.113312 -4.185104
v -4.201488 0.113312 -4.184886
v -4.200000 0.113312 -4.184813
v -4.198511 0.113312 -4.184886
v -4.197037 0.113312 -4.185104
v -4.195591 0.113312 -4.185466
v -4.194188 0.113312 -4.185968
v -4.192841 0.113312 -4.186605
v -4.191562 0.113312 -4.187372
v -4.190365 0.113312 -4.188260
v -4.189260 0.113312 -4.189260
v -4.188260 0.113312 -4.190365
v -4.187372 0.113312 -4.191562
v -4.186605 0.113312 -4.192841
v -4.185968 0.113312 -4.194188
v -4.185466 0.113312 -4.195591
v -4.185104 0.113312 -4.197037
v -4.184886 0.113312 -4.198511
v -4.190000 0.114759 -4.200000
v -4.190048 0.114759 -4.200980
v -4.190192 0.114759 -4.201951
v -4.190431 0.114759 -4.202903
v -4.190761 0.114759 -4.203826
v -4.191181 0.114759 -4.204714
v -4.191685 0.114759 -4.205555
v -4.192270 0.114759 -4.206344
v -4.192929 0.114759 -4.207071
v -4.193656 0.114759 -4.207730
v -4.194444 0.114759 -4.208314
v -4.195286 0.114759 -4.208819
v -4.196173 0.114759 -4.209239
v -4.197097 0.114759 -4.209569
v -4.198049 0.114759 -4.209808
v -4.199019 0.114759 -4.209952
v -4.200000 0.114759 -4.210000
v -4.200980 0.114759 -4.209952
v -4.201951 0.114759 -4.209808
v -4.202903 0.114759 -4.209569
v -4.203826 0.114759 -4.209239
v -4.204714 0.114759 -4.208819
v -4.205555 0.114759 -4.208314
v -4.206344 0.114759 -4.207730
v -4.207071 0.114759 -4.207071
v -4.207730 0.114759 -4.206344
v -4.208314 0.114759 -4.205555
v -4.208819 0.114759 -4.204714
v -4.209239 0.114759 -4.203826
v -4.209569 0.114759 -4.202903
v -4.209808 0.114759 -4.201951
v -4.209952 0.114759 -4.200980
v -4.210000 0.114759 -4.200000
v -4.209952 0.114759 -4.199019
v -4.209808 0.114759 -4.198049
v -4.209569 0.114759 -4.197097
v -4.209239 0.114759 -4.196173
v -4.208819 0.114759 -4.195286
v -4.208314 0.114759 -4.194444
v -4.207730 0.114759 -4.193656
v -4.207071 0.114759 -4.192929
v -4.206344 0.114759 -4.192270
v -4.205555 0.114759 -4.191685
v -4.204714 0.114759 -4.191181
v -4.203826 0.114759 -4.190761
v -4.202903 0.114759 -4.190431
v -4.201951 0.114759 -4.190192
v -4.200980 0.114759 -4.190048
v -4.200000 0.114759 -4.190000
v -4.199019 0.114759 -4.190048
v -4.198049 0.114759 -4.190192
v -4.197097 0.114759 -4.190431
v -4.196173 0.114759 -4.190761
v -4.195286 0.114759 -4.191181
v -4.194444 0.114759 -4.191685
v -4.193656 0.114759 -4.192270
v -4.192929 0.114759 -4.192929
v -4.192270 0.114759 -4.193656
v -4.191685 0.114759 -4.194444
v -4.191181 0.114759 -4.195286
v -4.190761 0.114759 -4.196173
v -4.190431 0.114759 -4.197097
v -4.190192 0.114759 -4.198049
v -4.190048 0.114759 -4.199019
v -4.195187 0.115678 -4.200000
v -4.195210 0.115678 -4.200471
v -4.195280 0.115678 -4.200939
v -4.195395 0.115678 -4.201397
v -4.195554 0.115678 -4.201841
v -4.195755 0.115678 -4.202269
v -4.195998 0.115678 -4.202673
v -4.196280 0.115678 -4.203053
v -4.196597 0.115678 -4.203403
v -4.196947 0.115678 -4.203720
v -4.197326 0.115678 -4.204001
v -4.197731 0.115678 -4.204244
v -4.198158 0.115678 -4.204446
v -4.198603 0.115678 -4.204605
v -4.199061 0.115678 -4.204720
v -4.199528 0.115678 -4.204789
v -4.200000 0.115678 -4.204813
v -4.200471 0.115678 -4.204789
v -4.200939 0.115678 -4.204720
v -4.201397 0.115678 -4.204605
v -4.201841 0.115678 -4.204446
v -4.202269 0.115678 -4.204244
v -4.202673 0.115678 -4.204001
v -4.203053 0.115678 -4.203720
v -4.203403 0.115678 -4.203403
v -4.203720 0.115678 -4.203053
v -4.204001 0.115678 -4.202673
v -4.204244 0.115678 -4.202269
v -4.204446 0.115678 -4.201841
v -4.204605 0.115678 -4.201397
v -4.204720 0.115678 -4.200939
v -4.204789 0.115678 -4.200471
v -4.204813 0.115678 -4.200000
v -4.204789 0.115678 -4.199528
v -4.204720 0.115678 -4.199061
v -4.204605 0.115678 -4.198603
v -4.204446 0.115678 -4.198158
v -4.204244 0.115678 -4.197731
v -4.204001 0.115678 -4.197326
v -4.203720 0.115678 -4.196947
v -4.203403 0.115678 -4.196597
v -4.203053 0.115678 -4.196280
v -4.202673 0.115678 -4.195998
v -4.202269 0.115678 -4.195755
v -4.201841 0.115678 -4.195554
v -4.201397 0.115678 -4.195395
v -4.200939 0.115678 -4.195280
v -4.200471 0.115678 -4.195210
v -4.200000 0.115678 -4.195187
v -4.199528 0.115678 -4.195210
v -4.199061 0.115678 -4.195280
v -4.198603 0.115678 -4.195395
v -4.198158 0.115678 -4.195554
v -4.197731 0.115678 -4.195755
v -4.197326 0.115678 -4.195998
v -4.196947 0.115678 -4.196280
v -4.196597 0.115678 -4.196597
v -4.196280 0.115678 -4.196947
v -4.195998 0.115678 -4.197326
v -4.195755 0.115678 -4.197731
v -4.195554 0.115678 -4.198158
v -4.195395 0.115678 -4.198603
v -4.195280 0.115678 -4.199061
v -4.195210 0.115678 -4.199528
v -4.200000 0.116000 -4.200000
v -4.200000 0.094000 4.200000
v -4.125000 0.094000 4.200000
v -4.126005 0.094000 4.192712
v -4.128976 0.094000 4.185873
v -4.133851 0.094000 4.179934
v -4.141795 0.094000 4.175891
v -4.139036 0.094000 4.167414
v -4.139789 0.094000 4.159768
v -4.142524 0.094000 4.152831
v -4.146967 0.094000 4.146967
v -4.152831 0.094000 4.142524
v -4.159768 0.094000 4.139789
v -4.167414 0.094000 4.139036
v -4.175891 0.094000 4.141795
v -4.179934 0.094000 4.133851
v -4.185873 0.094000 4.128976
v -4.192712 0.094000 4.126005
v -4.200000 0.094000 4.125000
v -4.207288 0.094000 4.126005
v -4.214127 0.094000 4.128976
v -4.220066 0.094000 4.133851
v -4.224109 0.094000 4.141795
v -4.232585 0.094000 4.139036
v -4.240232 0.094000 4.139789
v -4.247169 0.094000 4.142524
v -4.253033 0.094000 4.146967
v -4.257475 0.094000 4.152831
v -4.260211 0.094000 4.159768
v -4.260963 0.094000 4.167414
v -4.258204 0.094000 4.175891
v -4.266149 0.094000 4.179934
v -4.271023 0.094000 4.185873
v -4.273995 0.094000 4.192712
v -4.275000 0.094000 4.200000
v -4.273995 0.094000 4.207288
v -4.271023 0.094000 4.214127
v -4.266149 0.094000 4.220066
v -4.258204 0.094000 4.224109
v -4.260963 0.094000 4.232585
v -4.260211 0.094000 4.240232
v -4.257475 0.094000 4.247169
v -4.253033 0.094000 4.253033
v -4.247169 0.094000 4.257475
v -4.240232 0.094000 4.260211
v -4.232585 0.094000 4.260963
v -4.224109 0.094000 4.258204
v -4.220066 0.094000 4.266149
v -4.214127 0.094000 4.271023
v -4.207288 0.094000 4.273995
v -4.200000 0.094000 4.275000
v -4.192712 0.094000 4.273995
v -4.185873 0.094000 4.271023
v -4.179934 0.094000 4.266149
v -4.175891 0.094000 4.258204
v -4.167414 0.094000 4.260963
v -4.159768 0.094000 4.260211
v -4.152831 0.094000 4.257475
v -4.146967 0.094000 4.253033
v -4.142524 0.094000 4.247169
v -4.139789 0.094000 4.240232
v -4.139036 0.094000 4.232585
v -4.141795 0.094000 4.224109
v -4.133851 0.094000 4.220066
v -4.128976 0.094000 4.214127
v -4.126005 0.094000 4.207288
v -4.125000 0.100673 4.200000
v -4.126005 0.100673 4.192712
v -4.128976 0.100673 4.185873
v -4.133851 0.100673 4.179934
v -4.141795 0.100673 4.175891
v -4.139036 0.100673 4.167414
v -4.139789 0.100673 4.159768
v -4.142524 0.100673 4.152831
v -4.146967 0.100673 4.146967
v -4.152831 0.100673 4.142524
v -4.159768 0.100673 4.139789
v -4.167414 0.100673 4.139036
v -4.175891 0.100673 4.141795
v -4.179934 0.100673 4.133851
v -4.185873 0.100673 4.128976
v -4.192712 0.100673 4.126005
v -4.200000 0.100673 4.125000
v -4.207288 0.100673 4.126005
v -4.214127 0.100673 4.128976
v -4.220066 0.100673 4.133851
v -4.224109 0.100673 4.141795
v -4.232585 0.100673 4.139036
v -4.240232 0.100673 4.139789
v -4.247169 0.100673 4.142524
v -4.253033 0.100673 4.146967
v -4.257475 0.100673 4.152831
v -4.260211 0.100673 4.159768
v -4.260963 0.100673 4.167414
v -4.258204 0.100673 4.175891
v -4.266149 0.100673 4.179934
v -4.271023 0.100673 4.185873
v -4.273995 0.100673 4.192712
v -4.275000 0.100673 4.200000
v -4.273995 0.100673 4.207288
v -4.271023 0.100673 4.214127
v -4.266149 0.100673 4.220066
v -4.258204 0.100673 4.224109
v -4.260963 0.100673 4.232585
v -4.260211 0.100673 4.240232
v -4.257475 0.100673 4.247169
v -4.253033 0.100673 4.253033
v -4.247169 0.100673 4.257475
v -4.240232 0.100673 4.260211
v -4.232585 0.100673 4.260963
v -4.224109 0.100673 4.258204
v -4.220066 0.100673 4.266149
v -4.214127 0.100673 4.271023
v -4.207288 0.100673 4.273995
v -4.200000 0.100673 4.275000
v -4.192712 0.100673 4.273995
v -4.185873 0.100673 4.271023
v -4.179934 0.100673 4.266149
v -4.175891 0.100673 4.258204
v -4.167414 0.100673 4.260963
v -4.159768 0.100673 4.260211
v -4.152831 0.100673 4.257475
v -4.146967 0.100673 4.253033
v -4.142524 0.100673 4.247169
v -4.139789 0.100673 4.240232
v -4.139036 0.100673 4.232585
v -4.141795 0.100673 4.224109
v -4.133851 0.100673 4.220066
v -4.128976 0.100673 4.214127
v -4.126005 0.100673 4.207288
v -4.126222 0.102516 4.200000
v -4.127211 0.102516 4.192831
v -4.130134 0.102516 4.186102
v -4.134929 0.102516 4.180261
v -4.142744 0.102516 4.176284
v -4.140030 0.102516 4.167945
v -4.140770 0.102516 4.160424
v -4.143461 0.102516 4.153600
v -4.147831 0.102516 4.147831
v -4.153600 0.102516 4.143461
v -4.160424 0.102516 4.140770
v -4.167945 0.102516 4.140030
v -4.176284 0.102516 4.142744
v -4.180261 0.102516 4.134929
v -4.186102 0.102516 4.130134
v -4.192831 0.102516 4.127211
v -4.200000 0.102516 4.126222
v -4.207169 0.102516 4.127211
v -4.213897 0.102516 4.130134
v -4.219739 0.102516 4.134929
v -4.223716 0.102516 4.142744
v -4.232054 0.102516 4.140030
v -4.239576 0.102516 4.140770
v -4.246400 0.102516 4.143461
v -4.252169 0.102516 4.147831
v -4.256539 0.102516 4.153600
v -4.259229 0.102516 4.160424
v -4.259970 0.102516 4.167945
v -4.257256 0.102516 4.176284
v -4.265071 0.102516 4.180261
v -4.269866 0.102516 4.186102
v -4.272789 0.102516 4.192831
v -4.273777 0.102516 4.200000
v -4.272789 0.102516 4.207169
v -4.269866 0.102516 4.213897
v -4.265071 0.102516 4.219739
v -4.257256 0.102516 4.223716
v -4.259970 0.102516 4.232054
v -4.259229 0.102516 4.239576
v -4.256539 0.102516 4.246400
v -4.252169 0.102516 4.252169
v -4.246400 0.102516 4.256539
v -4.239576 0.102516 4.259229
v -4.232054 0.102516 4.259970
v -4.223716 0.102516 4.257256
v -4.219739 0.102516 4.265071
v -4.213897 0.102516 4.269866
v -4.207169 0.102516 4.272789
v -4.200000 0.102516 4.273777
v -4.192831 0.102516 4.272789
v -4.186102 0.102516 4.269866
v -4.180261 0.102516 4.265071
v -4.176284 0.102516 4.257256
v -4.167945 0.102516 4.259970
v -4.160424 0.102516 4.259229
v -4.153600 0.102516 4.256539
v -4.147831 0.102516 4.252169
v -4.143461 0.102516 4.246400
v -4.140770 0.102516 4.239576
v -4.140030 0.102516 4.232054
v -4.142744 0.102516 4.223716
v -4.134929 0.102516 4.219739
v -4.130134 0.102516 4.213897
v -4.127211 0.102516 4.207169
v -4.130156 0.104176 4.200000
v -4.131092 0.104176 4.193213
v -4.133859 0.104176 4.186843
v -4.138398 0.104176 4.181313
v -4.145797 0.104176 4.177548
v -4.143228 0.104176 4.169654
v -4.143929 0.104176 4.162534
v -4.146476 0.104176 4.156074
v -4.150613 0.104176 4.150613
v -4.156074 0.104176 4.146476
v -4.162534 0.104176 4.143929
v -4.169654 0.104176 4.143228
v -4.177548 0.104176 4.145797
v -4.181313 0.104176 4.138398
v -4.186843 0.104176 4.133859
v -4.193213 0.104176 4.131092
v -4.200000 0.104176 4.130156
v -4.206787 0.104176 4.131092
v -4.213156 0.104176 4.133859
v -4.218687 0.104176 4.138398
v -4.222451 0.104176 4.145797
v -4.230345 0.104176 4.143228
v -4.237465 0.104176 4.143929
v -4.243926 0.104176 4.146476
v -4.249387 0.104176 4.150613
v -4.253524 0.104176 4.156074
v -4.256071 0.104176 4.162534
v -4.256772 0.104176 4.169654
v -4.254203 0.104176 4.177548
v -4.261601 0.104176 4.181313
v -4.266140 0.104176 4.186843
v -4.268908 0.104176 4.193213
v -4.269844 0.104176 4.200000
v -4.268908 0.104176 4.206787
v -4.266140 0.104176 4.213156
v -4.261601 0.104176 4.218687
v -4.254203 0.104176 4.222451
v -4.256772 0.104176 4.230345
v -4.256071 0.104176 4.237465
v -4.253524 0.104176 4.243926
v -4.249387 0.104176 4.249387
v -4.243926 0.104176 4.253524
v -4.237465 0.104176 4.256071
v -4.230345 0.104176 4.256772
v -4.222451 0.104176 4.254203
v -4.218687 0.104176 4.261601
v -4.213156 0.104176 4.266140
v -4.206787 0.104176 4.268908
v -4.200000 0.104176 4.269844
v -4.193213 0.104176 4.268908
v -4.186843 0.104176 4.266140
v -4.181313 0.104176 4.261601
v -4.177548 0.104176 4.254203
v -4.169654 0.104176 4.256772
v -4.162534 0.104176 4.256071
v -4.156074 0.104176 4.253524
v -4.150613 0.104176 4.249387
v -4.146476 0.104176 4.243926
v -4.143929 0.104176 4.237465
v -4.143228 0.104176 4.230345
v -4.145797 0.104176 4.222451
v -4.138398 0.104176 4.218687
v -4.133859 0.104176 4.213156
v -4.131092 0.104176 4.206787
v -4.137500 0.105741 4.200000
v -4.138337 0.105741 4.193927
v -4.140813 0.105741 4.188227
v -4.144876 0.105741 4.183278
v -4.151496 0.105741 4.179909
v -4.149197 0.105741 4.172845
v -4.149824 0.105741 4.166473
v -4.152103 0.105741 4.160692
v -4.155806 0.105741 4.155806
v -4.160692 0.105741 4.152103
v -4.166473 0.105741 4.149824
v -4.172845 0.105741 4.149197
v -4.179909 0.105741 4.151496
v -4.183278 0.105741 4.144876
v -4.188227 0.105741 4.140813
v -4.193927 0.105741 4.138337
v -4.200000 0.105741 4.137500
v -4.206073 0.105741 4.138337
v -4.211773 0.105741 4.140813
v -4.216722 0.105741 4.144876
v -4.220091 0.105741 4.151496
v -4.227155 0.105741 4.149197
v -4.233526 0.105741 4.149824
v -4.239307 0.105741 4.152103
v -4.244194 0.105741 4.155806
v -4.247896 0.105741 4.160692
v -4.250175 0.105741 4.166473
v -4.250803 0.105741 4.172845
v -4.248504 0.105741 4.179909
v -4.255124 0.105741 4.183278
v -4.259186 0.105741 4.188227
v -4.261662 0.105741 4.193927
v -4.262500 0.105741 4.200000
v -4.261662 0.105741 4.206073
v -4.259186 0.105741 4.211773
v -4.255124 0.105741 4.216722
v -4.248504 0.105741 4.220091
v -4.250803 0.105741 4.227155
v -4.250175 0.105741 4.233526
v -4.247896 0.105741 4.239307
v -4.244194 0.105741 4.244194
v -4.239307 0.105741 4.247896
v -4.233526 0.105741 4.250175
v -4.227155 0.105741 4.250803
v -4.220091 0.105741 4.248504
v -4.216722 0.105741 4.255124
v -4.211773 0.105741 4.259186
v -4.206073 0.105741 4.261662
v -4.200000 0.105741 4.262500
v -4.193927 0.105741 4.261662
v -4.188227 0.105741 4.259186
v -4.183278 0.105741 4.255124
v -4.179909 0.105741 4.248504
v -4.172845 0.105741 4.250803
v -4.166473 0.105741 4.250175
v -4.160692 0.105741 4.247896
v -4.155806 0.105741 4.244194
v -4.152103 0.105741 4.239307
v -4.149824 0.105741 4.233526
v -4.149197 0.105741 4.227155
v -4.151496 0.105741 4.220091
v -4.144876 0.105741 4.216722
v -4.140813 0.105741 4.211773
v -4.138337 0.105741 4.206073
v -4.146093 0.106750 4.200000
v -4.146816 0.106750 4.194762
v -4.148952 0.106750 4.189846
v -4.152455 0.106750 4.185577
v -4.158165 0.106750 4.182672
v -4.156182 0.106750 4.176579
v -4.156723 0.106750 4.171083
v -4.158689 0.106750 4.166097
v -4.161882 0.106750 4.161882
v -4.166097 0.106750 4.158689
v -4.171083 0.106750 4.156723
v -4.176579 0.106750 4.156182
v -4.182672 0.106750 4.158165
v -4.185577 0.106750 4.152455
v -4.189846 0.106750 4.148952
v -4.194762 0.106750 4.146816
v -4.200000 0.106750 4.146093
v -4.205238 0.106750 4.146816
v -4.210154 0.106750 4.148952
v -4.214422 0.106750 4.152455
v -4.217328 0.106750 4.158165
v -4.223421 0.106750 4.156182
v -4.228916 0.106750 4.156723
v -4.233902 0.106750 4.158689
v -4.238117 0.106750 4.161882
v -4.241311 0.106750 4.166097
v -4.243277 0.106750 4.171083
v -4.243817 0.106750 4.176579
v -4.241834 0.106750 4.182672
v -4.247545 0.106750 4.185577
v -4.251048 0.106750 4.189846
v -4.253184 0.106750 4.194762
v -4.253906 0.106750 4.200000
v -4.253184 0.106750 4.205238
v -4.251048 0.106750 4.210154
v -4.247545 0.106750 4.214422
v -4.241834 0.106750 4.217328
v -4.243817 0.106750 4.223421
v -4.243277 0.106750 4.228916
v -4.241311 0.106750 4.233902
v -4.238117 0.106750 4.238117
v -4.233902 0.106750 4.241311
v -4.228916 0.106750 4.243277
v -4.223421 0.106750 4.243817
v -4.217328 0.106750 4.241834
v -4.214422 0.106750 4.247545
v -4.210154 0.106750 4.251048
v -4.205238 0.106750 4.253184
v -4.200000 0.106750 4.253906
v -4.194762 0.106750 4.253184
v -4.189846 0.106750 4.251048
v -4.185577 0.106750 4.247545
v -4.182672 0.106750 4.241834
v -4.176579 0.106750 4.243817
v -4.171083 0.106750 4.243277
v -4.166097 0.106750 4.241311
v -4.161882 0.106750 4.238117
v -4.158689 0.106750 4.233902
v -4.156723 0.106750 4.228916
v -4.156182 0.106750 4.223421
v -4.158165 0.106750 4.217328
v -4.152455 0.106750 4.214422
v -4.148952 0.106750 4.210154
v -4.146816 0.106750 4.205238
v -4.155000 0.107259 4.200000
v -4.155603 0.107259 4.195627
v -4.157386 0.107259 4.191524
v -4.160310 0.107259 4.187960
v -4.165077 0.107259 4.185534
v -4.163422 0.107259 4.180449
v -4.163873 0.107259 4.175861
v -4.165514 0.107259 4.171699
v -4.168180 0.107259 4.168180
v -4.171699 0.107259 4.165514
v -4.175861 0.107259 4.163873
v -4.180449 0.107259 4.163422
v -4.185534 0.107259 4.165077
v -4.187960 0.107259 4.160310
v -4.191524 0.107259 4.157386
v -4.195627 0.107259 4.155603
v -4.200000 0.107259 4.155000
v -4.204372 0.107259 4.155603
v -4.208476 0.107259 4.157386
v -4.212039 0.107259 4.160310
v -4.214465 0.107259 4.165077
v -4.219551 0.107259 4.163422
v -4.224139 0.107259 4.163873
v -4.228301 0.107259 4.165514
v -4.231820 0.107259 4.168180
v -4.234485 0.107259 4.171699
v -4.236126 0.107259 4.175861
v -4.236578 0.107259 4.180449
v -4.234922 0.107259 4.185534
v -4.239689 0.107259 4.187960
v -4.242614 0.107259 4.191524
v -4.244397 0.107259 4.195627
v -4.245000 0.107259 4.200000
v -4.244397 0.107259 4.204372
v -4.242614 0.107259 4.208476
v -4.239689 0.107259 4.212039
v -4.234922 0.107259 4.214465
v -4.236578 0.107259 4.219551
v -4.236126 0.107259 4.224139
v -4.234485 0.107259 4.228301
v -4.231820 0.107259 4.231820
v -4.228301 0.107259 4.234485
v -4.224139 0.107259 4.236126
v -4.219551 0.107259 4.236578
v -4.214465 0.107259 4.234922
v -4.212039 0.107259 4.239689
v -4.208476 0.107259 4.242614
v -4.204372 0.107259 4.244397
v -4.200000 0.107259 4.245000
v -4.195627 0.107259 4.244397
v -4.191524 0.107259 4.242614
v -4.187960 0.107259 4.239689
v -4.185534 0.107259 4.234922
v -4.180449 0.107259 4.236578
v -4.175861 0.107259 4.236126
v -4.171699 0.107259 4.234485
v -4.168180 0.107259 4.231820
v -4.165514 0.107259 4.228301
v -4.163873 0.107259 4.224139
v -4.163422 0.107259 4.219551
v -4.165077 0.107259 4.214465
v -4.160310 0.107259 4.212039
v -4.157386 0.107259 4.208476
v -4.155603 0.107259 4.204372
v -4.163281 0.107324 4.200000
v -4.163773 0.107324 4.196432
v -4.165228 0.107324 4.193083
v -4.167614 0.107324 4.190176
v -4.171504 0.107324 4.188196
v -4.170153 0.107324 4.184046
v -4.170522 0.107324 4.180303
v -4.171861 0.107324 4.176907
v -4.174036 0.107324 4.174036
v -4.176907 0.107324 4.171861
v -4.180303 0.107324 4.170522
v -4.184046 0.107324 4.170153
v -4.188196 0.107324 4.171504
v -4.190176 0.107324 4.167614
v -4.193083 0.107324 4.165228
v -4.196432 0.107324 4.163773
v -4.200000 0.107324 4.163281
v -4.203568 0.107324 4.163773
v -4.206916 0.107324 4.165228
v -4.209824 0.107324 4.167614
v -4.211803 0.107324 4.171504
v -4.215953 0.107324 4.170153
v -4.219697 0.107324 4.170522
v -4.223093 0.107324 4.171861
v -4.225964 0.107324 4.174036
v -4.228139 0.107324 4.176907
v -4.229478 0.107324 4.180303
v -4.229846 0.107324 4.184046
v -4.228496 0.107324 4.188196
v -4.232386 0.107324 4.190176
v -4.234772 0.107324 4.193083
v -4.236227 0.107324 4.196432
v -4.236719 0.107324 4.200000
v -4.236227 0.107324 4.203568
v -4.234772 0.107324 4.206916
v -4.232386 0.107324 4.209824
v -4.228496 0.107324 4.211803
v -4.229846 0.107324 4.215953
v -4.229478 0.107324 4.219697
v -4.228139 0.107324 4.223093
v -4.225964 0.107324 4.225964
v -4.223093 0.107324 4.228139
v -4.219697 0.107324 4.229478
v -4.215953 0.107324 4.229846
v -4.211803 0.107324 4.228496
v -4.209824 0.107324 4.232386
v -4.206916 0.107324 4.234772
v -4.203568 0.107324 4.236227
v -4.200000 0.107324 4.236719
v -4.196432 0.107324 4.236227
v -4.193083 0.107324 4.234772
v -4.190176 0.107324 4.232386
v -4.188196 0.107324 4.228496
v -4.184046 0.107324 4.229846
v -4.180303 0.107324 4.229478
v -4.176907 0.107324 4.228139
v -4.174036 0.107324 4.225964
v -4.171861 0.107324 4.223093
v -4.170522 0.107324 4.219697
v -4.170153 0.107324 4.215953
v -4.171504 0.107324 4.211803
v -4.167614 0.107324 4.209824
v -4.165228 0.107324 4.206916
v -4.163773 0.107324 4.203568
v -4.170000 0.107000 4.200000
v -4.170402 0.107000 4.197084
v -4.171590 0.107000 4.194349
v -4.173540 0.107000 4.191973
v -4.176718 0.107000 4.190356
v -4.175614 0.107000 4.186965
v -4.175915 0.107000 4.183907
v -4.177010 0.107000 4.181132
v -4.178787 0.107000 4.178787
v -4.181132 0.107000 4.177010
v -4.183907 0.107000 4.175915
v -4.186965 0.107000 4.175614
v -4.190356 0.107000 4.176718
v -4.191973 0.107000 4.173540
v -4.194349 0.107000 4.171590
v -4.197084 0.107000 4.170402
v -4.200000 0.107000 4.170000
v -4.202915 0.107000 4.170402
v -4.205651 0.107000 4.171590
v -4.208026 0.107000 4.173540
v -4.209643 0.107000 4.176718
v -4.213034 0.107000 4.175614
v -4.216093 0.107000 4.175915
v -4.218867 0.107000 4.177010
v -4.221213 0.107000 4.178787
v -4.222990 0.107000 4.181132
v -4.224084 0.107000 4.183907
v -4.224385 0.107000 4.186965
v -4.223281 0.107000 4.190356
v -4.226460 0.107000 4.191973
v -4.228409 0.107000 4.194349
v -4.229598 0.107000 4.197084
v -4.230000 0.107000 4.200000
v -4.229598 0.107000 4.202915
v -4.228409 0.107000 4.205651
v -4.226460 0.107000 4.208026
v -4.223281 0.107000 4.209643
v -4.224385 0.107000 4.213034
v -4.224084 0.107000 4.216093
v -4.222990 0.107000 4.218867
v -4.221213 0.107000 4.221213
v -4.218867 0.107000 4.222990
v -4.216093 0.107000 4.224084
v -4.213034 0.107000 4.224385
v -4.209643 0.107000 4.223281
v -4.208026 0.107000 4.226460
v -4.205651 0.107000 4.228409
v -4.202915 0.107000 4.229598
v -4.200000 0.107000 4.230000
v -4.197084 0.107000 4.229598
v -4.194349 0.107000 4.228409
v -4.191973 0.107000 4.226460
v -4.190356 0.107000 4.223281
v -4.186965 0.107000 4.224385
v -4.183907 0.107000 4.224084
v -4.181132 0.107000 4.222990
v -4.178787 0.107000 4.221213
v -4.177010 0.107000 4.218867
v -4.175915 0.107000 4.216093
v -4.175614 0.107000 4.213034
v -4.176718 0.107000 4.209643
v -4.173540 0.107000 4.208026
v -4.171590 0.107000 4.205651
v -4.170402 0.107000 4.202915
v -4.173000 0.106500 4.200000
v -4.173130 0.106500 4.197353
v -4.173519 0.106500 4.194732
v -4.174162 0.106500 4.192162
v -4.175055 0.106500 4.189667
v -4.176188 0.106500 4.187272
v -4.177550 0.106500 4.184999
v -4.179129 0.106500 4.182871
v -4.180908 0.106500 4.180908
v -4.182871 0.106500 4.179129
v -4.184999 0.106500 4.177550
v -4.187272 0.106500 4.176188
v -4.189667 0.106500 4.175055
v -4.192162 0.106500 4.174162
v -4.194732 0.106500 4.173519
v -4.197353 0.106500 4.173130
v -4.200000 0.106500 4.173000
v -4.202646 0.106500 4.173130
v -4.205267 0.106500 4.173519
v -4.207838 0.106500 4.174162
v -4.210332 0.106500 4.175055
v -4.212728 0.106500 4.176188
v -4.215000 0.106500 4.177550
v -4.217128 0.106500 4.179129
v -4.219092 0.106500 4.180908
v -4.220871 0.106500 4.182871
v -4.222449 0.106500 4.184999
v -4.223812 0.106500 4.187272
v -4.224945 0.106500 4.189667
v -4.225837 0.106500 4.192162
v -4.226481 0.106500 4.194732
v -4.226870 0.106500 4.197353
v -4.227000 0.106500 4.200000
v -4.226870 0.106500 4.202646
v -4.226481 0.106500 4.205267
v -4.225837 0.106500 4.207838
v -4.224945 0.106500 4.210332
v -4.223812 0.106500 4.212728
v -4.222449 0.106500 4.215000
v -4.220871 0.106500 4.217128
v -4.219092 0.106500 4.219092
v -4.217128 0.106500 4.220871
v -4.215000 0.106500 4.222449
v -4.212728 0.106500 4.223812
v -4.210332 0.106500 4.224945
v -4.207838 0.106500 4.225837
v -4.205267 0.106500 4.226481
v -4.202646 0.106500 4.226870
v -4.200000 0.106500 4.227000
v -4.197353 0.106500 4.226870
v -4.194732 0.106500 4.226481
v -4.192162 0.106500 4.225837
v -4.189667 0.106500 4.224945
v -4.187272 0.106500 4.223812
v -4.184999 0.106500 4.222449
v -4.182871 0.106500 4.220871
v -4.180908 0.106500 4.219092
v -4.179129 0.106500 4.217128
v -4.177550 0.106500 4.215000
v -4.176188 0.106500 4.212728
v -4.175055 0.106500 4.210332
v -4.174162 0.106500 4.207838
v -4.173519 0.106500 4.205267
v -4.173130 0.106500 4.202646
v -4.175937 0.109113 4.200000
v -4.176053 0.109113 4.197641
v -4.176400 0.109113 4.195305
v -4.176973 0.109113 4.193015
v -4.177769 0.109113 4.190792
v -4.178779 0.109113 4.188657
v -4.179993 0.109113 4.186631
v -4.181399 0.109113 4.184735
v -4.182985 0.109113 4.182985
v -4.184735 0.109113 4.181399
v -4.186631 0.109113 4.179993
v -4.188657 0.109113 4.178779
v -4.190792 0.109113 4.177769
v -4.193015 0.109113 4.176973
v -4.195305 0.109113 4.176400
v -4.197641 0.109113 4.176053
v -4.200000 0.109113 4.175937
v -4.202358 0.109113 4.176053
v -4.204694 0.109113 4.176400
v -4.206985 0.109113 4.176973
v -4.209208 0.109113 4.177769
v -4.211343 0.109113 4.178779
v -4.213368 0.109113 4.179993
v -4.215265 0.109113 4.181399
v -4.217015 0.109113 4.182985
v -4.218600 0.109113 4.184735
v -4.220007 0.109113 4.186631
v -4.221221 0.109113 4.188657
v -4.222230 0.109113 4.190792
v -4.223026 0.109113 4.193015
v -4.223600 0.109113 4.195305
v -4.223947 0.109113 4.197641
v -4.224062 0.109113 4.200000
v -4.223947 0.109113 4.202358
v -4.223600 0.109113 4.204694
v -4.223026 0.109113 4.206985
v -4.222230 0.109113 4.209208
v -4.221221 0.109113 4.211343
v -4.220007 0.109113 4.213368
v -4.218600 0.109113 4.215265
v -4.217015 0.109113 4.217015
v -4.215265 0.109113 4.218600
v -4.213368 0.109113 4.220007
v -4.211343 0.109113 4.221221
v -4.209208 0.109113 4.222230
v -4.206985 0.109113 4.223026
v -4.204694 0.109113 4.223600
v -4.202358 0.109113 4.223947
v -4.200000 0.109113 4.224062
v -4.197641 0.109113 4.223947
v -4.195305 0.109113 4.223600
v -4.193015 0.109113 4.223026
v -4.190792 0.109113 4.222230
v -4.188657 0.109113 4.221221
v -4.186631 0.109113 4.220007
v -4.184735 0.109113 4.218600
v -4.182985 0.109113 4.217015
v -4.181399 0.109113 4.215265
v -4.179993 0.109113 4.213368
v -4.178779 0.109113 4.211343
v -4.177769 0.109113 4.209208
v -4.176973 0.109113 4.206985
v -4.176400 0.109113 4.204694
v -4.176053 0.109113 4.202358
v -4.180000 0.111407 4.200000
v -4.180096 0.111407 4.198040
v -4.180384 0.111407 4.196098
v -4.180861 0.111407 4.194194
v -4.181522 0.111407 4.192346
v -4.182362 0.111407 4.190572
v -4.183371 0.111407 4.188889
v -4.184540 0.111407 4.187312
v -4.185858 0.111407 4.185858
v -4.187312 0.111407 4.184540
v -4.188889 0.111407 4.183371
v -4.190572 0.111407 4.182362
v -4.192346 0.111407 4.181522
v -4.194194 0.111407 4.180861
v -4.196098 0.111407 4.180384
v -4.198040 0.111407 4.180096
v -4.200000 0.111407 4.180000
v -4.201960 0.111407 4.180096
v -4.203902 0.111407 4.180384
v -4.205805 0.111407 4.180861
v -4.207654 0.111407 4.181522
v -4.209428 0.111407 4.182362
v -4.211111 0.111407 4.183371
v -4.212687 0.111407 4.184540
v -4.214142 0.111407 4.185858
v -4.215460 0.111407 4.187312
v -4.216629 0.111407 4.188889
v -4.217638 0.111407 4.190572
v -4.218477 0.111407 4.192346
v -4.219139 0.111407 4.194194
v -4.219615 0.111407 4.196098
v -4.219903 0.111407 4.198040
v -4.220000 0.111407 4.200000
v -4.219903 0.111407 4.201960
v -4.219615 0.111407 4.203902
v -4.219139 0.111407 4.205805
v -4.218477 0.111407 4.207654
v -4.217638 0.111407 4.209428
v -4.216629 0.111407 4.211111
v -4.215460 0.111407 4.212687
v -4.214142 0.111407 4.214142
v -4.212687 0.111407 4.215460
v -4.211111 0.111407 4.216629
v -4.209428 0.111407 4.217638
v -4.207654 0.111407 4.218477
v -4.205805 0.111407 4.219139
v -4.203902 0.111407 4.219615
v -4.201960 0.111407 4.219903
v -4.200000 0.111407 4.220000
v -4.198040 0.111407 4.219903
v -4.196098 0.111407 4.219615
v -4.194194 0.111407 4.219139
v -4.192346 0.111407 4.218477
v -4.190572 0.111407 4.217638
v -4.188889 0.111407 4.216629
v -4.187312 0.111407 4.215460
v -4.185858 0.111407 4.214142
v -4.184540 0.111407 4.212687
v -4.183371 0.111407 4.211111
v -4.182362 0.111407 4.209428
v -4.181522 0.111407 4.207654
v -4.180861 0.111407 4.205805
v -4.180384 0.111407 4.203902
v -4.180096 0.111407 4.201960
v -4.184813 0.113312 4.200000
v -4.184886 0.113312 4.198511
v -4.185104 0.113312 4.197037
v -4.185466 0.113312 4.195591
v -4.185968 0.113312 4.194188
v -4.186605 0.113312 4.192841
v -4.187372 0.113312 4.191562
v -4.188260 0.113312 4.190365
v -4.189260 0.113312 4.189260
v -4.190365 0.113312 4.188260
v -4.191562 0.113312 4.187372
v -4.192841 0.113312 4.186605
v -4.194188 0.113312 4.185968
v -4.195591 0.113312 4.185466
v -4.197037 0.113312 4.185104
v -4.198511 0.113312 4.184886
v -4.200000 0.113312 4.184813
v -4.201488 0.113312 4.184886
v -4.202963 0.113312 4.185104
v -4.204409 0.113312 4.185466
v -4.205812 0.113312 4.185968
v -4.207159 0.113312 4.186605
v -4.208437 0.113312 4.187372
v -4.209635 0.113312 4.188260
v -4.210739 0.113312 4.189260
v -4.211740 0.113312 4.190365
v -4.212628 0.113312 4.191562
v -4.213394 0.113312 4.192841
v -4.214031 0.113312 4.194188
v -4.214533 0.113312 4.195591
v -4.214895 0.113312 4.197037
v -4.215114 0.113312 4.198511
v -4.215187 0.113312 4.200000
v -4.215114 0.113312 4.201488
v -4.214895 0.113312 4.202963
v -4.214533 0.113312 4.204409
v -4.214031 0.113312 4.205812
v -4.213394 0.113312 4.207159
v -4.212628 0.113312 4.208437
v -4.211740 0.113312 4.209635
v -4.210739 0.113312 4.210739
v -4.209635 0.113312 4.211740
v -4.208437 0.113312 4.212628
v -4.207159 0.113312 4.213394
v -4.205812 0.113312 4.214031
v -4.204409 0.113312 4.214533
v -4.202963 0.113312 4.214895
v -4.201488 0.113312 4.215114
v -4.200000 0.113312 4.215187
v -4.198511 0.113312 4.215114
v -4.197037 0.113312 4.214895
v -4.195591 0.113312 4.214533
v -4.194188 0.113312 4.214031
v -4.192841 0.113312 4.213394
v -4.191562 0.113312 4.212628
v -4.190365 0.113312 4.211740
v -4.189260 0.113312 4.210739
v -4.188260 0.113312 4.209635
v -4.187372 0.113312 4.208437
v -4.186605 0.113312 4.207159
v -4.185968 0.113312 4.205812
v -4.185466 0.113312 4.204409
v -4.185104 0.113312 4.202963
v -4.184886 0.113312 4.201488
v -4.190000 0.114759 4.200000
v -4.190048 0.114759 4.199019
v -4.190192 0.114759 4.198049
v -4.190431 0.114759 4.197097
v -4.190761 0.114759 4.196173
v -4.191181 0.114759 4.195286
v -4.191685 0.114759 4.194444
v -4.192270 0.114759 4.193656
v -4.192929 0.114759 4.192929
v -4.193656 0.114759 4.192270
v -4.194444 0.114759 4.191685
v -4.195286 0.114759 4.191181
v -4.196173 0.114759 4.190761
v -4.197097 0.114759 4.190431
v -4.198049 0.114759 4.190192
v -4.199019 0.114759 4.190048
v -4.200000 0.114759 4.190000
v -4.200980 0.114759 4.190048
v -4.201951 0.114759 4.190192
v -4.202903 0.114759 4.190431
v -4.203826 0.114759 4.190761
v -4.204714 0.114759 4.191181
v -4.205555 0.114759 4.191685
v -4.206344 0.114759 4.192270
v -4.207071 0.114759 4.192929
v -4.207730 0.114759 4.193656
v -4.208314 0.114759 4.194444
v -4.208819 0.114759 4.195286
v -4.209239 0.114759 4.196173
v -4.209569 0.114759 4.197097
v -4.209808 0.114759 4.198049
v -4.209952 0.114759 4.199019
v -4.210000 0.114759 4.200000
v -4.209952 0.114759 4.200980
v -4.209808 0.114759 4.201951
v -4.209569 0.114759 4.202903
v -4.209239 0.114759 4.203826
v -4.208819 0.114759 4.204714
v -4.208314 0.114759 4.205555
v -4.207730 0.114759 4.206344
v -4.207071 0.114759 4.207071
v -4.206344 0.114759 4.207730
v -4.205555 0.114759 4.208314
v -4.204714 0.114759 4.208819
v -4.203826 0.114759 4.209239
v -4.202903 0.114759 4.209569
v -4.201951 0.114759 4.209808
v -4.200980 0.114759 4.209952
v -4.200000 0.114759 4.210000
v -4.199019 0.114759 4.209952
v -4.198049 0.114759 4.209808
v -4.197097 0.114759 4.209569
v -4.196173 0.114759 4.209239
v -4.195286 0.114759 4.208819
v -4.194444 0.114759 4.208314
v -4.193656 0.114759 4.207730
v -4.192929 0.114759 4.207071
v -4.192270 0.114759 4.206344
v -4.191685 0.114759 4.205555
v -4.191181 0.114759 4.204714
v -4.190761 0.114759 4.203826
v -4.190431 0.114759 4.202903
v -4.190192 0.114759 4.201951
v -4.190048 0.114759 4.200980
v -4.195187 0.115678 4.200000
v -4.195210 0.115678 4.199528
v -4.195280 0.115678 4.199061
v -4.195395 0.115678 4.198603
v -4.195554 0.115678 4.198158
v -4.195755 0.115678 4.197731
v -4.195998 0.115678 4.197326
v -4.196280 0.115678 4.196947
v -4.196597 0.115678 4.196597
v -4.196947 0.115678 4.196280
v -4.197326 0.115678 4.195998
v -4.197731 0.115678 4.195755
v -4.198158 0.115678 4.195554
v -4.198603 0.115678 4.195395
v -4.199061 0.115678 4.195280
v -4.199528 0.115678 4.195210
v -4.200000 0.115678 4.195187
v -4.200471 0.115678 4.195210
v -4.200939 0.115678 4.195280
v -4.201397 0.115678 4.195395
v -4.201841 0.115678 4.195554
v -4.202269 0.115678 4.195755
v -4.202673 0.115678 4.195998
v -4.203053 0.115678 4.196280
v -4.203403 0.115678 4.196597
v -4.203720 0.115678 4.196947
v -4.204001 0.115678 4.197326
v -4.204244 0.115678 4.197731
v -4.204446 0.115678 4.198158
v -4.204605 0.115678 4.198603
v -4.204720 0.115678 4.199061
v -4.204789 0.115678 4.199528
v -4.204813 0.115678 4.200000
v -4.204789 0.115678 4.200471
v -4.204720 0.115678 4.200939
v -4.204605 0.115678 4.201397
v -4.204446 0.115678 4.201841
v -4.204244 0.115678 4.202269
v -4.204001 0.115678 4.202673
v -4.203720 0.115678 4.203053
v -4.203403 0.115678 4.203403
v -4.203053 0.115678 4.203720
v -4.202673 0.115678 4.204001
v -4.202269 0.115678 4.204244
v -4.201841 0.115678 4.204446
v -4.201397 0.115678 4.204605
v -4.200939 0.115678 4.204720
v -4.200471 0.115678 4.204789
v -4.200000 0.115678 4.204813
v -4.199528 0.115678 4.204789
v -4.199061 0.115678 4.204720
v -4.198603 0.115678 4.204605
v -4.198158 0.115678 4.204446
v -4.197731 0.115678 4.204244
v -4.197326 0.115678 4.204001
v -4.196947 0.115678 4.203720
v -4.196597 0.115678 4.203403
v -4.196280 0.115678 4.203053
v -4.195998 0.115678 4.202673
v -4.195755 0.115678 4.202269
v -4.195554 0.115678 4.201841
v -4.195395 0.115678 4.201397
v -4.195280 0.115678 4.200939
v -4.195210 0.115678 4.200471
v -4.200000 0.116000 4.200000
v 4.200000 0.094000 4.200000
v 4.275000 0.094000 4.200000
v 4.273995 0.094000 4.192712
v 4.271023 0.094000 4.185873
v 4.266149 0.094000 4.179934
v 4.258204 0.094000 4.175891
v 4.260963 0.094000 4.167414
v 4.260211 0.094000 4.159768
v 4.257475 0.094000 4.152831
v 4.253033 0.094000 4.146967
v 4.247169 0.094000 4.142524
v 4.240232 0.094000 4.139789
v 4.232585 0.094000 4.139036
v 4.224109 0.094000 4.141795
v 4.220066 0.094000 4.133851
v 4.214127 0.094000 4.128976
v 4.207288 0.094000 4.126005
v 4.200000 0.094000 4.125000
v 4.192712 0.094000 4.126005
v 4.185873 0.094000 4.128976
v 4.179934 0.094000 4.133851
v 4.175891 0.094000 4.141795
v 4.167414 0.094000 4.139036
v 4.159768 0.094000 4.139789
v 4.152831 0.094000 4.142524
v 4.146967 0.094000 4.146967
v 4.142524 0.094000 4.152831
v 4.139789 0.094000 4.159768
v 4.139036 0.094000 4.167414
v 4.141795 0.094000 4.175891
v 4.133851 0.094000 4.179934
v 4.128976 0.094000 4.185873
v 4.126005 0.094000 4.192712
v 4.125000 0.094000 4.200000
v 4.126005 0.094000 4.207288
v 4.128976 0.094000 4.214127
v 4.133851 0.094000 4.220066
v 4.141795 0.094000 4.224109
v 4.139036 0.094000 4.232585
v 4.139789 0.094000 4.240232
v 4.142524 0.094000 4.247169
v 4.146967 0.094000 4.253033
v 4.152831 0.094000 4.257475
v 4.159768 0.094000 4.260211
v 4.167414 0.094000 4.260963
v 4.175891 0.094000 4.258204
v 4.179934 0.094000 4.266149
v 4.185873 0.094000 4.271023
v 4.192712 0.094000 4.273995
v 4.200000 0.094000 4.275000
v 4.207288 0.094000 4.273995
v 4.214127 0.094000 4.271023
v 4.220066 0.094000 4.266149
v 4.224109 0.094000 4.258204
v 4.232585 0.094000 4.260963
v 4.240232 0.094000 4.260211
v 4.247169 0.094000 4.257475
v 4.253033 0.094000 4.253033
v 4.257475 0.094000 4.247169
v 4.260211 0.094000 4.240232
v 4.260963 0.094000 4.232585
v 4.258204 0.094000 4.224109
v 4.266149 0.094000 4.220066
v 4.271023 0.094000 4.214127
v 4.273995 0.094000 4.207288
v 4.275000 0.100673 4.200000
v 4.273995 0.100673 4.192712
v 4.271023 0.100673 4.185873
v 4.266149 0.100673 4.179934
v 4.258204 0.100673 4.175891
v 4.260963 0.100673 4.167414
v 4.260211 0.100673 4.159768
v 4.257475 0.100673 4.152831
v 4.253033 0.100673 4.146967
v 4.247169 0.100673 4.142524
v 4.240232 0.100673 4.139789
v 4.232585 0.100673 4.139036
v 4.224109 0.100673 4.141795
v 4.220066 0.100673 4.133851
v 4.214127 0.100673 4.128976
v 4.207288 0.100673 4.126005
v 4.200000 0.100673 4.125000
v 4.192712 0.100673 4.126005
v 4.185873 0.100673 4.128976
v 4.179934 0.100673 4.133851
v 4.175891 0.100673 4.141795
v 4.167414 0.100673 4.139036
v 4.159768 0.100673 4.139789
v 4.152831 0.100673 4.142524
v 4.146967 0.100673 4.146967
v 4.142524 0.100673 4.152831
v 4.139789 0.100673 4.159768
v 4.139036 0.100673 4.167414
v 4.141795 0.100673 4.175891
v 4.133851 0.100673 4.179934
v 4.128976 0.100673 4.185873
v 4.126005 0.100673 4.192712
v 4.125000 0.100673 4.200000
v 4.126005 0.100673 4.207288
v 4.128976 0.100673 4.214127
v 4.133851 0.100673 4.220066
v 4.141795 0.100673 4.224109
v 4.139036 0.100673 4.232585
v 4.139789 0.100673 4.240232
v 4.142524 0.100673 4.247169
v 4.146967 0.100673 4.253033
v 4.152831 0.100673 4.257475
v 4.159768 0.100673 4.260211
v 4.167414 0.100673 4.260963
v 4.175891 0.100673 4.258204
v 4.179934 0.100673 4.266149
v 4.185873 0.100673 4.271023
v 4.192712 0.100673 4.273995
v 4.200000 0.100673 4.275000
v 4.207288 0.100673 4.273995
v 4.214127 0.100673 4.271023
v 4.220066 0.100673 4.266149
v 4.224109 0.100673 4.258204
v 4.232585 0.100673 4.260963
v 4.240232 0.100673 4.260211
v 4.247169 0.100673 4.257475
v 4.253033 0.100673 4.253033
v 4.257475 0.100673 4.247169
v 4.260211 0.100673 4.240232
v 4.260963 0.100673 4.232585
v 4.258204 0.100673 4.224109
v 4.266149 0.100673 4.220066
v 4.271023 0.100673 4.214127
v 4.273995 0.100673 4.207288
v 4.273777 0.102516 4.200000
v 4.272789 0.102516 4.192831
v 4.269866 0.102516 4.186102
v 4.265071 0.102516 4.180261
v 4.257256 0.102516 4.176284
v 4.259970 0.102516 4.167945
v 4.259229 0.102516 4.160424
v 4.256539 0.102516 4.153600
v 4.252169 0.102516 4.147831
v 4.246400 0.102516 4.143461
v 4.239576 0.102516 4.140770
v 4.232054 0.102516 4.140030
v 4.223716 0.102516 4.142744
v 4.219739 0.102516 4.134929
v 4.213897 0.102516 4.130134
v 4.207169 0.102516 4.127211
v 4.200000 0.102516 4.126222
v 4.192831 0.102516 4.127211
v 4.186102 0.102516 4.130134
v 4.180261 0.102516 4.134929
v 4.176284 0.102516 4.142744
v 4.167945 0.102516 4.140030
v 4.160424 0.102516 4.140770
v 4.153600 0.102516 4.143461
v 4.147831 0.102516 4.147831
v 4.143461 0.102516 4.153600
v 4.140770 0.102516 4.160424
v 4.140030 0.102516 4.167945
v 4.142744 0.102516 4.176284
v 4.134929 0.102516 4.180261
v 4.130134 0.102516 4.186102
v 4.127211 0.102516 4.192831
v 4.126222 0.102516 4.200000
v 4.127211 0.102516 4.207169
v 4.130134 0.102516 4.213897
v 4.134929 0.102516 4.219739
v 4.142744 0.102516 4.223716
v 4.140030 0.102516 4.232054
v 4.140770 0.102516 4.239576
v 4.143461 0.102516 4.246400
v 4.147831 0.102516 4.252169
v 4.153600 0.102516 4.256539
v 4.160424 0.102516 4.259229
v 4.167945 0.102516 4.259970
v 4.176284 0.102516 4.257256
v 4.180261 0.102516 4.265071
v 4.186102 0.102516 4.269866
v 4.192831 0.102516 4.272789
v 4.200000 0.102516 4.273777
v 4.207169 0.102516 4.272789
v 4.213897 0.102516 4.269866
v 4.219739 0.102516 4.265071
v 4.223716 0.102516 4.257256
v 4.232054 0.102516 4.259970
v 4.239576 0.102516 4.259229
v 4.246400 0.102516 4.256539
v 4.252169 0.102516 4.252169
v 4.256539 0.102516 4.246400
v 4.259229 0.102516 4.239576
v 4.259970 0.102516 4.232054
v 4.257256 0.102516 4.223716
v 4.265071 0.102516 4.219739
v 4.269866 0.102516 4.213897
v 4.272789 0.102516 4.207169
v 4.269844 0.104176 4.200000
v 4.268908 0.104176 4.193213
v 4.266140 0.104176 4.186843
v 4.261601 0.104176 4.181313
v 4.254203 0.104176 4.177548
v 4.256772 0.104176 4.169654
v 4.256071 0.104176 4.162534
v 4.253524 0.104176 4.156074
v 4.249387 0.104176 4.150613
v 4.243926 0.104176 4.146476
v 4.237465 0.104176 4.143929
v 4.230345 0.104176 4.143228
v 4.222451 0.104176 4.145797
v 4.218687 0.104176 4.138398
v 4.213156 0.104176 4.133859
v 4.206787 0.104176 4.131092
v 4.200000 0.104176 4.130156
v 4.193213 0.104176 4.131092
v 4.186843 0.104176 4.133859
v 4.181313 0.104176 4.138398
v 4.177548 0.104176 4.145797
v 4.169654 0.104176 4.143228
v 4.162534 0.104176 4.143929
v 4.156074 0.104176 4.146476
v 4.150613 0.104176 4.150613
v 4.146476 0.104176 4.156074
v 4.143929 0.104176 4.162534
v 4.143228 0.104176 4.169654
v 4.145797 0.104176 4.177548
v 4.138398 0.104176 4.181313
v 4.133859 0.104176 4.186843
v 4.131092 0.104176 4.193213
v 4.130156 0.104176 4.200000
v 4.131092 0.104176 4.206787
v 4.133859 0.104176 4.213156
v 4.138398 0.104176 4.218687
v 4.145797 0.104176 4.222451
v 4.143228 0.104176 4.230345
v 4.143929 0.104176 4.237465
v 4.146476 0.104176 4.243926
v 4.150613 0.104176 4.249387
v 4.156074 0.104176 4.253524
v 4.162534 0.104176 4.256071
v 4.169654 0.104176 4.256772
v 4.177548 0.104176 4.254203
v 4.181313 0.104176 4.261601
v 4.186843 0.104176 4.266140
v 4.193213 0.104176 4.268908
v 4.200000 0.104176 4.269844
v 4.206787 0.104176 4.268908
v 4.213156 0.104176 4.266140
v 4.218687 0.104176 4.261601
v 4.222451 0.104176 4.254203
v 4.230345 0.104176 4.256772
v 4.237465 0.104176 4.256071
v 4.243926 0.104176 4.253524
v 4.249387 0.104176 4.249387
v 4.253524 0.104176 4.243926
v 4.256071 0.104176 4.237465
v 4.256772 0.104176 4.230345
v 4.254203 0.104176 4.222451
v 4.261601 0.104176 4.218687
v 4.266140 0.104176 4.213156
v 4.268908 0.104176 4.206787
v 4.262500 0.105741 4.200000
v 4.261662 0.105741 4.193927
v 4.259186 0.105741 4.188227
v 4.255124 0.105741 4.183278
v 4.248504 0.105741 4.179909
v 4.250803 0.105741 4.172845
v 4.250175 0.105741 4.166473
v 4.247896 0.105741 4.160692
v 4.244194 0.105741 4.155806
v 4.239307 0.105741 4.152103
v 4.233526 0.105741 4.149824
v 4.227155 0.105741 4.149197
v 4.220091 0.105741 4.151496
v 4.216722 0.105741 4.144876
v 4.211773 0.105741 4.140813
v 4.206073 0.105741 4.138337
v 4.200000 0.105741 4.137500
v 4.193927 0.105741 4.138337
v 4.188227 0.105741 4.140813
v 4.183278 0.105741 4.144876
v 4.179909 0.105741 4.151496
v 4.172845 0.105741 4.149197
v 4.166473 0.105741 4.149824
v 4.160692 0.105741 4.152103
v 4.155806 0.105741 4.155806
v 4.152103 0.105741 4.160692
v 4.149824 0.105741 4.166473
v 4.149197 0.105741 4.172845
v 4.151496 0.105741 4.179909
v 4.144876 0.105741 4.183278
v 4.140813 0.105741 4.188227
v 4.138337 0.105741 4.193927
v 4.137500 0.105741 4.200000
v 4.138337 0.105741 4.206073
v 4.140813 0.105741 4.211773
v 4.144876 0.105741 4.216722
v 4.151496 0.105741 4.220091
v 4.149197 0.105741 4.227155
v 4.149824 0.105741 4.233526
v 4.152103 0.105741 4.239307
v 4.155806 0.105741 4.244194
v 4.160692 0.105741 4.247896
v 4.166473 0.105741 4.250175
v 4.172845 0.105741 4.250803
v 4.179909 0.105741 4.248504
v 4.183278 0.105741 4.255124
v 4.188227 0.105741 4.259186
v 4.193927 0.105741 4.261662
v 4.200000 0.105741 4.262500
v 4.206073 0.105741 4.261662
v 4.211773 0.105741 4.259186
v 4.216722 0.105741 4.255124
v 4.220091 0.105741 4.248504
v 4.227155 0.105741 4.250803
v 4.233526 0.105741 4.250175
v 4.239307 0.105741 4.247896
v 4.244194 0.105741 4.244194
v 4.247896 0.105741 4.239307
v 4.250175 0.105741 4.233526
v 4.250803 0.105741 4.227155
v 4.248504 0.105741 4.220091
v 4.255124 0.105741 4.216722
v 4.259186 0.105741 4.211773
v 4.261662 0.105741 4.206073
v 4.253906 0.106750 4.200000
v 4.253184 0.106750 4.194762
v 4.251048 0.106750 4.189846
v 4.247545 0.106750 4.185577
v 4.241834 0.106750 4.182672
v 4.243817 0.106750 4.176579
v 4.243277 0.106750 4.171083
v 4.241311 0.106750 4.166097
v 4.238117 0.106750 4.161882
v 4.233902 0.106750 4.158689
v 4.228916 0.106750 4.156723
v 4.223421 0.106750 4.156182
v 4.217328 0.106750 4.158165
v 4.214422 0.106750 4.152455
v 4.210154 0.106750 4.148952
v 4.205238 0.106750 4.146816
v 4.200000 0.106750 4.146093
v 4.194762 0.106750 4.146816
v 4.189846 0.106750 4.148952
v 4.185577 0.106750 4.152455
v 4.182672 0.106750 4.158165
v 4.176579 0.106750 4.156182
v 4.171083 0.106750 4.156723
v 4.166097 0.106750 4.158689
v 4.161882 0.106750 4.161882
v 4.158689 0.106750 4.166097
v 4.156723 0.106750 4.171083
v 4.156182 0.106750 4.176579
v 4.158165 0.106750 4.182672
v 4.152455 0.106750 4.185577
v 4.148952 0.106750 4.189846
v 4.146816 0.106750 4.194762
v 4.146093 0.106750 4.200000
v 4.146816 0.106750 4.205238
v 4.148952 0.106750 4.210154
v 4.152455 0.106750 4.214422
v 4.158165 0.106750 4.217328
v 4.156182 0.106750 4.223421
v 4.156723 0.106750 4.228916
v 4.158689 0.106750 4.233902
v 4.161882 0.106750 4.238117
v 4.166097 0.106750 4.241311
v 4.171083 0.106750 4.243277
v 4.176579 0.106750 4.243817
v 4.182672 0.106750 4.241834
v 4.185577 0.106750 4.247545
v 4.189846 0.106750 4.251048
v 4.194762 0.106750 4.253184
v 4.200000 0.106750 4.253906
v 4.205238 0.106750 4.253184
v 4.210154 0.106750 4.251048
v 4.214422 0.106750 4.247545
v 4.217328 0.106750 4.241834
v 4.223421 0.106750 4.243817
v 4.228916 0.106750 4.243277
v 4.233902 0.106750 4.241311
v 4.238117 0.106750 4.238117
v 4.241311 0.106750 4.233902
v 4.243277 0.106750 4.228916
v 4.243817 0.106750 4.223421
v 4.241834 0.106750 4.217328
v 4.247545 0.106750 4.214422
v 4.251048 0.106750 4.210154
v 4.253184 0.106750 4.205238
v 4.245000 0.107259 4.200000
v 4.244397 0.107259 4.195627
v 4.242614 0.107259 4.191524
v 4.239689 0.107259 4.187960
v 4.234922 0.107259 4.185534
v 4.236578 0.107259 4.180449
v 4.236126 0.107259 4.175861
v 4.234485 0.107259 4.171699
v 4.231820 0.107259 4.168180
v 4.228301 0.107259 4.165514
v 4.224139 0.107259 4.163873
v 4.219551 0.107259 4.163422
v 4.214465 0.107259 4.165077
v 4.212039 0.107259 4.160310
v 4.208476 0.107259 4.157386
v 4.204372 0.107259 4.155603
v 4.200000 0.107259 4.155000
v 4.195627 0.107259 4.155603
v 4.191524 0.107259 4.157386
v 4.187960 0.107259 4.160310
v 4.185534 0.107259 4.165077
v 4.180449 0.107259 4.163422
v 4.175861 0.107259 4.163873
v 4.171699 0.107259 4.165514
v 4.168180 0.107259 4.168180
v 4.165514 0.107259 4.171699
v 4.163873 0.107259 4.175861
v 4.163422 0.107259 4.180449
v 4.165077 0.107259 4.185534
v 4.160310 0.107259 4.187960
v 4.157386 0.107259 4.191524
v 4.155603 0.107259 4.195627
v 4.155000 0.107259 4.200000
v 4.155603 0.107259 4.204372
v 4.157386 0.107259 4.208476
v 4.160310 0.107259 4.212039
v 4.165077 0.107259 4.214465
v 4.163422 0.107259 4.219551
v 4.163873 0.107259 4.224139
v 4.165514 0.107259 4.228301
v 4.168180 0.107259 4.231820
v 4.171699 0.107259 4.234485
v 4.175861 0.107259 4.236126
v 4.180449 0.107259 4.236578
v 4.185534 0.107259 4.234922
v 4.187960 0.107259 4.239689
v 4.191524 0.107259 4.242614
v 4.195627 0.107259 4.244397
v 4.200000 0.107259 4.245000
v 4.204372 0.107259 4.244397
v 4.208476 0.107259 4.242614
v 4.212039 0.107259 4.239689
v 4.214465 0.107259 4.234922
v 4.219551 0.107259 4.236578
v 4.224139 0.107259 4.236126
v 4.228301 0.107259 4.234485
v 4.231820 0.107259 4.231820
v 4.234485 0.107259 4.228301
v 4.236126 0.107259 4.224139
v 4.236578 0.107259 4.219551
v 4.234922 0.107259 4.214465
v 4.239689 0.107259 4.212039
v 4.242614 0.107259 4.208476
v 4.244397 0.107259 4.204372
v 4.236719 0.107324 4.200000
v 4.236227 0.107324 4.196432
v 4.234772 0.107324 4.193083
v 4.232386 0.107324 4.190176
v 4.228496 0.107324 4.188196
v 4.229846 0.107324 4.184046
v 4.229478 0.107324 4.180303
v 4.228139 0.107324 4.176907
v 4.225964 0.107324 4.174036
v 4.223093 0.107324 4.171861
v 4.219697 0.107324 4.170522
v 4.215953 0.107324 4.170153
v 4.211803 0.107324 4.171504
v 4.209824 0.107324 4.167614
v 4.206916 0.107324 4.165228
v 4.203568 0.107324 4.163773
v 4.200000 0.107324 4.163281
v 4.196432 0.107324 4.163773
v 4.193083 0.107324 4.165228
v 4.190176 0.107324 4.167614
v 4.188196 0.107324 4.171504
v 4.184046 0.107324 4.170153
v 4.180303 0.107324 4.170522
v 4.176907 0.107324 4.171861
v 4.174036 0.107324 4.174036
v 4.171861 0.107324 4.176907
v 4.170522 0.107324 4.180303
v 4.170153 0.107324 4.184046
v 4.171504 0.107324 4.188196
v 4.167614 0.107324 4.190176
v 4.165228 0.107324 4.193083
v 4.163773 0.107324 4.196432
v 4.163281 0.107324 4.200000
v 4.163773 0.107324 4.203568
v 4.165228 0.107324 4.206916
v 4.167614 0.107324 4.209824
v 4.171504 0.107324 4.211803
v 4.170153 0.107324 4.215953
v 4.170522 0.107324 4.219697
v 4.171861 0.107324 4.223093
v 4.174036 0.107324 4.225964
v 4.176907 0.107324 4.228139
v 4.180303 0.107324 4.229478
v 4.184046 0.107324 4.229846
v 4.188196 0.107324 4.228496
v 4.190176 0.107324 4.232386
v 4.193083 0.107324 4.234772
v 4.196432 0.107324 4.236227
v 4.200000 0.107324 4.236719
v 4.203568 0.107324 4.236227
v 4.206916 0.107324 4.234772
v 4.209824 0.107324 4.232386
v 4.211803 0.107324 4.228496
v 4.215953 0.107324 4.229846
v 4.219697 0.107324 4.229478
v 4.223093 0.107324 4.228139
v 4.225964 0.107324 4.225964
v 4.228139 0.107324 4.223093
v 4.229478 0.107324 4.219697
v 4.229846 0.107324 4.215953
v 4.228496 0.107324 4.211803
v 4.232386 0.107324 4.209824
v 4.234772 0.107324 4.206916
v 4.236227 0.107324 4.203568
v 4.230000 0.107000 4.200000
v 4.229598 0.107000 4.197084
v 4.228409 0.107000 4.194349
v 4.226460 0.107000 4.191973
v 4.223281 0.107000 4.190356
v 4.224385 0.107000 4.186965
v 4.224084 0.107000 4.183907
v 4.222990 0.107000 4.181132
v 4.221213 0.107000 4.178787
v 4.218867 0.107000 4.177010
v 4.216093 0.107000 4.175915
v 4.213034 0.107000 4.175614
v 4.209643 0.107000 4.176718
v 4.208026 0.107000 4.173540
v 4.205651 0.107000 4.171590
v 4.202915 0.107000 4.170402
v 4.200000 0.107000 4.170000
v 4.197084 0.107000 4.170402
v 4.194349 0.107000 4.171590
v 4.191973 0.107000 4.173540
v 4.190356 0.107000 4.176718
v 4.186965 0.107000 4.175614
v 4.183907 0.107000 4.175915
v 4.181132 0.107000 4.177010
v 4.178787 0.107000 4.178787
v 4.177010 0.107000 4.181132
v 4.175915 0.107000 4.183907
v 4.175614 0.107000 4.186965
v 4.176718 0.107000 4.190356
v 4.173540 0.107000 4.191973
v 4.171590 0.107000 4.194349
v 4.170402 0.107000 4.197084
v 4.170000 0.107000 4.200000
v 4.170402 0.107000 4.202915
v 4.171590 0.107000 4.205651
v 4.173540 0.107000 4.208026
v 4.176718 0.107000 4.209643
v 4.175614 0.107000 4.213034
v 4.175915 0.107000 4.216093
v 4.177010 0.107000 4.218867
v 4.178787 0.107000 4.221213
v 4.181132 0.107000 4.222990
v 4.183907 0.107000 4.224084
v 4.186965 0.107000 4.224385
v 4.190356 0.107000 4.223281
v 4.191973 0.107000 4.226460
v 4.194349 0.107000 4.228409
v 4.197084 0.107000 4.229598
v 4.200000 0.107000 4.230000
v 4.202915 0.107000 4.229598
v 4.205651 0.107000 4.228409
v 4.208026 0.107000 4.226460
v 4.209643 0.107000 4.223281
v 4.213034 0.107000 4.224385
v 4.216093 0.107000 4.224084
v 4.218867 0.107000 4.222990
v 4.221213 0.107000 4.221213
v 4.222990 0.107000 4.218867
v 4.224084 0.107000 4.216093
v 4.224385 0.107000 4.213034
v 4.223281 0.107000 4.209643
v 4.226460 0.107000 4.208026
v 4.228409 0.107000 4.205651
v 4.229598 0.107000 4.202915
v 4.227000 0.106500 4.200000
v 4.226870 0.106500 4.197353
v 4.226481 0.106500 4.194732
v 4.225837 0.106500 4.192162
v 4.224945 0.106500 4.189667
v 4.223812 0.106500 4.187272
v 4.222449 0.106500 4.184999
v 4.220871 0.106500 4.182871
v 4.219092 0.106500 4.180908
v 4.217128 0.106500 4.179129
v 4.215000 0.106500 4.177550
v 4.212728 0.106500 4.176188
v 4.210332 0.106500 4.175055
v 4.207838 0.106500 4.174162
v 4.205267 0.106500 4.173519
v 4.202646 0.106500 4.173130
v 4.200000 0.106500 4.173000
v 4.197353 0.106500 4.173130
v 4.194732 0.106500 4.173519
v 4.192162 0.106500 4.174162
v 4.189667 0.106500 4.175055
v 4.187272 0.106500 4.176188
v 4.184999 0.106500 4.177550
v 4.182871 0.106500 4.179129
v 4.180908 0.106500 4.180908
v 4.179129 0.106500 4.182871
v 4.177550 0.106500 4.184999
v 4.176188 0.106500 4.187272
v 4.175055 0.106500 4.189667
v 4.174162 0.106500 4.192162
v 4.173519 0.106500 4.194732
v 4.173130 0.106500 4.197353
v 4.173000 0.106500 4.200000
v 4.173130 0.106500 4.202646
v 4.173519 0.106500 4.205267
v 4.174162 0.106500 4.207838
v 4.175055 0.106500 4.210332
v 4.176188 0.106500 4.212728
v 4.177550 0.106500 4.215000
v 4.179129 0.106500 4.217128
v 4.180908 0.106500 4.219092
v 4.182871 0.106500 4.220871
v 4.184999 0.106500 4.222449
v 4.187272 0.106500 4.223812
v 4.189667 0.106500 4.224945
v 4.192162 0.106500 4.225837
v 4.194732 0.106500 4.226481
v 4.197353 0.106500 4.226870
v 4.200000 0.106500 4.227000
v 4.202646 0.106500 4.226870
v 4.205267 0.106500 4.226481
v 4.207838 0.106500 4.225837
v 4.210332 0.106500 4.224945
v 4.212728 0.106500 4.223812
v 4.215000 0.106500 4.222449
v 4.217128 0.106500 4.220871
v 4.219092 0.106500 4.219092
v 4.220871 0.106500 4.217128
v 4.222449 0.106500 4.215000
v 4.223812 0.106500 4.212728
v 4.224945 0.106500 4.210332
v 4.225837 0.106500 4.207838
v 4.226481 0.106500 4.205267
v 4.226870 0.106500 4.202646
v 4.224062 0.109113 4.200000
v 4.223947 0.109113 4.197641
v 4.223600 0.109113 4.195305
v 4.223026 0.109113 4.193015
v 4.222230 0.109113 4.190792
v 4.221221 0.109113 4.188657
v 4.220007 0.109113 4.186631
v 4.218600 0.109113 4.184735
v 4.217015 0.109113 4.182985
v 4.215265 0.109113 4.181399
v 4.213368 0.109113 4.179993
v 4.211343 0.109113 4.178779
v 4.209208 0.109113 4.177769
v 4.206985 0.109113 4.176973
v 4.204694 0.109113 4.176400
v 4.202358 0.109113 4.176053
v 4.200000 0.109113 4.175937
v 4.197641 0.109113 4.176053
v 4.195305 0.109113 4.176400
v 4.193015 0.109113 4.176973
v 4.190792 0.109113 4.177769
v 4.188657 0.109113 4.178779
v 4.186631 0.109113 4.179993
v 4.184735 0.109113 4.181399
v 4.182985 0.109113 4.182985
v 4.181399 0.109113 4.184735
v 4.179993 0.109113 4.186631
v 4.178779 0.109113 4.188657
v 4.177769 0.109113 4.190792
v 4.176973 0.109113 4.193015
v 4.176400 0.109113 4.195305
v 4.176053 0.109113 4.197641
v 4.175937 0.109113 4.200000
v 4.176053 0.109113 4.202358
v 4.176400 0.109113 4.204694
v 4.176973 0.109113 4.206985
v 4.177769 0.109113 4.209208
v 4.178779 0.109113 4.211343
v 4.179993 0.109113 4.213368
v 4.181399 0.109113 4.215265
v 4.182985 0.109113 4.217015
v 4.184735 0.109113 4.218600
v 4.186631 0.109113 4.220007
v 4.188657 0.109113 4.221221
v 4.190792 0.109113 4.222230
v 4.193015 0.109113 4.223026
v 4.195305 0.109113 4.223600
v 4.197641 0.109113 4.223947
v 4.200000 0.109113 4.224062
v 4.202358 0.109113 4.223947
v 4.204694 0.109113 4.223600
v 4.206985 0.109113 4.223026
v 4.209208 0.109113 4.222230
v 4.211343 0.109113 4.221221
v 4.213368 0.109113 4.220007
v 4.215265 0.109113 4.218600
v 4.217015 0.109113 4.217015
v 4.218600 0.109113 4.215265
v 4.220007 0.109113 4.213368
v 4.221221 0.109113 4.211343
v 4.222230 0.109113 4.209208
v 4.223026 0.109113 4.206985
v 4.223600 0.109113 4.204694
v 4.223947 0.109113 4.202358
v 4.220000 0.111407 4.200000
v 4.219903 0.111407 4.198040
v 4.219615 0.111407 4.196098
v 4.219139 0.111407 4.194194
v 4.218477 0.111407 4.192346
v 4.217638 0.111407 4.190572
v 4.216629 0.111407 4.188889
v 4.215460 0.111407 4.187312
v 4.214142 0.111407 4.185858
v 4.212687 0.111407 4.184540
v 4.211111 0.111407 4.183371
v 4.209428 0.111407 4.182362
v 4.207654 0.111407 4.181522
v 4.205805 0.111407 4.180861
v 4.203902 0.111407 4.180384
v 4.201960 0.111407 4.180096
v 4.200000 0.111407 4.180000
v 4.198040 0.111407 4.180096
v 4.196098 0.111407 4.180384
v 4.194194 0.111407 4.180861
v 4.192346 0.111407 4.181522
v 4.190572 0.111407 4.182362
v 4.188889 0.111407 4.183371
v 4.187312 0.111407 4.184540
v 4.185858 0.111407 4.185858
v 4.184540 0.111407 4.187312
v 4.183371 0.111407 4.188889
v 4.182362 0.111407 4.190572
v 4.181522 0.111407 4.192346
v 4.180861 0.111407 4.194194
v 4.180384 0.111407 4.196098
v 4.180096 0.111407 4.198040
v 4.180000 0.111407 4.200000
v 4.180096 0.111407 4.201960
v 4.180384 0.111407 4.203902
v 4.180861 0.111407 4.205805
v 4.181522 0.111407 4.207654
v 4.182362 0.111407 4.209428
v 4.183371 0.111407 4.211111
v 4.184540 0.111407 4.212687
v 4.185858 0.111407 4.214142
v 4.187312 0.111407 4.215460
v 4.188889 0.111407 4.216629
v 4.190572 0.111407 4.217638
v 4.192346 0.111407 4.218477
v 4.194194 0.111407 4.219139
v 4.196098 0.111407 4.219615
v 4.198040 0.111407 4.219903
v 4.200000 0.111407 4.220000
v 4.201960 0.111407 4.219903
v 4.203902 0.111407 4.219615
v 4.205805 0.111407 4.219139
v 4.207654 0.111407 4.218477
v 4.209428 0.111407 4.217638
v 4.211111 0.111407 4.216629
v 4.212687 0.111407 4.215460
v 4.214142 0.111407 4.214142
v 4.215460 0.111407 4.212687
v 4.216629 0.111407 4.211111
v 4.217638 0.111407 4.209428
v 4.218477 0.111407 4.207654
v 4.219139 0.111407 4.205805
v 4.219615 0.111407 4.203902
v 4.219903 0.111407 4.201960
v 4.215187 0.113312 4.200000
v 4.215114 0.113312 4.198511
v 4.214895 0.113312 4.197037
v 4.214533 0.113312 4.195591
v 4.214031 0.113312 4.194188
v 4.213394 0.113312 4.192841
v 4.212628 0.113312 4.191562
v 4.211740 0.113312 4.190365
v 4.210739 0.113312 4.189260
v 4.209635 0.113312 4.188260
v 4.208437 0.113312 4.187372
v 4.207159 0.113312 4.186605
v 4.205812 0.113312 4.185968
v 4.204409 0.113312 4.185466
v 4.202963 0.113312 4.185104
v 4.201488 0.113312 4.184886
v 4.200000 0.113312 4.184813
v 4.198511 0.113312 4.184886
v 4.197037 0.113312 4.185104
v 4.195591 0.113312 4.185466
v 4.194188 0.113312 4.185968
v 4.192841 0.113312 4.186605
v 4.191562 0.113312 4.187372
v 4.190365 0.113312 4.188260
v 4.189260 0.113312 4.189260
v 4.188260 0.113312 4.190365
v 4.187372 0.113312 4.191562
v 4.186605 0.113312 4.192841
v 4.185968 0.113312 4.194188
v 4.185466 0.113312 4.195591
v 4.185104 0.113312 4.197037
v 4.184886 0.113312 4.198511
v 4.184813 0.113312 4.200000
v 4.184886 0.113312 4.201488
v 4.185104 0.113312 4.202963
v 4.185466 0.113312 4.204409
v 4.185968 0.113312 4.205812
v 4.186605 0.113312 4.207159
v 4.187372 0.113312 4.208437
v 4.188260 0.113312 4.209635
v 4.189260 0.113312 4.210739
v 4.190365 0.113312 4.211740
v 4.191562 0.113312 4.212628
v 4.192841 0.113312 4.213394
v 4.194188 0.113312 4.214031
v 4.195591 0.113312 4.214533
v 4.197037 0.113312 4.214895
v 4.198511 0.113312 4.215114
v 4.200000 0.113312 4.215187
v 4.201488 0.113312 4.215114
v 4.202963 0.113312 4.214895
v 4.204409 0.113312 4.214533
v 4.205812 0.113312 4.214031
v 4.207159 0.113312 4.213394
v 4.208437 0.113312 4.212628
v 4.209635 0.113312 4.211740
v 4.210739 0.113312 4.210739
v 4.211740 0.113312 4.209635
v 4.212628 0.113312 4.208437
v 4.213394 0.113312 4.207159
v 4.214031 0.113312 4.205812
v 4.214533 0.113312 4.204409
v 4.214895 0.113312 4.202963
v 4.215114 0.113312 4.201488
v 4.210000 0.114759 4.200000
v 4.209952 0.114759 4.199019
v 4.209808 0.114759 4.198049
v 4.209569 0.114759 4.197097
v 4.209239 0.114759 4.196173
v 4.208819 0.114759 4.195286
v 4.208314 0.114759 4.194444
v 4.207730 0.114759 4.193656
v 4.207071 0.114759 4.192929
v 4.206344 0.114759 4.192270
v 4.205555 0.114759 4.191685
v 4.204714 0.114759 4.191181
v 4.203826 0.114759 4.190761
v 4.202903 0.114759 4.190431
v 4.201951 0.114759 4.190192
v 4.200980 0.114759 4.190048
v 4.200000 0.114759 4.190000
v 4.199019 0.114759 4.190048
v 4.198049 0.114759 4.190192
v 4.197097 0.114759 4.190431
v 4.196173 0.114759 4.190761
v 4.195286 0.114759 4.191181
v 4.194444 0.114759 4.191685
v 4.193656 0.114759 4.192270
v 4.192929 0.114759 4.192929
v 4.192270 0.114759 4.193656
v 4.191685 0.114759 4.194444
v 4.191181 0.114759 4.195286
v 4.190761 0.114759 4.196173
v 4.190431 0.114759 4.197097
v 4.190192 0.114759 4.198049
v 4.190048 0.114759 4.199019
v 4.190000 0.114759 4.200000
v 4.190048 0.114759 4.200980
v 4.190192 0.114759 4.201951
v 4.190431 0.114759 4.202903
v 4.190761 0.114759 4.203826
v 4.191181 0.114759 4.204714
v 4.191685 0.114759 4.205555
v 4.192270 0.114759 4.206344
v 4.192929 0.114759 4.207071
v 4.193656 0.114759 4.207730
v 4.194444 0.114759 4.208314
v 4.195286 0.114759 4.208819
v 4.196173 0.114759 4.209239
v 4.197097 0.114759 4.209569
v 4.198049 0.114759 4.209808
v 4.199019 0.114759 4.209952
v 4.200000 0.114759 4.210000
v 4.200980 0.114759 4.209952
v 4.201951 0.114759 4.209808
v 4.202903 0.114759 4.209569
v 4.203826 0.114759 4.209239
v 4.204714 0.114759 4.208819
v 4.205555 0.114759 4.208314
v 4.206344 0.114759 4.207730
v 4.207071 0.114759 4.207071
v 4.207730 0.114759 4.206344
v 4.208314 0.114759 4.205555
v 4.208819 0.114759 4.204714
v 4.209239 0.114759 4.203826
v 4.209569 0.114759 4.202903
v 4.209808 0.114759 4.201951
v 4.209952 0.114759 4.200980
v 4.204813 0.115678 4.200000
v 4.204789 0.115678 4.199528
v 4.204720 0.115678 4.199061
v 4.204605 0.115678 4.198603
v 4.204446 0.115678 4.198158
v 4.204244 0.115678 4.197731
v 4.204001 0.115678 4.197326
v 4.203720 0.115678 4.196947
v 4.203403 0.115678 4.196597
v 4.203053 0.115678 4.196280
v 4.202673 0.115678 4.195998
v 4.202269 0.115678 4.195755
v 4.201841 0.115678 4.195554
v 4.201397 0.115678 4.195395
v 4.200939 0.115678 4.195280
v 4.200471 0.115678 4.195210
v 4.200000 0.115678 4.195187
v 4.199528 0.115678 4.195210
v 4.199061 0.115678 4.195280
v 4.198603 0.115678 4.195395
v 4.198158 0.115678 4.195554
v 4.197731 0.115678 4.195755
v 4.197326 0.115678 4.195998
v 4.196947 0.115678 4.196280
v 4.196597 0.115678 4.196597
v 4.196280 0.115678 4.196947
v 4.195998 0.115678 4.197326
v 4.195755 0.115678 4.197731
v 4.195554 0.115678 4.198158
v 4.195395 0.115678 4.198603
v 4.195280 0.115678 4.199061
v 4.195210 0.115678 4.199528
v 4.195187 0.115678 4.200000
v 4.195210 0.115678 4.200471
v 4.195280 0.115678 4.200939
v 4.195395 0.115678 4.201397
v 4.195554 0.115678 4.201841
v 4.195755 0.115678 4.202269
v 4.195998 0.115678 4.202673
v 4.196280 0.115678 4.203053
v 4.196597 0.115678 4.203403
v 4.196947 0.115678 4.203720
v 4.197326 0.115678 4.204001
v 4.197731 0.115678 4.204244
v 4.198158 0.115678 4.204446
v 4.198603 0.115678 4.204605
v 4.199061 0.115678 4.204720
v 4.199528 0.115678 4.204789
v 4.200000 0.115678 4.204813
v 4.200471 0.115678 4.204789
v 4.200939 0.115678 4.204720
v 4.201397 0.115678 4.204605
v 4.201841 0.115678 4.204446
v 4.202269 0.115678 4.204244
v 4.202673 0.115678 4.204001
v 4.203053 0.115678 4.203720
v 4.203403 0.115678 4.203403
v 4.203720 0.115678 4.203053
v 4.204001 0.115678 4.202673
v 4.204244 0.115678 4.202269
v 4.204446 0.115678 4.201841
v 4.204605 0.115678 4.201397
v 4.204720 0.115678 4.200939
v 4.204789 0.115678 4.200471
v 4.200000 0.116000 4.200000
vn -0.0000 -0.0000 1.0000
vn 0.7209 -0.6931 -0.0000
vn 0.7071 -0.7071 -0.0000
vn -0.0000 -1.0000 -0.0000
vn 1.0000 -0.0000 -0.0000
vn -0.0000 -0.0000 -1.0000
vn -1.0000 -0.0000 -0.0000
vn -0.0000 0.7071 0.7071
vn 0.7071 0.7071 -0.0000
vn -0.0000 0.7071 -0.7071
vn -0.7071 0.7071 -0.0000
vn -0.0000 1.0000 -0.0000
vn 0.0015 1.0000 -0.0015
vn -0.0015 1.0000 -0.0015
vn -0.0015 1.0000 0.0015
vn 0.0015 1.0000 0.0015
vn 0.0562 0.9968 -0.0562
vn -0.0562 0.9968 -0.0562
vn -0.0562 0.9968 0.0562
vn 0.0562 0.9968 0.0562
vn 0.1127 0.9872 -0.1127
vn -0.1127 0.9872 -0.1127
vn -0.1127 0.9872 0.1127
vn 0.1127 0.9872 0.1127
vn 0.1699 0.9707 -0.1699
vn -0.1699 0.9707 -0.1699
vn -0.1699 0.9707 0.1699
vn 0.1699 0.9707 0.1699
vn 0.2280 0.9466 -0.2280
vn -0.2280 0.9466 -0.2280
vn -0.2280 0.9466 0.2280
vn 0.2280 0.9466 0.2280
vn -0.0000 0.8467 -0.5321
vn -0.5321 0.8467 -0.0000
vn -0.0000 0.8467 0.5321
vn 0.5321 0.8467 -0.0000
vn -0.0000 0.7818 -0.6235
vn -0.6235 0.7818 -0.0000
vn -0.0000 0.7818 0.6235
vn 0.6235 0.7818 -0.0000
vn -0.0000 0.6235 -0.7818
vn -0.7819 0.6235 -0.0000
vn -0.0000 0.6235 0.7818
vn 0.7819 0.6235 -0.0000
vn -0.0000 0.5320 -0.8468
vn -0.8468 0.5320 -0.0000
vn -0.0000 0.5320 0.8468
vn 0.8468 0.5320 -0.0000
vn -0.0000 0.4338 -0.9010
vn -0.9010 0.4338 -0.0000
vn -0.0000 0.4338 0.9010
vn 0.9010 0.4338 -0.0000
vn -0.0000 0.3303 -0.9439
vn -0.9439 0.3302 -0.0000
vn -0.0000 0.3303 0.9439
vn 0.9439 0.3302 -0.0000
vn -0.0000 0.2225 -0.9749
vn -0.9749 0.2225 -0.0000
vn -0.0000 0.2225 0.9749
vn 0.9749 0.2225 -0.0000
vn -0.0000 0.1120 -0.9937
vn -0.9937 0.1120 -0.0000
vn -0.0000 0.1120 0.9937
vn 0.9937 0.1120 -0.0000
vn -0.0000 -0.0094 -1.0000
vn -1.0000 -0.0093 -0.0000
vn -0.0000 -0.0094 1.0000
vn 1.0000 -0.0093 -0.0000
vn -0.0000 -0.1305 -0.9914
vn -0.9914 -0.1305 -0.0000
vn -0.0000 -0.1305 0.9914
vn 0.9914 -0.1305 -0.0000
vn -0.0000 -0.2588 -0.9659
vn -0.9659 -0.2588 -0.0000
vn -0.0000 -0.2588 0.9659
vn 0.9659 -0.2588 -0.0000
vn -0.0000 -0.3826 -0.9239
vn -0.9239 -0.3827 -0.0000
vn -0.0000 -0.3826 0.9239
vn 0.9239 -0.3827 -0.0000
vn -0.0000 -0.4999 -0.8661
vn -0.8661 -0.5000 -0.0000
vn -0.0000 -0.4999 0.8661
vn 0.8661 -0.5000 -0.0000
vn -0.0000 -0.6087 -0.7934
vn -0.7934 -0.6087 -0.0000
vn -0.0000 -0.6087 0.7934
vn 0.7934 -0.6087 -0.0000
vn -0.0000 -0.7071 -0.7071
vn -0.7071 -0.7071 -0.0000
vn -0.0000 -0.7071 0.7071
vn -0.0000 -0.7933 -0.6088
vn -0.6088 -0.7933 -0.0000
vn -0.0000 -0.7933 0.6088
vn 0.6088 -0.7933 -0.0000
vn -0.0000 -0.8660 -0.5001
vn -0.5001 -0.8660 -0.0000
vn -0.0000 -0.8660 0.5001
vn 0.5001 -0.8660 -0.0000
vn 0.1988 -0.9597 -0.1988
vn -0.1988 -0.9597 -0.1988
vn -0.1988 -0.9597 0.1988
vn 0.1988 -0.9597 0.1988
vn 0.1317 -0.9825 -0.1317
vn -0.1317 -0.9825 -0.1317
vn -0.1317 -0.9825 0.1317
vn 0.1317 -0.9825 0.1317
vn 0.0656 -0.9957 -0.0656
vn -0.0656 -0.9957 -0.0656
vn -0.0656 -0.9957 0.0656
vn 0.0656 -0.9957 0.0656
vn 0.0327 -0.9989 -0.0327
vn -0.0327 -0.9989 -0.0327
vn -0.0327 -0.9989 0.0327
vn 0.0327 -0.9989 0.0327
vn -0.0000 0.7873 -0.6166
vn -0.6166 0.7873 -0.0000
vn -0.0000 0.7873 0.6166
vn 0.6166 0.7873 -0.0000
vn -0.0000 0.2396 -0.9709
vn -0.0000 0.4588 -0.8886
vn -0.9709 0.2397 -0.0000
vn -0.8886 0.4588 -0.0000
vn -0.0000 0.2396 0.9709
vn -0.0000 0.4588 0.8886
vn 0.9709 0.2397 -0.0000
vn 0.8886 0.4588 -0.0000
vn -0.0000 0.7054 -0.7088
vn -0.7088 0.7054 -0.0000
vn -0.0000 0.7054 0.7088
vn 0.7088 0.7054 -0.0000
vn -0.0000 0.8314 -0.5556
vn -0.5557 0.8314 -0.0000
vn -0.0000 0.8314 0.5556
vn 0.5557 0.8314 -0.0000
vn 0.2396 0.9408 -0.2396
vn -0.2396 0.9408 -0.2396
vn -0.2396 0.9408 0.2396
vn 0.2396 0.9408 0.2396
vn 0.2036 0.9577 -0.2036
vn -0.2036 0.9577 -0.2036
vn -0.2036 0.9577 0.2036
vn 0.2036 0.9577 0.2036
vn 0.1866 0.9646 -0.1866
vn -0.1866 0.9645 -0.1866
vn -0.1866 0.9645 0.1866
vn 0.1866 0.9645 0.1866
vn 0.1907 0.9629 -0.1907
vn -0.1907 0.9629 -0.1907
vn -0.1907 0.9629 0.1907
vn 0.1907 0.9629 0.1907
vn 0.2023 0.9582 -0.2023
vn -0.2023 0.9582 -0.2023
vn -0.2023 0.9582 0.2023
vn 0.2023 0.9582 0.2023
vn -0.0000 -0.0130 -0.9999
vn -0.9999 -0.0130 -0.0000
vn -0.0000 -0.0130 0.9999
vn 0.9999 -0.0130 -0.0000
vn -0.0000 -0.3827 -0.9239
vn -0.0000 -0.3827 0.9239
vn -0.0000 -0.6931 -0.7209
vn -0.7209 -0.6931 -0.0000
vn -0.0000 -0.6931 0.7209
vn -0.6109 0.1068 0.7845
vn -0.4516 0.0907 0.8876
vn -0.3320 0.6811 0.6525
vn -0.4139 0.7390 0.5315
vn -0.9470 0.0907 -0.3082
vn -0.9867 0.1068 -0.1228
vn -0.6685 0.7391 -0.0832
vn -0.6962 0.6812 -0.2266
vn -0.9646 0.1281 0.2307
vn -0.5874 0.7970 0.1405
vn -0.8639 0.1379 0.4844
vn -0.5017 0.8180 0.2813
vn -0.7000 0.1412 0.7000
vn -0.4001 0.8245 0.4001
vn -0.4844 0.1379 0.8639
vn -0.2813 0.8180 0.5017
vn -0.2307 0.1281 0.9646
vn -0.1405 0.7970 0.5875
vn 0.1228 0.1068 0.9867
vn 0.0832 0.7391 0.6685
vn 0.3082 0.0907 0.9470
vn 0.2266 0.6811 0.6962
vn -0.8876 0.0907 0.4516
vn -0.7845 0.1068 0.6109
vn -0.5316 0.7390 0.4139
vn -0.6525 0.6811 0.3320
vn -0.5189 0.1281 0.8452
vn -0.3161 0.7970 0.5148
vn -0.2683 0.1379 0.9534
vn -0.1558 0.8180 0.5537
vn -0.0000 0.1412 0.9900
vn -0.0000 0.8245 0.5659
vn 0.2683 0.1379 0.9534
vn 0.1559 0.8180 0.5537
vn 0.5189 0.1281 0.8452
vn 0.3161 0.7970 0.5148
vn 0.7845 0.1068 0.6109
vn 0.5316 0.7390 0.4139
vn 0.8876 0.0907 0.4516
vn 0.6525 0.6811 0.3320
vn -0.3082 0.0907 0.9470
vn -0.1228 0.1068 0.9867
vn -0.0832 0.7391 0.6685
vn -0.2266 0.6811 0.6962
vn 0.2307 0.1281 0.9646
vn 0.1405 0.7970 0.5874
vn 0.4844 0.1379 0.8639
vn 0.2813 0.8180 0.5017
vn 0.7000 0.1412 0.7000
vn 0.4002 0.8245 0.4001
vn 0.8639 0.1379 0.4844
vn 0.5017 0.8180 0.2813
vn 0.9646 0.1281 0.2307
vn 0.5874 0.7970 0.1405
vn 0.9867 0.1068 -0.1228
vn 0.6685 0.7391 -0.0832
vn 0.9470 0.0907 -0.3082
vn 0.6962 0.6812 -0.2266
vn 0.4517 0.0907 0.8876
vn 0.6109 0.1068 0.7845
vn 0.4139 0.7390 0.5315
vn 0.3320 0.6811 0.6525
vn 0.8452 0.1281 0.5189
vn 0.5148 0.7969 0.3161
vn 0.9534 0.1379 0.2684
vn 0.5537 0.8180 0.1558
vn 0.9900 0.1412 -0.0000
vn 0.5659 0.8245 -0.0000
vn 0.5537 0.8180 -0.1559
vn 0.2741 0.9586 -0.0771
vn 0.2784 0.9605 -0.0000
vn 0.5147 0.7970 -0.3161
vn 0.2598 0.9524 -0.1595
vn 0.4139 0.7390 -0.5315
vn 0.2207 0.9332 -0.2835
vn 0.3321 0.6811 -0.6526
vn 0.3014 0.9453 -0.1248
vn 0.6962 0.6812 0.2266
vn 0.6685 0.7391 0.0832
vn 0.3565 0.9332 0.0444
vn 0.5875 0.7970 -0.1405
vn 0.2965 0.9524 -0.0709
vn 0.5017 0.8180 -0.2813
vn 0.2483 0.9586 -0.1392
vn 0.4001 0.8245 -0.4002
vn 0.1969 0.9605 -0.1969
vn 0.2813 0.8180 -0.5017
vn 0.1392 0.9586 -0.2483
vn 0.1405 0.7970 -0.5874
vn 0.0709 0.9524 -0.2965
vn -0.0832 0.7391 -0.6685
vn -0.0444 0.9332 -0.3565
vn -0.2266 0.6811 -0.6962
vn 0.1248 0.9453 -0.3014
vn 0.6525 0.6811 -0.3320
vn 0.5315 0.7390 -0.4139
vn 0.2835 0.9332 -0.2207
vn 0.3161 0.7970 -0.5147
vn 0.1595 0.9524 -0.2598
vn 0.1559 0.8180 -0.5537
vn 0.0771 0.9586 -0.2741
vn -0.0000 0.8245 -0.5659
vn -0.0000 0.9605 -0.2784
vn -0.1559 0.8180 -0.5537
vn -0.0771 0.9586 -0.2741
vn -0.3161 0.7970 -0.5147
vn -0.1595 0.9524 -0.2598
vn -0.5316 0.7390 -0.4139
vn -0.2835 0.9332 -0.2207
vn -0.6525 0.6811 -0.3320
vn -0.1248 0.9453 -0.3014
vn 0.2266 0.6811 -0.6962
vn 0.0832 0.7391 -0.6685
vn 0.0444 0.9332 -0.3565
vn -0.1405 0.7970 -0.5875
vn -0.0709 0.9524 -0.2965
vn -0.2813 0.8180 -0.5018
vn -0.1392 0.9586 -0.2483
vn -0.4001 0.8245 -0.4002
vn -0.1969 0.9605 -0.1969
vn -0.5017 0.8180 -0.2813
vn -0.2483 0.9586 -0.1392
vn -0.5874 0.7970 -0.1405
vn -0.2965 0.9524 -0.0709
vn -0.6685 0.7390 0.0832
vn -0.3566 0.9332 0.0444
vn -0.6962 0.6811 0.2266
vn -0.3014 0.9453 -0.1248
vn -0.3321 0.6811 -0.6526
vn -0.4139 0.7390 -0.5316
vn -0.2207 0.9332 -0.2835
vn -0.5147 0.7970 -0.3161
vn -0.2598 0.9524 -0.1595
vn -0.5537 0.8180 -0.1559
vn -0.2741 0.9586 -0.0771
vn -0.5659 0.8245 -0.0000
vn -0.2784 0.9605 -0.0000
vn -0.5537 0.8180 0.1559
vn -0.2741 0.9586 0.0771
vn -0.5148 0.7969 0.3161
vn -0.2598 0.9524 0.1595
vn -0.2207 0.9332 0.2835
vn -0.3014 0.9453 0.1249
vn -0.3566 0.9332 -0.0444
vn -0.2965 0.9524 0.0709
vn -0.2483 0.9586 0.1392
vn -0.1969 0.9605 0.1969
vn -0.1392 0.9586 0.2483
vn -0.0709 0.9524 0.2965
vn 0.0444 0.9332 0.3565
vn -0.1248 0.9453 0.3014
vn -0.2835 0.9332 0.2207
vn -0.1595 0.9524 0.2598
vn -0.0771 0.9586 0.2741
vn -0.0000 0.9605 0.2784
vn 0.0771 0.9586 0.2741
vn 0.1595 0.9524 0.2598
vn 0.2835 0.9332 0.2207
vn 0.1248 0.9453 0.3014
vn -0.0444 0.9332 0.3565
vn 0.0709 0.9524 0.2965
vn 0.1392 0.9586 0.2483
vn 0.1969 0.9605 0.1969
vn 0.2483 0.9586 0.1392
vn 0.2965 0.9524 0.0709
vn 0.3566 0.9332 -0.0444
vn 0.3014 0.9453 0.1248
vn 0.2207 0.9332 0.2835
vn 0.2598 0.9524 0.1595
vn 0.2741 0.9586 0.0771
vn 0.1600 0.9861 -0.0450
vn 0.1624 0.9867 -0.0000
vn 0.1524 0.9839 -0.0935
vn 0.1312 0.9769 -0.1685
vn 0.1776 0.9813 -0.0736
vn 0.2119 0.9769 0.0264
vn 0.1739 0.9839 -0.0416
vn 0.1450 0.9861 -0.0813
vn 0.1148 0.9867 -0.1148
vn 0.0813 0.9861 -0.1450
vn 0.0416 0.9839 -0.1739
vn -0.0264 0.9769 -0.2119
vn 0.0736 0.9813 -0.1776
vn 0.1685 0.9769 -0.1312
vn 0.0935 0.9839 -0.1524
vn 0.0451 0.9861 -0.1601
vn -0.0000 0.9867 -0.1624
vn -0.0450 0.9861 -0.1600
vn -0.0935 0.9839 -0.1524
vn -0.1685 0.9769 -0.1312
vn -0.0736 0.9813 -0.1776
vn 0.0264 0.9769 -0.2119
vn -0.0416 0.9839 -0.1739
vn -0.0813 0.9861 -0.1450
vn -0.1148 0.9867 -0.1148
vn -0.1451 0.9861 -0.0813
vn -0.1739 0.9839 -0.0416
vn -0.2119 0.9769 0.0264
vn -0.1776 0.9813 -0.0736
vn -0.1312 0.9769 -0.1685
vn -0.1524 0.9839 -0.0936
vn -0.1600 0.9861 -0.0450
vn -0.1624 0.9867 -0.0000
vn -0.1600 0.9861 0.0450
vn -0.1524 0.9839 0.0936
vn -0.1312 0.9769 0.1685
vn -0.1776 0.9813 0.0736
vn -0.2119 0.9769 -0.0264
vn -0.1739 0.9839 0.0416
vn -0.1450 0.9861 0.0813
vn -0.1149 0.9867 0.1149
vn -0.0813 0.9861 0.1450
vn -0.0416 0.9839 0.1739
vn 0.0264 0.9769 0.2119
vn -0.0736 0.9813 0.1776
vn -0.1685 0.9769 0.1312
vn -0.0936 0.9839 0.1524
vn -0.0450 0.9861 0.1600
vn -0.0000 0.9867 0.1624
vn 0.0450 0.9861 0.1600
vn 0.0935 0.9839 0.1524
vn 0.1685 0.9769 0.1312
vn 0.0736 0.9813 0.1776
vn -0.0264 0.9769 0.2119
vn 0.0416 0.9839 0.1739
vn 0.0813 0.9861 0.1451
vn 0.1149 0.9867 0.1149
vn 0.1450 0.9861 0.0813
vn 0.1739 0.9839 0.0416
vn 0.2119 0.9769 -0.0264
vn 0.1776 0.9813 0.0736
vn 0.1312 0.9769 0.1685
vn 0.1524 0.9839 0.0936
vn 0.1600 0.9861 0.0450
vn 0.0876 0.9958 -0.0247
vn 0.0888 0.9960 -0.0000
vn 0.0836 0.9952 -0.0513
vn 0.0723 0.9930 -0.0929
vn 0.0976 0.9944 -0.0404
vn 0.1168 0.9931 0.0145
vn 0.0954 0.9952 -0.0228
vn 0.0794 0.9958 -0.0445
vn 0.0628 0.9960 -0.0628
vn 0.0445 0.9958 -0.0794
vn 0.0228 0.9952 -0.0954
vn -0.0146 0.9930 -0.1168
vn 0.0404 0.9944 -0.0976
vn 0.0929 0.9930 -0.0723
vn 0.0513 0.9952 -0.0836
vn 0.0246 0.9958 -0.0876
vn -0.0000 0.9960 -0.0888
vn -0.0247 0.9958 -0.0876
vn -0.0513 0.9952 -0.0836
vn -0.0929 0.9930 -0.0723
vn -0.0404 0.9944 -0.0976
vn 0.0145 0.9931 -0.1168
vn -0.0228 0.9952 -0.0954
vn -0.0445 0.9958 -0.0794
vn -0.0629 0.9960 -0.0629
vn -0.0795 0.9958 -0.0445
vn -0.0954 0.9952 -0.0228
vn -0.1168 0.9931 0.0145
vn -0.0976 0.9944 -0.0404
vn -0.0723 0.9930 -0.0929
vn -0.0836 0.9952 -0.0513
vn -0.0877 0.9958 -0.0247
vn -0.0888 0.9960 -0.0000
vn -0.0876 0.9958 0.0247
vn -0.0836 0.9952 0.0513
vn -0.0723 0.9931 0.0928
vn -0.0976 0.9944 0.0404
vn -0.1168 0.9931 -0.0145
vn -0.0953 0.9952 0.0228
vn -0.0794 0.9958 0.0445
vn -0.0629 0.9960 0.0629
vn -0.0445 0.9958 0.0794
vn -0.0228 0.9952 0.0954
vn 0.0145 0.9931 0.1168
vn -0.0404 0.9944 0.0976
vn -0.0929 0.9930 0.0723
vn -0.0513 0.9952 0.0836
vn -0.0247 0.9958 0.0876
vn -0.0000 0.9960 0.0889
vn 0.0247 0.9958 0.0876
vn 0.0513 0.9952 0.0836
vn 0.0928 0.9931 0.0723
vn 0.0404 0.9944 0.0976
vn -0.0145 0.9931 0.1168
vn 0.0228 0.9952 0.0954
vn 0.0445 0.9958 0.0795
vn 0.0628 0.9960 0.0628
vn 0.0794 0.9958 0.0445
vn 0.0954 0.9952 0.0228
vn 0.1168 0.9931 -0.0145
vn 0.0976 0.9944 0.0404
vn 0.0723 0.9931 0.0928
vn 0.0836 0.9952 0.0513
vn 0.0876 0.9958 0.0247
vn 0.0352 0.9993 -0.0099
vn 0.0357 0.9994 -0.0000
vn 0.0336 0.9992 -0.0206
vn 0.0291 0.9989 -0.0374
vn 0.0393 0.9991 -0.0163
vn 0.0470 0.9989 0.0059
vn 0.0383 0.9992 -0.0091
vn 0.0319 0.9993 -0.0179
vn 0.0253 0.9994 -0.0253
vn 0.0179 0.9993 -0.0319
vn 0.0091 0.9992 -0.0383
vn -0.0058 0.9989 -0.0470
vn 0.0163 0.9991 -0.0393
vn 0.0374 0.9989 -0.0291
vn 0.0206 0.9992 -0.0336
vn 0.0099 0.9993 -0.0352
vn -0.0000 0.9994 -0.0357
vn -0.0099 0.9993 -0.0352
vn -0.0206 0.9992 -0.0336
vn -0.0374 0.9989 -0.0291
vn -0.0163 0.9991 -0.0393
vn 0.0059 0.9989 -0.0471
vn -0.0092 0.9992 -0.0383
vn -0.0179 0.9993 -0.0319
vn -0.0253 0.9994 -0.0253
vn -0.0319 0.9993 -0.0179
vn -0.0383 0.9992 -0.0091
vn -0.0471 0.9989 0.0059
vn -0.0393 0.9991 -0.0163
vn -0.0291 0.9989 -0.0374
vn -0.0336 0.9992 -0.0206
vn -0.0351 0.9993 -0.0099
vn -0.0357 0.9994 -0.0000
vn -0.0352 0.9993 0.0099
vn -0.0336 0.9992 0.0206
vn -0.0291 0.9989 0.0374
vn -0.0393 0.9991 0.0163
vn -0.0470 0.9989 -0.0059
vn -0.0383 0.9992 0.0092
vn -0.0319 0.9993 0.0179
vn -0.0253 0.9994 0.0253
vn -0.0179 0.9993 0.0319
vn -0.0092 0.9992 0.0383
vn 0.0059 0.9989 0.0471
vn -0.0163 0.9991 0.0393
vn -0.0374 0.9989 0.0291
vn -0.0206 0.9992 0.0336
vn -0.0099 0.9993 0.0353
vn -0.0000 0.9994 0.0357
vn 0.0099 0.9993 0.0352
vn 0.0206 0.9992 0.0336
vn 0.0374 0.9989 0.0291
vn 0.0163 0.9991 0.0393
vn -0.0058 0.9989 0.0470
vn 0.0092 0.9992 0.0383
vn 0.0179 0.9993 0.0319
vn 0.0253 0.9994 0.0253
vn 0.0319 0.9993 0.0179
vn 0.0383 0.9992 0.0091
vn 0.0470 0.9989 -0.0059
vn 0.0393 0.9991 0.0163
vn 0.0291 0.9989 0.0374
vn 0.0336 0.9992 0.0206
vn 0.0352 0.9993 0.0099
vn -0.0143 0.9999 0.0040
vn -0.0145 0.9999 -0.0000
vn -0.0137 0.9999 0.0084
vn -0.0118 0.9998 0.0152
vn -0.0160 0.9999 0.0066
vn -0.0191 0.9998 -0.0024
vn -0.0156 0.9999 0.0037
vn -0.0130 0.9999 0.0073
vn -0.0103 0.9999 0.0103
vn -0.0073 0.9999 0.0130
vn -0.0037 0.9999 0.0156
vn 0.0024 0.9998 0.0191
vn -0.0066 0.9999 0.0160
vn -0.0152 0.9998 0.0118
vn -0.0084 0.9999 0.0136
vn -0.0040 0.9999 0.0143
vn -0.0000 0.9999 0.0145
vn 0.0040 0.9999 0.0143
vn 0.0084 0.9999 0.0136
vn 0.0152 0.9998 0.0118
vn 0.0066 0.9999 0.0160
vn -0.0024 0.9998 0.0191
vn 0.0037 0.9999 0.0156
vn 0.0073 0.9999 0.0130
vn 0.0103 0.9999 0.0103
vn 0.0130 0.9999 0.0073
vn 0.0156 0.9999 0.0037
vn 0.0191 0.9998 -0.0024
vn 0.0160 0.9999 0.0066
vn 0.0118 0.9998 0.0152
vn 0.0136 0.9999 0.0084
vn 0.0143 0.9999 0.0040
vn 0.0145 0.9999 -0.0000
vn 0.0143 0.9999 -0.0040
vn 0.0137 0.9999 -0.0084
vn 0.0118 0.9998 -0.0152
vn 0.0160 0.9999 -0.0066
vn 0.0191 0.9998 0.0024
vn 0.0156 0.9999 -0.0037
vn 0.0130 0.9999 -0.0073
vn 0.0103 0.9999 -0.0103
vn 0.0073 0.9999 -0.0130
vn 0.0037 0.9999 -0.0156
vn -0.0024 0.9998 -0.0191
vn 0.0066 0.9999 -0.0160
vn 0.0152 0.9998 -0.0118
vn 0.0084 0.9999 -0.0136
vn 0.0040 0.9999 -0.0143
vn -0.0000 0.9999 -0.0145
vn -0.0040 0.9999 -0.0143
vn -0.0084 0.9999 -0.0136
vn -0.0152 0.9998 -0.0118
vn -0.0066 0.9999 -0.0160
vn 0.0024 0.9998 -0.0191
vn -0.0037 0.9999 -0.0156
vn -0.0073 0.9999 -0.0130
vn -0.0103 0.9999 -0.0103
vn -0.0130 0.9999 -0.0073
vn -0.0156 0.9999 -0.0037
vn -0.0191 0.9998 0.0024
vn -0.0160 0.9999 -0.0066
vn -0.0118 0.9998 -0.0152
vn -0.0136 0.9999 -0.0084
vn -0.0143 0.9999 -0.0040
vn -0.0829 0.9964 0.0191
vn -0.0817 0.9967 -0.0000
vn -0.0869 0.9953 0.0428
vn -0.0665 0.9959 0.0620
vn -0.0530 0.9984 0.0219
vn -0.0909 0.9959 0.0032
vn -0.0917 0.9953 0.0312
vn -0.0721 0.9964 0.0451
vn -0.0578 0.9967 0.0578
vn -0.0451 0.9964 0.0722
vn -0.0312 0.9953 0.0917
vn -0.0032 0.9959 0.0909
vn -0.0219 0.9984 0.0530
vn -0.0620 0.9959 0.0665
vn -0.0428 0.9953 0.0869
vn -0.0191 0.9964 0.0829
vn -0.0000 0.9967 0.0817
vn 0.0191 0.9964 0.0829
vn 0.0428 0.9953 0.0869
vn 0.0620 0.9959 0.0665
vn 0.0219 0.9984 0.0530
vn 0.0032 0.9959 0.0909
vn 0.0312 0.9953 0.0917
vn 0.0451 0.9964 0.0722
vn 0.0578 0.9967 0.0578
vn 0.0722 0.9964 0.0451
vn 0.0917 0.9953 0.0312
vn 0.0909 0.9959 0.0032
vn 0.0530 0.9984 0.0219
vn 0.0665 0.9959 0.0620
vn 0.0869 0.9953 0.0428
vn 0.0829 0.9964 0.0191
vn 0.0817 0.9967 -0.0000
vn 0.0829 0.9964 -0.0191
vn 0.0869 0.9953 -0.0428
vn 0.0665 0.9959 -0.0620
vn 0.0530 0.9984 -0.0219
vn 0.0909 0.9959 -0.0032
vn 0.0917 0.9953 -0.0312
vn 0.0722 0.9964 -0.0451
vn 0.0578 0.9967 -0.0578
vn 0.0451 0.9964 -0.0721
vn 0.0312 0.9953 -0.0917
vn 0.0032 0.9959 -0.0909
vn 0.0219 0.9984 -0.0530
vn 0.0620 0.9959 -0.0665
vn 0.0428 0.9953 -0.0869
vn 0.0191 0.9964 -0.0829
vn -0.0000 0.9967 -0.0817
vn -0.0191 0.9964 -0.0829
vn -0.0428 0.9953 -0.0869
vn -0.0620 0.9959 -0.0665
vn -0.0219 0.9984 -0.0530
vn -0.0032 0.9959 -0.0909
vn -0.0312 0.9953 -0.0917
vn -0.0451 0.9964 -0.0721
vn -0.0578 0.9967 -0.0578
vn -0.0721 0.9964 -0.0451
vn -0.0917 0.9953 -0.0312
vn -0.0909 0.9959 -0.0032
vn -0.0530 0.9984 -0.0219
vn -0.0665 0.9959 -0.0620
vn -0.0869 0.9953 -0.0428
vn -0.0829 0.9964 -0.0191
vn -0.1849 0.9821 0.0357
vn -0.1712 0.9852 -0.0000
vn -0.2478 0.9636 0.1003
vn -0.3261 0.9297 0.1710
vn -0.4799 -0.7375 0.4752
vn -0.5975 -0.7627 0.2475
vn -0.6755 -0.7374 0.0035
vn -0.2461 0.9636 0.1043
vn -0.3515 0.9297 0.1097
vn -0.1561 0.9821 0.1055
vn -0.1211 0.9852 0.1211
vn -0.1055 0.9821 0.1561
vn -0.1043 0.9636 0.2461
vn -0.1097 0.9297 0.3515
vn -0.0034 -0.7374 0.6754
vn -0.2475 -0.7627 0.5975
vn -0.4752 -0.7375 0.4799
vn -0.1003 0.9636 0.2477
vn -0.1711 0.9297 0.3262
vn -0.0357 0.9821 0.1850
vn -0.0000 0.9852 0.1712
vn 0.0357 0.9821 0.1850
vn 0.1003 0.9636 0.2477
vn 0.1711 0.9297 0.3262
vn 0.4752 -0.7375 0.4799
vn 0.2476 -0.7625 0.5977
vn 0.2475 -0.7627 0.5975
vn 0.0034 -0.7375 0.6754
vn 0.1043 0.9636 0.2461
vn 0.1097 0.9297 0.3515
vn 0.1055 0.9821 0.1561
vn 0.1211 0.9852 0.1211
vn 0.1561 0.9821 0.1055
vn 0.2461 0.9636 0.1043
vn 0.3515 0.9297 0.1097
vn 0.6755 -0.7374 0.0035
vn 0.5975 -0.7627 0.2476
vn 0.5975 -0.7627 0.2475
vn 0.4800 -0.7374 0.4752
vn 0.2477 0.9636 0.1003
vn 0.3261 0.9297 0.1710
vn 0.1849 0.9821 0.0357
vn 0.1712 0.9852 -0.0000
vn 0.1849 0.9821 -0.0357
vn 0.2478 0.9636 -0.1003
vn 0.3261 0.9297 -0.1710
vn 0.4799 -0.7375 -0.4751
vn 0.5975 -0.7627 -0.2475
vn 0.6755 -0.7374 -0.0035
vn 0.2461 0.9636 -0.1043
vn 0.3515 0.9297 -0.1097
vn 0.1561 0.9821 -0.1055
vn 0.1211 0.9852 -0.1211
vn 0.1055 0.9821 -0.1560
vn 0.1043 0.9636 -0.2461
vn 0.1097 0.9297 -0.3515
vn 0.0034 -0.7374 -0.6754
vn 0.2475 -0.7628 -0.5973
vn 0.2475 -0.7626 -0.5976
vn 0.4752 -0.7375 -0.4799
vn 0.1003 0.9636 -0.2477
vn 0.1711 0.9297 -0.3262
vn 0.0357 0.9821 -0.1850
vn -0.0000 0.9852 -0.1712
vn -0.0357 0.9821 -0.1850
vn -0.1003 0.9636 -0.2477
vn -0.1711 0.9297 -0.3262
vn -0.4753 -0.7373 -0.4801
vn -0.2476 -0.7627 -0.5975
vn -0.0034 -0.7376 -0.6752
vn -0.1043 0.9636 -0.2461
vn -0.1097 0.9297 -0.3515
vn -0.1055 0.9821 -0.1560
vn -0.1211 0.9852 -0.1211
vn -0.1561 0.9821 -0.1055
vn -0.2461 0.9636 -0.1043
vn -0.3515 0.9297 -0.1097
vn -0.6755 -0.7374 -0.0035
vn -0.5975 -0.7627 -0.2475
vn -0.4799 -0.7375 -0.4751
vn -0.2478 0.9636 -0.1003
vn -0.3261 0.9297 -0.1710
vn -0.1850 0.9821 -0.0358
vn 0.6647 0.7471 -0.0000
vn 0.6615 0.7471 -0.0652
vn 0.5777 0.8143 -0.0569
vn 0.5805 0.8143 -0.0000
vn 0.6519 0.7471 -0.1297
vn 0.5693 0.8143 -0.1132
vn 0.6361 0.7471 -0.1929
vn 0.5555 0.8143 -0.1685
vn 0.6141 0.7471 -0.2544
vn 0.5363 0.8143 -0.2222
vn 0.5862 0.7471 -0.3133
vn 0.5119 0.8143 -0.2736
vn 0.5527 0.7471 -0.3693
vn 0.4826 0.8143 -0.3225
vn 0.5139 0.7471 -0.4217
vn 0.4487 0.8143 -0.3682
vn 0.4700 0.7471 -0.4700
vn 0.4104 0.8143 -0.4104
vn 0.4217 0.7471 -0.5138
vn 0.3682 0.8143 -0.4487
vn 0.3693 0.7471 -0.5527
vn 0.3225 0.8143 -0.4826
vn 0.3133 0.7471 -0.5862
vn 0.2736 0.8143 -0.5119
vn 0.2544 0.7472 -0.6140
vn 0.2222 0.8143 -0.5363
vn 0.1930 0.7471 -0.6361
vn 0.1685 0.8143 -0.5555
vn 0.1297 0.7471 -0.6519
vn 0.1132 0.8143 -0.5693
vn 0.0652 0.7471 -0.6615
vn 0.0569 0.8143 -0.5777
vn -0.0000 0.7470 -0.6648
vn -0.0000 0.8143 -0.5805
vn -0.0652 0.7471 -0.6615
vn -0.0569 0.8143 -0.5777
vn -0.1297 0.7471 -0.6519
vn -0.1132 0.8143 -0.5693
vn -0.1930 0.7471 -0.6361
vn -0.1685 0.8143 -0.5555
vn -0.2544 0.7471 -0.6141
vn -0.2221 0.8143 -0.5363
vn -0.3133 0.7471 -0.5862
vn -0.2736 0.8143 -0.5119
vn -0.3693 0.7471 -0.5527
vn -0.3225 0.8143 -0.4826
vn -0.4216 0.7471 -0.5139
vn -0.3682 0.8143 -0.4487
vn -0.4700 0.7471 -0.4700
vn -0.4104 0.8143 -0.4104
vn -0.5138 0.7472 -0.4216
vn -0.4487 0.8143 -0.3682
vn -0.5526 0.7472 -0.3693
vn -0.4826 0.8143 -0.3225
vn -0.5862 0.7471 -0.3133
vn -0.5119 0.8143 -0.2736
vn -0.6141 0.7471 -0.2544
vn -0.5362 0.8143 -0.2221
vn -0.6361 0.7471 -0.1930
vn -0.5555 0.8143 -0.1685
vn -0.6519 0.7471 -0.1296
vn -0.5693 0.8143 -0.1132
vn -0.6615 0.7471 -0.0652
vn -0.5777 0.8143 -0.0569
vn -0.6647 0.7471 -0.0000
vn -0.5805 0.8143 -0.0000
vn -0.6615 0.7471 0.0652
vn -0.5777 0.8143 0.0569
vn -0.6520 0.7471 0.1296
vn -0.5693 0.8143 0.1132
vn -0.6361 0.7471 0.1930
vn -0.5554 0.8143 0.1685
vn -0.6141 0.7471 0.2544
vn -0.5363 0.8143 0.2222
vn -0.5862 0.7471 0.3134
vn -0.5119 0.8143 0.2736
vn -0.5527 0.7471 0.3693
vn -0.4826 0.8143 0.3225
vn -0.5139 0.7471 0.4216
vn -0.4487 0.8143 0.3682
vn -0.4700 0.7471 0.4700
vn -0.4104 0.8143 0.4104
vn -0.4217 0.7471 0.5139
vn -0.3682 0.8143 0.4487
vn -0.3693 0.7471 0.5527
vn -0.3225 0.8143 0.4826
vn -0.3133 0.7471 0.5862
vn -0.2736 0.8143 0.5119
vn -0.2544 0.7471 0.6141
vn -0.2221 0.8143 0.5362
vn -0.1930 0.7471 0.6361
vn -0.1685 0.8143 0.5554
vn -0.1297 0.7471 0.6520
vn -0.1132 0.8143 0.5693
vn -0.0652 0.7471 0.6615
vn -0.0569 0.8143 0.5777
vn -0.0000 0.7470 0.6648
vn -0.0000 0.8143 0.5805
vn 0.0652 0.7470 0.6616
vn 0.0569 0.8143 0.5777
vn 0.1297 0.7471 0.6520
vn 0.1132 0.8143 0.5693
vn 0.1930 0.7471 0.6361
vn 0.1685 0.8143 0.5554
vn 0.2544 0.7472 0.6140
vn 0.2222 0.8143 0.5363
vn 0.3133 0.7471 0.5862
vn 0.2736 0.8143 0.5119
vn 0.3693 0.7471 0.5527
vn 0.3225 0.8143 0.4826
vn 0.4217 0.7471 0.5139
vn 0.3682 0.8143 0.4487
vn 0.4700 0.7471 0.4700
vn 0.4105 0.8143 0.4105
vn 0.5138 0.7471 0.4216
vn 0.4487 0.8143 0.3682
vn 0.5526 0.7472 0.3692
vn 0.4826 0.8143 0.3225
vn 0.5862 0.7471 0.3134
vn 0.5119 0.8143 0.2736
vn 0.6141 0.7471 0.2544
vn 0.5363 0.8143 0.2222
vn 0.6361 0.7471 0.1930
vn 0.5554 0.8143 0.1685
vn 0.6520 0.7471 0.1297
vn 0.5693 0.8143 0.1132
vn 0.6615 0.7471 0.0652
vn 0.5777 0.8143 0.0569
vn 0.4325 0.9006 -0.0426
vn 0.4347 0.9006 -0.0000
vn 0.4263 0.9006 -0.0848
vn 0.4159 0.9006 -0.1262
vn 0.4015 0.9006 -0.1663
vn 0.3833 0.9006 -0.2049
vn 0.3614 0.9006 -0.2415
vn 0.3360 0.9006 -0.2757
vn 0.3073 0.9006 -0.3073
vn 0.2757 0.9006 -0.3360
vn 0.2415 0.9006 -0.3614
vn 0.2049 0.9006 -0.3833
vn 0.1663 0.9006 -0.4016
vn 0.1262 0.9006 -0.4159
vn 0.0848 0.9006 -0.4263
vn 0.0426 0.9006 -0.4325
vn -0.0000 0.9006 -0.4346
vn -0.0426 0.9006 -0.4325
vn -0.0848 0.9006 -0.4263
vn -0.1262 0.9006 -0.4159
vn -0.1663 0.9006 -0.4016
vn -0.2049 0.9006 -0.3833
vn -0.2415 0.9006 -0.3614
vn -0.2757 0.9006 -0.3360
vn -0.3073 0.9006 -0.3073
vn -0.3360 0.9006 -0.2757
vn -0.3614 0.9006 -0.2415
vn -0.3833 0.9006 -0.2049
vn -0.4015 0.9006 -0.1663
vn -0.4159 0.9006 -0.1262
vn -0.4263 0.9006 -0.0848
vn -0.4325 0.9006 -0.0426
vn -0.4346 0.9006 -0.0000
vn -0.4325 0.9006 0.0426
vn -0.4263 0.9006 0.0848
vn -0.4159 0.9006 0.1262
vn -0.4015 0.9006 0.1663
vn -0.3833 0.9006 0.2049
vn -0.3614 0.9006 0.2415
vn -0.3360 0.9006 0.2757
vn -0.3073 0.9006 0.3073
vn -0.2757 0.9006 0.3359
vn -0.2415 0.9006 0.3614
vn -0.2049 0.9006 0.3833
vn -0.1663 0.9006 0.4016
vn -0.1262 0.9006 0.4159
vn -0.0848 0.9006 0.4263
vn -0.0426 0.9006 0.4325
vn -0.0000 0.9006 0.4346
vn 0.0426 0.9006 0.4325
vn 0.0848 0.9006 0.4263
vn 0.1262 0.9006 0.4159
vn 0.1663 0.9006 0.4016
vn 0.2049 0.9006 0.3833
vn 0.2415 0.9006 0.3614
vn 0.2757 0.9006 0.3360
vn 0.3073 0.9006 0.3073
vn 0.3360 0.9006 0.2757
vn 0.3614 0.9006 0.2415
vn 0.3833 0.9006 0.2049
vn 0.4016 0.9006 0.1663
vn 0.4159 0.9006 0.1262
vn 0.4263 0.9006 0.0848
vn 0.4325 0.9006 0.0426
vn 0.3245 0.9453 -0.0320
vn 0.3261 0.9453 -0.0000
vn 0.3198 0.9453 -0.0636
vn 0.3120 0.9453 -0.0947
vn 0.3012 0.9454 -0.1248
vn 0.2876 0.9453 -0.1537
vn 0.2711 0.9453 -0.1812
vn 0.2521 0.9453 -0.2068
vn 0.2306 0.9454 -0.2306
vn 0.2068 0.9454 -0.2520
vn 0.1812 0.9453 -0.2711
vn 0.1537 0.9453 -0.2876
vn 0.1248 0.9453 -0.3013
vn 0.0947 0.9453 -0.3120
vn 0.0636 0.9453 -0.3198
vn 0.0320 0.9454 -0.3245
vn -0.0000 0.9454 -0.3260
vn -0.0320 0.9453 -0.3245
vn -0.0636 0.9453 -0.3198
vn -0.0946 0.9454 -0.3120
vn -0.1248 0.9454 -0.3012
vn -0.1537 0.9454 -0.2876
vn -0.1811 0.9454 -0.2711
vn -0.2068 0.9453 -0.2521
vn -0.2306 0.9453 -0.2306
vn -0.2521 0.9453 -0.2069
vn -0.2711 0.9454 -0.1812
vn -0.2876 0.9453 -0.1537
vn -0.3012 0.9454 -0.1248
vn -0.3120 0.9453 -0.0946
vn -0.3198 0.9453 -0.0636
vn -0.3245 0.9453 -0.0320
vn -0.3260 0.9454 -0.0000
vn -0.3245 0.9454 0.0320
vn -0.3198 0.9453 0.0636
vn -0.3120 0.9453 0.0947
vn -0.3012 0.9454 0.1248
vn -0.2876 0.9453 0.1537
vn -0.2711 0.9453 0.1812
vn -0.2521 0.9453 0.2069
vn -0.2306 0.9454 0.2306
vn -0.2068 0.9453 0.2521
vn -0.1811 0.9454 0.2711
vn -0.1537 0.9454 0.2875
vn -0.1248 0.9453 0.3013
vn -0.0947 0.9453 0.3120
vn -0.0636 0.9453 0.3198
vn -0.0320 0.9454 0.3245
vn -0.0000 0.9453 0.3261
vn 0.0320 0.9454 0.3245
vn 0.0636 0.9454 0.3198
vn 0.0947 0.9453 0.3120
vn 0.1248 0.9453 0.3012
vn 0.1537 0.9454 0.2875
vn 0.1812 0.9453 0.2711
vn 0.2068 0.9454 0.2520
vn 0.2306 0.9453 0.2306
vn 0.2521 0.9453 0.2068
vn 0.2711 0.9453 0.1812
vn 0.2875 0.9454 0.1537
vn 0.3012 0.9454 0.1248
vn 0.3120 0.9453 0.0947
vn 0.3198 0.9453 0.0636
vn 0.3245 0.9453 0.0320
vn 0.2334 0.9721 -0.0230
vn 0.2345 0.9721 -0.0000
vn 0.2300 0.9721 -0.0458
vn 0.2244 0.9721 -0.0681
vn 0.2167 0.9721 -0.0897
vn 0.2068 0.9721 -0.1105
vn 0.1949 0.9721 -0.1303
vn 0.1812 0.9721 -0.1487
vn 0.1658 0.9721 -0.1658
vn 0.1487 0.9721 -0.1813
vn 0.1303 0.9721 -0.1950
vn 0.1105 0.9721 -0.2068
vn 0.0897 0.9721 -0.2166
vn 0.0681 0.9721 -0.2244
vn 0.0458 0.9721 -0.2300
vn 0.0230 0.9721 -0.2334
vn -0.0000 0.9721 -0.2345
vn -0.0230 0.9721 -0.2334
vn -0.0458 0.9721 -0.2300
vn -0.0681 0.9721 -0.2244
vn -0.0897 0.9721 -0.2167
vn -0.1105 0.9721 -0.2068
vn -0.1303 0.9721 -0.1950
vn -0.1488 0.9721 -0.1813
vn -0.1658 0.9721 -0.1658
vn -0.1813 0.9721 -0.1488
vn -0.1949 0.9721 -0.1303
vn -0.2068 0.9721 -0.1105
vn -0.2166 0.9721 -0.0897
vn -0.2244 0.9721 -0.0681
vn -0.2300 0.9721 -0.0458
vn -0.2334 0.9721 -0.0230
vn -0.2345 0.9721 -0.0000
vn -0.2334 0.9721 0.0230
vn -0.2300 0.9721 0.0458
vn -0.2244 0.9721 0.0681
vn -0.2167 0.9721 0.0897
vn -0.2068 0.9721 0.1105
vn -0.1950 0.9721 0.1303
vn -0.1813 0.9721 0.1487
vn -0.1658 0.9721 0.1658
vn -0.1487 0.9721 0.1813
vn -0.1303 0.9721 0.1950
vn -0.1105 0.9721 0.2068
vn -0.0897 0.9721 0.2167
vn -0.0681 0.9721 0.2244
vn -0.0458 0.9721 0.2300
vn -0.0230 0.9721 0.2334
vn -0.0000 0.9721 0.2345
vn 0.0230 0.9721 0.2334
vn 0.0458 0.9721 0.2300
vn 0.0681 0.9721 0.2244
vn 0.0897 0.9721 0.2166
vn 0.1105 0.9721 0.2068
vn 0.1303 0.9721 0.1950
vn 0.1487 0.9721 0.1813
vn 0.1658 0.9721 0.1658
vn 0.1813 0.9721 0.1487
vn 0.1950 0.9721 0.1303
vn 0.2068 0.9721 0.1105
vn 0.2167 0.9721 0.0897
vn 0.2244 0.9721 0.0681
vn 0.2300 0.9721 0.0458
vn 0.2334 0.9721 0.0230
vn 0.1492 0.9887 -0.0147
vn 0.1499 0.9887 -0.0000
vn 0.1470 0.9887 -0.0293
vn 0.1434 0.9887 -0.0435
vn 0.1385 0.9887 -0.0574
vn 0.1322 0.9887 -0.0706
vn 0.1246 0.9887 -0.0833
vn 0.1159 0.9887 -0.0951
vn 0.1060 0.9887 -0.1060
vn 0.0951 0.9887 -0.1159
vn 0.0833 0.9887 -0.1246
vn 0.0706 0.9887 -0.1322
vn 0.0574 0.9887 -0.1385
vn 0.0435 0.9887 -0.1434
vn 0.0293 0.9887 -0.1470
vn 0.0147 0.9887 -0.1492
vn -0.0000 0.9887 -0.1499
vn -0.0147 0.9887 -0.1491
vn -0.0293 0.9887 -0.1470
vn -0.0435 0.9887 -0.1434
vn -0.0573 0.9887 -0.1385
vn -0.0707 0.9887 -0.1322
vn -0.0833 0.9887 -0.1246
vn -0.0951 0.9887 -0.1159
vn -0.1060 0.9887 -0.1060
vn -0.1159 0.9887 -0.0951
vn -0.1246 0.9887 -0.0833
vn -0.1322 0.9887 -0.0706
vn -0.1385 0.9887 -0.0573
vn -0.1434 0.9887 -0.0436
vn -0.1470 0.9887 -0.0293
vn -0.1492 0.9887 -0.0147
vn -0.1499 0.9887 -0.0000
vn -0.1492 0.9887 0.0147
vn -0.1470 0.9887 0.0292
vn -0.1434 0.9887 0.0435
vn -0.1385 0.9887 0.0574
vn -0.1322 0.9887 0.0706
vn -0.1246 0.9887 0.0833
vn -0.1159 0.9887 0.0951
vn -0.1060 0.9887 0.1060
vn -0.0951 0.9887 0.1159
vn -0.0833 0.9887 0.1247
vn -0.0706 0.9887 0.1322
vn -0.0574 0.9887 0.1385
vn -0.0435 0.9887 0.1434
vn -0.0293 0.9887 0.1470
vn -0.0147 0.9887 0.1491
vn -0.0000 0.9887 0.1499
vn 0.0147 0.9887 0.1492
vn 0.0293 0.9887 0.1470
vn 0.0435 0.9887 0.1434
vn 0.0574 0.9887 0.1385
vn 0.0706 0.9887 0.1322
vn 0.0833 0.9887 0.1247
vn 0.0951 0.9887 0.1159
vn 0.1060 0.9887 0.1060
vn 0.1159 0.9887 0.0951
vn 0.1246 0.9887 0.0833
vn 0.1322 0.9887 0.0706
vn 0.1385 0.9887 0.0574
vn 0.1434 0.9887 0.0435
vn 0.1470 0.9887 0.0292
vn 0.1492 0.9887 0.0147
vn 0.9626 -0.0000 -0.2709
vn 0.9534 0.1379 -0.2683
vn 0.8522 -0.0000 -0.5232
vn 0.8452 0.1281 -0.5189
vn 0.6144 -0.0000 -0.7890
vn 0.6109 0.1068 -0.7845
vn 0.4535 -0.0000 -0.8913
vn 0.4516 0.0907 -0.8876
vn 0.9509 -0.0000 0.3095
vn 0.9923 -0.0000 0.1235
vn 0.9867 0.1068 0.1228
vn 0.9470 0.0907 0.3082
vn 0.9726 -0.0000 -0.2326
vn 0.9645 0.1281 -0.2307
vn 0.8722 -0.0000 -0.4891
vn 0.8639 0.1379 -0.4844
vn 0.7071 -0.0000 -0.7071
vn 0.7000 0.1412 -0.7000
vn 0.4890 -0.0000 -0.8723
vn 0.4844 0.1379 -0.8639
vn 0.2326 -0.0000 -0.9726
vn 0.2307 0.1281 -0.9646
vn -0.1235 -0.0000 -0.9923
vn -0.1228 0.1068 -0.9867
vn -0.3095 -0.0000 -0.9509
vn -0.3082 0.0907 -0.9470
vn 0.8913 -0.0000 -0.4535
vn 0.7890 -0.0000 -0.6144
vn 0.7845 0.1068 -0.6109
vn 0.8876 0.0907 -0.4516
vn 0.5232 -0.0000 -0.8522
vn 0.5189 0.1281 -0.8452
vn 0.2709 -0.0000 -0.9626
vn 0.2684 0.1379 -0.9534
vn -0.0000 0.1412 -0.9900
vn -0.2710 -0.0000 -0.9626
vn -0.2683 0.1379 -0.9534
vn -0.5232 -0.0000 -0.8522
vn -0.5189 0.1281 -0.8452
vn -0.7890 -0.0000 -0.6144
vn -0.7845 0.1068 -0.6109
vn -0.8913 -0.0000 -0.4535
vn -0.8876 0.0907 -0.4516
vn 0.3095 -0.0000 -0.9509
vn 0.1235 -0.0000 -0.9923
vn 0.1228 0.1068 -0.9867
vn 0.3082 0.0907 -0.9470
vn -0.2326 -0.0000 -0.9726
vn -0.2307 0.1281 -0.9646
vn -0.4891 -0.0000 -0.8722
vn -0.4844 0.1379 -0.8639
vn -0.7071 -0.0000 -0.7071
vn -0.7000 0.1412 -0.7000
vn -0.8722 -0.0000 -0.4891
vn -0.8639 0.1379 -0.4844
vn -0.9726 -0.0000 -0.2326
vn -0.9645 0.1281 -0.2307
vn -0.9923 -0.0000 0.1235
vn -0.9867 0.1068 0.1228
vn -0.9509 -0.0000 0.3095
vn -0.9470 0.0907 0.3082
vn -0.4535 -0.0000 -0.8912
vn -0.6144 -0.0000 -0.7890
vn -0.6109 0.1068 -0.7845
vn -0.4517 0.0907 -0.8876
vn -0.8522 -0.0000 -0.5232
vn -0.8452 0.1281 -0.5189
vn -0.9626 -0.0000 -0.2710
vn -0.9534 0.1379 -0.2684
vn -0.9900 0.1412 -0.0000
vn -0.9626 -0.0000 0.2710
vn -0.9534 0.1379 0.2684
vn -0.8522 -0.0000 0.5232
vn -0.8452 0.1281 0.5189
vn -0.6144 -0.0000 0.7890
vn -0.4535 -0.0000 0.8912
vn -0.4517 0.0907 0.8876
vn -0.9509 -0.0000 -0.3095
vn -0.9923 -0.0000 -0.1235
vn -0.9726 -0.0000 0.2326
vn -0.8722 -0.0000 0.4891
vn -0.7071 -0.0000 0.7071
vn -0.4891 -0.0000 0.8722
vn -0.2326 -0.0000 0.9726
vn 0.1235 -0.0000 0.9923
vn 0.3095 -0.0000 0.9509
vn -0.8913 -0.0000 0.4535
vn -0.7890 -0.0000 0.6144
vn -0.5232 -0.0000 0.8522
vn -0.2710 -0.0000 0.9626
vn 0.2709 -0.0000 0.9626
vn 0.5232 -0.0000 0.8522
vn 0.7890 -0.0000 0.6144
vn 0.8913 -0.0000 0.4535
vn -0.3095 -0.0000 0.9509
vn -0.1235 -0.0000 0.9923
vn 0.2326 -0.0000 0.9726
vn 0.2307 0.1281 0.9645
vn 0.4890 -0.0000 0.8723
vn 0.7071 -0.0000 0.7071
vn 0.8722 -0.0000 0.4891
vn 0.9726 -0.0000 0.2326
vn 0.9923 -0.0000 -0.1235
vn 0.9509 -0.0000 -0.3095
vn 0.4535 -0.0000 0.8913
vn 0.6144 -0.0000 0.7890
vn 0.4516 0.0907 0.8876
vn 0.8522 -0.0000 0.5232
vn 0.9626 -0.0000 0.2709
vn 0.9534 0.1379 0.2683
vn 0.1558 0.8180 -0.5537
vn -0.2813 0.8180 -0.5017
vn -0.4002 0.8245 -0.4001
vn -0.4139 0.7390 -0.5315
vn -0.5537 0.8180 -0.1558
vn -0.5537 0.8180 0.1558
vn 0.3161 0.7970 0.5147
vn 0.4001 0.8245 0.4001
vn 0.5875 0.7970 0.1405
vn 0.0936 0.9839 -0.1524
vn 0.0450 0.9861 -0.1600
vn -0.0813 0.9861 -0.1451
vn -0.1450 0.9861 -0.0813
vn -0.1524 0.9839 -0.0935
vn -0.1524 0.9839 0.0935
vn -0.0813 0.9861 0.1451
vn -0.0935 0.9839 0.1524
vn 0.0813 0.9861 0.1450
vn 0.1148 0.9867 0.1148
vn 0.0877 0.9958 -0.0247
vn 0.0629 0.9960 -0.0629
vn 0.0445 0.9958 -0.0795
vn 0.0247 0.9958 -0.0876
vn -0.0246 0.9958 -0.0876
vn -0.0628 0.9960 -0.0628
vn -0.0794 0.9958 -0.0445
vn -0.0723 0.9931 -0.0928
vn -0.0723 0.9930 0.0929
vn -0.0954 0.9952 0.0228
vn -0.0628 0.9960 0.0628
vn 0.0146 0.9930 0.1168
vn 0.0247 0.9958 0.0877
vn 0.0445 0.9958 0.0794
vn 0.0099 0.9993 -0.0353
vn -0.0207 0.9992 -0.0335
vn -0.0352 0.9993 -0.0099
vn -0.0353 0.9993 0.0099
vn -0.0180 0.9993 0.0320
vn -0.0099 0.9993 0.0352
vn 0.0383 0.9992 0.0092
vn 0.0119 0.9998 -0.0152
vn -0.0722 0.9964 0.0451
vn 0.0721 0.9964 0.0451
vn -0.0722 0.9964 -0.0451
vn -0.2477 0.9636 0.1003
vn -0.1055 0.9821 0.1560
vn -0.0034 -0.7375 0.6754
vn 0.0034 -0.7374 0.6754
vn 0.1850 0.9821 0.0358
vn 0.1850 0.9821 -0.0358
vn 0.0034 -0.7376 -0.6752
vn 0.2474 -0.7626 -0.5977
vn 0.2474 -0.7625 -0.5978
vn -0.2474 -0.7626 -0.5977
vn -0.0034 -0.7374 -0.6754
vn -0.1055 0.9821 -0.1561
vn 0.6519 0.7471 -0.1296
vn 0.5139 0.7471 -0.4216
vn 0.4105 0.8143 -0.4105
vn 0.4216 0.7471 -0.5139
vn 0.2544 0.7471 -0.6141
vn -0.1297 0.7471 -0.6520
vn -0.1132 0.8143 -0.5694
vn -0.2544 0.7472 -0.6140
vn -0.2222 0.8143 -0.5363
vn -0.4216 0.7471 -0.5138
vn -0.5138 0.7471 -0.4216
vn -0.5526 0.7472 -0.3692
vn -0.5363 0.8143 -0.2222
vn -0.6519 0.7471 -0.1297
vn -0.6520 0.7471 0.1297
vn -0.5555 0.8143 0.1685
vn -0.5527 0.7471 0.3692
vn -0.5138 0.7471 0.4216
vn -0.2221 0.8143 0.5363
vn -0.0652 0.7470 0.6616
vn 0.0652 0.7471 0.6615
vn 0.2544 0.7471 0.6141
vn 0.3133 0.7472 0.5862
vn 0.4104 0.8143 0.4104
vn 0.5138 0.7472 0.4216
vn 0.5526 0.7471 0.3693
vn 0.4827 0.8143 0.3225
vn 0.5862 0.7471 0.3133
vn 0.5555 0.8143 0.1685
vn 0.6520 0.7471 0.1296
vn 0.4346 0.9006 -0.0000
vn 0.3613 0.9006 -0.2415
vn 0.1663 0.9006 -0.4015
vn -0.0848 0.9006 -0.4262
vn -0.2757 0.9006 -0.3359
vn -0.4262 0.9006 -0.0848
vn -0.4016 0.9006 0.1663
vn -0.2757 0.9006 0.3360
vn 0.3245 0.9454 -0.0320
vn 0.3260 0.9454 -0.0000
vn 0.3120 0.9453 -0.0946
vn 0.2875 0.9454 -0.1537
vn 0.2305 0.9454 -0.2305
vn 0.2068 0.9453 -0.2521
vn 0.1811 0.9454 -0.2711
vn 0.1248 0.9454 -0.3012
vn 0.0320 0.9453 -0.3245
vn -0.0636 0.9454 -0.3198
vn -0.0947 0.9453 -0.3120
vn -0.1248 0.9453 -0.3013
vn -0.1812 0.9453 -0.2711
vn -0.2068 0.9454 -0.2520
vn -0.2305 0.9454 -0.2305
vn -0.2711 0.9453 -0.1812
vn -0.2875 0.9454 -0.1537
vn -0.3120 0.9454 -0.0946
vn -0.3245 0.9454 -0.0320
vn -0.3261 0.9453 -0.0000
vn -0.3245 0.9453 0.0320
vn -0.3013 0.9453 0.1248
vn -0.2306 0.9453 0.2306
vn -0.2068 0.9454 0.2520
vn -0.1812 0.9453 0.2711
vn -0.1248 0.9453 0.3012
vn 0.0320 0.9453 0.3245
vn 0.0636 0.9453 0.3198
vn 0.1248 0.9454 0.3012
vn 0.2068 0.9453 0.2521
vn 0.2306 0.9454 0.2306
vn 0.3013 0.9453 0.1248
vn 0.3245 0.9454 0.0320
vn 0.1950 0.9721 -0.1303
vn 0.1813 0.9721 -0.1488
vn 0.0897 0.9721 -0.2167
vn -0.1487 0.9721 -0.1813
vn -0.1950 0.9721 -0.1303
vn -0.0897 0.9721 0.2166
vn 0.0897 0.9721 0.2167
vn 0.0833 0.9887 -0.1247
vn 0.0147 0.9887 -0.1491
vn -0.0147 0.9887 -0.1492
vn -0.0574 0.9887 -0.1385
vn -0.0706 0.9887 -0.1322
vn -0.0833 0.9887 -0.1247
vn -0.1385 0.9887 -0.0574
vn -0.0147 0.9887 0.1492
vn 0.0147 0.9887 0.1491
vn 0.0573 0.9887 0.1385
vn 0.0833 0.9887 0.1246
vn 0.1434 0.9887 0.0436
vn 0.2683 0.1379 -0.9534
vn -0.9867 0.1068 0.1227
vn -0.2307 0.1281 0.9645
vn 0.5537 0.8180 -0.1558
vn 0.5148 0.7969 -0.3161
vn 0.3320 0.6811 -0.6525
vn 0.5874 0.7970 -0.1405
vn 0.4001 0.8245 -0.4001
vn 0.1405 0.7970 -0.5875
vn 0.5316 0.7390 -0.4139
vn 0.3161 0.7970 -0.5148
vn -0.3161 0.7970 -0.5148
vn -0.1405 0.7970 -0.5874
vn -0.6685 0.7391 0.0832
vn -0.6962 0.6812 0.2266
vn -0.3320 0.6811 -0.6525
vn -0.5148 0.7969 -0.3161
vn -0.5147 0.7970 0.3161
vn -0.3321 0.6811 0.6526
vn -0.5875 0.7970 0.1405
vn -0.1405 0.7970 0.5874
vn -0.5315 0.7390 0.4139
vn -0.3161 0.7970 0.5147
vn 0.1558 0.8180 0.5537
vn 0.1405 0.7970 0.5875
vn 0.6685 0.7390 -0.0832
vn 0.6962 0.6811 -0.2266
vn 0.4139 0.7390 0.5316
vn 0.3321 0.6811 0.6526
vn 0.5147 0.7970 0.3160
vn 0.3014 0.9453 -0.1249
vn 0.3566 0.9332 0.0444
vn -0.3014 0.9453 0.1248
vn -0.3565 0.9332 -0.0444
vn 0.1524 0.9839 -0.0936
vn 0.1149 0.9867 -0.1149
vn -0.1149 0.9867 -0.1149
vn -0.1148 0.9867 0.1148
vn -0.0451 0.9861 0.1601
vn 0.1451 0.9861 0.0813
vn 0.0723 0.9931 -0.0928
vn 0.0953 0.9952 -0.0228
vn -0.0145 0.9931 -0.1168
vn -0.0000 0.9960 -0.0889
vn -0.0928 0.9931 -0.0723
vn -0.0445 0.9958 -0.0795
vn -0.0876 0.9958 -0.0247
vn -0.0246 0.9958 0.0876
vn -0.0000 0.9960 0.0888
vn 0.0929 0.9930 0.0723
vn 0.0629 0.9960 0.0629
vn 0.0795 0.9958 0.0445
vn 0.0723 0.9930 0.0929
vn 0.0877 0.9958 0.0247
vn 0.0383 0.9992 -0.0092
vn 0.0092 0.9992 -0.0383
vn -0.0059 0.9989 -0.0471
vn 0.0058 0.9989 -0.0470
vn -0.0470 0.9989 0.0059
vn -0.0383 0.9992 0.0091
vn -0.0091 0.9992 0.0383
vn 0.0058 0.9989 0.0470
vn -0.0059 0.9989 0.0471
vn 0.0471 0.9989 -0.0059
vn 0.0351 0.9993 0.0099
vn -0.0451 0.9964 0.0721
vn 0.0451 0.9964 0.0721
vn 0.0721 0.9964 -0.0451
vn 0.0451 0.9964 -0.0722
vn -0.0451 0.9964 -0.0722
vn -0.4799 -0.7375 0.4751
vn -0.2475 -0.7628 0.5973
vn -0.2475 -0.7626 0.5976
vn 0.4753 -0.7373 0.4801
vn 0.2476 -0.7627 0.5975
vn 0.0034 -0.7376 0.6752
vn 0.1055 0.9821 0.1560
vn 0.4799 -0.7375 0.4751
vn 0.2478 0.9636 0.1003
vn 0.4799 -0.7375 -0.4752
vn 0.1055 0.9821 -0.1561
vn 0.2475 -0.7627 -0.5975
vn -0.4752 -0.7375 -0.4799
vn -0.2476 -0.7625 -0.5977
vn -0.2475 -0.7627 -0.5975
vn -0.0034 -0.7375 -0.6754
vn -0.5975 -0.7627 -0.2476
vn -0.4800 -0.7374 -0.4752
vn -0.2477 0.9636 -0.1003
vn -0.1849 0.9821 -0.0357
vn 0.6520 0.7471 -0.1296
vn 0.6361 0.7471 -0.1930
vn 0.5554 0.8143 -0.1685
vn 0.5862 0.7471 -0.3134
vn 0.4217 0.7471 -0.5139
vn 0.2221 0.8143 -0.5362
vn 0.1685 0.8143 -0.5554
vn 0.1297 0.7471 -0.6520
vn -0.0652 0.7470 -0.6616
vn -0.1685 0.8143 -0.5554
vn -0.4217 0.7471 -0.5139
vn -0.4105 0.8143 -0.4105
vn -0.5862 0.7471 -0.3134
vn -0.5554 0.8143 -0.1685
vn -0.6520 0.7471 -0.1297
vn -0.6519 0.7471 0.1297
vn -0.6361 0.7471 0.1929
vn -0.5862 0.7471 0.3133
vn -0.5139 0.7471 0.4217
vn -0.4217 0.7471 0.5138
vn -0.2544 0.7472 0.6140
vn -0.2222 0.8143 0.5363
vn -0.1685 0.8143 0.5555
vn -0.1297 0.7471 0.6519
vn 0.1297 0.7471 0.6519
vn 0.1685 0.8143 0.5555
vn 0.2221 0.8143 0.5363
vn 0.4216 0.7471 0.5139
vn 0.5526 0.7472 0.3693
vn 0.5362 0.8143 0.2221
vn 0.6519 0.7471 0.1296
vn 0.2757 0.9006 -0.3359
vn -0.4016 0.9006 -0.1663
vn 0.4015 0.9006 0.1663
vn 0.2521 0.9453 -0.2069
vn 0.1537 0.9454 -0.2875
vn -0.0000 0.9453 -0.3261
vn -0.0320 0.9454 -0.3245
vn -0.1248 0.9453 -0.3012
vn -0.1537 0.9454 -0.2875
vn -0.2521 0.9453 -0.2068
vn -0.3120 0.9453 -0.0947
vn -0.2521 0.9453 0.2068
vn -0.1537 0.9453 0.2876
vn -0.0000 0.9454 0.3260
vn 0.0946 0.9454 0.3120
vn 0.1537 0.9454 0.2876
vn 0.1811 0.9454 0.2711
vn 0.2521 0.9453 0.2069
vn 0.2711 0.9454 0.1812
vn 0.2876 0.9453 0.1537
vn 0.3120 0.9453 0.0946
vn 0.1813 0.9721 -0.1487
vn -0.0897 0.9721 -0.2166
vn -0.1813 0.9721 -0.1487
vn -0.2167 0.9721 -0.0897
vn -0.1949 0.9721 0.1303
vn -0.1812 0.9721 0.1487
vn 0.1488 0.9721 0.1813
vn 0.1813 0.9721 0.1488
vn 0.1949 0.9721 0.1303
vn 0.2166 0.9721 0.0897
vn 0.1470 0.9887 -0.0292
vn -0.1434 0.9887 -0.0435
vn -0.1470 0.9887 -0.0292
vn -0.1470 0.9887 0.0293
vn -0.0833 0.9887 0.1246
vn 0.0707 0.9887 0.1322
vn 0.1385 0.9887 0.0573
vn 0.1470 0.9887 0.0293
vn 0.9626 -0.0000 -0.2710
vn 0.9534 0.1379 -0.2684
vn 0.4535 -0.0000 -0.8912
vn 0.4517 0.0907 -0.8876
vn 0.9646 0.1281 -0.2307
vn 0.4891 -0.0000 -0.8722
vn 0.2710 -0.0000 -0.9626
vn -0.2709 -0.0000 -0.9626
vn -0.2307 0.1281 -0.9645
vn -0.4890 -0.0000 -0.8723
vn -0.9646 0.1281 -0.2307
vn -0.4535 -0.0000 -0.8913
vn -0.4516 0.0907 -0.8876
vn -0.9626 -0.0000 -0.2709
vn -0.9534 0.1379 -0.2683
vn -0.9626 -0.0000 0.2709
vn -0.9534 0.1379 0.2683
vn -0.4535 -0.0000 0.8913
vn -0.9645 0.1281 0.2307
vn -0.4890 -0.0000 0.8723
vn -0.2709 -0.0000 0.9626
vn -0.2684 0.1379 0.9534
vn 0.2710 -0.0000 0.9626
vn 0.4891 -0.0000 0.8722
vn 0.9645 0.1281 0.2307
vn 0.4535 -0.0000 0.8912
vn 0.9626 -0.0000 0.2710
vn -0.4001 0.8245 -0.4001
vn -0.5875 0.7970 -0.1405
vn -0.4001 0.8245 0.4002
vn 0.5147 0.7970 0.3161
vn 0.0813 0.9861 -0.1451
vn 0.1524 0.9839 0.0935
vn -0.0247 0.9958 -0.0877
vn -0.0877 0.9958 0.0247
vn -0.0445 0.9958 0.0795
vn 0.0246 0.9958 0.0876
vn 0.0353 0.9993 -0.0099
vn 0.0180 0.9993 -0.0320
vn -0.0383 0.9992 -0.0092
vn 0.0207 0.9992 0.0335
vn -0.0119 0.9998 0.0152
vn -0.1850 0.9821 0.0358
vn -0.0034 -0.7376 0.6752
vn -0.2474 -0.7626 0.5977
vn -0.2474 -0.7625 0.5978
vn 0.2474 -0.7626 0.5977
vn 0.2477 0.9636 -0.1003
vn 0.0034 -0.7375 -0.6754
vn 0.6520 0.7471 -0.1297
vn 0.5527 0.7471 -0.3692
vn 0.5138 0.7471 -0.4216
vn 0.2221 0.8143 -0.5363
vn 0.0652 0.7470 -0.6616
vn -0.3133 0.7472 -0.5862
vn -0.5526 0.7471 -0.3693
vn -0.4827 0.8143 -0.3225
vn -0.6520 0.7471 -0.1296
vn -0.6519 0.7471 0.1296
vn -0.4105 0.8143 0.4105
vn -0.4216 0.7471 0.5139
vn 0.1132 0.8143 0.5694
vn 0.4216 0.7471 0.5138
vn 0.6519 0.7471 0.1297
vn 0.4016 0.9006 -0.1663
vn -0.4347 0.9006 -0.0000
vn -0.3613 0.9006 0.2415
vn -0.1663 0.9006 0.4015
vn 0.0848 0.9006 0.4262
vn 0.2757 0.9006 0.3359
vn 0.4262 0.9006 0.0848
vn 0.3013 0.9453 -0.1248
vn 0.2306 0.9453 -0.2306
vn 0.1248 0.9453 -0.3012
vn -0.2306 0.9454 -0.2306
vn -0.3013 0.9453 -0.1248
vn -0.3120 0.9453 0.0946
vn -0.2875 0.9454 0.1537
vn -0.2305 0.9454 0.2305
vn -0.1248 0.9454 0.3012
vn -0.0320 0.9453 0.3245
vn 0.1248 0.9453 0.3013
vn 0.2305 0.9454 0.2305
vn 0.3120 0.9454 0.0946
vn -0.1813 0.9721 0.1488
vn 0.2307 0.1281 -0.9645
vt 0.934783 0.000000
vt 0.934783 0.212000
vt 0.065217 0.212000
vt 0.065217 0.000000
vt 0.000096 1.097926
vt 0.000870 1.107997
vt 0.999130 1.107997
vt 0.999904 1.097926
vt 0.934783 1.699997
vt 0.065217 1.699997
vt 0.935652 0.223314
vt 0.064348 0.223314
vt 0.973913 0.575314
vt 0.026087 0.575314
vt 0.991304 0.735314
vt 0.008696 0.735314
vt 0.992278 0.744285
vt 0.007722 0.744285
vt 0.993239 0.753256
vt 0.006761 0.753256
vt 0.994176 0.762227
vt 0.005824 0.762227
vt 0.995077 0.771199
vt 0.004923 0.771199
vt 0.995931 0.780170
vt 0.004069 0.780170
vt 0.996726 0.789141
vt 0.003274 0.789141
vt 0.997453 0.798113
vt 0.002547 0.798113
vt 0.998103 0.807084
vt 0.001897 0.807084
vt 0.998667 0.816055
vt 0.001333 0.816055
vt 0.999139 0.825026
vt 0.000861 0.825026
vt 0.999512 0.833998
vt 0.000488 0.833998
vt 0.999782 0.842969
vt 0.000218 0.842969
vt 0.999945 0.851940
vt 0.000055 0.851940
vt 1.000000 0.860911
vt 0.000000 0.860911
vt 0.999926 0.871376
vt 0.000074 0.871376
vt 0.999704 0.881841
vt 0.000296 0.881841
vt 0.999338 0.892305
vt 0.000662 0.892305
vt 0.998835 0.902770
vt 0.001165 0.902770
vt 0.998203 0.913234
vt 0.001797 0.913234
vt 0.997453 0.923698
vt 0.002547 0.923698
vt 0.996598 0.934163
vt 0.003402 0.934163
vt 0.995652 0.944628
vt 0.004348 0.944628
vt 0.994632 0.955092
vt 0.005368 0.955092
vt 0.993555 0.965557
vt 0.006445 0.965557
vt 0.992439 0.976021
vt 0.007561 0.976021
vt 0.991304 0.986486
vt 0.008696 0.986486
vt 0.994395 1.014919
vt 0.005605 1.014919
vt 0.994606 1.017385
vt 0.005394 1.017385
vt 0.994754 1.023072
vt 0.005246 1.023072
vt 0.995262 1.030802
vt 0.004738 1.030802
vt 0.995998 1.039432
vt 0.004002 1.039432
vt 0.996875 1.048708
vt 0.003125 1.048708
vt 0.997803 1.058082
vt 0.002197 1.058082
vt 0.998692 1.066881
vt 0.001308 1.066881
vt 0.999454 1.074376
vt 0.000546 1.074376
vt 1.000000 1.079824
vt 0.000000 1.079824
vt 1.000000 1.095581
vt 0.000000 1.095581
vt 0.999976 1.096754
vt 0.000024 1.096754
vt 0.546875 0.081673
vt 0.562500 0.081673
vt 0.562500 0.083884
vt 0.546875 0.083884
vt 0.578125 0.081673
vt 0.578125 0.083884
vt 0.593750 0.081673
vt 0.593750 0.083884
vt 0.609375 0.081673
vt 0.609375 0.083884
vt 0.625000 0.081673
vt 0.625000 0.083884
vt 0.640625 0.081673
vt 0.640625 0.083884
vt 0.656250 0.081673
vt 0.656250 0.083884
vt 0.671875 0.081673
vt 0.671875 0.083884
vt 0.687500 0.081673
vt 0.687500 0.083884
vt 0.703125 0.081673
vt 0.703125 0.083884
vt 0.718750 0.081673
vt 0.718750 0.083884
vt 0.734375 0.081673
vt 0.734375 0.083884
vt 0.750000 0.081673
vt 0.750000 0.083884
vt 0.765625 0.081673
vt 0.765625 0.083884
vt 0.781250 0.081673
vt 0.781250 0.083884
vt 0.796875 0.081673
vt 0.796875 0.083884
vt 0.812500 0.081673
vt 0.812500 0.083884
vt 0.828125 0.081673
vt 0.828125 0.083884
vt 0.843750 0.081673
vt 0.843750 0.083884
vt 0.859375 0.081673
vt 0.859375 0.083884
vt 0.875000 0.081673
vt 0.875000 0.083884
vt 0.890625 0.081673
vt 0.890625 0.083884
vt 0.906250 0.081673
vt 0.906250 0.083884
vt 0.921875 0.081673
vt 0.921875 0.083884
vt 0.937500 0.081673
vt 0.937500 0.083884
vt 0.953125 0.081673
vt 0.953125 0.083884
vt 0.968750 0.081673
vt 0.968750 0.083884
vt 0.984375 0.081673
vt 0.984375 0.083884
vt 1.000000 0.081673
vt 1.000000 0.083884
vt 0.000000 0.083884
vt 0.015625 0.083884
vt 0.015625 0.088154
vt 0.000000 0.088154
vt 0.031250 0.083884
vt 0.031250 0.088154
vt 0.046875 0.083884
vt 0.046875 0.088154
vt 0.062500 0.083884
vt 0.062500 0.088154
vt 0.078125 0.083884
vt 0.078125 0.088154
vt 0.093750 0.083884
vt 0.093750 0.088154
vt 0.109375 0.083884
vt 0.109375 0.088154
vt 0.125000 0.083884
vt 0.125000 0.088154
vt 0.140625 0.083884
vt 0.140625 0.088154
vt 0.156250 0.083884
vt 0.156250 0.088154
vt 0.171875 0.083884
vt 0.171875 0.088154
vt 0.187500 0.083884
vt 0.187500 0.088154
vt 0.203125 0.083884
vt 0.203125 0.088154
vt 0.218750 0.083884
vt 0.218750 0.088154
vt 0.234375 0.083884
vt 0.234375 0.088154
vt 0.250000 0.083884
vt 0.250000 0.088154
vt 0.265625 0.083884
vt 0.265625 0.088154
vt 0.281250 0.083884
vt 0.281250 0.088154
vt 0.296875 0.083884
vt 0.296875 0.088154
vt 0.312500 0.083884
vt 0.312500 0.088154
vt 0.328125 0.083884
vt 0.328125 0.088154
vt 0.343750 0.083884
vt 0.343750 0.088154
vt 0.359375 0.083884
vt 0.359375 0.088154
vt 0.375000 0.083884
vt 0.375000 0.088154
vt 0.390625 0.083884
vt 0.390625 0.088154
vt 0.406250 0.083884
vt 0.406250 0.088154
vt 0.421875 0.083884
vt 0.421875 0.088154
vt 0.437500 0.083884
vt 0.437500 0.088154
vt 0.453125 0.083884
vt 0.453125 0.088154
vt 0.468750 0.083884
vt 0.468750 0.088154
vt 0.484375 0.083884
vt 0.484375 0.088154
vt 0.500000 0.083884
vt 0.500000 0.088154
vt 0.515625 0.083884
vt 0.515625 0.088154
vt 0.531250 0.083884
vt 0.531250 0.088154
vt 0.546875 0.088154
vt 0.562500 0.088154
vt 0.578125 0.088154
vt 0.593750 0.088154
vt 0.609375 0.088154
vt 0.625000 0.088154
vt 0.640625 0.088154
vt 0.656250 0.088154
vt 0.671875 0.088154
vt 0.687500 0.088154
vt 0.703125 0.088154
vt 0.718750 0.088154
vt 0.734375 0.088154
vt 0.750000 0.088154
vt 0.765625 0.088154
vt 0.781250 0.088154
vt 0.796875 0.088154
vt 0.812500 0.088154
vt 0.828125 0.088154
vt 0.843750 0.088154
vt 0.859375 0.088154
vt 0.875000 0.088154
vt 0.890625 0.088154
vt 0.906250 0.088154
vt 0.921875 0.088154
vt 0.937500 0.088154
vt 0.953125 0.088154
vt 0.968750 0.088154
vt 0.984375 0.088154
vt 1.000000 0.088154
vt 0.015625 0.095663
vt 0.000000 0.095663
vt 0.031250 0.095663
vt 0.046875 0.095663
vt 0.062500 0.095663
vt 0.078125 0.095663
vt 0.093750 0.095663
vt 0.109375 0.095663
vt 0.125000 0.095663
vt 0.140625 0.095663
vt 0.156250 0.095663
vt 0.171875 0.095663
vt 0.187500 0.095663
vt 0.203125 0.095663
vt 0.218750 0.095663
vt 0.234375 0.095663
vt 0.250000 0.095663
vt 0.265625 0.095663
vt 0.281250 0.095663
vt 0.296875 0.095663
vt 0.312500 0.095663
vt 0.328125 0.095663
vt 0.343750 0.095663
vt 0.359375 0.095663
vt 0.375000 0.095663
vt 0.390625 0.095663
vt 0.406250 0.095663
vt 0.421875 0.095663
vt 0.437500 0.095663
vt 0.453125 0.095663
vt 0.468750 0.095663
vt 0.484375 0.095663
vt 0.500000 0.095663
vt 0.515625 0.095663
vt 0.531250 0.095663
vt 0.546875 0.095663
vt 0.562500 0.095663
vt 0.578125 0.095663
vt 0.593750 0.095663
vt 0.609375 0.095663
vt 0.625000 0.095663
vt 0.640625 0.095663
vt 0.656250 0.095663
vt 0.671875 0.095663
vt 0.687500 0.095663
vt 0.703125 0.095663
vt 0.718750 0.095663
vt 0.734375 0.095663
vt 0.750000 0.095663
vt 0.765625 0.095663
vt 0.781250 0.095663
vt 0.796875 0.095663
vt 0.812500 0.095663
vt 0.828125 0.095663
vt 0.843750 0.095663
vt 0.859375 0.095663
vt 0.875000 0.095663
vt 0.890625 0.095663
vt 0.906250 0.095663
vt 0.921875 0.095663
vt 0.937500 0.095663
vt 0.953125 0.095663
vt 0.968750 0.095663
vt 0.984375 0.095663
vt 1.000000 0.095663
vt 0.015625 0.104316
vt 0.000000 0.104316
vt 0.031250 0.104316
vt 0.046875 0.104316
vt 0.062500 0.104316
vt 0.078125 0.104316
vt 0.093750 0.104316
vt 0.109375 0.104316
vt 0.125000 0.104316
vt 0.140625 0.104316
vt 0.156250 0.104316
vt 0.171875 0.104316
vt 0.187500 0.104316
vt 0.203125 0.104316
vt 0.218750 0.104316
vt 0.234375 0.104316
vt 0.250000 0.104316
vt 0.265625 0.104316
vt 0.281250 0.104316
vt 0.296875 0.104316
vt 0.312500 0.104316
vt 0.328125 0.104316
vt 0.343750 0.104316
vt 0.359375 0.104316
vt 0.375000 0.104316
vt 0.390625 0.104316
vt 0.406250 0.104316
vt 0.421875 0.104316
vt 0.437500 0.104316
vt 0.453125 0.104316
vt 0.468750 0.104316
vt 0.484375 0.104316
vt 0.500000 0.104316
vt 0.515625 0.104316
vt 0.531250 0.104316
vt 0.546875 0.104316
vt 0.562500 0.104316
vt 0.578125 0.104316
vt 0.593750 0.104316
vt 0.609375 0.104316
vt 0.625000 0.104316
vt 0.640625 0.104316
vt 0.656250 0.104316
vt 0.671875 0.104316
vt 0.687500 0.104316
vt 0.703125 0.104316
vt 0.718750 0.104316
vt 0.734375 0.104316
vt 0.750000 0.104316
vt 0.765625 0.104316
vt 0.781250 0.104316
vt 0.796875 0.104316
vt 0.812500 0.104316
vt 0.828125 0.104316
vt 0.843750 0.104316
vt 0.859375 0.104316
vt 0.875000 0.104316
vt 0.890625 0.104316
vt 0.906250 0.104316
vt 0.921875 0.104316
vt 0.937500 0.104316
vt 0.953125 0.104316
vt 0.968750 0.104316
vt 0.984375 0.104316
vt 1.000000 0.104316
vt 0.015625 0.113236
vt 0.000000 0.113236
vt 0.031250 0.113236
vt 0.046875 0.113236
vt 0.062500 0.113236
vt 0.078125 0.113236
vt 0.093750 0.113236
vt 0.109375 0.113236
vt 0.125000 0.113236
vt 0.140625 0.113236
vt 0.156250 0.113236
vt 0.171875 0.113236
vt 0.187500 0.113236
vt 0.203125 0.113236
vt 0.218750 0.113236
vt 0.234375 0.113236
vt 0.250000 0.113236
vt 0.265625 0.113236
vt 0.281250 0.113236
vt 0.296875 0.113236
vt 0.312500 0.113236
vt 0.328125 0.113236
vt 0.343750 0.113236
vt 0.359375 0.113236
vt 0.375000 0.113236
vt 0.390625 0.113236
vt 0.406250 0.113236
vt 0.421875 0.113236
vt 0.437500 0.113236
vt 0.453125 0.113236
vt 0.468750 0.113236
vt 0.484375 0.113236
vt 0.500000 0.113236
vt 0.515625 0.113236
vt 0.531250 0.113236
vt 0.546875 0.113236
vt 0.562500 0.113236
vt 0.578125 0.113236
vt 0.593750 0.113236
vt 0.609375 0.113236
vt 0.625000 0.113236
vt 0.640625 0.113236
vt 0.656250 0.113236
vt 0.671875 0.113236
vt 0.687500 0.113236
vt 0.703125 0.113236
vt 0.718750 0.113236
vt 0.734375 0.113236
vt 0.750000 0.113236
vt 0.765625 0.113236
vt 0.781250 0.113236
vt 0.796875 0.113236
vt 0.812500 0.113236
vt 0.828125 0.113236
vt 0.843750 0.113236
vt 0.859375 0.113236
vt 0.875000 0.113236
vt 0.890625 0.113236
vt 0.906250 0.113236
vt 0.921875 0.113236
vt 0.937500 0.113236
vt 0.953125 0.113236
vt 0.968750 0.113236
vt 0.984375 0.113236
vt 1.000000 0.113236
vt 0.015625 0.121518
vt 0.000000 0.121518
vt 0.031250 0.121518
vt 0.046875 0.121518
vt 0.062500 0.121518
vt 0.078125 0.121518
vt 0.093750 0.121518
vt 0.109375 0.121518
vt 0.125000 0.121518
vt 0.140625 0.121518
vt 0.156250 0.121518
vt 0.171875 0.121518
vt 0.187500 0.121518
vt 0.203125 0.121518
vt 0.218750 0.121518
vt 0.234375 0.121518
vt 0.250000 0.121518
vt 0.265625 0.121518
vt 0.281250 0.121518
vt 0.296875 0.121518
vt 0.312500 0.121518
vt 0.328125 0.121518
vt 0.343750 0.121518
vt 0.359375 0.121518
vt 0.375000 0.121518
vt 0.390625 0.121518
vt 0.406250 0.121518
vt 0.421875 0.121518
vt 0.437500 0.121518
vt 0.453125 0.121518
vt 0.468750 0.121518
vt 0.484375 0.121518
vt 0.500000 0.121518
vt 0.515625 0.121518
vt 0.531250 0.121518
vt 0.546875 0.121518
vt 0.562500 0.121518
vt 0.578125 0.121518
vt 0.593750 0.121518
vt 0.609375 0.121518
vt 0.625000 0.121518
vt 0.640625 0.121518
vt 0.656250 0.121518
vt 0.671875 0.121518
vt 0.687500 0.121518
vt 0.703125 0.121518
vt 0.718750 0.121518
vt 0.734375 0.121518
vt 0.750000 0.121518
vt 0.765625 0.121518
vt 0.781250 0.121518
vt 0.796875 0.121518
vt 0.812500 0.121518
vt 0.828125 0.121518
vt 0.843750 0.121518
vt 0.859375 0.121518
vt 0.875000 0.121518
vt 0.890625 0.121518
vt 0.906250 0.121518
vt 0.921875 0.121518
vt 0.937500 0.121518
vt 0.953125 0.121518
vt 0.968750 0.121518
vt 0.984375 0.121518
vt 1.000000 0.121518
vt 0.015625 0.128245
vt 0.000000 0.128245
vt 0.031250 0.128245
vt 0.046875 0.128245
vt 0.062500 0.128245
vt 0.078125 0.128245
vt 0.093750 0.128245
vt 0.109375 0.128245
vt 0.125000 0.128245
vt 0.140625 0.128245
vt 0.156250 0.128245
vt 0.171875 0.128245
vt 0.187500 0.128245
vt 0.203125 0.128245
vt 0.218750 0.128245
vt 0.234375 0.128245
vt 0.250000 0.128245
vt 0.265625 0.128245
vt 0.281250 0.128245
vt 0.296875 0.128245
vt 0.312500 0.128245
vt 0.328125 0.128245
vt 0.343750 0.128245
vt 0.359375 0.128245
vt 0.375000 0.128245
vt 0.390625 0.128245
vt 0.406250 0.128245
vt 0.421875 0.128245
vt 0.437500 0.128245
vt 0.453125 0.128245
vt 0.468750 0.128245
vt 0.484375 0.128245
vt 0.500000 0.128245
vt 0.515625 0.128245
vt 0.531250 0.128245
vt 0.546875 0.128245
vt 0.562500 0.128245
vt 0.578125 0.128245
vt 0.593750 0.128245
vt 0.609375 0.128245
vt 0.625000 0.128245
vt 0.640625 0.128245
vt 0.656250 0.128245
vt 0.671875 0.128245
vt 0.687500 0.128245
vt 0.703125 0.128245
vt 0.718750 0.128245
vt 0.734375 0.128245
vt 0.750000 0.128245
vt 0.765625 0.128245
vt 0.781250 0.128245
vt 0.796875 0.128245
vt 0.812500 0.128245
vt 0.828125 0.128245
vt 0.843750 0.128245
vt 0.859375 0.128245
vt 0.875000 0.128245
vt 0.890625 0.128245
vt 0.906250 0.128245
vt 0.921875 0.128245
vt 0.937500 0.128245
vt 0.953125 0.128245
vt 0.968750 0.128245
vt 0.984375 0.128245
vt 1.000000 0.128245
vt 0.015625 0.131286
vt 0.000000 0.131286
vt 0.031250 0.131286
vt 0.046875 0.131286
vt 0.062500 0.131286
vt 0.078125 0.131286
vt 0.093750 0.131286
vt 0.109375 0.131286
vt 0.125000 0.131286
vt 0.140625 0.131286
vt 0.156250 0.131286
vt 0.171875 0.131286
vt 0.187500 0.131286
vt 0.203125 0.131286
vt 0.218750 0.131286
vt 0.234375 0.131286
vt 0.250000 0.131286
vt 0.265625 0.131286
vt 0.281250 0.131286
vt 0.296875 0.131286
vt 0.312500 0.131286
vt 0.328125 0.131286
vt 0.343750 0.131286
vt 0.359375 0.131286
vt 0.375000 0.131286
vt 0.390625 0.131286
vt 0.406250 0.131286
vt 0.421875 0.131286
vt 0.437500 0.131286
vt 0.453125 0.131286
vt 0.468750 0.131286
vt 0.484375 0.131286
vt 0.500000 0.131286
vt 0.515625 0.131286
vt 0.531250 0.131286
vt 0.546875 0.131286
vt 0.562500 0.131286
vt 0.578125 0.131286
vt 0.593750 0.131286
vt 0.609375 0.131286
vt 0.625000 0.131286
vt 0.640625 0.131286
vt 0.656250 0.131286
vt 0.671875 0.131286
vt 0.687500 0.131286
vt 0.703125 0.131286
vt 0.718750 0.131286
vt 0.734375 0.131286
vt 0.750000 0.131286
vt 0.765625 0.131286
vt 0.781250 0.131286
vt 0.796875 0.131286
vt 0.812500 0.131286
vt 0.828125 0.131286
vt 0.843750 0.131286
vt 0.859375 0.131286
vt 0.875000 0.131286
vt 0.890625 0.131286
vt 0.906250 0.131286
vt 0.921875 0.131286
vt 0.937500 0.131286
vt 0.953125 0.131286
vt 0.968750 0.131286
vt 0.984375 0.131286
vt 1.000000 0.131286
vt 0.015625 0.135218
vt 0.000000 0.135218
vt 0.031250 0.135218
vt 0.046875 0.135218
vt 0.062500 0.135218
vt 0.078125 0.135218
vt 0.093750 0.135218
vt 0.109375 0.135218
vt 0.125000 0.135218
vt 0.140625 0.135218
vt 0.156250 0.135218
vt 0.171875 0.135218
vt 0.187500 0.135218
vt 0.203125 0.135218
vt 0.218750 0.135218
vt 0.234375 0.135218
vt 0.250000 0.135218
vt 0.265625 0.135218
vt 0.281250 0.135218
vt 0.296875 0.135218
vt 0.312500 0.135218
vt 0.328125 0.135218
vt 0.343750 0.135218
vt 0.359375 0.135218
vt 0.375000 0.135218
vt 0.390625 0.135218
vt 0.406250 0.135218
vt 0.421875 0.135218
vt 0.437500 0.135218
vt 0.453125 0.135218
vt 0.468750 0.135218
vt 0.484375 0.135218
vt 0.500000 0.135218
vt 0.515625 0.135218
vt 0.531250 0.135218
vt 0.546875 0.135218
vt 0.562500 0.135218
vt 0.578125 0.135218
vt 0.593750 0.135218
vt 0.609375 0.135218
vt 0.625000 0.135218
vt 0.640625 0.135218
vt 0.656250 0.135218
vt 0.671875 0.135218
vt 0.687500 0.135218
vt 0.703125 0.135218
vt 0.718750 0.135218
vt 0.734375 0.135218
vt 0.750000 0.135218
vt 0.765625 0.135218
vt 0.781250 0.135218
vt 0.796875 0.135218
vt 0.812500 0.135218
vt 0.828125 0.135218
vt 0.843750 0.135218
vt 0.859375 0.135218
vt 0.875000 0.135218
vt 0.890625 0.135218
vt 0.906250 0.135218
vt 0.921875 0.135218
vt 0.937500 0.135218
vt 0.953125 0.135218
vt 0.968750 0.135218
vt 0.984375 0.135218
vt 1.000000 0.135218
vt 0.015625 0.139883
vt 0.000000 0.139883
vt 0.031250 0.139883
vt 0.046875 0.139883
vt 0.062500 0.139883
vt 0.078125 0.139883
vt 0.093750 0.139883
vt 0.109375 0.139883
vt 0.125000 0.139883
vt 0.140625 0.139883
vt 0.156250 0.139883
vt 0.171875 0.139883
vt 0.187500 0.139883
vt 0.203125 0.139883
vt 0.218750 0.139883
vt 0.234375 0.139883
vt 0.250000 0.139883
vt 0.265625 0.139883
vt 0.281250 0.139883
vt 0.296875 0.139883
vt 0.312500 0.139883
vt 0.328125 0.139883
vt 0.343750 0.139883
vt 0.359375 0.139883
vt 0.375000 0.139883
vt 0.390625 0.139883
vt 0.406250 0.139883
vt 0.421875 0.139883
vt 0.437500 0.139883
vt 0.453125 0.139883
vt 0.468750 0.139883
vt 0.484375 0.139883
vt 0.500000 0.139883
vt 0.515625 0.139883
vt 0.531250 0.139883
vt 0.546875 0.139883
vt 0.562500 0.139883
vt 0.578125 0.139883
vt 0.593750 0.139883
vt 0.609375 0.139883
vt 0.625000 0.139883
vt 0.640625 0.139883
vt 0.656250 0.139883
vt 0.671875 0.139883
vt 0.687500 0.139883
vt 0.703125 0.139883
vt 0.718750 0.139883
vt 0.734375 0.139883
vt 0.750000 0.139883
vt 0.765625 0.139883
vt 0.781250 0.139883
vt 0.796875 0.139883
vt 0.812500 0.139883
vt 0.828125 0.139883
vt 0.843750 0.139883
vt 0.859375 0.139883
vt 0.875000 0.139883
vt 0.890625 0.139883
vt 0.906250 0.139883
vt 0.921875 0.139883
vt 0.937500 0.139883
vt 0.953125 0.139883
vt 0.968750 0.139883
vt 0.984375 0.139883
vt 1.000000 0.139883
vt 0.015625 0.145059
vt 0.000000 0.145059
vt 0.031250 0.145059
vt 0.046875 0.145059
vt 0.062500 0.145059
vt 0.078125 0.145059
vt 0.093750 0.145059
vt 0.109375 0.145059
vt 0.125000 0.145059
vt 0.140625 0.145059
vt 0.156250 0.145059
vt 0.171875 0.145059
vt 0.187500 0.145059
vt 0.203125 0.145059
vt 0.218750 0.145059
vt 0.234375 0.145059
vt 0.250000 0.145059
vt 0.265625 0.145059
vt 0.281250 0.145059
vt 0.296875 0.145059
vt 0.312500 0.145059
vt 0.328125 0.145059
vt 0.343750 0.145059
vt 0.359375 0.145059
vt 0.375000 0.145059
vt 0.390625 0.145059
vt 0.406250 0.145059
vt 0.421875 0.145059
vt 0.437500 0.145059
vt 0.453125 0.145059
vt 0.468750 0.145059
vt 0.484375 0.145059
vt 0.500000 0.145059
vt 0.515625 0.145059
vt 0.531250 0.145059
vt 0.546875 0.145059
vt 0.562500 0.145059
vt 0.578125 0.145059
vt 0.593750 0.145059
vt 0.609375 0.145059
vt 0.625000 0.145059
vt 0.640625 0.145059
vt 0.656250 0.145059
vt 0.671875 0.145059
vt 0.687500 0.145059
vt 0.703125 0.145059
vt 0.718750 0.145059
vt 0.734375 0.145059
vt 0.750000 0.145059
vt 0.765625 0.145059
vt 0.781250 0.145059
vt 0.796875 0.145059
vt 0.812500 0.145059
vt 0.828125 0.145059
vt 0.843750 0.145059
vt 0.859375 0.145059
vt 0.875000 0.145059
vt 0.890625 0.145059
vt 0.906250 0.145059
vt 0.921875 0.145059
vt 0.937500 0.145059
vt 0.953125 0.145059
vt 0.968750 0.145059
vt 0.984375 0.145059
vt 1.000000 0.145059
vt 0.015625 0.150444
vt 0.000000 0.150444
vt 0.031250 0.150444
vt 0.046875 0.150444
vt 0.062500 0.150444
vt 0.078125 0.150444
vt 0.093750 0.150444
vt 0.109375 0.150444
vt 0.125000 0.150444
vt 0.140625 0.150444
vt 0.156250 0.150444
vt 0.171875 0.150444
vt 0.187500 0.150444
vt 0.203125 0.150444
vt 0.218750 0.150444
vt 0.234375 0.150444
vt 0.250000 0.150444
vt 0.265625 0.150444
vt 0.281250 0.150444
vt 0.296875 0.150444
vt 0.312500 0.150444
vt 0.328125 0.150444
vt 0.343750 0.150444
vt 0.359375 0.150444
vt 0.375000 0.150444
vt 0.390625 0.150444
vt 0.406250 0.150444
vt 0.421875 0.150444
vt 0.437500 0.150444
vt 0.453125 0.150444
vt 0.468750 0.150444
vt 0.484375 0.150444
vt 0.500000 0.150444
vt 0.515625 0.150444
vt 0.531250 0.150444
vt 0.546875 0.150444
vt 0.562500 0.150444
vt 0.578125 0.150444
vt 0.593750 0.150444
vt 0.609375 0.150444
vt 0.625000 0.150444
vt 0.640625 0.150444
vt 0.656250 0.150444
vt 0.671875 0.150444
vt 0.687500 0.150444
vt 0.703125 0.150444
vt 0.718750 0.150444
vt 0.734375 0.150444
vt 0.750000 0.150444
vt 0.765625 0.150444
vt 0.781250 0.150444
vt 0.796875 0.150444
vt 0.812500 0.150444
vt 0.828125 0.150444
vt 0.843750 0.150444
vt 0.859375 0.150444
vt 0.875000 0.150444
vt 0.890625 0.150444
vt 0.906250 0.150444
vt 0.921875 0.150444
vt 0.937500 0.150444
vt 0.953125 0.150444
vt 0.968750 0.150444
vt 0.984375 0.150444
vt 1.000000 0.150444
vt 0.015625 0.155713
vt 0.000000 0.155713
vt 0.031250 0.155713
vt 0.046875 0.155713
vt 0.062500 0.155713
vt 0.078125 0.155713
vt 0.093750 0.155713
vt 0.109375 0.155713
vt 0.125000 0.155713
vt 0.140625 0.155713
vt 0.156250 0.155713
vt 0.171875 0.155713
vt 0.187500 0.155713
vt 0.203125 0.155713
vt 0.218750 0.155713
vt 0.234375 0.155713
vt 0.250000 0.155713
vt 0.265625 0.155713
vt 0.281250 0.155713
vt 0.296875 0.155713
vt 0.312500 0.155713
vt 0.328125 0.155713
vt 0.343750 0.155713
vt 0.359375 0.155713
vt 0.375000 0.155713
vt 0.390625 0.155713
vt 0.406250 0.155713
vt 0.421875 0.155713
vt 0.437500 0.155713
vt 0.453125 0.155713
vt 0.468750 0.155713
vt 0.484375 0.155713
vt 0.500000 0.155713
vt 0.515625 0.155713
vt 0.531250 0.155713
vt 0.546875 0.155713
vt 0.562500 0.155713
vt 0.578125 0.155713
vt 0.593750 0.155713
vt 0.609375 0.155713
vt 0.625000 0.155713
vt 0.640625 0.155713
vt 0.656250 0.155713
vt 0.671875 0.155713
vt 0.687500 0.155713
vt 0.703125 0.155713
vt 0.718750 0.155713
vt 0.734375 0.155713
vt 0.750000 0.155713
vt 0.765625 0.155713
vt 0.781250 0.155713
vt 0.796875 0.155713
vt 0.812500 0.155713
vt 0.828125 0.155713
vt 0.843750 0.155713
vt 0.859375 0.155713
vt 0.875000 0.155713
vt 0.890625 0.155713
vt 0.906250 0.155713
vt 0.921875 0.155713
vt 0.937500 0.155713
vt 0.953125 0.155713
vt 0.968750 0.155713
vt 0.984375 0.155713
vt 1.000000 0.155713
vt 0.007812 0.160536
vt 0.023438 0.160536
vt 0.039062 0.160536
vt 0.054688 0.160536
vt 0.070312 0.160536
vt 0.085938 0.160536
vt 0.101562 0.160536
vt 0.117188 0.160536
vt 0.132812 0.160536
vt 0.148438 0.160536
vt 0.164062 0.160536
vt 0.179688 0.160536
vt 0.195312 0.160536
vt 0.210938 0.160536
vt 0.226562 0.160536
vt 0.242188 0.160536
vt 0.257812 0.160536
vt 0.273438 0.160536
vt 0.289062 0.160536
vt 0.304688 0.160536
vt 0.320312 0.160536
vt 0.335938 0.160536
vt 0.351562 0.160536
vt 0.367188 0.160536
vt 0.382812 0.160536
vt 0.398438 0.160536
vt 0.414062 0.160536
vt 0.429688 0.160536
vt 0.445312 0.160536
vt 0.460938 0.160536
vt 0.476562 0.160536
vt 0.492188 0.160536
vt 0.507812 0.160536
vt 0.523438 0.160536
vt 0.539062 0.160536
vt 0.554688 0.160536
vt 0.570312 0.160536
vt 0.585938 0.160536
vt 0.601562 0.160536
vt 0.617188 0.160536
vt 0.632812 0.160536
vt 0.648438 0.160536
vt 0.664062 0.160536
vt 0.679688 0.160536
vt 0.695312 0.160536
vt 0.710938 0.160536
vt 0.726562 0.160536
vt 0.742188 0.160536
vt 0.757812 0.160536
vt 0.773438 0.160536
vt 0.789062 0.160536
vt 0.804688 0.160536
vt 0.820312 0.160536
vt 0.835938 0.160536
vt 0.851562 0.160536
vt 0.867188 0.160536
vt 0.882812 0.160536
vt 0.898438 0.160536
vt 0.914062 0.160536
vt 0.929688 0.160536
vt 0.945312 0.160536
vt 0.960938 0.160536
vt 0.976562 0.160536
vt 0.992188 0.160536
vt 0.007812 0.000000
vt 0.015625 0.075000
vt 0.000000 0.075000
vt 0.023438 0.000000
vt 0.031250 0.075000
vt 0.039062 0.000000
vt 0.046875 0.075000
vt 0.054688 0.000000
vt 0.062500 0.075000
vt 0.070312 0.000000
vt 0.078125 0.075000
vt 0.085938 0.000000
vt 0.093750 0.075000
vt 0.101562 0.000000
vt 0.109375 0.075000
vt 0.117188 0.000000
vt 0.125000 0.075000
vt 0.132812 0.000000
vt 0.140625 0.075000
vt 0.148438 0.000000
vt 0.156250 0.075000
vt 0.164062 0.000000
vt 0.171875 0.075000
vt 0.179688 0.000000
vt 0.187500 0.075000
vt 0.195312 0.000000
vt 0.203125 0.075000
vt 0.210938 0.000000
vt 0.218750 0.075000
vt 0.226562 0.000000
vt 0.234375 0.075000
vt 0.242188 0.000000
vt 0.250000 0.075000
vt 0.257812 0.000000
vt 0.265625 0.075000
vt 0.273438 0.000000
vt 0.281250 0.075000
vt 0.289062 0.000000
vt 0.296875 0.075000
vt 0.304688 0.000000
vt 0.312500 0.075000
vt 0.320312 0.000000
vt 0.328125 0.075000
vt 0.335938 0.000000
vt 0.343750 0.075000
vt 0.351562 0.000000
vt 0.359375 0.075000
vt 0.367188 0.000000
vt 0.375000 0.075000
vt 0.382812 0.000000
vt 0.390625 0.075000
vt 0.398438 0.000000
vt 0.406250 0.075000
vt 0.414062 0.000000
vt 0.421875 0.075000
vt 0.429688 0.000000
vt 0.437500 0.075000
vt 0.445312 0.000000
vt 0.453125 0.075000
vt 0.460938 0.000000
vt 0.468750 0.075000
vt 0.476562 0.000000
vt 0.484375 0.075000
vt 0.492188 0.000000
vt 0.500000 0.075000
vt 0.507812 0.000000
vt 0.515625 0.075000
vt 0.523438 0.000000
vt 0.531250 0.075000
vt 0.539062 0.000000
vt 0.546875 0.075000
vt 0.554688 0.000000
vt 0.562500 0.075000
vt 0.570312 0.000000
vt 0.578125 0.075000
vt 0.585938 0.000000
vt 0.593750 0.075000
vt 0.601562 0.000000
vt 0.609375 0.075000
vt 0.617188 0.000000
vt 0.625000 0.075000
vt 0.632812 0.000000
vt 0.640625 0.075000
vt 0.648438 0.000000
vt 0.656250 0.075000
vt 0.664062 0.000000
vt 0.671875 0.075000
vt 0.679688 0.000000
vt 0.687500 0.075000
vt 0.695312 0.000000
vt 0.703125 0.075000
vt 0.710938 0.000000
vt 0.718750 0.075000
vt 0.726562 0.000000
vt 0.734375 0.075000
vt 0.742188 0.000000
vt 0.750000 0.075000
vt 0.757812 0.000000
vt 0.765625 0.075000
vt 0.773438 0.000000
vt 0.781250 0.075000
vt 0.789062 0.000000
vt 0.796875 0.075000
vt 0.804688 0.000000
vt 0.812500 0.075000
vt 0.820312 0.000000
vt 0.828125 0.075000
vt 0.835938 0.000000
vt 0.843750 0.075000
vt 0.851562 0.000000
vt 0.859375 0.075000
vt 0.867188 0.000000
vt 0.875000 0.075000
vt 0.882812 0.000000
vt 0.890625 0.075000
vt 0.898438 0.000000
vt 0.906250 0.075000
vt 0.914062 0.000000
vt 0.921875 0.075000
vt 0.929688 0.000000
vt 0.937500 0.075000
vt 0.945312 0.000000
vt 0.953125 0.075000
vt 0.960938 0.000000
vt 0.968750 0.075000
vt 0.976562 0.000000
vt 0.984375 0.075000
vt 0.992188 0.000000
vt 1.000000 0.075000
vt 0.015625 0.081673
vt 0.000000 0.081673
vt 0.031250 0.081673
vt 0.046875 0.081673
vt 0.062500 0.081673
vt 0.078125 0.081673
vt 0.093750 0.081673
vt 0.109375 0.081673
vt 0.125000 0.081673
vt 0.140625 0.081673
vt 0.156250 0.081673
vt 0.171875 0.081673
vt 0.187500 0.081673
vt 0.203125 0.081673
vt 0.218750 0.081673
vt 0.234375 0.081673
vt 0.250000 0.081673
vt 0.265625 0.081673
vt 0.281250 0.081673
vt 0.296875 0.081673
vt 0.312500 0.081673
vt 0.328125 0.081673
vt 0.343750 0.081673
vt 0.359375 0.081673
vt 0.375000 0.081673
vt 0.390625 0.081673
vt 0.406250 0.081673
vt 0.421875 0.081673
vt 0.437500 0.081673
vt 0.453125 0.081673
vt 0.468750 0.081673
vt 0.484375 0.081673
vt 0.500000 0.081673
vt 0.515625 0.081673
vt 0.531250 0.081673
vt 0.995726 0.000000
vt 0.004274 0.000000
vt 0.000000 0.035000
vt 1.000000 0.035000
vt 0.000000 0.044800
vt 1.000000 0.044800
vt 0.004274 0.079800
vt 0.995726 0.079800
vt 0.004274 0.089600
vt 0.995726 0.089600
s 1
usemtl body
f 1/1/1 5/2/1 6/3/1 2/4/1
f 176/5/2 180/6/3 177/7/3 173/8/2
f 177/7/4 1/9/4 2/10/4 178/6/4
f 178/7/4 2/9/4 3/10/4 179/6/4
f 179/6/4 3/10/4 4/9/4 180/7/4
f 180/6/4 4/10/4 1/9/4 177/7/4
f 2/1/5 6/2/5 7/3/5 3/4/5
f 3/4/6 7/3/6 8/2/6 4/1/6
f 4/4/7 8/3/7 5/2/7 1/1/7
f 5/2/8 9/11/8 10/12/8 6/3/8
f 6/2/9 10/11/9 11/12/9 7/3/9
f 7/3/10 11/12/10 12/11/10 8/2/10
f 8/3/11 12/12/11 9/11/11 5/2/11
f 9/11/12 13/13/12 14/14/12 10/12/12
f 10/11/12 14/13/12 15/14/12 11/12/12
f 11/12/12 15/14/12 16/13/12 12/11/12
f 12/12/12 16/14/12 13/13/12 9/11/12
f 13/13/12 17/15/13 18/16/14 14/14/12
f 14/13/12 18/15/14 19/16/15 15/14/12
f 15/14/12 19/16/15 20/15/16 16/13/12
f 16/14/12 20/16/16 17/15/13 13/13/12
f 17/15/13 21/17/17 22/18/18 18/16/14
f 18/15/14 22/17/18 23/18/19 19/16/15
f 19/16/15 23/18/19 24/17/20 20/15/16
f 20/16/16 24/18/20 21/17/17 17/15/13
f 21/17/17 25/19/21 26/20/22 22/18/18
f 22/17/18 26/19/22 27/20/23 23/18/19
f 23/18/19 27/20/23 28/19/24 24/17/20
f 24/18/20 28/20/24 25/19/21 21/17/17
f 25/19/21 29/21/25 30/22/26 26/20/22
f 26/19/22 30/21/26 31/22/27 27/20/23
f 27/20/23 31/22/27 32/21/28 28/19/24
f 28/20/24 32/22/28 29/21/25 25/19/21
f 29/21/25 33/23/29 34/24/30 30/22/26
f 30/21/26 34/23/30 35/24/31 31/22/27
f 31/22/27 35/24/31 36/23/32 32/21/28
f 32/22/28 36/24/32 33/23/29 29/21/25
f 33/23/29 37/25/33 38/26/33 34/24/30
f 34/23/30 38/25/34 39/26/34 35/24/31
f 35/24/31 39/26/35 40/25/35 36/23/32
f 36/24/32 40/26/36 37/25/36 33/23/29
f 37/25/33 41/27/37 42/28/37 38/26/33
f 38/25/34 42/27/38 43/28/38 39/26/34
f 39/26/35 43/28/39 44/27/39 40/25/35
f 40/26/36 44/28/40 41/27/40 37/25/36
f 41/27/37 45/29/10 46/30/10 42/28/37
f 42/27/38 46/29/11 47/30/11 43/28/38
f 43/28/39 47/30/8 48/29/8 44/27/39
f 44/28/40 48/30/9 45/29/9 41/27/40
f 45/29/10 49/31/41 50/32/41 46/30/10
f 46/29/11 50/31/42 51/32/42 47/30/11
f 47/30/8 51/32/43 52/31/43 48/29/8
f 48/30/9 52/32/44 49/31/44 45/29/9
f 49/31/41 53/33/45 54/34/45 50/32/41
f 50/31/42 54/33/46 55/34/46 51/32/42
f 51/32/43 55/34/47 56/33/47 52/31/43
f 52/32/44 56/34/48 53/33/48 49/31/44
f 53/33/45 57/35/49 58/36/49 54/34/45
f 54/33/46 58/35/50 59/36/50 55/34/46
f 55/34/47 59/36/51 60/35/51 56/33/47
f 56/34/48 60/36/52 57/35/52 53/33/48
f 57/35/49 61/37/53 62/38/53 58/36/49
f 58/35/50 62/37/54 63/38/54 59/36/50
f 59/36/51 63/38/55 64/37/55 60/35/51
f 60/36/52 64/38/56 61/37/56 57/35/52
f 61/37/53 65/39/57 66/40/57 62/38/53
f 62/37/54 66/39/58 67/40/58 63/38/54
f 63/38/55 67/40/59 68/39/59 64/37/55
f 64/38/56 68/40/60 65/39/60 61/37/56
f 65/39/57 69/41/61 70/42/61 66/40/57
f 66/39/58 70/41/62 71/42/62 67/40/58
f 67/40/59 71/42/63 72/41/63 68/39/59
f 68/40/60 72/42/64 69/41/64 65/39/60
f 69/41/61 73/43/65 74/44/65 70/42/61
f 70/41/62 74/43/66 75/44/66 71/42/62
f 71/42/63 75/44/67 76/43/67 72/41/63
f 72/42/64 76/44/68 73/43/68 69/41/64
f 73/43/65 77/45/69 78/46/69 74/44/65
f 74/43/66 78/45/70 79/46/70 75/44/66
f 75/44/67 79/46/71 80/45/71 76/43/67
f 76/44/68 80/46/72 77/45/72 73/43/68
f 77/45/69 81/47/73 82/48/73 78/46/69
f 78/45/70 82/47/74 83/48/74 79/46/70
f 79/46/71 83/48/75 84/47/75 80/45/71
f 80/46/72 84/48/76 81/47/76 77/45/72
f 81/47/73 85/49/77 86/50/77 82/48/73
f 82/47/74 86/49/78 87/50/78 83/48/74
f 83/48/75 87/50/79 88/49/79 84/47/75
f 84/48/76 88/50/80 85/49/80 81/47/76
f 85/49/77 89/51/81 90/52/81 86/50/77
f 86/49/78 90/51/82 91/52/82 87/50/78
f 87/50/79 91/52/83 92/51/83 88/49/79
f 88/50/80 92/52/84 89/51/84 85/49/80
f 89/51/81 93/53/85 94/54/85 90/52/81
f 90/51/82 94/53/86 95/54/86 91/52/82
f 91/52/83 95/54/87 96/53/87 92/51/83
f 92/52/84 96/54/88 93/53/88 89/51/84
f 93/53/85 97/55/89 98/56/89 94/54/85
f 94/53/86 98/55/90 99/56/90 95/54/86
f 95/54/87 99/56/91 100/55/91 96/53/87
f 96/54/88 100/56/3 97/55/3 93/53/88
f 97/55/89 101/57/92 102/58/92 98/56/89
f 98/55/90 102/57/93 103/58/93 99/56/90
f 99/56/91 103/58/94 104/57/94 100/55/91
f 100/56/3 104/58/95 101/57/95 97/55/3
f 101/57/92 105/59/96 106/60/96 102/58/92
f 102/57/93 106/59/97 107/60/97 103/58/93
f 103/58/94 107/60/98 108/59/98 104/57/94
f 104/58/95 108/60/99 105/59/99 101/57/95
f 105/59/96 109/61/100 110/62/101 106/60/96
f 106/59/97 110/61/101 111/62/102 107/60/97
f 107/60/98 111/62/102 112/61/103 108/59/98
f 108/60/99 112/62/103 109/61/100 105/59/99
f 109/61/100 113/63/104 114/64/105 110/62/101
f 110/61/101 114/63/105 115/64/106 111/62/102
f 111/62/102 115/64/106 116/63/107 112/61/103
f 112/62/103 116/64/107 113/63/104 109/61/100
f 113/63/104 117/65/108 118/66/109 114/64/105
f 114/63/105 118/65/109 119/66/110 115/64/106
f 115/64/106 119/66/110 120/65/111 116/63/107
f 116/64/107 120/66/111 117/65/108 113/63/104
f 117/65/108 121/67/112 122/68/113 118/66/109
f 118/65/109 122/67/113 123/68/114 119/66/110
f 119/66/110 123/68/114 124/67/115 120/65/111
f 120/66/111 124/68/115 121/67/112 117/65/108
f 121/67/12 125/69/12 126/70/12 122/68/12
f 122/67/12 126/69/12 127/70/12 123/68/12
f 123/68/12 127/70/12 128/69/12 124/67/12
f 124/68/12 128/70/12 125/69/12 121/67/12
f 125/69/116 129/71/116 130/72/116 126/70/116
f 126/69/117 130/71/117 131/72/117 127/70/117
f 127/70/118 131/72/118 132/71/118 128/69/118
f 128/70/119 132/72/119 129/71/119 125/69/119
f 129/71/120 133/73/121 134/74/121 130/72/120
f 130/71/122 134/73/123 135/74/123 131/72/122
f 131/72/124 135/74/125 136/73/125 132/71/124
f 132/72/126 136/74/127 133/73/127 129/71/126
f 133/73/121 137/75/128 138/76/128 134/74/121
f 134/73/123 138/75/129 139/76/129 135/74/123
f 135/74/125 139/76/130 140/75/130 136/73/125
f 136/74/127 140/76/131 137/75/131 133/73/127
f 137/75/128 141/77/132 142/78/132 138/76/128
f 138/75/129 142/77/133 143/78/133 139/76/129
f 139/76/130 143/78/134 144/77/134 140/75/130
f 140/76/131 144/78/135 141/77/135 137/75/131
f 141/77/132 145/79/136 146/80/137 142/78/132
f 142/77/133 146/79/137 147/80/138 143/78/133
f 143/78/134 147/80/138 148/79/139 144/77/134
f 144/78/135 148/80/139 145/79/136 141/77/135
f 145/79/136 149/81/140 150/82/141 146/80/137
f 146/79/137 150/81/141 151/82/142 147/80/138
f 147/80/138 151/82/142 152/81/143 148/79/139
f 148/80/139 152/82/143 149/81/140 145/79/136
f 149/81/140 153/83/144 154/84/145 150/82/141
f 150/81/141 154/83/145 155/84/146 151/82/142
f 151/82/142 155/84/146 156/83/147 152/81/143
f 152/82/143 156/84/147 153/83/144 149/81/140
f 153/83/144 157/85/148 158/86/149 154/84/145
f 154/83/145 158/85/149 159/86/150 155/84/146
f 155/84/146 159/86/150 160/85/151 156/83/147
f 156/84/147 160/86/151 157/85/148 153/83/144
f 157/85/148 161/87/152 162/88/153 158/86/149
f 158/85/149 162/87/153 163/88/154 159/86/150
f 159/86/150 163/88/154 164/87/155 160/85/151
f 160/86/151 164/88/155 161/87/152 157/85/148
f 161/87/6 165/89/156 166/90/156 162/88/6
f 162/87/7 166/89/157 167/90/157 163/88/7
f 163/88/1 167/90/158 168/89/158 164/87/1
f 164/88/5 168/90/159 165/89/159 161/87/5
f 165/89/156 169/91/160 170/92/160 166/90/156
f 166/89/157 170/91/78 171/92/78 167/90/157
f 167/90/158 171/92/161 172/91/161 168/89/158
f 168/90/159 172/92/80 169/91/80 165/89/159
f 169/91/160 173/8/162 174/5/162 170/92/160
f 170/91/78 174/8/163 175/5/163 171/92/78
f 171/92/161 175/5/164 176/8/164 172/91/161
f 172/92/80 176/5/2 173/8/2 169/91/80
f 173/8/162 177/7/89 178/6/89 174/5/162
f 174/8/163 178/7/90 179/6/90 175/5/163
f 175/5/164 179/6/91 180/7/91 176/8/164
usemtl trim
f 297/93/165 298/94/166 362/95/167 361/96/168
f 298/94/169 299/97/170 363/98/171 362/95/172
f 299/97/170 300/99/173 364/100/174 363/98/171
f 300/99/173 301/101/175 365/102/176 364/100/174
f 301/101/175 302/103/177 366/104/178 365/102/176
f 302/103/177 303/105/179 367/106/180 366/104/178
f 303/105/179 304/107/181 368/108/182 367/106/180
f 304/107/181 305/109/183 369/110/184 368/108/182
f 305/109/183 306/111/185 370/112/186 369/110/184
f 306/111/187 307/113/188 371/114/189 370/112/190
f 307/113/188 308/115/191 372/116/192 371/114/189
f 308/115/191 309/117/193 373/118/194 372/116/192
f 309/117/193 310/119/195 374/120/196 373/118/194
f 310/119/195 311/121/197 375/122/198 374/120/196
f 311/121/197 312/123/199 376/124/200 375/122/198
f 312/123/199 313/125/201 377/126/202 376/124/200
f 313/125/201 314/127/203 378/128/204 377/126/202
f 314/127/205 315/129/206 379/130/207 378/128/208
f 315/129/206 316/131/209 380/132/210 379/130/207
f 316/131/209 317/133/211 381/134/212 380/132/210
f 317/133/211 318/135/213 382/136/214 381/134/212
f 318/135/213 319/137/215 383/138/216 382/136/214
f 319/137/215 320/139/217 384/140/218 383/138/216
f 320/139/217 321/141/219 385/142/220 384/140/218
f 321/141/219 322/143/221 386/144/222 385/142/220
f 322/143/223 323/145/224 387/146/225 386/144/226
f 323/145/224 324/147/227 388/148/228 387/146/225
f 324/147/227 325/149/229 389/150/230 388/148/228
f 325/149/229 262/151/231 326/152/232 389/150/230
f 326/153/232 327/154/233 391/155/234 390/156/235
f 327/154/233 328/157/236 392/158/237 391/155/234
f 328/157/236 329/159/238 393/160/239 392/158/237
f 329/159/238 330/161/240 394/162/241 393/160/239
f 330/161/242 331/163/243 395/164/244 394/162/241
f 331/163/243 332/165/245 396/166/246 395/164/244
f 332/165/245 333/167/247 397/168/248 396/166/246
f 333/167/247 334/169/249 398/170/250 397/168/248
f 334/169/249 335/171/251 399/172/252 398/170/250
f 335/171/251 336/173/253 400/174/254 399/172/252
f 336/173/253 337/175/255 401/176/256 400/174/254
f 337/175/255 338/177/257 402/178/258 401/176/256
f 338/177/259 339/179/260 403/180/261 402/178/258
f 339/179/260 340/181/262 404/182/263 403/180/261
f 340/181/262 341/183/264 405/184/265 404/182/263
f 341/183/264 342/185/266 406/186/267 405/184/265
f 342/185/266 343/187/268 407/188/269 406/186/267
f 343/187/268 344/189/270 408/190/271 407/188/269
f 344/189/270 345/191/272 409/192/273 408/190/271
f 345/191/272 346/193/274 410/194/275 409/192/273
f 346/193/276 347/195/277 411/196/278 410/194/275
f 347/195/277 348/197/279 412/198/280 411/196/278
f 348/197/279 349/199/281 413/200/282 412/198/280
f 349/199/281 350/201/283 414/202/284 413/200/282
f 350/201/283 351/203/285 415/204/286 414/202/284
f 351/203/285 352/205/287 416/206/288 415/204/286
f 352/205/287 353/207/289 417/208/290 416/206/288
f 353/207/289 354/209/291 418/210/292 417/208/290
f 354/209/293 355/211/294 419/212/295 418/210/292
f 355/211/294 356/213/296 420/214/297 419/212/295
f 356/213/296 357/215/298 421/216/299 420/214/297
f 357/215/298 358/217/300 422/218/301 421/216/299
f 358/217/300 359/219/302 423/220/303 422/218/301
f 359/219/302 360/221/304 424/222/305 423/220/303
f 360/221/304 361/96/168 425/223/306 424/222/305
f 361/96/168 362/95/167 426/224/307 425/223/306
f 362/95/172 363/98/171 427/225/308 426/224/307
f 363/98/171 364/100/174 428/226/309 427/225/308
f 364/100/174 365/102/176 429/227/310 428/226/309
f 365/102/176 366/104/178 430/228/311 429/227/310
f 366/104/178 367/106/180 431/229/312 430/228/311
f 367/106/180 368/108/182 432/230/313 431/229/312
f 368/108/182 369/110/184 433/231/314 432/230/313
f 369/110/184 370/112/186 434/232/315 433/231/314
f 370/112/190 371/114/189 435/233/316 434/232/315
f 371/114/189 372/116/192 436/234/317 435/233/316
f 372/116/192 373/118/194 437/235/318 436/234/317
f 373/118/194 374/120/196 438/236/319 437/235/318
f 374/120/196 375/122/198 439/237/320 438/236/319
f 375/122/198 376/124/200 440/238/321 439/237/320
f 376/124/200 377/126/202 441/239/322 440/238/321
f 377/126/202 378/128/204 442/240/323 441/239/322
f 378/128/208 379/130/207 443/241/324 442/240/323
f 379/130/207 380/132/210 444/242/325 443/241/324
f 380/132/210 381/134/212 445/243/326 444/242/325
f 381/134/212 382/136/214 446/244/327 445/243/326
f 382/136/214 383/138/216 447/245/328 446/244/327
f 383/138/216 384/140/218 448/246/329 447/245/328
f 384/140/218 385/142/220 449/247/330 448/246/329
f 385/142/220 386/144/222 450/248/331 449/247/330
f 386/144/226 387/146/225 451/249/332 450/248/331
f 387/146/225 388/148/228 452/250/333 451/249/332
f 388/148/228 389/150/230 453/251/334 452/250/333
f 389/150/230 326/152/232 390/252/235 453/251/334
f 390/156/235 391/155/234 455/253/335 454/254/336
f 391/155/234 392/158/237 456/255/337 455/253/335
f 392/158/237 393/160/239 457/256/338 456/255/337
f 393/160/239 394/162/241 458/257/339 457/256/338
f 394/162/241 395/164/244 459/258/340 458/257/339
f 395/164/244 396/166/246 460/259/341 459/258/340
f 396/166/246 397/168/248 461/260/342 460/259/341
f 397/168/248 398/170/250 462/261/343 461/260/342
f 398/170/250 399/172/252 463/262/344 462/261/343
f 399/172/252 400/174/254 464/263/345 463/262/344
f 400/174/254 401/176/256 465/264/346 464/263/345
f 401/176/256 402/178/258 466/265/347 465/264/346
f 402/178/258 403/180/261 467/266/348 466/265/347
f 403/180/261 404/182/263 468/267/349 467/266/348
f 404/182/263 405/184/265 469/268/350 468/267/349
f 405/184/265 406/186/267 470/269/351 469/268/350
f 406/186/267 407/188/269 471/270/352 470/269/351
f 407/188/269 408/190/271 472/271/353 471/270/352
f 408/190/271 409/192/273 473/272/354 472/271/353
f 409/192/273 410/194/275 474/273/355 473/272/354
f 410/194/275 411/196/278 475/274/356 474/273/355
f 411/196/278 412/198/280 476/275/357 475/274/356
f 412/198/280 413/200/282 477/276/358 476/275/357
f 413/200/282 414/202/284 478/277/359 477/276/358
f 414/202/284 415/204/286 479/278/360 478/277/359
f 415/204/286 416/206/288 480/279/361 479/278/360
f 416/206/288 417/208/290 481/280/362 480/279/361
f 417/208/290 418/210/292 482/281/363 481/280/362
f 418/210/292 419/212/295 483/282/364 482/281/363
f 419/212/295 420/214/297 484/283/365 483/282/364
f 420/214/297 421/216/299 485/284/366 484/283/365
f 421/216/299 422/218/301 486/285/367 485/284/366
f 422/218/301 423/220/303 487/286/368 486/285/367
f 423/220/303 424/222/305 488/287/369 487/286/368
f 424/222/305 425/223/306 489/288/370 488/287/369
f 425/223/306 426/224/307 490/289/371 489/288/370
f 426/224/307 427/225/308 491/290/372 490/289/371
f 427/225/308 428/226/309 492/291/373 491/290/372
f 428/226/309 429/227/310 493/292/374 492/291/373
f 429/227/310 430/228/311 494/293/375 493/292/374
f 430/228/311 431/229/312 495/294/376 494/293/375
f 431/229/312 432/230/313 496/295/377 495/294/376
f 432/230/313 433/231/314 497/296/378 496/295/377
f 433/231/314 434/232/315 498/297/379 497/296/378
f 434/232/315 435/233/316 499/298/380 498/297/379
f 435/233/316 436/234/317 500/299/381 499/298/380
f 436/234/317 437/235/318 501/300/382 500/299/381
f 437/235/318 438/236/319 502/301/383 501/300/382
f 438/236/319 439/237/320 503/302/384 502/301/383
f 439/237/320 440/238/321 504/303/385 503/302/384
f 440/238/321 441/239/322 505/304/386 504/303/385
f 441/239/322 442/240/323 506/305/387 505/304/386
f 442/240/323 443/241/324 507/306/388 506/305/387
f 443/241/324 444/242/325 508/307/389 507/306/388
f 444/242/325 445/243/326 509/308/390 508/307/389
f 445/243/326 446/244/327 510/309/391 509/308/390
f 446/244/327 447/245/328 511/310/392 510/309/391
f 447/245/328 448/246/329 512/311/393 511/310/392
f 448/246/329 449/247/330 513/312/394 512/311/393
f 449/247/330 450/248/331 514/313/395 513/312/394
f 450/248/331 451/249/332 515/314/396 514/313/395
f 451/249/332 452/250/333 516/315/397 515/314/396
f 452/250/333 453/251/334 517/316/398 516/315/397
f 453/251/334 390/252/235 454/317/336 517/316/398
f 454/254/336 455/253/335 519/318/399 518/319/400
f 455/253/335 456/255/337 520/320/401 519/318/399
f 456/255/337 457/256/338 521/321/402 520/320/401
f 457/256/338 458/257/339 522/322/403 521/321/402
f 458/257/339 459/258/340 523/323/404 522/322/403
f 459/258/340 460/259/341 524/324/405 523/323/404
f 460/259/341 461/260/342 525/325/406 524/324/405
f 461/260/342 462/261/343 526/326/407 525/325/406
f 462/261/343 463/262/344 527/327/408 526/326/407
f 463/262/344 464/263/345 528/328/409 527/327/408
f 464/263/345 465/264/346 529/329/410 528/328/409
f 465/264/346 466/265/347 530/330/411 529/329/410
f 466/265/347 467/266/348 531/331/412 530/330/411
f 467/266/348 468/267/349 532/332/413 531/331/412
f 468/267/349 469/268/350 533/333/414 532/332/413
f 469/268/350 470/269/351 534/334/415 533/333/414
f 470/269/351 471/270/352 535/335/416 534/334/415
f 471/270/352 472/271/353 536/336/417 535/335/416
f 472/271/353 473/272/354 537/337/418 536/336/417
f 473/272/354 474/273/355 538/338/419 537/337/418
f 474/273/355 475/274/356 539/339/420 538/338/419
f 475/274/356 476/275/357 540/340/421 539/339/420
f 476/275/357 477/276/358 541/341/422 540/340/421
f 477/276/358 478/277/359 542/342/423 541/341/422
f 478/277/359 479/278/360 543/343/424 542/342/423
f 479/278/360 480/279/361 544/344/425 543/343/424
f 480/279/361 481/280/362 545/345/426 544/344/425
f 481/280/362 482/281/363 546/346/427 545/345/426
f 482/281/363 483/282/364 547/347/428 546/346/427
f 483/282/364 484/283/365 548/348/429 547/347/428
f 484/283/365 485/284/366 549/349/430 548/348/429
f 485/284/366 486/285/367 550/350/431 549/349/430
f 486/285/367 487/286/368 551/351/432 550/350/431
f 487/286/368 488/287/369 552/352/433 551/351/432
f 488/287/369 489/288/370 553/353/434 552/352/433
f 489/288/370 490/289/371 554/354/435 553/353/434
f 490/289/371 491/290/372 555/355/436 554/354/435
f 491/290/372 492/291/373 556/356/437 555/355/436
f 492/291/373 493/292/374 557/357/438 556/356/437
f 493/292/374 494/293/375 558/358/439 557/357/438
f 494/293/375 495/294/376 559/359/440 558/358/439
f 495/294/376 496/295/377 560/360/441 559/359/440
f 496/295/377 497/296/378 561/361/442 560/360/441
f 497/296/378 498/297/379 562/362/443 561/361/442
f 498/297/379 499/298/380 563/363/444 562/362/443
f 499/298/380 500/299/381 564/364/445 563/363/444
f 500/299/381 501/300/382 565/365/446 564/364/445
f 501/300/382 502/301/383 566/366/447 565/365/446
f 502/301/383 503/302/384 567/367/448 566/366/447
f 503/302/384 504/303/385 568/368/449 567/367/448
f 504/303/385 505/304/386 569/369/450 568/368/449
f 505/304/386 506/305/387 570/370/451 569/369/450
f 506/305/387 507/306/388 571/371/452 570/370/451
f 507/306/388 508/307/389 572/372/453 571/371/452
f 508/307/389 509/308/390 573/373/454 572/372/453
f 509/308/390 510/309/391 574/374/455 573/373/454
f 510/309/391 511/310/392 575/375/456 574/374/455
f 511/310/392 512/311/393 576/376/457 575/375/456
f 512/311/393 513/312/394 577/377/458 576/376/457
f 513/312/394 514/313/395 578/378/459 577/377/458
f 514/313/395 515/314/396 579/379/460 578/378/459
f 515/314/396 516/315/397 580/380/461 579/379/460
f 516/315/397 517/316/398 581/381/462 580/380/461
f 517/316/398 454/317/336 518/382/400 581/381/462
f 518/319/400 519/318/399 583/383/463 582/384/464
f 519/318/399 520/320/401 584/385/465 583/383/463
f 520/320/401 521/321/402 585/386/466 584/385/465
f 521/321/402 522/322/403 586/387/467 585/386/466
f 522/322/403 523/323/404 587/388/468 586/387/467
f 523/323/404 524/324/405 588/389/469 587/388/468
f 524/324/405 525/325/406 589/390/470 588/389/469
f 525/325/406 526/326/407 590/391/471 589/390/470
f 526/326/407 527/327/408 591/392/472 590/391/471
f 527/327/408 528/328/409 592/393/473 591/392/472
f 528/328/409 529/329/410 593/394/474 592/393/473
f 529/329/410 530/330/411 594/395/475 593/394/474
f 530/330/411 531/331/412 595/396/476 594/395/475
f 531/331/412 532/332/413 596/397/477 595/396/476
f 532/332/413 533/333/414 597/398/478 596/397/477
f 533/333/414 534/334/415 598/399/479 597/398/478
f 534/334/415 535/335/416 599/400/480 598/399/479
f 535/335/416 536/336/417 600/401/481 599/400/480
f 536/336/417 537/337/418 601/402/482 600/401/481
f 537/337/418 538/338/419 602/403/483 601/402/482
f 538/338/419 539/339/420 603/404/484 602/403/483
f 539/339/420 540/340/421 604/405/485 603/404/484
f 540/340/421 541/341/422 605/406/486 604/405/485
f 541/341/422 542/342/423 606/407/487 605/406/486
f 542/342/423 543/343/424 607/408/488 606/407/487
f 543/343/424 544/344/425 608/409/489 607/408/488
f 544/344/425 545/345/426 609/410/490 608/409/489
f 545/345/426 546/346/427 610/411/491 609/410/490
f 546/346/427 547/347/428 611/412/492 610/411/491
f 547/347/428 548/348/429 612/413/493 611/412/492
f 548/348/429 549/349/430 613/414/494 612/413/493
f 549/349/430 550/350/431 614/415/495 613/414/494
f 550/350/431 551/351/432 615/416/496 614/415/495
f 551/351/432 552/352/433 616/417/497 615/416/496
f 552/352/433 553/353/434 617/418/498 616/417/497
f 553/353/434 554/354/435 618/419/499 617/418/498
f 554/354/435 555/355/436 619/420/500 618/419/499
f 555/355/436 556/356/437 620/421/501 619/420/500
f 556/356/437 557/357/438 621/422/502 620/421/501
f 557/357/438 558/358/439 622/423/503 621/422/502
f 558/358/439 559/359/440 623/424/504 622/423/503
f 559/359/440 560/360/441 624/425/505 623/424/504
f 560/360/441 561/361/442 625/426/506 624/425/505
f 561/361/442 562/362/443 626/427/507 625/426/506
f 562/362/443 563/363/444 627/428/508 626/427/507
f 563/363/444 564/364/445 628/429/509 627/428/508
f 564/364/445 565/365/446 629/430/510 628/429/509
f 565/365/446 566/366/447 630/431/511 629/430/510
f 566/366/447 567/367/448 631/432/512 630/431/511
f 567/367/448 568/368/449 632/433/513 631/432/512
f 568/368/449 569/369/450 633/434/514 632/433/513
f 569/369/450 570/370/451 634/435/515 633/434/514
f 570/370/451 571/371/452 635/436/516 634/435/515
f 571/371/452 572/372/453 636/437/517 635/436/516
f 572/372/453 573/373/454 637/438/518 636/437/517
f 573/373/454 574/374/455 638/439/519 637/438/518
f 574/374/455 575/375/456 639/440/520 638/439/519
f 575/375/456 576/376/457 640/441/521 639/440/520
f 576/376/457 577/377/458 641/442/522 640/441/521
f 577/377/458 578/378/459 642/443/523 641/442/522
f 578/378/459 579/379/460 643/444/524 642/443/523
f 579/379/460 580/380/461 644/445/525 643/444/524
f 580/380/461 581/381/462 645/446/526 644/445/525
f 581/381/462 518/382/400 582/447/464 645/446/526
f 582/384/464 583/383/463 647/448/527 646/449/528
f 583/383/463 584/385/465 648/450/529 647/448/527
f 584/385/465 585/386/466 649/451/530 648/450/529
f 585/386/466 586/387/467 650/452/531 649/451/530
f 586/387/467 587/388/468 651/453/532 650/452/531
f 587/388/468 588/389/469 652/454/533 651/453/532
f 588/389/469 589/390/470 653/455/534 652/454/533
f 589/390/470 590/391/471 654/456/535 653/455/534
f 590/391/471 591/392/472 655/457/536 654/456/535
f 591/392/472 592/393/473 656/458/537 655/457/536
f 592/393/473 593/394/474 657/459/538 656/458/537
f 593/394/474 594/395/475 658/460/539 657/459/538
f 594/395/475 595/396/476 659/461/540 658/460/539
f 595/396/476 596/397/477 660/462/541 659/461/540
f 596/397/477 597/398/478 661/463/542 660/462/541
f 597/398/478 598/399/479 662/464/543 661/463/542
f 598/399/479 599/400/480 663/465/544 662/464/543
f 599/400/480 600/401/481 664/466/545 663/465/544
f 600/401/481 601/402/482 665/467/546 664/466/545
f 601/402/482 602/403/483 666/468/547 665/467/546
f 602/403/483 603/404/484 667/469/548 666/468/547
f 603/404/484 604/405/485 668/470/549 667/469/548
f 604/405/485 605/406/486 669/471/550 668/470/549
f 605/406/486 606/407/487 670/472/551 669/471/550
f 606/407/487 607/408/488 671/473/552 670/472/551
f 607/408/488 608/409/489 672/474/553 671/473/552
f 608/409/489 609/410/490 673/475/554 672/474/553
f 609/410/490 610/411/491 674/476/555 673/475/554
f 610/411/491 611/412/492 675/477/556 674/476/555
f 611/412/492 612/413/493 676/478/557 675/477/556
f 612/413/493 613/414/494 677/479/558 676/478/557
f 613/414/494 614/415/495 678/480/559 677/479/558
f 614/415/495 615/416/496 679/481/560 678/480/559
f 615/416/496 616/417/497 680/482/561 679/481/560
f 616/417/497 617/418/498 681/483/562 680/482/561
f 617/418/498 618/419/499 682/484/563 681/483/562
f 618/419/499 619/420/500 683/485/564 682/484/563
f 619/420/500 620/421/501 684/486/565 683/485/564
f 620/421/501 621/422/502 685/487/566 684/486/565
f 621/422/502 622/423/503 686/488/567 685/487/566
f 622/423/503 623/424/504 687/489/568 686/488/567
f 623/424/504 624/425/505 688/490/569 687/489/568
f 624/425/505 625/426/506 689/491/570 688/490/569
f 625/426/506 626/427/507 690/492/571 689/491/570
f 626/427/507 627/428/508 691/493/572 690/492/571
f 627/428/508 628/429/509 692/494/573 691/493/572
f 628/429/509 629/430/510 693/495/574 692/494/573
f 629/430/510 630/431/511 694/496/575 693/495/574
f 630/431/511 631/432/512 695/497/576 694/496/575
f 631/432/512 632/433/513 696/498/577 695/497/576
f 632/433/513 633/434/514 697/499/578 696/498/577
f 633/434/514 634/435/515 698/500/579 697/499/578
f 634/435/515 635/436/516 699/501/580 698/500/579
f 635/436/516 636/437/517 700/502/581 699/501/580
f 636/437/517 637/438/518 701/503/582 700/502/581
f 637/438/518 638/439/519 702/504/583 701/503/582
f 638/439/519 639/440/520 703/505/584 702/504/583
f 639/440/520 640/441/521 704/506/585 703/505/584
f 640/441/521 641/442/522 705/507/586 704/506/585
f 641/442/522 642/443/523 706/508/587 705/507/586
f 642/443/523 643/444/524 707/509/588 706/508/587
f 643/444/524 644/445/525 708/510/589 707/509/588
f 644/445/525 645/446/526 709/511/590 708/510/589
f 645/446/526 582/447/464 646/512/528 709/511/590
f 646/449/528 647/448/527 711/513/591 710/514/592
f 647/448/527 648/450/529 712/515/593 711/513/591
f 648/450/529 649/451/530 713/516/594 712/515/593
f 649/451/530 650/452/531 714/517/595 713/516/594
f 650/452/531 651/453/532 715/518/596 714/517/595
f 651/453/532 652/454/533 716/519/597 715/518/596
f 652/454/533 653/455/534 717/520/598 716/519/597
f 653/455/534 654/456/535 718/521/599 717/520/598
f 654/456/535 655/457/536 719/522/600 718/521/599
f 655/457/536 656/458/537 720/523/601 719/522/600
f 656/458/537 657/459/538 721/524/602 720/523/601
f 657/459/538 658/460/539 722/525/603 721/524/602
f 658/460/539 659/461/540 723/526/604 722/525/603
f 659/461/540 660/462/541 724/527/605 723/526/604
f 660/462/541 661/463/542 725/528/606 724/527/605
f 661/463/542 662/464/543 726/529/607 725/528/606
f 662/464/543 663/465/544 727/530/608 726/529/607
f 663/465/544 664/466/545 728/531/609 727/530/608
f 664/466/545 665/467/546 729/532/610 728/531/609
f 665/467/546 666/468/547 730/533/611 729/532/610
f 666/468/547 667/469/548 731/534/612 730/533/611
f 667/469/548 668/470/549 732/535/613 731/534/612
f 668/470/549 669/471/550 733/536/614 732/535/613
f 669/471/550 670/472/551 734/537/615 733/536/614
f 670/472/551 671/473/552 735/538/616 734/537/615
f 671/473/552 672/474/553 736/539/617 735/538/616
f 672/474/553 673/475/554 737/540/618 736/539/617
f 673/475/554 674/476/555 738/541/619 737/540/618
f 674/476/555 675/477/556 739/542/620 738/541/619
f 675/477/556 676/478/557 740/543/621 739/542/620
f 676/478/557 677/479/558 741/544/622 740/543/621
f 677/479/558 678/480/559 742/545/623 741/544/622
f 678/480/559 679/481/560 743/546/624 742/545/623
f 679/481/560 680/482/561 744/547/625 743/546/624
f 680/482/561 681/483/562 745/548/626 744/547/625
f 681/483/562 682/484/563 746/549/627 745/548/626
f 682/484/563 683/485/564 747/550/628 746/549/627
f 683/485/564 684/486/565 748/551/629 747/550/628
f 684/486/565 685/487/566 749/552/630 748/551/629
f 685/487/566 686/488/567 750/553/631 749/552/630
f 686/488/567 687/489/568 751/554/632 750/553/631
f 687/489/568 688/490/569 752/555/633 751/554/632
f 688/490/569 689/491/570 753/556/634 752/555/633
f 689/491/570 690/492/571 754/557/635 753/556/634
f 690/492/571 691/493/572 755/558/636 754/557/635
f 691/493/572 692/494/573 756/559/637 755/558/636
f 692/494/573 693/495/574 757/560/638 756/559/637
f 693/495/574 694/496/575 758/561/639 757/560/638
f 694/496/575 695/497/576 759/562/640 758/561/639
f 695/497/576 696/498/577 760/563/641 759/562/640
f 696/498/577 697/499/578 761/564/642 760/563/641
f 697/499/578 698/500/579 762/565/643 761/564/642
f 698/500/579 699/501/580 763/566/644 762/565/643
f 699/501/580 700/502/581 764/567/645 763/566/644
f 700/502/581 701/503/582 765/568/646 764/567/645
f 701/503/582 702/504/583 766/569/647 765/568/646
f 702/504/583 703/505/584 767/570/648 766/569/647
f 703/505/584 704/506/585 768/571/649 767/570/648
f 704/506/585 705/507/586 769/572/650 768/571/649
f 705/507/586 706/508/587 770/573/651 769/572/650
f 706/508/587 707/509/588 771/574/652 770/573/651
f 707/509/588 708/510/589 772/575/653 771/574/652
f 708/510/589 709/511/590 773/576/654 772/575/653
f 709/511/590 646/512/528 710/577/592 773/576/654
f 710/514/592 711/513/591 775/578/655 774/579/656
f 711/513/591 712/515/593 776/580/657 775/578/655
f 712/515/593 713/516/594 777/581/658 776/580/657
f 713/516/659 714/517/660 778/582/660 777/581/659
f 714/517/660 715/518/661 779/583/661 778/582/660
f 715/518/596 716/519/597 780/584/662 779/583/663
f 716/519/597 717/520/598 781/585/664 780/584/662
f 717/520/598 718/521/599 782/586/665 781/585/664
f 718/521/599 719/522/600 783/587/666 782/586/665
f 719/522/600 720/523/601 784/588/667 783/587/666
f 720/523/601 721/524/602 785/589/668 784/588/667
f 721/524/669 722/525/670 786/590/670 785/589/669
f 722/525/670 723/526/671 787/591/671 786/590/670
f 723/526/604 724/527/605 788/592/672 787/591/673
f 724/527/605 725/528/606 789/593/674 788/592/672
f 725/528/606 726/529/607 790/594/675 789/593/674
f 726/529/607 727/530/608 791/595/676 790/594/675
f 727/530/608 728/531/609 792/596/677 791/595/676
f 728/531/609 729/532/610 793/597/678 792/596/677
f 729/532/679 730/533/680 794/598/681 793/597/679
f 730/533/680 731/534/682 795/599/682 794/598/681
f 731/534/612 732/535/613 796/600/683 795/599/684
f 732/535/613 733/536/614 797/601/685 796/600/683
f 733/536/614 734/537/615 798/602/686 797/601/685
f 734/537/615 735/538/616 799/603/687 798/602/686
f 735/538/616 736/539/617 800/604/688 799/603/687
f 736/539/617 737/540/618 801/605/689 800/604/688
f 737/540/690 738/541/691 802/606/692 801/605/690
f 738/541/691 739/542/693 803/607/693 802/606/692
f 739/542/620 740/543/621 804/608/694 803/607/695
f 740/543/621 741/544/622 805/609/696 804/608/694
f 741/544/622 742/545/623 806/610/697 805/609/696
f 742/545/623 743/546/624 807/611/698 806/610/697
f 743/546/624 744/547/625 808/612/699 807/611/698
f 744/547/625 745/548/626 809/613/700 808/612/699
f 745/548/701 746/549/702 810/614/702 809/613/701
f 746/549/702 747/550/703 811/615/703 810/614/702
f 747/550/628 748/551/629 812/616/704 811/615/705
f 748/551/629 749/552/630 813/617/706 812/616/704
f 749/552/630 750/553/631 814/618/707 813/617/706
f 750/553/631 751/554/632 815/619/708 814/618/707
f 751/554/632 752/555/633 816/620/709 815/619/708
f 752/555/633 753/556/634 817/621/710 816/620/709
f 753/556/711 754/557/712 818/622/713 817/621/711
f 754/557/712 755/558/714 819/623/714 818/622/713
f 755/558/636 756/559/637 820/624/715 819/623/716
f 756/559/637 757/560/638 821/625/717 820/624/715
f 757/560/638 758/561/639 822/626/718 821/625/717
f 758/561/639 759/562/640 823/627/719 822/626/718
f 759/562/640 760/563/641 824/628/720 823/627/719
f 760/563/641 761/564/642 825/629/721 824/628/720
f 761/564/722 762/565/723 826/630/723 825/629/722
f 762/565/723 763/566/724 827/631/724 826/630/723
f 763/566/644 764/567/645 828/632/725 827/631/726
f 764/567/645 765/568/646 829/633/727 828/632/725
f 765/568/646 766/569/647 830/634/728 829/633/727
f 766/569/647 767/570/648 831/635/729 830/634/728
f 767/570/648 768/571/649 832/636/730 831/635/729
f 768/571/649 769/572/650 833/637/731 832/636/730
f 769/572/732 770/573/733 834/638/733 833/637/732
f 770/573/733 771/574/734 835/639/734 834/638/733
f 771/574/652 772/575/653 836/640/735 835/639/736
f 772/575/653 773/576/654 837/641/737 836/640/735
f 773/576/654 710/577/592 774/642/656 837/641/737
f 774/579/738 775/578/739 839/643/740 838/644/741
f 775/578/739 776/580/742 840/645/743 839/643/740
f 776/580/742 777/581/744 841/646/745 840/645/743
f 777/581/744 778/582/746 842/647/747 841/646/745
f 778/582/746 779/583/748 843/648/749 842/647/747
f 779/583/748 780/584/750 844/649/751 843/648/749
f 780/584/750 781/585/752 845/650/753 844/649/751
f 781/585/752 782/586/754 846/651/755 845/650/753
f 782/586/754 783/587/756 847/652/757 846/651/755
f 783/587/756 784/588/758 848/653/759 847/652/757
f 784/588/758 785/589/760 849/654/761 848/653/759
f 785/589/760 786/590/762 850/655/763 849/654/761
f 786/590/762 787/591/764 851/656/765 850/655/763
f 787/591/764 788/592/766 852/657/767 851/656/765
f 788/592/766 789/593/768 853/658/769 852/657/767
f 789/593/768 790/594/770 854/659/771 853/658/769
f 790/594/770 791/595/772 855/660/773 854/659/771
f 791/595/772 792/596/774 856/661/775 855/660/773
f 792/596/774 793/597/776 857/662/777 856/661/775
f 793/597/776 794/598/778 858/663/779 857/662/777
f 794/598/778 795/599/780 859/664/781 858/663/779
f 795/599/780 796/600/782 860/665/783 859/664/781
f 796/600/782 797/601/784 861/666/785 860/665/783
f 797/601/784 798/602/786 862/667/787 861/666/785
f 798/602/786 799/603/788 863/668/789 862/667/787
f 799/603/788 800/604/790 864/669/791 863/668/789
f 800/604/790 801/605/792 865/670/793 864/669/791
f 801/605/792 802/606/794 866/671/795 865/670/793
f 802/606/794 803/607/796 867/672/797 866/671/795
f 803/607/796 804/608/798 868/673/799 867/672/797
f 804/608/798 805/609/800 869/674/801 868/673/799
f 805/609/800 806/610/802 870/675/803 869/674/801
f 806/610/802 807/611/804 871/676/805 870/675/803
f 807/611/804 808/612/806 872/677/807 871/676/805
f 808/612/806 809/613/808 873/678/809 872/677/807
f 809/613/808 810/614/810 874/679/811 873/678/809
f 810/614/810 811/615/812 875/680/813 874/679/811
f 811/615/812 812/616/814 876/681/815 875/680/813
f 812/616/814 813/617/816 877/682/817 876/681/815
f 813/617/816 814/618/818 878/683/819 877/682/817
f 814/618/818 815/619/820 879/684/821 878/683/819
f 815/619/820 816/620/822 880/685/823 879/684/821
f 816/620/822 817/621/824 881/686/825 880/685/823
f 817/621/824 818/622/826 882/687/827 881/686/825
f 818/622/826 819/623/828 883/688/829 882/687/827
f 819/623/828 820/624/830 884/689/831 883/688/829
f 820/624/830 821/625/832 885/690/833 884/689/831
f 821/625/832 822/626/834 886/691/835 885/690/833
f 822/626/834 823/627/836 887/692/837 886/691/835
f 823/627/836 824/628/838 888/693/839 887/692/837
f 824/628/838 825/629/840 889/694/841 888/693/839
f 825/629/840 826/630/842 890/695/843 889/694/841
f 826/630/842 827/631/844 891/696/845 890/695/843
f 827/631/844 828/632/846 892/697/847 891/696/845
f 828/632/846 829/633/848 893/698/849 892/697/847
f 829/633/848 830/634/850 894/699/851 893/698/849
f 830/634/850 831/635/852 895/700/853 894/699/851
f 831/635/852 832/636/854 896/701/855 895/700/853
f 832/636/854 833/637/856 897/702/857 896/701/855
f 833/637/856 834/638/858 898/703/859 897/702/857
f 834/638/858 835/639/860 899/704/861 898/703/859
f 835/639/860 836/640/862 900/705/863 899/704/861
f 836/640/862 837/641/864 901/706/865 900/705/863
f 837/641/864 774/642/738 838/707/741 901/706/865
f 838/644/741 839/643/740 903/708/866 902/709/867
f 839/643/740 840/645/743 904/710/868 903/708/866
f 840/645/743 841/646/745 905/711/869 904/710/868
f 841/646/745 842/647/747 906/712/870 905/711/869
f 842/647/747 843/648/749 907/713/871 906/712/870
f 843/648/749 844/649/751 908/714/872 907/713/871
f 844/649/751 845/650/753 909/715/873 908/714/872
f 845/650/753 846/651/755 910/716/874 909/715/873
f 846/651/755 847/652/757 911/717/875 910/716/874
f 847/652/757 848/653/759 912/718/876 911/717/875
f 848/653/759 849/654/761 913/719/877 912/718/876
f 849/654/761 850/655/763 914/720/878 913/719/877
f 850/655/763 851/656/765 915/721/879 914/720/878
f 851/656/765 852/657/767 916/722/880 915/721/879
f 852/657/767 853/658/769 917/723/881 916/722/880
f 853/658/769 854/659/771 918/724/882 917/723/881
f 854/659/771 855/660/773 919/725/883 918/724/882
f 855/660/773 856/661/775 920/726/884 919/725/883
f 856/661/775 857/662/777 921/727/885 920/726/884
f 857/662/777 858/663/779 922/728/886 921/727/885
f 858/663/779 859/664/781 923/729/887 922/728/886
f 859/664/781 860/665/783 924/730/888 923/729/887
f 860/665/783 861/666/785 925/731/889 924/730/888
f 861/666/785 862/667/787 926/732/890 925/731/889
f 862/667/787 863/668/789 927/733/891 926/732/890
f 863/668/789 864/669/791 928/734/892 927/733/891
f 864/669/791 865/670/793 929/735/893 928/734/892
f 865/670/793 866/671/795 930/736/894 929/735/893
f 866/671/795 867/672/797 931/737/895 930/736/894
f 867/672/797 868/673/799 932/738/896 931/737/895
f 868/673/799 869/674/801 933/739/897 932/738/896
f 869/674/801 870/675/803 934/740/898 933/739/897
f 870/675/803 871/676/805 935/741/899 934/740/898
f 871/676/805 872/677/807 936/742/900 935/741/899
f 872/677/807 873/678/809 937/743/901 936/742/900
f 873/678/809 874/679/811 938/744/902 937/743/901
f 874/679/811 875/680/813 939/745/903 938/744/902
f 875/680/813 876/681/815 940/746/904 939/745/903
f 876/681/815 877/682/817 941/747/905 940/746/904
f 877/682/817 878/683/819 942/748/906 941/747/905
f 878/683/819 879/684/821 943/749/907 942/748/906
f 879/684/821 880/685/823 944/750/908 943/749/907
f 880/685/823 881/686/825 945/751/909 944/750/908
f 881/686/825 882/687/827 946/752/910 945/751/909
f 882/687/827 883/688/829 947/753/911 946/752/910
f 883/688/829 884/689/831 948/754/912 947/753/911
f 884/689/831 885/690/833 949/755/913 948/754/912
f 885/690/833 886/691/835 950/756/914 949/755/913
f 886/691/835 887/692/837 951/757/915 950/756/914
f 887/692/837 888/693/839 952/758/916 951/757/915
f 888/693/839 889/694/841 953/759/917 952/758/916
f 889/694/841 890/695/843 954/760/918 953/759/917
f 890/695/843 891/696/845 955/761/919 954/760/918
f 891/696/845 892/697/847 956/762/920 955/761/919
f 892/697/847 893/698/849 957/763/921 956/762/920
f 893/698/849 894/699/851 958/764/922 957/763/921
f 894/699/851 895/700/853 959/765/923 958/764/922
f 895/700/853 896/701/855 960/766/924 959/765/923
f 896/701/855 897/702/857 961/767/925 960/766/924
f 897/702/857 898/703/859 962/768/926 961/767/925
f 898/703/859 899/704/861 963/769/927 962/768/926
f 899/704/861 900/705/863 964/770/928 963/769/927
f 900/705/863 901/706/865 965/771/929 964/770/928
f 901/706/865 838/707/741 902/772/867 965/771/929
f 902/709/867 903/708/866 967/773/930 966/774/931
f 903/708/866 904/710/868 968/775/932 967/773/930
f 904/710/868 905/711/869 969/776/933 968/775/932
f 905/711/869 906/712/870 970/777/934 969/776/933
f 906/712/870 907/713/871 971/778/935 970/777/934
f 907/713/871 908/714/872 972/779/936 971/778/935
f 908/714/872 909/715/873 973/780/937 972/779/936
f 909/715/873 910/716/874 974/781/938 973/780/937
f 910/716/874 911/717/875 975/782/939 974/781/938
f 911/717/875 912/718/876 976/783/940 975/782/939
f 912/718/876 913/719/877 977/784/941 976/783/940
f 913/719/877 914/720/878 978/785/942 977/784/941
f 914/720/878 915/721/879 979/786/943 978/785/942
f 915/721/879 916/722/880 980/787/944 979/786/943
f 916/722/880 917/723/881 981/788/945 980/787/944
f 917/723/881 918/724/882 982/789/946 981/788/945
f 918/724/882 919/725/883 983/790/947 982/789/946
f 919/725/883 920/726/884 984/791/948 983/790/947
f 920/726/884 921/727/885 985/792/949 984/791/948
f 921/727/885 922/728/886 986/793/950 985/792/949
f 922/728/886 923/729/887 987/794/951 986/793/950
f 923/729/887 924/730/888 988/795/952 987/794/951
f 924/730/888 925/731/889 989/796/953 988/795/952
f 925/731/889 926/732/890 990/797/954 989/796/953
f 926/732/890 927/733/891 991/798/955 990/797/954
f 927/733/891 928/734/892 992/799/956 991/798/955
f 928/734/892 929/735/893 993/800/957 992/799/956
f 929/735/893 930/736/894 994/801/958 993/800/957
f 930/736/894 931/737/895 995/802/959 994/801/958
f 931/737/895 932/738/896 996/803/960 995/802/959
f 932/738/896 933/739/897 997/804/961 996/803/960
f 933/739/897 934/740/898 998/805/962 997/804/961
f 934/740/898 935/741/899 999/806/963 998/805/962
f 935/741/899 936/742/900 1000/807/964 999/806/963
f 936/742/900 937/743/901 1001/808/965 1000/807/964
f 937/743/901 938/744/902 1002/809/966 1001/808/965
f 938/744/902 939/745/903 1003/810/967 1002/809/966
f 939/745/903 940/746/904 1004/811/968 1003/810/967
f 940/746/904 941/747/905 1005/812/969 1004/811/968
f 941/747/905 942/748/906 1006/813/970 1005/812/969
f 942/748/906 943/749/907 1007/814/971 1006/813/970
f 943/749/907 944/750/908 1008/815/972 1007/814/971
f 944/750/908 945/751/909 1009/816/973 1008/815/972
f 945/751/909 946/752/910 1010/817/974 1009/816/973
f 946/752/910 947/753/911 1011/818/975 1010/817/974
f 947/753/911 948/754/912 1012/819/976 1011/818/975
f 948/754/912 949/755/913 1013/820/977 1012/819/976
f 949/755/913 950/756/914 1014/821/978 1013/820/977
f 950/756/914 951/757/915 1015/822/979 1014/821/978
f 951/757/915 952/758/916 1016/823/980 1015/822/979
f 952/758/916 953/759/917 1017/824/981 1016/823/980
f 953/759/917 954/760/918 1018/825/982 1017/824/981
f 954/760/918 955/761/919 1019/826/983 1018/825/982
f 955/761/919 956/762/920 1020/827/984 1019/826/983
f 956/762/920 957/763/921 1021/828/985 1020/827/984
f 957/763/921 958/764/922 1022/829/986 1021/828/985
f 958/764/922 959/765/923 1023/830/987 1022/829/986
f 959/765/923 960/766/924 1024/831/988 1023/830/987
f 960/766/924 961/767/925 1025/832/989 1024/831/988
f 961/767/925 962/768/926 1026/833/990 1025/832/989
f 962/768/926 963/769/927 1027/834/991 1026/833/990
f 963/769/927 964/770/928 1028/835/992 1027/834/991
f 964/770/928 965/771/929 1029/836/993 1028/835/992
f 965/771/929 902/772/867 966/837/931 1029/836/993
f 966/774/931 967/773/930 1031/838/994 1030/839/995
f 967/773/930 968/775/932 1032/840/996 1031/838/994
f 968/775/932 969/776/933 1033/841/997 1032/840/996
f 969/776/933 970/777/934 1034/842/998 1033/841/997
f 970/777/934 971/778/935 1035/843/999 1034/842/998
f 971/778/935 972/779/936 1036/844/1000 1035/843/999
f 972/779/936 973/780/937 1037/845/1001 1036/844/1000
f 973/780/937 974/781/938 1038/846/1002 1037/845/1001
f 974/781/938 975/782/939 1039/847/1003 1038/846/1002
f 975/782/939 976/783/940 1040/848/1004 1039/847/1003
f 976/783/940 977/784/941 1041/849/1005 1040/848/1004
f 977/784/941 978/785/942 1042/850/1006 1041/849/1005
f 978/785/942 979/786/943 1043/851/1007 1042/850/1006
f 979/786/943 980/787/944 1044/852/1008 1043/851/1007
f 980/787/944 981/788/945 1045/853/1009 1044/852/1008
f 981/788/945 982/789/946 1046/854/1010 1045/853/1009
f 982/789/946 983/790/947 1047/855/1011 1046/854/1010
f 983/790/947 984/791/948 1048/856/1012 1047/855/1011
f 984/791/948 985/792/949 1049/857/1013 1048/856/1012
f 985/792/949 986/793/950 1050/858/1014 1049/857/1013
f 986/793/950 987/794/951 1051/859/1015 1050/858/1014
f 987/794/951 988/795/952 1052/860/1016 1051/859/1015
f 988/795/952 989/796/953 1053/861/1017 1052/860/1016
f 989/796/953 990/797/954 1054/862/1018 1053/861/1017
f 990/797/954 991/798/955 1055/863/1019 1054/862/1018
f 991/798/955 992/799/956 1056/864/1020 1055/863/1019
f 992/799/956 993/800/957 1057/865/1021 1056/864/1020
f 993/800/957 994/801/958 1058/866/1022 1057/865/1021
f 994/801/958 995/802/959 1059/867/1023 1058/866/1022
f 995/802/959 996/803/960 1060/868/1024 1059/867/1023
f 996/803/960 997/804/961 1061/869/1025 1060/868/1024
f 997/804/961 998/805/962 1062/870/1026 1061/869/1025
f 998/805/962 999/806/963 1063/871/1027 1062/870/1026
f 999/806/963 1000/807/964 1064/872/1028 1063/871/1027
f 1000/807/964 1001/808/965 1065/873/1029 1064/872/1028
f 1001/808/965 1002/809/966 1066/874/1030 1065/873/1029
f 1002/809/966 1003/810/967 1067/875/1031 1066/874/1030
f 1003/810/967 1004/811/968 1068/876/1032 1067/875/1031
f 1004/811/968 1005/812/969 1069/877/1033 1068/876/1032
f 1005/812/969 1006/813/970 1070/878/1034 1069/877/1033
f 1006/813/970 1007/814/971 1071/879/1035 1070/878/1034
f 1007/814/971 1008/815/972 1072/880/1036 1071/879/1035
f 1008/815/972 1009/816/973 1073/881/1037 1072/880/1036
f 1009/816/973 1010/817/974 1074/882/1038 1073/881/1037
f 1010/817/974 1011/818/975 1075/883/1039 1074/882/1038
f 1011/818/975 1012/819/976 1076/884/1040 1075/883/1039
f 1012/819/976 1013/820/977 1077/885/1041 1076/884/1040
f 1013/820/977 1014/821/978 1078/886/1042 1077/885/1041
f 1014/821/978 1015/822/979 1079/887/1043 1078/886/1042
f 1015/822/979 1016/823/980 1080/888/1044 1079/887/1043
f 1016/823/980 1017/824/981 1081/889/1045 1080/888/1044
f 1017/824/981 1018/825/982 1082/890/1046 1081/889/1045
f 1018/825/982 1019/826/983 1083/891/1047 1082/890/1046
f 1019/826/983 1020/827/984 1084/892/1048 1083/891/1047
f 1020/827/984 1021/828/985 1085/893/1049 1084/892/1048
f 1021/828/985 1022/829/986 1086/894/1050 1085/893/1049
f 1022/829/986 1023/830/987 1087/895/1051 1086/894/1050
f 1023/830/987 1024/831/988 1088/896/1052 1087/895/1051
f 1024/831/988 1025/832/989 1089/897/1053 1088/896/1052
f 1025/832/989 1026/833/990 1090/898/1054 1089/897/1053
f 1026/833/990 1027/834/991 1091/899/1055 1090/898/1054
f 1027/834/991 1028/835/992 1092/900/1056 1091/899/1055
f 1028/835/992 1029/836/993 1093/901/1057 1092/900/1056
f 1029/836/993 966/837/931 1030/902/995 1093/901/1057
f 1030/839/995 1031/838/994 1095/903/1058 1094/904/1059
f 1031/838/994 1032/840/996 1096/905/1060 1095/903/1058
f 1032/840/996 1033/841/997 1097/906/1061 1096/905/1060
f 1033/841/997 1034/842/998 1098/907/1062 1097/906/1061
f 1034/842/998 1035/843/999 1099/908/1063 1098/907/1062
f 1035/843/999 1036/844/1000 1100/909/1064 1099/908/1063
f 1036/844/1000 1037/845/1001 1101/910/1065 1100/909/1064
f 1037/845/1001 1038/846/1002 1102/911/1066 1101/910/1065
f 1038/846/1002 1039/847/1003 1103/912/1067 1102/911/1066
f 1039/847/1003 1040/848/1004 1104/913/1068 1103/912/1067
f 1040/848/1004 1041/849/1005 1105/914/1069 1104/913/1068
f 1041/849/1005 1042/850/1006 1106/915/1070 1105/914/1069
f 1042/850/1006 1043/851/1007 1107/916/1071 1106/915/1070
f 1043/851/1007 1044/852/1008 1108/917/1072 1107/916/1071
f 1044/852/1008 1045/853/1009 1109/918/1073 1108/917/1072
f 1045/853/1009 1046/854/1010 1110/919/1074 1109/918/1073
f 1046/854/1010 1047/855/1011 1111/920/1075 1110/919/1074
f 1047/855/1011 1048/856/1012 1112/921/1076 1111/920/1075
f 1048/856/1012 1049/857/1013 1113/922/1077 1112/921/1076
f 1049/857/1013 1050/858/1014 1114/923/1078 1113/922/1077
f 1050/858/1014 1051/859/1015 1115/924/1079 1114/923/1078
f 1051/859/1015 1052/860/1016 1116/925/1080 1115/924/1079
f 1052/860/1016 1053/861/1017 1117/926/1081 1116/925/1080
f 1053/861/1017 1054/862/1018 1118/927/1082 1117/926/1081
f 1054/862/1018 1055/863/1019 1119/928/1083 1118/927/1082
f 1055/863/1019 1056/864/1020 1120/929/1084 1119/928/1083
f 1056/864/1020 1057/865/1021 1121/930/1085 1120/929/1084
f 1057/865/1021 1058/866/1022 1122/931/1086 1121/930/1085
f 1058/866/1022 1059/867/1023 1123/932/1087 1122/931/1086
f 1059/867/1023 1060/868/1024 1124/933/1088 1123/932/1087
f 1060/868/1024 1061/869/1025 1125/934/1089 1124/933/1088
f 1061/869/1025 1062/870/1026 1126/935/1090 1125/934/1089
f 1062/870/1026 1063/871/1027 1127/936/1091 1126/935/1090
f 1063/871/1027 1064/872/1028 1128/937/1092 1127/936/1091
f 1064/872/1028 1065/873/1029 1129/938/1093 1128/937/1092
f 1065/873/1029 1066/874/1030 1130/939/1094 1129/938/1093
f 1066/874/1030 1067/875/1031 1131/940/1095 1130/939/1094
f 1067/875/1031 1068/876/1032 1132/941/1096 1131/940/1095
f 1068/876/1032 1069/877/1033 1133/942/1097 1132/941/1096
f 1069/877/1033 1070/878/1034 1134/943/1098 1133/942/1097
f 1070/878/1034 1071/879/1035 1135/944/1099 1134/943/1098
f 1071/879/1035 1072/880/1036 1136/945/1100 1135/944/1099
f 1072/880/1036 1073/881/1037 1137/946/1101 1136/945/1100
f 1073/881/1037 1074/882/1038 1138/947/1102 1137/946/1101
f 1074/882/1038 1075/883/1039 1139/948/1103 1138/947/1102
f 1075/883/1039 1076/884/1040 1140/949/1104 1139/948/1103
f 1076/884/1040 1077/885/1041 1141/950/1105 1140/949/1104
f 1077/885/1041 1078/886/1042 1142/951/1106 1141/950/1105
f 1078/886/1042 1079/887/1043 1143/952/1107 1142/951/1106
f 1079/887/1043 1080/888/1044 1144/953/1108 1143/952/1107
f 1080/888/1044 1081/889/1045 1145/954/1109 1144/953/1108
f 1081/889/1045 1082/890/1046 1146/955/1110 1145/954/1109
f 1082/890/1046 1083/891/1047 1147/956/1111 1146/955/1110
f 1083/891/1047 1084/892/1048 1148/957/1112 1147/956/1111
f 1084/892/1048 1085/893/1049 1149/958/1113 1148/957/1112
f 1085/893/1049 1086/894/1050 1150/959/1114 1149/958/1113
f 1086/894/1050 1087/895/1051 1151/960/1115 1150/959/1114
f 1087/895/1051 1088/896/1052 1152/961/1116 1151/960/1115
f 1088/896/1052 1089/897/1053 1153/962/1117 1152/961/1116
f 1089/897/1053 1090/898/1054 1154/963/1118 1153/962/1117
f 1090/898/1054 1091/899/1055 1155/964/1119 1154/963/1118
f 1091/899/1055 1092/900/1056 1156/965/1120 1155/964/1119
f 1092/900/1056 1093/901/1057 1157/966/1121 1156/965/1120
f 1093/901/1057 1030/902/995 1094/967/1059 1157/966/1121
f 1094/904/1059 1095/903/1058 1158/968/12
f 1095/903/1058 1096/905/1060 1158/969/12
f 1096/905/1060 1097/906/1061 1158/970/12
f 1097/906/1061 1098/907/1062 1158/971/12
f 1098/907/1062 1099/908/1063 1158/972/12
f 1099/908/1063 1100/909/1064 1158/973/12
f 1100/909/1064 1101/910/1065 1158/974/12
f 1101/910/1065 1102/911/1066 1158/975/12
f 1102/911/1066 1103/912/1067 1158/976/12
f 1103/912/1067 1104/913/1068 1158/977/12
f 1104/913/1068 1105/914/1069 1158/978/12
f 1105/914/1069 1106/915/1070 1158/979/12
f 1106/915/1070 1107/916/1071 1158/980/12
f 1107/916/1071 1108/917/1072 1158/981/12
f 1108/917/1072 1109/918/1073 1158/982/12
f 1109/918/1073 1110/919/1074 1158/983/12
f 1110/919/1074 1111/920/1075 1158/984/12
f 1111/920/1075 1112/921/1076 1158/985/12
f 1112/921/1076 1113/922/1077 1158/986/12
f 1113/922/1077 1114/923/1078 1158/987/12
f 1114/923/1078 1115/924/1079 1158/988/12
f 1115/924/1079 1116/925/1080 1158/989/12
f 1116/925/1080 1117/926/1081 1158/990/12
f 1117/926/1081 1118/927/1082 1158/991/12
f 1118/927/1082 1119/928/1083 1158/992/12
f 1119/928/1083 1120/929/1084 1158/993/12
f 1120/929/1084 1121/930/1085 1158/994/12
f 1121/930/1085 1122/931/1086 1158/995/12
f 1122/931/1086 1123/932/1087 1158/996/12
f 1123/932/1087 1124/933/1088 1158/997/12
f 1124/933/1088 1125/934/1089 1158/998/12
f 1125/934/1089 1126/935/1090 1158/999/12
f 1126/935/1090 1127/936/1091 1158/1000/12
f 1127/936/1091 1128/937/1092 1158/1001/12
f 1128/937/1092 1129/938/1093 1158/1002/12
f 1129/938/1093 1130/939/1094 1158/1003/12
f 1130/939/1094 1131/940/1095 1158/1004/12
f 1131/940/1095 1132/941/1096 1158/1005/12
f 1132/941/1096 1133/942/1097 1158/1006/12
f 1133/942/1097 1134/943/1098 1158/1007/12
f 1134/943/1098 1135/944/1099 1158/1008/12
f 1135/944/1099 1136/945/1100 1158/1009/12
f 1136/945/1100 1137/946/1101 1158/1010/12
f 1137/946/1101 1138/947/1102 1158/1011/12
f 1138/947/1102 1139/948/1103 1158/1012/12
f 1139/948/1103 1140/949/1104 1158/1013/12
f 1140/949/1104 1141/950/1105 1158/1014/12
f 1141/950/1105 1142/951/1106 1158/1015/12
f 1142/951/1106 1143/952/1107 1158/1016/12
f 1143/952/1107 1144/953/1108 1158/1017/12
f 1144/953/1108 1145/954/1109 1158/1018/12
f 1145/954/1109 1146/955/1110 1158/1019/12
f 1146/955/1110 1147/956/1111 1158/1020/12
f 1147/956/1111 1148/957/1112 1158/1021/12
f 1148/957/1112 1149/958/1113 1158/1022/12
f 1149/958/1113 1150/959/1114 1158/1023/12
f 1150/959/1114 1151/960/1115 1158/1024/12
f 1151/960/1115 1152/961/1116 1158/1025/12
f 1152/961/1116 1153/962/1117 1158/1026/12
f 1153/962/1117 1154/963/1118 1158/1027/12
f 1154/963/1118 1155/964/1119 1158/1028/12
f 1155/964/1119 1156/965/1120 1158/1029/12
f 1156/965/1120 1157/966/1121 1158/1030/12
f 1157/966/1121 1094/967/1059 1158/1031/12
f 1159/1032/4 1161/1033/4 1160/1034/4
f 1159/1035/4 1162/1036/4 1161/1033/4
f 1159/1037/4 1163/1038/4 1162/1036/4
f 1159/1039/4 1164/1040/4 1163/1038/4
f 1159/1041/4 1165/1042/4 1164/1040/4
f 1159/1043/4 1166/1044/4 1165/1042/4
f 1159/1045/4 1167/1046/4 1166/1044/4
f 1159/1047/4 1168/1048/4 1167/1046/4
f 1159/1049/4 1169/1050/4 1168/1048/4
f 1159/1051/4 1170/1052/4 1169/1050/4
f 1159/1053/4 1171/1054/4 1170/1052/4
f 1159/1055/4 1172/1056/4 1171/1054/4
f 1159/1057/4 1173/1058/4 1172/1056/4
f 1159/1059/4 1174/1060/4 1173/1058/4
f 1159/1061/4 1175/1062/4 1174/1060/4
f 1159/1063/4 1176/1064/4 1175/1062/4
f 1159/1065/4 1177/1066/4 1176/1064/4
f 1159/1067/4 1178/1068/4 1177/1066/4
f 1159/1069/4 1179/1070/4 1178/1068/4
f 1159/1071/4 1180/1072/4 1179/1070/4
f 1159/1073/4 1181/1074/4 1180/1072/4
f 1159/1075/4 1182/1076/4 1181/1074/4
f 1159/1077/4 1183/1078/4 1182/1076/4
f 1159/1079/4 1184/1080/4 1183/1078/4
f 1159/1081/4 1185/1082/4 1184/1080/4
f 1159/1083/4 1186/1084/4 1185/1082/4
f 1159/1085/4 1187/1086/4 1186/1084/4
f 1159/1087/4 1188/1088/4 1187/1086/4
f 1159/1089/4 1189/1090/4 1188/1088/4
f 1159/1091/4 1190/1092/4 1189/1090/4
f 1159/1093/4 1191/1094/4 1190/1092/4
f 1159/1095/4 1192/1096/4 1191/1094/4
f 1159/1097/4 1193/1098/4 1192/1096/4
f 1159/1099/4 1194/1100/4 1193/1098/4
f 1159/1101/4 1195/1102/4 1194/1100/4
f 1159/1103/4 1196/1104/4 1195/1102/4
f 1159/1105/4 1197/1106/4 1196/1104/4
f 1159/1107/4 1198/1108/4 1197/1106/4
f 1159/1109/4 1199/1110/4 1198/1108/4
f 1159/1111/4 1200/1112/4 1199/1110/4
f 1159/1113/4 1201/1114/4 1200/1112/4
f 1159/1115/4 1202/1116/4 1201/1114/4
f 1159/1117/4 1203/1118/4 1202/1116/4
f 1159/1119/4 1204/1120/4 1203/1118/4
f 1159/1121/4 1205/1122/4 1204/1120/4
f 1159/1123/4 1206/1124/4 1205/1122/4
f 1159/1125/4 1207/1126/4 1206/1124/4
f 1159/1127/4 1208/1128/4 1207/1126/4
f 1159/1129/4 1209/1130/4 1208/1128/4
f 1159/1131/4 1210/1132/4 1209/1130/4
f 1159/1133/4 1211/1134/4 1210/1132/4
f 1159/1135/4 1212/1136/4 1211/1134/4
f 1159/1137/4 1213/1138/4 1212/1136/4
f 1159/1139/4 1214/1140/4 1213/1138/4
f 1159/1141/4 1215/1142/4 1214/1140/4
f 1159/1143/4 1216/1144/4 1215/1142/4
f 1159/1145/4 1217/1146/4 1216/1144/4
f 1159/1147/4 1218/1148/4 1217/1146/4
f 1159/1149/4 1219/1150/4 1218/1148/4
f 1159/1151/4 1220/1152/4 1219/1150/4
f 1159/1153/4 1221/1154/4 1220/1152/4
f 1159/1155/4 1222/1156/4 1221/1154/4
f 1159/1157/4 1223/1158/4 1222/1156/4
f 1159/1159/4 1160/1160/4 1223/1158/4
f 1160/1034/5 1161/1033/1122 1225/1161/1123 1224/1162/231
f 1161/1033/1122 1162/1036/1124 1226/1163/1125 1225/1161/1123
f 1162/1036/1124 1163/1038/1126 1227/1164/1127 1226/1163/1125
f 1163/1038/1126 1164/1040/1128 1228/1165/1129 1227/1164/1127
f 1164/1040/1130 1165/1042/1131 1229/1166/1132 1228/1165/1133
f 1165/1042/1131 1166/1044/1134 1230/1167/1135 1229/1166/1132
f 1166/1044/1134 1167/1046/1136 1231/1168/1137 1230/1167/1135
f 1167/1046/1136 1168/1048/1138 1232/1169/1139 1231/1168/1137
f 1168/1048/1138 1169/1050/1140 1233/1170/1141 1232/1169/1139
f 1169/1050/1140 1170/1052/1142 1234/1171/1143 1233/1170/1141
f 1170/1052/1142 1171/1054/1144 1235/1172/1145 1234/1171/1143
f 1171/1054/1144 1172/1056/1146 1236/1173/1147 1235/1172/1145
f 1172/1056/1148 1173/1058/1149 1237/1174/1150 1236/1173/1151
f 1173/1058/1149 1174/1060/1152 1238/1175/1153 1237/1174/1150
f 1174/1060/1152 1175/1062/1154 1239/1176/1155 1238/1175/1153
f 1175/1062/1154 1176/1064/6 1240/1177/1156 1239/1176/1155
f 1176/1064/6 1177/1066/1157 1241/1178/1158 1240/1177/1156
f 1177/1066/1157 1178/1068/1159 1242/1179/1160 1241/1178/1158
f 1178/1068/1159 1179/1070/1161 1243/1180/1162 1242/1179/1160
f 1179/1070/1161 1180/1072/1163 1244/1181/1164 1243/1180/1162
f 1180/1072/1165 1181/1074/1166 1245/1182/1167 1244/1181/1168
f 1181/1074/1166 1182/1076/1169 1246/1183/1170 1245/1182/1167
f 1182/1076/1169 1183/1078/1171 1247/1184/1172 1246/1183/1170
f 1183/1078/1171 1184/1080/1173 1248/1185/1174 1247/1184/1172
f 1184/1080/1173 1185/1082/1175 1249/1186/1176 1248/1185/1174
f 1185/1082/1175 1186/1084/1177 1250/1187/1178 1249/1186/1176
f 1186/1084/1177 1187/1086/1179 1251/1188/1180 1250/1187/1178
f 1187/1086/1179 1188/1088/1181 1252/1189/1182 1251/1188/1180
f 1188/1088/1183 1189/1090/1184 1253/1190/1185 1252/1189/1186
f 1189/1090/1184 1190/1092/1187 1254/1191/1188 1253/1190/1185
f 1190/1092/1187 1191/1094/1189 1255/1192/1190 1254/1191/1188
f 1191/1094/1189 1192/1096/7 1256/1193/1191 1255/1192/1190
f 1192/1096/7 1193/1098/1192 1257/1194/1193 1256/1193/1191
f 1193/1098/1192 1194/1100/1194 1258/1195/1195 1257/1194/1193
f 1194/1100/1194 1195/1102/1196 1259/93/165 1258/1195/1195
f 1195/1102/1196 1196/1104/1197 1260/94/1198 1259/93/165
f 1196/1104/1199 1197/1106/1200 1261/97/170 1260/94/169
f 1197/1106/1200 1198/1108/1201 1262/99/173 1261/97/170
f 1198/1108/1201 1199/1110/1202 1263/101/175 1262/99/173
f 1199/1110/1202 1200/1112/1203 1264/103/177 1263/101/175
f 1200/1112/1203 1201/1114/1204 1265/105/179 1264/103/177
f 1201/1114/1204 1202/1116/1205 1266/107/181 1265/105/179
f 1202/1116/1205 1203/1118/1206 1267/109/183 1266/107/181
f 1203/1118/1206 1204/1120/1207 1268/111/185 1267/109/183
f 1204/1120/1208 1205/1122/1209 1269/113/188 1268/111/187
f 1205/1122/1209 1206/1124/1210 1270/115/191 1269/113/188
f 1206/1124/1210 1207/1126/1211 1271/117/193 1270/115/191
f 1207/1126/1211 1208/1128/1 1272/119/195 1271/117/193
f 1208/1128/1 1209/1130/1212 1273/121/197 1272/119/195
f 1209/1130/1212 1210/1132/1213 1274/123/199 1273/121/197
f 1210/1132/1213 1211/1134/1214 1275/125/201 1274/123/199
f 1211/1134/1214 1212/1136/1215 1276/127/203 1275/125/201
f 1212/1136/1216 1213/1138/1217 1277/129/206 1276/127/205
f 1213/1138/1217 1214/1140/1218 1278/131/1219 1277/129/206
f 1214/1140/1218 1215/1142/1220 1279/133/211 1278/131/1219
f 1215/1142/1220 1216/1144/1221 1280/135/213 1279/133/211
f 1216/1144/1221 1217/1146/1222 1281/137/215 1280/135/213
f 1217/1146/1222 1218/1148/1223 1282/139/217 1281/137/215
f 1218/1148/1223 1219/1150/1224 1283/141/219 1282/139/217
f 1219/1150/1224 1220/1152/1225 1284/143/221 1283/141/219
f 1220/1152/1226 1221/1154/1227 1285/145/224 1284/143/1228
f 1221/1154/1227 1222/1156/1229 1286/147/227 1285/145/224
f 1222/1156/1229 1223/1158/1230 1287/149/1231 1286/147/227
f 1223/1158/1230 1160/1160/5 1224/151/231 1287/149/1231
f 1224/1162/231 1225/1161/1123 1289/154/233 1288/153/232
f 1225/1161/1123 1226/1163/1125 1290/157/236 1289/154/233
f 1226/1163/1125 1227/1164/1127 1291/159/238 1290/157/236
f 1227/1164/1127 1228/1165/1129 1292/161/240 1291/159/238
f 1228/1165/1133 1229/1166/1132 1293/163/243 1292/161/242
f 1229/1166/1132 1230/1167/1135 1294/165/245 1293/163/243
f 1230/1167/1135 1231/1168/1137 1295/167/247 1294/165/245
f 1231/1168/1137 1232/1169/1139 1296/169/249 1295/167/247
f 1232/1169/1139 1233/1170/1141 1297/171/251 1296/169/249
f 1233/1170/1141 1234/1171/1143 1298/173/253 1297/171/251
f 1234/1171/1143 1235/1172/1145 1299/175/255 1298/173/253
f 1235/1172/1145 1236/1173/1147 1300/177/257 1299/175/255
f 1236/1173/1151 1237/1174/1150 1301/179/260 1300/177/259
f 1237/1174/1150 1238/1175/1153 1302/181/262 1301/179/260
f 1238/1175/1153 1239/1176/1155 1303/183/1232 1302/181/262
f 1239/1176/1155 1240/1177/1156 1304/185/266 1303/183/1232
f 1240/1177/1156 1241/1178/1158 1305/187/268 1304/185/266
f 1241/1178/1158 1242/1179/1160 1306/189/270 1305/187/268
f 1242/1179/1160 1243/1180/1162 1307/191/272 1306/189/270
f 1243/1180/1162 1244/1181/1164 1308/193/274 1307/191/272
f 1244/1181/1168 1245/1182/1167 1309/195/277 1308/193/276
f 1245/1182/1167 1246/1183/1170 1310/197/279 1309/195/277
f 1246/1183/1170 1247/1184/1172 1311/199/1233 1310/197/279
f 1247/1184/1172 1248/1185/1174 1312/201/1234 1311/199/1233
f 1248/1185/1174 1249/1186/1176 1313/203/285 1312/201/1234
f 1249/1186/1176 1250/1187/1178 1314/205/287 1313/203/285
f 1250/1187/1178 1251/1188/1180 1315/207/289 1314/205/287
f 1251/1188/1180 1252/1189/1182 1316/209/291 1315/207/289
f 1252/1189/1186 1253/1190/1185 1317/211/1235 1316/209/293
f 1253/1190/1185 1254/1191/1188 1318/213/296 1317/211/1235
f 1254/1191/1188 1255/1192/1190 1319/215/1236 1318/213/296
f 1255/1192/1190 1256/1193/1191 1320/217/300 1319/215/1236
f 1256/1193/1191 1257/1194/1193 1321/219/1237 1320/217/300
f 1257/1194/1193 1258/1195/1195 1322/221/304 1321/219/1237
f 1258/1195/1195 1259/93/165 1323/96/168 1322/221/304
f 1259/93/165 1260/94/1198 1324/95/167 1323/96/168
f 1260/94/169 1261/97/170 1325/98/171 1324/95/172
f 1261/97/170 1262/99/173 1326/100/174 1325/98/171
f 1262/99/173 1263/101/175 1327/102/176 1326/100/174
f 1263/101/175 1264/103/177 1328/104/178 1327/102/176
f 1264/103/177 1265/105/179 1329/106/180 1328/104/178
f 1265/105/179 1266/107/181 1330/108/182 1329/106/180
f 1266/107/181 1267/109/183 1331/110/184 1330/108/182
f 1267/109/183 1268/111/185 1332/112/186 1331/110/184
f 1268/111/187 1269/113/188 1333/114/189 1332/112/190
f 1269/113/188 1270/115/191 1334/116/192 1333/114/189
f 1270/115/191 1271/117/193 1335/118/194 1334/116/192
f 1271/117/193 1272/119/195 1336/120/196 1335/118/194
f 1272/119/195 1273/121/197 1337/122/198 1336/120/196
f 1273/121/197 1274/123/199 1338/124/1238 1337/122/198
f 1274/123/199 1275/125/201 1339/126/202 1338/124/1238
f 1275/125/201 1276/127/203 1340/128/204 1339/126/202
f 1276/127/205 1277/129/206 1341/130/207 1340/128/208
f 1277/129/206 1278/131/1219 1342/132/210 1341/130/207
f 1278/131/1219 1279/133/211 1343/134/212 1342/132/210
f 1279/133/211 1280/135/213 1344/136/1239 1343/134/212
f 1280/135/213 1281/137/215 1345/138/216 1344/136/1239
f 1281/137/215 1282/139/217 1346/140/1240 1345/138/216
f 1282/139/217 1283/141/219 1347/142/220 1346/140/1240
f 1283/141/219 1284/143/221 1348/144/222 1347/142/220
f 1284/143/1228 1285/145/224 1349/146/225 1348/144/226
f 1285/145/224 1286/147/227 1350/148/228 1349/146/225
f 1286/147/227 1287/149/1231 1351/150/230 1350/148/228
f 1287/149/1231 1224/151/231 1288/152/232 1351/150/230
f 1288/153/232 1289/154/233 1353/155/234 1352/156/235
f 1289/154/233 1290/157/236 1354/158/237 1353/155/234
f 1290/157/236 1291/159/238 1355/160/239 1354/158/237
f 1291/159/238 1292/161/240 1356/162/241 1355/160/239
f 1292/161/242 1293/163/243 1357/164/244 1356/162/241
f 1293/163/243 1294/165/245 1358/166/246 1357/164/244
f 1294/165/245 1295/167/247 1359/168/248 1358/166/246
f 1295/167/247 1296/169/249 1360/170/250 1359/168/248
f 1296/169/249 1297/171/251 1361/172/252 1360/170/250
f 1297/171/251 1298/173/253 1362/174/254 1361/172/252
f 1298/173/253 1299/175/255 1363/176/256 1362/174/254
f 1299/175/255 1300/177/257 1364/178/258 1363/176/256
f 1300/177/259 1301/179/260 1365/180/261 1364/178/258
f 1301/179/260 1302/181/262 1366/182/263 1365/180/261
f 1302/181/262 1303/183/1232 1367/184/265 1366/182/263
f 1303/183/1232 1304/185/266 1368/186/267 1367/184/265
f 1304/185/266 1305/187/268 1369/188/269 1368/186/267
f 1305/187/268 1306/189/270 1370/190/271 1369/188/269
f 1306/189/270 1307/191/272 1371/192/273 1370/190/271
f 1307/191/272 1308/193/274 1372/194/275 1371/192/273
f 1308/193/276 1309/195/277 1373/196/278 1372/194/275
f 1309/195/277 1310/197/279 1374/198/280 1373/196/278
f 1310/197/279 1311/199/1233 1375/200/282 1374/198/280
f 1311/199/1233 1312/201/1234 1376/202/284 1375/200/282
f 1312/201/1234 1313/203/285 1377/204/286 1376/202/284
f 1313/203/285 1314/205/287 1378/206/288 1377/204/286
f 1314/205/287 1315/207/289 1379/208/290 1378/206/288
f 1315/207/289 1316/209/291 1380/210/292 1379/208/290
f 1316/209/293 1317/211/1235 1381/212/295 1380/210/292
f 1317/211/1235 1318/213/296 1382/214/297 1381/212/295
f 1318/213/296 1319/215/1236 1383/216/299 1382/214/297
f 1319/215/1236 1320/217/300 1384/218/301 1383/216/299
f 1320/217/300 1321/219/1237 1385/220/303 1384/218/301
f 1321/219/1237 1322/221/304 1386/222/305 1385/220/303
f 1322/221/304 1323/96/168 1387/223/306 1386/222/305
f 1323/96/168 1324/95/167 1388/224/307 1387/223/306
f 1324/95/172 1325/98/171 1389/225/308 1388/224/307
f 1325/98/171 1326/100/174 1390/226/309 1389/225/308
f 1326/100/174 1327/102/176 1391/227/310 1390/226/309
f 1327/102/176 1328/104/178 1392/228/311 1391/227/310
f 1328/104/178 1329/106/180 1393/229/312 1392/228/311
f 1329/106/180 1330/108/182 1394/230/313 1393/229/312
f 1330/108/182 1331/110/184 1395/231/314 1394/230/313
f 1331/110/184 1332/112/186 1396/232/315 1395/231/314
f 1332/112/190 1333/114/189 1397/233/316 1396/232/315
f 1333/114/189 1334/116/192 1398/234/317 1397/233/316
f 1334/116/192 1335/118/194 1399/235/318 1398/234/317
f 1335/118/194 1336/120/196 1400/236/319 1399/235/318
f 1336/120/196 1337/122/198 1401/237/320 1400/236/319
f 1337/122/198 1338/124/1238 1402/238/321 1401/237/320
f 1338/124/1238 1339/126/202 1403/239/322 1402/238/321
f 1339/126/202 1340/128/204 1404/240/323 1403/239/322
f 1340/128/208 1341/130/207 1405/241/324 1404/240/323
f 1341/130/207 1342/132/210 1406/242/325 1405/241/324
f 1342/132/210 1343/134/212 1407/243/326 1406/242/325
f 1343/134/212 1344/136/1239 1408/244/327 1407/243/326
f 1344/136/1239 1345/138/216 1409/245/328 1408/244/327
f 1345/138/216 1346/140/1240 1410/246/329 1409/245/328
f 1346/140/1240 1347/142/220 1411/247/330 1410/246/329
f 1347/142/220 1348/144/222 1412/248/331 1411/247/330
f 1348/144/226 1349/146/225 1413/249/332 1412/248/331
f 1349/146/225 1350/148/228 1414/250/333 1413/249/332
f 1350/148/228 1351/150/230 1415/251/334 1414/250/333
f 1351/150/230 1288/152/232 1352/252/235 1415/251/334
f 1352/156/235 1353/155/234 1417/253/335 1416/254/336
f 1353/155/234 1354/158/237 1418/255/337 1417/253/335
f 1354/158/237 1355/160/239 1419/256/338 1418/255/337
f 1355/160/239 1356/162/241 1420/257/339 1419/256/338
f 1356/162/241 1357/164/244 1421/258/340 1420/257/339
f 1357/164/244 1358/166/246 1422/259/341 1421/258/340
f 1358/166/246 1359/168/248 1423/260/342 1422/259/341
f 1359/168/248 1360/170/250 1424/261/343 1423/260/342
f 1360/170/250 1361/172/252 1425/262/344 1424/261/343
f 1361/172/252 1362/174/254 1426/263/345 1425/262/344
f 1362/174/254 1363/176/256 1427/264/346 1426/263/345
f 1363/176/256 1364/178/258 1428/265/347 1427/264/346
f 1364/178/258 1365/180/261 1429/266/348 1428/265/347
f 1365/180/261 1366/182/263 1430/267/1241 1429/266/348
f 1366/182/263 1367/184/265 1431/268/1242 1430/267/1241
f 1367/184/265 1368/186/267 1432/269/351 1431/268/1242
f 1368/186/267 1369/188/269 1433/270/352 1432/269/351
f 1369/188/269 1370/190/271 1434/271/353 1433/270/352
f 1370/190/271 1371/192/273 1435/272/354 1434/271/353
f 1371/192/273 1372/194/275 1436/273/355 1435/272/354
f 1372/194/275 1373/196/278 1437/274/356 1436/273/355
f 1373/196/278 1374/198/280 1438/275/357 1437/274/356
f 1374/198/280 1375/200/282 1439/276/1243 1438/275/357
f 1375/200/282 1376/202/284 1440/277/359 1439/276/1243
f 1376/202/284 1377/204/286 1441/278/1244 1440/277/359
f 1377/204/286 1378/206/288 1442/279/361 1441/278/1244
f 1378/206/288 1379/208/290 1443/280/362 1442/279/361
f 1379/208/290 1380/210/292 1444/281/363 1443/280/362
f 1380/210/292 1381/212/295 1445/282/364 1444/281/363
f 1381/212/295 1382/214/297 1446/283/1245 1445/282/364
f 1382/214/297 1383/216/299 1447/284/366 1446/283/1245
f 1383/216/299 1384/218/301 1448/285/367 1447/284/366
f 1384/218/301 1385/220/303 1449/286/368 1448/285/367
f 1385/220/303 1386/222/305 1450/287/1246 1449/286/368
f 1386/222/305 1387/223/306 1451/288/370 1450/287/1246
f 1387/223/306 1388/224/307 1452/289/371 1451/288/370
f 1388/224/307 1389/225/308 1453/290/372 1452/289/371
f 1389/225/308 1390/226/309 1454/291/373 1453/290/372
f 1390/226/309 1391/227/310 1455/292/374 1454/291/373
f 1391/227/310 1392/228/311 1456/293/375 1455/292/374
f 1392/228/311 1393/229/312 1457/294/1247 1456/293/375
f 1393/229/312 1394/230/313 1458/295/377 1457/294/1247
f 1394/230/313 1395/231/314 1459/296/378 1458/295/377
f 1395/231/314 1396/232/315 1460/297/379 1459/296/378
f 1396/232/315 1397/233/316 1461/298/380 1460/297/379
f 1397/233/316 1398/234/317 1462/299/1248 1461/298/380
f 1398/234/317 1399/235/318 1463/300/382 1462/299/1248
f 1399/235/318 1400/236/319 1464/301/383 1463/300/382
f 1400/236/319 1401/237/320 1465/302/384 1464/301/383
f 1401/237/320 1402/238/321 1466/303/385 1465/302/384
f 1402/238/321 1403/239/322 1467/304/386 1466/303/385
f 1403/239/322 1404/240/323 1468/305/387 1467/304/386
f 1404/240/323 1405/241/324 1469/306/388 1468/305/387
f 1405/241/324 1406/242/325 1470/307/389 1469/306/388
f 1406/242/325 1407/243/326 1471/308/1249 1470/307/389
f 1407/243/326 1408/244/327 1472/309/1250 1471/308/1249
f 1408/244/327 1409/245/328 1473/310/392 1472/309/1250
f 1409/245/328 1410/246/329 1474/311/393 1473/310/392
f 1410/246/329 1411/247/330 1475/312/394 1474/311/393
f 1411/247/330 1412/248/331 1476/313/395 1475/312/394
f 1412/248/331 1413/249/332 1477/314/396 1476/313/395
f 1413/249/332 1414/250/333 1478/315/397 1477/314/396
f 1414/250/333 1415/251/334 1479/316/398 1478/315/397
f 1415/251/334 1352/252/235 1416/317/336 1479/316/398
f 1416/254/336 1417/253/335 1481/318/1251 1480/319/400
f 1417/253/335 1418/255/337 1482/320/401 1481/318/1251
f 1418/255/337 1419/256/338 1483/321/402 1482/320/401
f 1419/256/338 1420/257/339 1484/322/403 1483/321/402
f 1420/257/339 1421/258/340 1485/323/404 1484/322/403
f 1421/258/340 1422/259/341 1486/324/405 1485/323/404
f 1422/259/341 1423/260/342 1487/325/406 1486/324/405
f 1423/260/342 1424/261/343 1488/326/1252 1487/325/406
f 1424/261/343 1425/262/344 1489/327/1253 1488/326/1252
f 1425/262/344 1426/263/345 1490/328/409 1489/327/1253
f 1426/263/345 1427/264/346 1491/329/410 1490/328/409
f 1427/264/346 1428/265/347 1492/330/411 1491/329/410
f 1428/265/347 1429/266/348 1493/331/412 1492/330/411
f 1429/266/348 1430/267/1241 1494/332/413 1493/331/412
f 1430/267/1241 1431/268/1242 1495/333/1254 1494/332/413
f 1431/268/1242 1432/269/351 1496/334/415 1495/333/1254
f 1432/269/351 1433/270/352 1497/335/1255 1496/334/415
f 1433/270/352 1434/271/353 1498/336/417 1497/335/1255
f 1434/271/353 1435/272/354 1499/337/418 1498/336/417
f 1435/272/354 1436/273/355 1500/338/419 1499/337/418
f 1436/273/355 1437/274/356 1501/339/420 1500/338/419
f 1437/274/356 1438/275/357 1502/340/421 1501/339/420
f 1438/275/357 1439/276/1243 1503/341/422 1502/340/421
f 1439/276/1243 1440/277/359 1504/342/1256 1503/341/422
f 1440/277/359 1441/278/1244 1505/343/1257 1504/342/1256
f 1441/278/1244 1442/279/361 1506/344/425 1505/343/1257
f 1442/279/361 1443/280/362 1507/345/426 1506/344/425
f 1443/280/362 1444/281/363 1508/346/427 1507/345/426
f 1444/281/363 1445/282/364 1509/347/1258 1508/346/427
f 1445/282/364 1446/283/1245 1510/348/429 1509/347/1258
f 1446/283/1245 1447/284/366 1511/349/430 1510/348/429
f 1447/284/366 1448/285/367 1512/350/431 1511/349/430
f 1448/285/367 1449/286/368 1513/351/432 1512/350/431
f 1449/286/368 1450/287/1246 1514/352/433 1513/351/432
f 1450/287/1246 1451/288/370 1515/353/1259 1514/352/433
f 1451/288/370 1452/289/371 1516/354/435 1515/353/1259
f 1452/289/371 1453/290/372 1517/355/436 1516/354/435
f 1453/290/372 1454/291/373 1518/356/1260 1517/355/436
f 1454/291/373 1455/292/374 1519/357/438 1518/356/1260
f 1455/292/374 1456/293/375 1520/358/1261 1519/357/438
f 1456/293/375 1457/294/1247 1521/359/440 1520/358/1261
f 1457/294/1247 1458/295/377 1522/360/441 1521/359/440
f 1458/295/377 1459/296/378 1523/361/1262 1522/360/441
f 1459/296/378 1460/297/379 1524/362/443 1523/361/1262
f 1460/297/379 1461/298/380 1525/363/444 1524/362/443
f 1461/298/380 1462/299/1248 1526/364/445 1525/363/444
f 1462/299/1248 1463/300/382 1527/365/446 1526/364/445
f 1463/300/382 1464/301/383 1528/366/447 1527/365/446
f 1464/301/383 1465/302/384 1529/367/1263 1528/366/447
f 1465/302/384 1466/303/385 1530/368/449 1529/367/1263
f 1466/303/385 1467/304/386 1531/369/450 1530/368/449
f 1467/304/386 1468/305/387 1532/370/451 1531/369/450
f 1468/305/387 1469/306/388 1533/371/452 1532/370/451
f 1469/306/388 1470/307/389 1534/372/453 1533/371/452
f 1470/307/389 1471/308/1249 1535/373/1264 1534/372/453
f 1471/308/1249 1472/309/1250 1536/374/455 1535/373/1264
f 1472/309/1250 1473/310/392 1537/375/456 1536/374/455
f 1473/310/392 1474/311/393 1538/376/457 1537/375/456
f 1474/311/393 1475/312/394 1539/377/458 1538/376/457
f 1475/312/394 1476/313/395 1540/378/459 1539/377/458
f 1476/313/395 1477/314/396 1541/379/460 1540/378/459
f 1477/314/396 1478/315/397 1542/380/461 1541/379/460
f 1478/315/397 1479/316/398 1543/381/462 1542/380/461
f 1479/316/398 1416/317/336 1480/382/400 1543/381/462
f 1480/319/400 1481/318/1251 1545/383/463 1544/384/464
f 1481/318/1251 1482/320/401 1546/385/465 1545/383/463
f 1482/320/401 1483/321/402 1547/386/466 1546/385/465
f 1483/321/402 1484/322/403 1548/387/467 1547/386/466
f 1484/322/403 1485/323/404 1549/388/468 1548/387/467
f 1485/323/404 1486/324/405 1550/389/469 1549/388/468
f 1486/324/405 1487/325/406 1551/390/470 1550/389/469
f 1487/325/406 1488/326/1252 1552/391/471 1551/390/470
f 1488/326/1252 1489/327/1253 1553/392/472 1552/391/471
f 1489/327/1253 1490/328/409 1554/393/473 1553/392/472
f 1490/328/409 1491/329/410 1555/394/474 1554/393/473
f 1491/329/410 1492/330/411 1556/395/475 1555/394/474
f 1492/330/411 1493/331/412 1557/396/476 1556/395/475
f 1493/331/412 1494/332/413 1558/397/477 1557/396/476
f 1494/332/413 1495/333/1254 1559/398/1265 1558/397/477
f 1495/333/1254 1496/334/415 1560/399/479 1559/398/1265
f 1496/334/415 1497/335/1255 1561/400/480 1560/399/479
f 1497/335/1255 1498/336/417 1562/401/1266 1561/400/480
f 1498/336/417 1499/337/418 1563/402/482 1562/401/1266
f 1499/337/418 1500/338/419 1564/403/483 1563/402/482
f 1500/338/419 1501/339/420 1565/404/484 1564/403/483
f 1501/339/420 1502/340/421 1566/405/485 1565/404/484
f 1502/340/421 1503/341/422 1567/406/486 1566/405/485
f 1503/341/422 1504/342/1256 1568/407/487 1567/406/486
f 1504/342/1256 1505/343/1257 1569/408/488 1568/407/487
f 1505/343/1257 1506/344/425 1570/409/489 1569/408/488
f 1506/344/425 1507/345/426 1571/410/490 1570/409/489
f 1507/345/426 1508/346/427 1572/411/491 1571/410/490
f 1508/346/427 1509/347/1258 1573/412/492 1572/411/491
f 1509/347/1258 1510/348/429 1574/413/493 1573/412/492
f 1510/348/429 1511/349/430 1575/414/1267 1574/413/493
f 1511/349/430 1512/350/431 1576/415/495 1575/414/1267
f 1512/350/431 1513/351/432 1577/416/1268 1576/415/495
f 1513/351/432 1514/352/433 1578/417/497 1577/416/1268
f 1514/352/433 1515/353/1259 1579/418/498 1578/417/497
f 1515/353/1259 1516/354/435 1580/419/499 1579/418/498
f 1516/354/435 1517/355/436 1581/420/500 1580/419/499
f 1517/355/436 1518/356/1260 1582/421/501 1581/420/500
f 1518/356/1260 1519/357/438 1583/422/502 1582/421/501
f 1519/357/438 1520/358/1261 1584/423/503 1583/422/502
f 1520/358/1261 1521/359/440 1585/424/1269 1584/423/503
f 1521/359/440 1522/360/441 1586/425/505 1585/424/1269
f 1522/360/441 1523/361/1262 1587/426/506 1586/425/505
f 1523/361/1262 1524/362/443 1588/427/507 1587/426/506
f 1524/362/443 1525/363/444 1589/428/508 1588/427/507
f 1525/363/444 1526/364/445 1590/429/509 1589/428/508
f 1526/364/445 1527/365/446 1591/430/1270 1590/429/509
f 1527/365/446 1528/366/447 1592/431/511 1591/430/1270
f 1528/366/447 1529/367/1263 1593/432/512 1592/431/511
f 1529/367/1263 1530/368/449 1594/433/513 1593/432/512
f 1530/368/449 1531/369/450 1595/434/514 1594/433/513
f 1531/369/450 1532/370/451 1596/435/515 1595/434/514
f 1532/370/451 1533/371/452 1597/436/516 1596/435/515
f 1533/371/452 1534/372/453 1598/437/517 1597/436/516
f 1534/372/453 1535/373/1264 1599/438/518 1598/437/517
f 1535/373/1264 1536/374/455 1600/439/519 1599/438/518
f 1536/374/455 1537/375/456 1601/440/520 1600/439/519
f 1537/375/456 1538/376/457 1602/441/1271 1601/440/520
f 1538/376/457 1539/377/458 1603/442/522 1602/441/1271
f 1539/377/458 1540/378/459 1604/443/523 1603/442/522
f 1540/378/459 1541/379/460 1605/444/524 1604/443/523
f 1541/379/460 1542/380/461 1606/445/525 1605/444/524
f 1542/380/461 1543/381/462 1607/446/526 1606/445/525
f 1543/381/462 1480/382/400 1544/447/464 1607/446/526
f 1544/384/464 1545/383/463 1609/448/527 1608/449/528
f 1545/383/463 1546/385/465 1610/450/529 1609/448/527
f 1546/385/465 1547/386/466 1611/451/530 1610/450/529
f 1547/386/466 1548/387/467 1612/452/531 1611/451/530
f 1548/387/467 1549/388/468 1613/453/532 1612/452/531
f 1549/388/468 1550/389/469 1614/454/533 1613/453/532
f 1550/389/469 1551/390/470 1615/455/534 1614/454/533
f 1551/390/470 1552/391/471 1616/456/535 1615/455/534
f 1552/391/471 1553/392/472 1617/457/536 1616/456/535
f 1553/392/472 1554/393/473 1618/458/537 1617/457/536
f 1554/393/473 1555/394/474 1619/459/538 1618/458/537
f 1555/394/474 1556/395/475 1620/460/539 1619/459/538
f 1556/395/475 1557/396/476 1621/461/540 1620/460/539
f 1557/396/476 1558/397/477 1622/462/541 1621/461/540
f 1558/397/477 1559/398/1265 1623/463/542 1622/462/541
f 1559/398/1265 1560/399/479 1624/464/543 1623/463/542
f 1560/399/479 1561/400/480 1625/465/544 1624/464/543
f 1561/400/480 1562/401/1266 1626/466/545 1625/465/544
f 1562/401/1266 1563/402/482 1627/467/546 1626/466/545
f 1563/402/482 1564/403/483 1628/468/547 1627/467/546
f 1564/403/483 1565/404/484 1629/469/548 1628/468/547
f 1565/404/484 1566/405/485 1630/470/549 1629/469/548
f 1566/405/485 1567/406/486 1631/471/550 1630/470/549
f 1567/406/486 1568/407/487 1632/472/551 1631/471/550
f 1568/407/487 1569/408/488 1633/473/552 1632/472/551
f 1569/408/488 1570/409/489 1634/474/553 1633/473/552
f 1570/409/489 1571/410/490 1635/475/554 1634/474/553
f 1571/410/490 1572/411/491 1636/476/555 1635/475/554
f 1572/411/491 1573/412/492 1637/477/556 1636/476/555
f 1573/412/492 1574/413/493 1638/478/557 1637/477/556
f 1574/413/493 1575/414/1267 1639/479/558 1638/478/557
f 1575/414/1267 1576/415/495 1640/480/559 1639/479/558
f 1576/415/495 1577/416/1268 1641/481/560 1640/480/559
f 1577/416/1268 1578/417/497 1642/482/561 1641/481/560
f 1578/417/497 1579/418/498 1643/483/1272 1642/482/561
f 1579/418/498 1580/419/499 1644/484/563 1643/483/1272
f 1580/419/499 1581/420/500 1645/485/564 1644/484/563
f 1581/420/500 1582/421/501 1646/486/565 1645/485/564
f 1582/421/501 1583/422/502 1647/487/566 1646/486/565
f 1583/422/502 1584/423/503 1648/488/567 1647/487/566
f 1584/423/503 1585/424/1269 1649/489/568 1648/488/567
f 1585/424/1269 1586/425/505 1650/490/569 1649/489/568
f 1586/425/505 1587/426/506 1651/491/570 1650/490/569
f 1587/426/506 1588/427/507 1652/492/571 1651/491/570
f 1588/427/507 1589/428/508 1653/493/572 1652/492/571
f 1589/428/508 1590/429/509 1654/494/573 1653/493/572
f 1590/429/509 1591/430/1270 1655/495/574 1654/494/573
f 1591/430/1270 1592/431/511 1656/496/575 1655/495/574
f 1592/431/511 1593/432/512 1657/497/576 1656/496/575
f 1593/432/512 1594/433/513 1658/498/577 1657/497/576
f 1594/433/513 1595/434/514 1659/499/578 1658/498/577
f 1595/434/514 1596/435/515 1660/500/579 1659/499/578
f 1596/435/515 1597/436/516 1661/501/580 1660/500/579
f 1597/436/516 1598/437/517 1662/502/581 1661/501/580
f 1598/437/517 1599/438/518 1663/503/582 1662/502/581
f 1599/438/518 1600/439/519 1664/504/583 1663/503/582
f 1600/439/519 1601/440/520 1665/505/584 1664/504/583
f 1601/440/520 1602/441/1271 1666/506/585 1665/505/584
f 1602/441/1271 1603/442/522 1667/507/586 1666/506/585
f 1603/442/522 1604/443/523 1668/508/587 1667/507/586
f 1604/443/523 1605/444/524 1669/509/588 1668/508/587
f 1605/444/524 1606/445/525 1670/510/589 1669/509/588
f 1606/445/525 1607/446/526 1671/511/590 1670/510/589
f 1607/446/526 1544/447/464 1608/512/528 1671/511/590
f 1608/449/528 1609/448/527 1673/513/591 1672/514/592
f 1609/448/527 1610/450/529 1674/515/593 1673/513/591
f 1610/450/529 1611/451/530 1675/516/594 1674/515/593
f 1611/451/530 1612/452/531 1676/517/595 1675/516/594
f 1612/452/531 1613/453/532 1677/518/596 1676/517/595
f 1613/453/532 1614/454/533 1678/519/597 1677/518/596
f 1614/454/533 1615/455/534 1679/520/1273 1678/519/597
f 1615/455/534 1616/456/535 1680/521/599 1679/520/1273
f 1616/456/535 1617/457/536 1681/522/600 1680/521/599
f 1617/457/536 1618/458/537 1682/523/601 1681/522/600
f 1618/458/537 1619/459/538 1683/524/602 1682/523/601
f 1619/459/538 1620/460/539 1684/525/603 1683/524/602
f 1620/460/539 1621/461/540 1685/526/604 1684/525/603
f 1621/461/540 1622/462/541 1686/527/605 1685/526/604
f 1622/462/541 1623/463/542 1687/528/606 1686/527/605
f 1623/463/542 1624/464/543 1688/529/607 1687/528/606
f 1624/464/543 1625/465/544 1689/530/608 1688/529/607
f 1625/465/544 1626/466/545 1690/531/609 1689/530/608
f 1626/466/545 1627/467/546 1691/532/610 1690/531/609
f 1627/467/546 1628/468/547 1692/533/611 1691/532/610
f 1628/468/547 1629/469/548 1693/534/612 1692/533/611
f 1629/469/548 1630/470/549 1694/535/613 1693/534/612
f 1630/470/549 1631/471/550 1695/536/614 1694/535/613
f 1631/471/550 1632/472/551 1696/537/615 1695/536/614
f 1632/472/551 1633/473/552 1697/538/1274 1696/537/615
f 1633/473/552 1634/474/553 1698/539/617 1697/538/1274
f 1634/474/553 1635/475/554 1699/540/618 1698/539/617
f 1635/475/554 1636/476/555 1700/541/619 1699/540/618
f 1636/476/555 1637/477/556 1701/542/620 1700/541/619
f 1637/477/556 1638/478/557 1702/543/621 1701/542/620
f 1638/478/557 1639/479/558 1703/544/622 1702/543/621
f 1639/479/558 1640/480/559 1704/545/623 1703/544/622
f 1640/480/559 1641/481/560 1705/546/624 1704/545/623
f 1641/481/560 1642/482/561 1706/547/625 1705/546/624
f 1642/482/561 1643/483/1272 1707/548/626 1706/547/625
f 1643/483/1272 1644/484/563 1708/549/627 1707/548/626
f 1644/484/563 1645/485/564 1709/550/628 1708/549/627
f 1645/485/564 1646/486/565 1710/551/629 1709/550/628
f 1646/486/565 1647/487/566 1711/552/630 1710/551/629
f 1647/487/566 1648/488/567 1712/553/631 1711/552/630
f 1648/488/567 1649/489/568 1713/554/632 1712/553/631
f 1649/489/568 1650/490/569 1714/555/633 1713/554/632
f 1650/490/569 1651/491/570 1715/556/634 1714/555/633
f 1651/491/570 1652/492/571 1716/557/635 1715/556/634
f 1652/492/571 1653/493/572 1717/558/636 1716/557/635
f 1653/493/572 1654/494/573 1718/559/637 1717/558/636
f 1654/494/573 1655/495/574 1719/560/638 1718/559/637
f 1655/495/574 1656/496/575 1720/561/639 1719/560/638
f 1656/496/575 1657/497/576 1721/562/640 1720/561/639
f 1657/497/576 1658/498/577 1722/563/641 1721/562/640
f 1658/498/577 1659/499/578 1723/564/642 1722/563/641
f 1659/499/578 1660/500/579 1724/565/643 1723/564/642
f 1660/500/579 1661/501/580 1725/566/644 1724/565/643
f 1661/501/580 1662/502/581 1726/567/645 1725/566/644
f 1662/502/581 1663/503/582 1727/568/646 1726/567/645
f 1663/503/582 1664/504/583 1728/569/647 1727/568/646
f 1664/504/583 1665/505/584 1729/570/1275 1728/569/647
f 1665/505/584 1666/506/585 1730/571/649 1729/570/1275
f 1666/506/585 1667/507/586 1731/572/650 1730/571/649
f 1667/507/586 1668/508/587 1732/573/651 1731/572/650
f 1668/508/587 1669/509/588 1733/574/652 1732/573/651
f 1669/509/588 1670/510/589 1734/575/653 1733/574/652
f 1670/510/589 1671/511/590 1735/576/654 1734/575/653
f 1671/511/590 1608/512/528 1672/577/592 1735/576/654
f 1672/514/592 1673/513/591 1737/578/655 1736/579/656
f 1673/513/591 1674/515/593 1738/580/1276 1737/578/655
f 1674/515/593 1675/516/594 1739/581/658 1738/580/1276
f 1675/516/659 1676/517/660 1740/582/660 1739/581/659
f 1676/517/660 1677/518/661 1741/583/661 1740/582/660
f 1677/518/596 1678/519/597 1742/584/662 1741/583/663
f 1678/519/597 1679/520/1273 1743/585/664 1742/584/662
f 1679/520/1273 1680/521/599 1744/586/665 1743/585/664
f 1680/521/599 1681/522/600 1745/587/1277 1744/586/665
f 1681/522/600 1682/523/601 1746/588/667 1745/587/1277
f 1682/523/601 1683/524/602 1747/589/668 1746/588/667
f 1683/524/1278 1684/525/670 1748/590/670 1747/589/1278
f 1684/525/670 1685/526/671 1749/591/671 1748/590/670
f 1685/526/604 1686/527/605 1750/592/672 1749/591/673
f 1686/527/605 1687/528/606 1751/593/674 1750/592/672
f 1687/528/606 1688/529/607 1752/594/675 1751/593/674
f 1688/529/607 1689/530/608 1753/595/676 1752/594/675
f 1689/530/608 1690/531/609 1754/596/677 1753/595/676
f 1690/531/609 1691/532/610 1755/597/678 1754/596/677
f 1691/532/679 1692/533/681 1756/598/681 1755/597/679
f 1692/533/681 1693/534/1279 1757/599/1279 1756/598/681
f 1693/534/612 1694/535/613 1758/600/683 1757/599/684
f 1694/535/613 1695/536/614 1759/601/685 1758/600/683
f 1695/536/614 1696/537/615 1760/602/686 1759/601/685
f 1696/537/615 1697/538/1274 1761/603/687 1760/602/686
f 1697/538/1274 1698/539/617 1762/604/688 1761/603/687
f 1698/539/617 1699/540/618 1763/605/689 1762/604/688
f 1699/540/690 1700/541/691 1764/606/692 1763/605/690
f 1700/541/691 1701/542/693 1765/607/693 1764/606/692
f 1701/542/620 1702/543/621 1766/608/694 1765/607/695
f 1702/543/621 1703/544/622 1767/609/1280 1766/608/694
f 1703/544/622 1704/545/623 1768/610/697 1767/609/1280
f 1704/545/623 1705/546/624 1769/611/1281 1768/610/697
f 1705/546/624 1706/547/625 1770/612/699 1769/611/1281
f 1706/547/625 1707/548/626 1771/613/700 1770/612/699
f 1707/548/701 1708/549/702 1772/614/702 1771/613/701
f 1708/549/702 1709/550/703 1773/615/703 1772/614/702
f 1709/550/628 1710/551/629 1774/616/704 1773/615/705
f 1710/551/629 1711/552/630 1775/617/706 1774/616/704
f 1711/552/630 1712/553/631 1776/618/707 1775/617/706
f 1712/553/631 1713/554/632 1777/619/708 1776/618/707
f 1713/554/632 1714/555/633 1778/620/709 1777/619/708
f 1714/555/633 1715/556/634 1779/621/710 1778/620/709
f 1715/556/1282 1716/557/1283 1780/622/1284 1779/621/1282
f 1716/557/1283 1717/558/714 1781/623/714 1780/622/1284
f 1717/558/636 1718/559/637 1782/624/715 1781/623/716
f 1718/559/637 1719/560/638 1783/625/717 1782/624/715
f 1719/560/638 1720/561/639 1784/626/718 1783/625/717
f 1720/561/639 1721/562/640 1785/627/719 1784/626/718
f 1721/562/640 1722/563/641 1786/628/720 1785/627/719
f 1722/563/641 1723/564/642 1787/629/721 1786/628/720
f 1723/564/722 1724/565/1285 1788/630/1285 1787/629/722
f 1724/565/1285 1725/566/1286 1789/631/1286 1788/630/1285
f 1725/566/644 1726/567/645 1790/632/725 1789/631/726
f 1726/567/645 1727/568/646 1791/633/1287 1790/632/725
f 1727/568/646 1728/569/647 1792/634/728 1791/633/1287
f 1728/569/647 1729/570/1275 1793/635/729 1792/634/728
f 1729/570/1275 1730/571/649 1794/636/730 1793/635/729
f 1730/571/649 1731/572/650 1795/637/731 1794/636/730
f 1731/572/732 1732/573/733 1796/638/733 1795/637/732
f 1732/573/733 1733/574/734 1797/639/734 1796/638/733
f 1733/574/652 1734/575/653 1798/640/735 1797/639/736
f 1734/575/653 1735/576/654 1799/641/737 1798/640/735
f 1735/576/654 1672/577/592 1736/642/656 1799/641/737
f 1736/579/738 1737/578/739 1801/643/740 1800/644/741
f 1737/578/739 1738/580/1288 1802/645/743 1801/643/740
f 1738/580/1288 1739/581/744 1803/646/745 1802/645/743
f 1739/581/744 1740/582/746 1804/647/747 1803/646/745
f 1740/582/746 1741/583/748 1805/648/749 1804/647/747
f 1741/583/748 1742/584/750 1806/649/751 1805/648/749
f 1742/584/750 1743/585/1289 1807/650/753 1806/649/751
f 1743/585/1289 1744/586/754 1808/651/1290 1807/650/753
f 1744/586/754 1745/587/1291 1809/652/757 1808/651/1290
f 1745/587/1291 1746/588/758 1810/653/759 1809/652/757
f 1746/588/758 1747/589/760 1811/654/761 1810/653/759
f 1747/589/760 1748/590/1292 1812/655/763 1811/654/761
f 1748/590/1292 1749/591/764 1813/656/765 1812/655/763
f 1749/591/764 1750/592/766 1814/657/767 1813/656/765
f 1750/592/766 1751/593/768 1815/658/769 1814/657/767
f 1751/593/768 1752/594/770 1816/659/771 1815/658/769
f 1752/594/770 1753/595/772 1817/660/773 1816/659/771
f 1753/595/772 1754/596/1293 1818/661/1294 1817/660/773
f 1754/596/1293 1755/597/776 1819/662/777 1818/661/1294
f 1755/597/776 1756/598/1295 1820/663/1296 1819/662/777
f 1756/598/1295 1757/599/780 1821/664/781 1820/663/1296
f 1757/599/780 1758/600/782 1822/665/783 1821/664/781
f 1758/600/782 1759/601/1297 1823/666/785 1822/665/783
f 1759/601/1297 1760/602/786 1824/667/787 1823/666/785
f 1760/602/786 1761/603/1298 1825/668/789 1824/667/787
f 1761/603/1298 1762/604/1299 1826/669/791 1825/668/789
f 1762/604/1299 1763/605/792 1827/670/793 1826/669/791
f 1763/605/792 1764/606/794 1828/671/1300 1827/670/793
f 1764/606/794 1765/607/796 1829/672/797 1828/671/1300
f 1765/607/796 1766/608/1301 1830/673/799 1829/672/797
f 1766/608/1301 1767/609/800 1831/674/801 1830/673/799
f 1767/609/800 1768/610/802 1832/675/803 1831/674/801
f 1768/610/802 1769/611/804 1833/676/805 1832/675/803
f 1769/611/804 1770/612/1302 1834/677/807 1833/676/805
f 1770/612/1302 1771/613/808 1835/678/1303 1834/677/807
f 1771/613/808 1772/614/810 1836/679/811 1835/678/1303
f 1772/614/810 1773/615/812 1837/680/813 1836/679/811
f 1773/615/812 1774/616/1304 1838/681/815 1837/680/813
f 1774/616/1304 1775/617/1305 1839/682/817 1838/681/815
f 1775/617/1305 1776/618/818 1840/683/819 1839/682/817
f 1776/618/818 1777/619/820 1841/684/821 1840/683/819
f 1777/619/820 1778/620/822 1842/685/823 1841/684/821
f 1778/620/822 1779/621/824 1843/686/825 1842/685/823
f 1779/621/824 1780/622/826 1844/687/1306 1843/686/825
f 1780/622/826 1781/623/828 1845/688/829 1844/687/1306
f 1781/623/828 1782/624/830 1846/689/831 1845/688/829
f 1782/624/830 1783/625/1307 1847/690/833 1846/689/831
f 1783/625/1307 1784/626/834 1848/691/835 1847/690/833
f 1784/626/834 1785/627/1308 1849/692/837 1848/691/835
f 1785/627/1308 1786/628/838 1850/693/839 1849/692/837
f 1786/628/838 1787/629/840 1851/694/841 1850/693/839
f 1787/629/840 1788/630/1309 1852/695/843 1851/694/841
f 1788/630/1309 1789/631/1310 1853/696/845 1852/695/843
f 1789/631/1310 1790/632/846 1854/697/847 1853/696/845
f 1790/632/846 1791/633/848 1855/698/849 1854/697/847
f 1791/633/848 1792/634/850 1856/699/1311 1855/698/849
f 1792/634/850 1793/635/1312 1857/700/853 1856/699/1311
f 1793/635/1312 1794/636/1313 1858/701/1314 1857/700/853
f 1794/636/1313 1795/637/1315 1859/702/857 1858/701/1314
f 1795/637/1315 1796/638/858 1860/703/859 1859/702/857
f 1796/638/858 1797/639/860 1861/704/1316 1860/703/859
f 1797/639/860 1798/640/1317 1862/705/863 1861/704/1316
f 1798/640/1317 1799/641/864 1863/706/865 1862/705/863
f 1799/641/864 1736/642/738 1800/707/741 1863/706/865
f 1800/644/741 1801/643/740 1865/708/866 1864/709/1318
f 1801/643/740 1802/645/743 1866/710/868 1865/708/866
f 1802/645/743 1803/646/745 1867/711/869 1866/710/868
f 1803/646/745 1804/647/747 1868/712/870 1867/711/869
f 1804/647/747 1805/648/749 1869/713/871 1868/712/870
f 1805/648/749 1806/649/751 1870/714/1319 1869/713/871
f 1806/649/751 1807/650/753 1871/715/873 1870/714/1319
f 1807/650/753 1808/651/1290 1872/716/874 1871/715/873
f 1808/651/1290 1809/652/757 1873/717/875 1872/716/874
f 1809/652/757 1810/653/759 1874/718/876 1873/717/875
f 1810/653/759 1811/654/761 1875/719/877 1874/718/876
f 1811/654/761 1812/655/763 1876/720/1320 1875/719/877
f 1812/655/763 1813/656/765 1877/721/879 1876/720/1320
f 1813/656/765 1814/657/767 1878/722/880 1877/721/879
f 1814/657/767 1815/658/769 1879/723/881 1878/722/880
f 1815/658/769 1816/659/771 1880/724/882 1879/723/881
f 1816/659/771 1817/660/773 1881/725/883 1880/724/882
f 1817/660/773 1818/661/1294 1882/726/1321 1881/725/883
f 1818/661/1294 1819/662/777 1883/727/885 1882/726/1321
f 1819/662/777 1820/663/1296 1884/728/886 1883/727/885
f 1820/663/1296 1821/664/781 1885/729/887 1884/728/886
f 1821/664/781 1822/665/783 1886/730/888 1885/729/887
f 1822/665/783 1823/666/785 1887/731/1322 1886/730/888
f 1823/666/785 1824/667/787 1888/732/890 1887/731/1322
f 1824/667/787 1825/668/789 1889/733/891 1888/732/890
f 1825/668/789 1826/669/791 1890/734/892 1889/733/891
f 1826/669/791 1827/670/793 1891/735/893 1890/734/892
f 1827/670/793 1828/671/1300 1892/736/894 1891/735/893
f 1828/671/1300 1829/672/797 1893/737/895 1892/736/894
f 1829/672/797 1830/673/799 1894/738/1323 1893/737/895
f 1830/673/799 1831/674/801 1895/739/897 1894/738/1323
f 1831/674/801 1832/675/803 1896/740/898 1895/739/897
f 1832/675/803 1833/676/805 1897/741/899 1896/740/898
f 1833/676/805 1834/677/807 1898/742/900 1897/741/899
f 1834/677/807 1835/678/1303 1899/743/901 1898/742/900
f 1835/678/1303 1836/679/811 1900/744/1324 1899/743/901
f 1836/679/811 1837/680/813 1901/745/903 1900/744/1324
f 1837/680/813 1838/681/815 1902/746/904 1901/745/903
f 1838/681/815 1839/682/817 1903/747/905 1902/746/904
f 1839/682/817 1840/683/819 1904/748/906 1903/747/905
f 1840/683/819 1841/684/821 1905/749/1325 1904/748/906
f 1841/684/821 1842/685/823 1906/750/908 1905/749/1325
f 1842/685/823 1843/686/825 1907/751/909 1906/750/908
f 1843/686/825 1844/687/1306 1908/752/910 1907/751/909
f 1844/687/1306 1845/688/829 1909/753/911 1908/752/910
f 1845/688/829 1846/689/831 1910/754/912 1909/753/911
f 1846/689/831 1847/690/833 1911/755/913 1910/754/912
f 1847/690/833 1848/691/835 1912/756/914 1911/755/913
f 1848/691/835 1849/692/837 1913/757/915 1912/756/914
f 1849/692/837 1850/693/839 1914/758/916 1913/757/915
f 1850/693/839 1851/694/841 1915/759/917 1914/758/916
f 1851/694/841 1852/695/843 1916/760/918 1915/759/917
f 1852/695/843 1853/696/845 1917/761/919 1916/760/918
f 1853/696/845 1854/697/847 1918/762/920 1917/761/919
f 1854/697/847 1855/698/849 1919/763/921 1918/762/920
f 1855/698/849 1856/699/1311 1920/764/922 1919/763/921
f 1856/699/1311 1857/700/853 1921/765/923 1920/764/922
f 1857/700/853 1858/701/1314 1922/766/924 1921/765/923
f 1858/701/1314 1859/702/857 1923/767/925 1922/766/924
f 1859/702/857 1860/703/859 1924/768/926 1923/767/925
f 1860/703/859 1861/704/1316 1925/769/927 1924/768/926
f 1861/704/1316 1862/705/863 1926/770/928 1925/769/927
f 1862/705/863 1863/706/865 1927/771/929 1926/770/928
f 1863/706/865 1800/707/741 1864/772/1318 1927/771/929
f 1864/709/1318 1865/708/866 1929/773/1326 1928/774/1327
f 1865/708/866 1866/710/868 1930/775/932 1929/773/1326
f 1866/710/868 1867/711/869 1931/776/1328 1930/775/932
f 1867/711/869 1868/712/870 1932/777/934 1931/776/1328
f 1868/712/870 1869/713/871 1933/778/1329 1932/777/934
f 1869/713/871 1870/714/1319 1934/779/936 1933/778/1329
f 1870/714/1319 1871/715/873 1935/780/937 1934/779/936
f 1871/715/873 1872/716/874 1936/781/1330 1935/780/937
f 1872/716/874 1873/717/875 1937/782/1331 1936/781/1330
f 1873/717/875 1874/718/876 1938/783/1332 1937/782/1331
f 1874/718/876 1875/719/877 1939/784/941 1938/783/1332
f 1875/719/877 1876/720/1320 1940/785/1333 1939/784/941
f 1876/720/1320 1877/721/879 1941/786/943 1940/785/1333
f 1877/721/879 1878/722/880 1942/787/944 1941/786/943
f 1878/722/880 1879/723/881 1943/788/1334 1942/787/944
f 1879/723/881 1880/724/882 1944/789/946 1943/788/1334
f 1880/724/882 1881/725/883 1945/790/947 1944/789/946
f 1881/725/883 1882/726/1321 1946/791/1335 1945/790/947
f 1882/726/1321 1883/727/885 1947/792/1336 1946/791/1335
f 1883/727/885 1884/728/886 1948/793/1337 1947/792/1336
f 1884/728/886 1885/729/887 1949/794/951 1948/793/1337
f 1885/729/887 1886/730/888 1950/795/1338 1949/794/951
f 1886/730/888 1887/731/1322 1951/796/1339 1950/795/1338
f 1887/731/1322 1888/732/890 1952/797/1340 1951/796/1339
f 1888/732/890 1889/733/891 1953/798/955 1952/797/1340
f 1889/733/891 1890/734/892 1954/799/1341 1953/798/955
f 1890/734/892 1891/735/893 1955/800/1342 1954/799/1341
f 1891/735/893 1892/736/894 1956/801/958 1955/800/1342
f 1892/736/894 1893/737/895 1957/802/1343 1956/801/958
f 1893/737/895 1894/738/1323 1958/803/960 1957/802/1343
f 1894/738/1323 1895/739/897 1959/804/1344 1958/803/960
f 1895/739/897 1896/740/898 1960/805/1345 1959/804/1344
f 1896/740/898 1897/741/899 1961/806/1346 1960/805/1345
f 1897/741/899 1898/742/900 1962/807/964 1961/806/1346
f 1898/742/900 1899/743/901 1963/808/965 1962/807/964
f 1899/743/901 1900/744/1324 1964/809/1347 1963/808/965
f 1900/744/1324 1901/745/903 1965/810/967 1964/809/1347
f 1901/745/903 1902/746/904 1966/811/968 1965/810/967
f 1902/746/904 1903/747/905 1967/812/969 1966/811/968
f 1903/747/905 1904/748/906 1968/813/1348 1967/812/969
f 1904/748/906 1905/749/1325 1969/814/1349 1968/813/1348
f 1905/749/1325 1906/750/908 1970/815/1350 1969/814/1349
f 1906/750/908 1907/751/909 1971/816/973 1970/815/1350
f 1907/751/909 1908/752/910 1972/817/1351 1971/816/973
f 1908/752/910 1909/753/911 1973/818/975 1972/817/1351
f 1909/753/911 1910/754/912 1974/819/976 1973/818/975
f 1910/754/912 1911/755/913 1975/820/977 1974/819/976
f 1911/755/913 1912/756/914 1976/821/978 1975/820/977
f 1912/756/914 1913/757/915 1977/822/1352 1976/821/978
f 1913/757/915 1914/758/916 1978/823/1353 1977/822/1352
f 1914/758/916 1915/759/917 1979/824/981 1978/823/1353
f 1915/759/917 1916/760/918 1980/825/1354 1979/824/981
f 1916/760/918 1917/761/919 1981/826/983 1980/825/1354
f 1917/761/919 1918/762/920 1982/827/984 1981/826/983
f 1918/762/920 1919/763/921 1983/828/1355 1982/827/984
f 1919/763/921 1920/764/922 1984/829/1356 1983/828/1355
f 1920/764/922 1921/765/923 1985/830/987 1984/829/1356
f 1921/765/923 1922/766/924 1986/831/988 1985/830/987
f 1922/766/924 1923/767/925 1987/832/989 1986/831/988
f 1923/767/925 1924/768/926 1988/833/1357 1987/832/989
f 1924/768/926 1925/769/927 1989/834/991 1988/833/1357
f 1925/769/927 1926/770/928 1990/835/992 1989/834/991
f 1926/770/928 1927/771/929 1991/836/1358 1990/835/992
f 1927/771/929 1864/772/1318 1928/837/1327 1991/836/1358
f 1928/774/1327 1929/773/1326 1993/838/994 1992/839/995
f 1929/773/1326 1930/775/932 1994/840/996 1993/838/994
f 1930/775/932 1931/776/1328 1995/841/997 1994/840/996
f 1931/776/1328 1932/777/934 1996/842/998 1995/841/997
f 1932/777/934 1933/778/1329 1997/843/999 1996/842/998
f 1933/778/1329 1934/779/936 1998/844/1359 1997/843/999
f 1934/779/936 1935/780/937 1999/845/1360 1998/844/1359
f 1935/780/937 1936/781/1330 2000/846/1002 1999/845/1360
f 1936/781/1330 1937/782/1331 2001/847/1003 2000/846/1002
f 1937/782/1331 1938/783/1332 2002/848/1004 2001/847/1003
f 1938/783/1332 1939/784/941 2003/849/1005 2002/848/1004
f 1939/784/941 1940/785/1333 2004/850/1361 2003/849/1005
f 1940/785/1333 1941/786/943 2005/851/1007 2004/850/1361
f 1941/786/943 1942/787/944 2006/852/1008 2005/851/1007
f 1942/787/944 1943/788/1334 2007/853/1009 2006/852/1008
f 1943/788/1334 1944/789/946 2008/854/1010 2007/853/1009
f 1944/789/946 1945/790/947 2009/855/1011 2008/854/1010
f 1945/790/947 1946/791/1335 2010/856/1012 2009/855/1011
f 1946/791/1335 1947/792/1336 2011/857/1013 2010/856/1012
f 1947/792/1336 1948/793/1337 2012/858/1014 2011/857/1013
f 1948/793/1337 1949/794/951 2013/859/1015 2012/858/1014
f 1949/794/951 1950/795/1338 2014/860/1016 2013/859/1015
f 1950/795/1338 1951/796/1339 2015/861/1362 2014/860/1016
f 1951/796/1339 1952/797/1340 2016/862/1018 2015/861/1362
f 1952/797/1340 1953/798/955 2017/863/1019 2016/862/1018
f 1953/798/955 1954/799/1341 2018/864/1363 2017/863/1019
f 1954/799/1341 1955/800/1342 2019/865/1021 2018/864/1363
f 1955/800/1342 1956/801/958 2020/866/1022 2019/865/1021
f 1956/801/958 1957/802/1343 2021/867/1023 2020/866/1022
f 1957/802/1343 1958/803/960 2022/868/1024 2021/867/1023
f 1958/803/960 1959/804/1344 2023/869/1025 2022/868/1024
f 1959/804/1344 1960/805/1345 2024/870/1026 2023/869/1025
f 1960/805/1345 1961/806/1346 2025/871/1027 2024/870/1026
f 1961/806/1346 1962/807/964 2026/872/1028 2025/871/1027
f 1962/807/964 1963/808/965 2027/873/1029 2026/872/1028
f 1963/808/965 1964/809/1347 2028/874/1030 2027/873/1029
f 1964/809/1347 1965/810/967 2029/875/1031 2028/874/1030
f 1965/810/967 1966/811/968 2030/876/1032 2029/875/1031
f 1966/811/968 1967/812/969 2031/877/1033 2030/876/1032
f 1967/812/969 1968/813/1348 2032/878/1034 2031/877/1033
f 1968/813/1348 1969/814/1349 2033/879/1035 2032/878/1034
f 1969/814/1349 1970/815/1350 2034/880/1036 2033/879/1035
f 1970/815/1350 1971/816/973 2035/881/1037 2034/880/1036
f 1971/816/973 1972/817/1351 2036/882/1364 2035/881/1037
f 1972/817/1351 1973/818/975 2037/883/1039 2036/882/1364
f 1973/818/975 1974/819/976 2038/884/1040 2037/883/1039
f 1974/819/976 1975/820/977 2039/885/1041 2038/884/1040
f 1975/820/977 1976/821/978 2040/886/1042 2039/885/1041
f 1976/821/978 1977/822/1352 2041/887/1043 2040/886/1042
f 1977/822/1352 1978/823/1353 2042/888/1044 2041/887/1043
f 1978/823/1353 1979/824/981 2043/889/1045 2042/888/1044
f 1979/824/981 1980/825/1354 2044/890/1365 2043/889/1045
f 1980/825/1354 1981/826/983 2045/891/1047 2044/890/1365
f 1981/826/983 1982/827/984 2046/892/1048 2045/891/1047
f 1982/827/984 1983/828/1355 2047/893/1049 2046/892/1048
f 1983/828/1355 1984/829/1356 2048/894/1050 2047/893/1049
f 1984/829/1356 1985/830/987 2049/895/1051 2048/894/1050
f 1985/830/987 1986/831/988 2050/896/1052 2049/895/1051
f 1986/831/988 1987/832/989 2051/897/1053 2050/896/1052
f 1987/832/989 1988/833/1357 2052/898/1054 2051/897/1053
f 1988/833/1357 1989/834/991 2053/899/1055 2052/898/1054
f 1989/834/991 1990/835/992 2054/900/1056 2053/899/1055
f 1990/835/992 1991/836/1358 2055/901/1057 2054/900/1056
f 1991/836/1358 1928/837/1327 1992/902/995 2055/901/1057
f 1992/839/995 1993/838/994 2057/903/1058 2056/904/1059
f 1993/838/994 1994/840/996 2058/905/1060 2057/903/1058
f 1994/840/996 1995/841/997 2059/906/1061 2058/905/1060
f 1995/841/997 1996/842/998 2060/907/1062 2059/906/1061
f 1996/842/998 1997/843/999 2061/908/1063 2060/907/1062
f 1997/843/999 1998/844/1359 2062/909/1064 2061/908/1063
f 1998/844/1359 1999/845/1360 2063/910/1065 2062/909/1064
f 1999/845/1360 2000/846/1002 2064/911/1066 2063/910/1065
f 2000/846/1002 2001/847/1003 2065/912/1067 2064/911/1066
f 2001/847/1003 2002/848/1004 2066/913/1366 2065/912/1067
f 2002/848/1004 2003/849/1005 2067/914/1069 2066/913/1366
f 2003/849/1005 2004/850/1361 2068/915/1070 2067/914/1069
f 2004/850/1361 2005/851/1007 2069/916/1071 2068/915/1070
f 2005/851/1007 2006/852/1008 2070/917/1072 2069/916/1071
f 2006/852/1008 2007/853/1009 2071/918/1367 2070/917/1072
f 2007/853/1009 2008/854/1010 2072/919/1074 2071/918/1367
f 2008/854/1010 2009/855/1011 2073/920/1368 2072/919/1074
f 2009/855/1011 2010/856/1012 2074/921/1076 2073/920/1368
f 2010/856/1012 2011/857/1013 2075/922/1077 2074/921/1076
f 2011/857/1013 2012/858/1014 2076/923/1369 2075/922/1077
f 2012/858/1014 2013/859/1015 2077/924/1370 2076/923/1369
f 2013/859/1015 2014/860/1016 2078/925/1371 2077/924/1370
f 2014/860/1016 2015/861/1362 2079/926/1081 2078/925/1371
f 2015/861/1362 2016/862/1018 2080/927/1082 2079/926/1081
f 2016/862/1018 2017/863/1019 2081/928/1083 2080/927/1082
f 2017/863/1019 2018/864/1363 2082/929/1084 2081/928/1083
f 2018/864/1363 2019/865/1021 2083/930/1085 2082/929/1084
f 2019/865/1021 2020/866/1022 2084/931/1372 2083/930/1085
f 2020/866/1022 2021/867/1023 2085/932/1087 2084/931/1372
f 2021/867/1023 2022/868/1024 2086/933/1088 2085/932/1087
f 2022/868/1024 2023/869/1025 2087/934/1089 2086/933/1088
f 2023/869/1025 2024/870/1026 2088/935/1090 2087/934/1089
f 2024/870/1026 2025/871/1027 2089/936/1091 2088/935/1090
f 2025/871/1027 2026/872/1028 2090/937/1092 2089/936/1091
f 2026/872/1028 2027/873/1029 2091/938/1093 2090/937/1092
f 2027/873/1029 2028/874/1030 2092/939/1094 2091/938/1093
f 2028/874/1030 2029/875/1031 2093/940/1095 2092/939/1094
f 2029/875/1031 2030/876/1032 2094/941/1096 2093/940/1095
f 2030/876/1032 2031/877/1033 2095/942/1097 2094/941/1096
f 2031/877/1033 2032/878/1034 2096/943/1098 2095/942/1097
f 2032/878/1034 2033/879/1035 2097/944/1099 2096/943/1098
f 2033/879/1035 2034/880/1036 2098/945/1100 2097/944/1099
f 2034/880/1036 2035/881/1037 2099/946/1101 2098/945/1100
f 2035/881/1037 2036/882/1364 2100/947/1102 2099/946/1101
f 2036/882/1364 2037/883/1039 2101/948/1103 2100/947/1102
f 2037/883/1039 2038/884/1040 2102/949/1104 2101/948/1103
f 2038/884/1040 2039/885/1041 2103/950/1373 2102/949/1104
f 2039/885/1041 2040/886/1042 2104/951/1106 2103/950/1373
f 2040/886/1042 2041/887/1043 2105/952/1374 2104/951/1106
f 2041/887/1043 2042/888/1044 2106/953/1108 2105/952/1374
f 2042/888/1044 2043/889/1045 2107/954/1109 2106/953/1108
f 2043/889/1045 2044/890/1365 2108/955/1375 2107/954/1109
f 2044/890/1365 2045/891/1047 2109/956/1111 2108/955/1375
f 2045/891/1047 2046/892/1048 2110/957/1376 2109/956/1111
f 2046/892/1048 2047/893/1049 2111/958/1113 2110/957/1376
f 2047/893/1049 2048/894/1050 2112/959/1114 2111/958/1113
f 2048/894/1050 2049/895/1051 2113/960/1115 2112/959/1114
f 2049/895/1051 2050/896/1052 2114/961/1116 2113/960/1115
f 2050/896/1052 2051/897/1053 2115/962/1117 2114/961/1116
f 2051/897/1053 2052/898/1054 2116/963/1118 2115/962/1117
f 2052/898/1054 2053/899/1055 2117/964/1377 2116/963/1118
f 2053/899/1055 2054/900/1056 2118/965/1120 2117/964/1377
f 2054/900/1056 2055/901/1057 2119/966/1121 2118/965/1120
f 2055/901/1057 1992/902/995 2056/967/1059 2119/966/1121
f 2056/904/1059 2057/903/1058 2120/968/12
f 2057/903/1058 2058/905/1060 2120/969/12
f 2058/905/1060 2059/906/1061 2120/970/12
f 2059/906/1061 2060/907/1062 2120/971/12
f 2060/907/1062 2061/908/1063 2120/972/12
f 2061/908/1063 2062/909/1064 2120/973/12
f 2062/909/1064 2063/910/1065 2120/974/12
f 2063/910/1065 2064/911/1066 2120/975/12
f 2064/911/1066 2065/912/1067 2120/976/12
f 2065/912/1067 2066/913/1366 2120/977/12
f 2066/913/1366 2067/914/1069 2120/978/12
f 2067/914/1069 2068/915/1070 2120/979/12
f 2068/915/1070 2069/916/1071 2120/980/12
f 2069/916/1071 2070/917/1072 2120/981/12
f 2070/917/1072 2071/918/1367 2120/982/12
f 2071/918/1367 2072/919/1074 2120/983/12
f 2072/919/1074 2073/920/1368 2120/984/12
f 2073/920/1368 2074/921/1076 2120/985/12
f 2074/921/1076 2075/922/1077 2120/986/12
f 2075/922/1077 2076/923/1369 2120/987/12
f 2076/923/1369 2077/924/1370 2120/988/12
f 2077/924/1370 2078/925/1371 2120/989/12
f 2078/925/1371 2079/926/1081 2120/990/12
f 2079/926/1081 2080/927/1082 2120/991/12
f 2080/927/1082 2081/928/1083 2120/992/12
f 2081/928/1083 2082/929/1084 2120/993/12
f 2082/929/1084 2083/930/1085 2120/994/12
f 2083/930/1085 2084/931/1372 2120/995/12
f 2084/931/1372 2085/932/1087 2120/996/12
f 2085/932/1087 2086/933/1088 2120/997/12
f 2086/933/1088 2087/934/1089 2120/998/12
f 2087/934/1089 2088/935/1090 2120/999/12
f 2088/935/1090 2089/936/1091 2120/1000/12
f 2089/936/1091 2090/937/1092 2120/1001/12
f 2090/937/1092 2091/938/1093 2120/1002/12
f 2091/938/1093 2092/939/1094 2120/1003/12
f 2092/939/1094 2093/940/1095 2120/1004/12
f 2093/940/1095 2094/941/1096 2120/1005/12
f 2094/941/1096 2095/942/1097 2120/1006/12
f 2095/942/1097 2096/943/1098 2120/1007/12
f 2096/943/1098 2097/944/1099 2120/1008/12
f 2097/944/1099 2098/945/1100 2120/1009/12
f 2098/945/1100 2099/946/1101 2120/1010/12
f 2099/946/1101 2100/947/1102 2120/1011/12
f 2100/947/1102 2101/948/1103 2120/1012/12
f 2101/948/1103 2102/949/1104 2120/1013/12
f 2102/949/1104 2103/950/1373 2120/1014/12
f 2103/950/1373 2104/951/1106 2120/1015/12
f 2104/951/1106 2105/952/1374 2120/1016/12
f 2105/952/1374 2106/953/1108 2120/1017/12
f 2106/953/1108 2107/954/1109 2120/1018/12
f 2107/954/1109 2108/955/1375 2120/1019/12
f 2108/955/1375 2109/956/1111 2120/1020/12
f 2109/956/1111 2110/957/1376 2120/1021/12
f 2110/957/1376 2111/958/1113 2120/1022/12
f 2111/958/1113 2112/959/1114 2120/1023/12
f 2112/959/1114 2113/960/1115 2120/1024/12
f 2113/960/1115 2114/961/1116 2120/1025/12
f 2114/961/1116 2115/962/1117 2120/1026/12
f 2115/962/1117 2116/963/1118 2120/1027/12
f 2116/963/1118 2117/964/1377 2120/1028/12
f 2117/964/1377 2118/965/1120 2120/1029/12
f 2118/965/1120 2119/966/1121 2120/1030/12
f 2119/966/1121 2056/967/1059 2120/1031/12
f 2121/1032/4 2123/1033/4 2122/1034/4
f 2121/1035/4 2124/1036/4 2123/1033/4
f 2121/1037/4 2125/1038/4 2124/1036/4
f 2121/1039/4 2126/1040/4 2125/1038/4
f 2121/1041/4 2127/1042/4 2126/1040/4
f 2121/1043/4 2128/1044/4 2127/1042/4
f 2121/1045/4 2129/1046/4 2128/1044/4
f 2121/1047/4 2130/1048/4 2129/1046/4
f 2121/1049/4 2131/1050/4 2130/1048/4
f 2121/1051/4 2132/1052/4 2131/1050/4
f 2121/1053/4 2133/1054/4 2132/1052/4
f 2121/1055/4 2134/1056/4 2133/1054/4
f 2121/1057/4 2135/1058/4 2134/1056/4
f 2121/1059/4 2136/1060/4 2135/1058/4
f 2121/1061/4 2137/1062/4 2136/1060/4
f 2121/1063/4 2138/1064/4 2137/1062/4
f 2121/1065/4 2139/1066/4 2138/1064/4
f 2121/1067/4 2140/1068/4 2139/1066/4
f 2121/1069/4 2141/1070/4 2140/1068/4
f 2121/1071/4 2142/1072/4 2141/1070/4
f 2121/1073/4 2143/1074/4 2142/1072/4
f 2121/1075/4 2144/1076/4 2143/1074/4
f 2121/1077/4 2145/1078/4 2144/1076/4
f 2121/1079/4 2146/1080/4 2145/1078/4
f 2121/1081/4 2147/1082/4 2146/1080/4
f 2121/1083/4 2148/1084/4 2147/1082/4
f 2121/1085/4 2149/1086/4 2148/1084/4
f 2121/1087/4 2150/1088/4 2149/1086/4
f 2121/1089/4 2151/1090/4 2150/1088/4
f 2121/1091/4 2152/1092/4 2151/1090/4
f 2121/1093/4 2153/1094/4 2152/1092/4
f 2121/1095/4 2154/1096/4 2153/1094/4
f 2121/1097/4 2155/1098/4 2154/1096/4
f 2121/1099/4 2156/1100/4 2155/1098/4
f 2121/1101/4 2157/1102/4 2156/1100/4
f 2121/1103/4 2158/1104/4 2157/1102/4
f 2121/1105/4 2159/1106/4 2158/1104/4
f 2121/1107/4 2160/1108/4 2159/1106/4
f 2121/1109/4 2161/1110/4 2160/1108/4
f 2121/1111/4 2162/1112/4 2161/1110/4
f 2121/1113/4 2163/1114/4 2162/1112/4
f 2121/1115/4 2164/1116/4 2163/1114/4
f 2121/1117/4 2165/1118/4 2164/1116/4
f 2121/1119/4 2166/1120/4 2165/1118/4
f 2121/1121/4 2167/1122/4 2166/1120/4
f 2121/1123/4 2168/1124/4 2167/1122/4
f 2121/1125/4 2169/1126/4 2168/1124/4
f 2121/1127/4 2170/1128/4 2169/1126/4
f 2121/1129/4 2171/1130/4 2170/1128/4
f 2121/1131/4 2172/1132/4 2171/1130/4
f 2121/1133/4 2173/1134/4 2172/1132/4
f 2121/1135/4 2174/1136/4 2173/1134/4
f 2121/1137/4 2175/1138/4 2174/1136/4
f 2121/1139/4 2176/1140/4 2175/1138/4
f 2121/1141/4 2177/1142/4 2176/1140/4
f 2121/1143/4 2178/1144/4 2177/1142/4
f 2121/1145/4 2179/1146/4 2178/1144/4
f 2121/1147/4 2180/1148/4 2179/1146/4
f 2121/1149/4 2181/1150/4 2180/1148/4
f 2121/1151/4 2182/1152/4 2181/1150/4
f 2121/1153/4 2183/1154/4 2182/1152/4
f 2121/1155/4 2184/1156/4 2183/1154/4
f 2121/1157/4 2185/1158/4 2184/1156/4
f 2121/1159/4 2122/1160/4 2185/1158/4
f 2122/1034/5 2123/1033/1122 2187/1161/1123 2186/1162/231
f 2123/1033/1122 2124/1036/1124 2188/1163/1125 2187/1161/1123
f 2124/1036/1124 2125/1038/1126 2189/1164/1127 2188/1163/1125
f 2125/1038/1126 2126/1040/1128 2190/1165/1129 2189/1164/1127
f 2126/1040/1130 2127/1042/1131 2191/1166/1132 2190/1165/1133
f 2127/1042/1131 2128/1044/1134 2192/1167/1135 2191/1166/1132
f 2128/1044/1134 2129/1046/1136 2193/1168/1137 2192/1167/1135
f 2129/1046/1136 2130/1048/1138 2194/1169/1139 2193/1168/1137
f 2130/1048/1138 2131/1050/1140 2195/1170/1141 2194/1169/1139
f 2131/1050/1140 2132/1052/1142 2196/1171/1143 2195/1170/1141
f 2132/1052/1142 2133/1054/1144 2197/1172/1145 2196/1171/1143
f 2133/1054/1144 2134/1056/1146 2198/1173/1147 2197/1172/1145
f 2134/1056/1148 2135/1058/1149 2199/1174/1150 2198/1173/1151
f 2135/1058/1149 2136/1060/1152 2200/1175/1153 2199/1174/1150
f 2136/1060/1152 2137/1062/1154 2201/1176/1378 2200/1175/1153
f 2137/1062/1154 2138/1064/6 2202/1177/1156 2201/1176/1378
f 2138/1064/6 2139/1066/1157 2203/1178/1158 2202/1177/1156
f 2139/1066/1157 2140/1068/1159 2204/1179/1160 2203/1178/1158
f 2140/1068/1159 2141/1070/1161 2205/1180/1162 2204/1179/1160
f 2141/1070/1161 2142/1072/1163 2206/1181/1164 2205/1180/1162
f 2142/1072/1165 2143/1074/1166 2207/1182/1167 2206/1181/1168
f 2143/1074/1166 2144/1076/1169 2208/1183/1170 2207/1182/1167
f 2144/1076/1169 2145/1078/1171 2209/1184/1172 2208/1183/1170
f 2145/1078/1171 2146/1080/1173 2210/1185/1174 2209/1184/1172
f 2146/1080/1173 2147/1082/1175 2211/1186/1176 2210/1185/1174
f 2147/1082/1175 2148/1084/1177 2212/1187/1178 2211/1186/1176
f 2148/1084/1177 2149/1086/1179 2213/1188/1379 2212/1187/1178
f 2149/1086/1179 2150/1088/1181 2214/1189/1182 2213/1188/1379
f 2150/1088/1183 2151/1090/1184 2215/1190/1185 2214/1189/1186
f 2151/1090/1184 2152/1092/1187 2216/1191/1188 2215/1190/1185
f 2152/1092/1187 2153/1094/1189 2217/1192/1190 2216/1191/1188
f 2153/1094/1189 2154/1096/7 2218/1193/1191 2217/1192/1190
f 2154/1096/7 2155/1098/1192 2219/1194/1193 2218/1193/1191
f 2155/1098/1192 2156/1100/1194 2220/1195/1195 2219/1194/1193
f 2156/1100/1194 2157/1102/1196 2221/93/165 2220/1195/1195
f 2157/1102/1196 2158/1104/1197 2222/94/1198 2221/93/165
f 2158/1104/1199 2159/1106/1200 2223/97/170 2222/94/169
f 2159/1106/1200 2160/1108/1201 2224/99/173 2223/97/170
f 2160/1108/1201 2161/1110/1202 2225/101/175 2224/99/173
f 2161/1110/1202 2162/1112/1203 2226/103/177 2225/101/175
f 2162/1112/1203 2163/1114/1204 2227/105/179 2226/103/177
f 2163/1114/1204 2164/1116/1205 2228/107/1380 2227/105/179
f 2164/1116/1205 2165/1118/1206 2229/109/183 2228/107/1380
f 2165/1118/1206 2166/1120/1207 2230/111/185 2229/109/183
f 2166/1120/1208 2167/1122/1209 2231/113/188 2230/111/187
f 2167/1122/1209 2168/1124/1210 2232/115/191 2231/113/188
f 2168/1124/1210 2169/1126/1211 2233/117/193 2232/115/191
f 2169/1126/1211 2170/1128/1 2234/119/195 2233/117/193
f 2170/1128/1 2171/1130/1212 2235/121/197 2234/119/195
f 2171/1130/1212 2172/1132/1213 2236/123/199 2235/121/197
f 2172/1132/1213 2173/1134/1214 2237/125/201 2236/123/199
f 2173/1134/1214 2174/1136/1215 2238/127/203 2237/125/201
f 2174/1136/1216 2175/1138/1217 2239/129/206 2238/127/205
f 2175/1138/1217 2176/1140/1218 2240/131/209 2239/129/206
f 2176/1140/1218 2177/1142/1220 2241/133/211 2240/131/209
f 2177/1142/1220 2178/1144/1221 2242/135/213 2241/133/211
f 2178/1144/1221 2179/1146/1222 2243/137/215 2242/135/213
f 2179/1146/1222 2180/1148/1223 2244/139/217 2243/137/215
f 2180/1148/1223 2181/1150/1224 2245/141/219 2244/139/217
f 2181/1150/1224 2182/1152/1225 2246/143/221 2245/141/219
f 2182/1152/1226 2183/1154/1227 2247/145/224 2246/143/1228
f 2183/1154/1227 2184/1156/1229 2248/147/227 2247/145/224
f 2184/1156/1229 2185/1158/1230 2249/149/1231 2248/147/227
f 2185/1158/1230 2122/1160/5 2186/151/231 2249/149/1231
f 2186/1162/231 2187/1161/1123 2251/154/1381 2250/153/232
f 2187/1161/1123 2188/1163/1125 2252/157/1382 2251/154/1381
f 2188/1163/1125 2189/1164/1127 2253/159/238 2252/157/1382
f 2189/1164/1127 2190/1165/1129 2254/161/1383 2253/159/238
f 2190/1165/1133 2191/1166/1132 2255/163/243 2254/161/242
f 2191/1166/1132 2192/1167/1135 2256/165/1384 2255/163/243
f 2192/1167/1135 2193/1168/1137 2257/167/247 2256/165/1384
f 2193/1168/1137 2194/1169/1139 2258/169/1385 2257/167/247
f 2194/1169/1139 2195/1170/1141 2259/171/251 2258/169/1385
f 2195/1170/1141 2196/1171/1143 2260/173/1386 2259/171/251
f 2196/1171/1143 2197/1172/1145 2261/175/255 2260/173/1386
f 2197/1172/1145 2198/1173/1147 2262/177/257 2261/175/255
f 2198/1173/1151 2199/1174/1150 2263/179/1387 2262/177/259
f 2199/1174/1150 2200/1175/1153 2264/181/1388 2263/179/1387
f 2200/1175/1153 2201/1176/1378 2265/183/1232 2264/181/1388
f 2201/1176/1378 2202/1177/1156 2266/185/266 2265/183/1232
f 2202/1177/1156 2203/1178/1158 2267/187/268 2266/185/266
f 2203/1178/1158 2204/1179/1160 2268/189/1389 2267/187/268
f 2204/1179/1160 2205/1180/1162 2269/191/272 2268/189/1389
f 2205/1180/1162 2206/1181/1164 2270/193/274 2269/191/272
f 2206/1181/1168 2207/1182/1167 2271/195/277 2270/193/276
f 2207/1182/1167 2208/1183/1170 2272/197/1390 2271/195/277
f 2208/1183/1170 2209/1184/1172 2273/199/1233 2272/197/1390
f 2209/1184/1172 2210/1185/1174 2274/201/1234 2273/199/1233
f 2210/1185/1174 2211/1186/1176 2275/203/285 2274/201/1234
f 2211/1186/1176 2212/1187/1178 2276/205/287 2275/203/285
f 2212/1187/1178 2213/1188/1379 2277/207/1391 2276/205/287
f 2213/1188/1379 2214/1189/1182 2278/209/1392 2277/207/1391
f 2214/1189/1186 2215/1190/1185 2279/211/1235 2278/209/1393
f 2215/1190/1185 2216/1191/1188 2280/213/1394 2279/211/1235
f 2216/1191/1188 2217/1192/1190 2281/215/1236 2280/213/1394
f 2217/1192/1190 2218/1193/1191 2282/217/300 2281/215/1236
f 2218/1193/1191 2219/1194/1193 2283/219/302 2282/217/300
f 2219/1194/1193 2220/1195/1195 2284/221/1395 2283/219/302
f 2220/1195/1195 2221/93/165 2285/96/168 2284/221/1395
f 2221/93/165 2222/94/1198 2286/95/1396 2285/96/168
f 2222/94/169 2223/97/170 2287/98/171 2286/95/172
f 2223/97/170 2224/99/173 2288/100/1397 2287/98/171
f 2224/99/173 2225/101/175 2289/102/176 2288/100/1397
f 2225/101/175 2226/103/177 2290/104/178 2289/102/176
f 2226/103/177 2227/105/179 2291/106/180 2290/104/178
f 2227/105/179 2228/107/1380 2292/108/1398 2291/106/180
f 2228/107/1380 2229/109/183 2293/110/184 2292/108/1398
f 2229/109/183 2230/111/185 2294/112/186 2293/110/184
f 2230/111/187 2231/113/188 2295/114/1399 2294/112/190
f 2231/113/188 2232/115/191 2296/116/1400 2295/114/1399
f 2232/115/191 2233/117/193 2297/118/194 2296/116/1400
f 2233/117/193 2234/119/195 2298/120/196 2297/118/194
f 2234/119/195 2235/121/197 2299/122/1401 2298/120/196
f 2235/121/197 2236/123/199 2300/124/1238 2299/122/1401
f 2236/123/199 2237/125/201 2301/126/202 2300/124/1238
f 2237/125/201 2238/127/203 2302/128/204 2301/126/202
f 2238/127/205 2239/129/206 2303/130/207 2302/128/208
f 2239/129/206 2240/131/209 2304/132/1402 2303/130/207
f 2240/131/209 2241/133/211 2305/134/212 2304/132/1402
f 2241/133/211 2242/135/213 2306/136/1239 2305/134/212
f 2242/135/213 2243/137/215 2307/138/216 2306/136/1239
f 2243/137/215 2244/139/217 2308/140/218 2307/138/216
f 2244/139/217 2245/141/219 2309/142/1403 2308/140/218
f 2245/141/219 2246/143/221 2310/144/1404 2309/142/1403
f 2246/143/1228 2247/145/224 2311/146/1405 2310/144/1406
f 2247/145/224 2248/147/227 2312/148/1407 2311/146/1405
f 2248/147/227 2249/149/1231 2313/150/230 2312/148/1407
f 2249/149/1231 2186/151/231 2250/152/232 2313/150/230
f 2250/153/232 2251/154/1381 2315/155/234 2314/156/235
f 2251/154/1381 2252/157/1382 2316/158/237 2315/155/234
f 2252/157/1382 2253/159/238 2317/160/239 2316/158/237
f 2253/159/238 2254/161/1383 2318/162/1408 2317/160/239
f 2254/161/242 2255/163/243 2319/164/1409 2318/162/1408
f 2255/163/243 2256/165/1384 2320/166/246 2319/164/1409
f 2256/165/1384 2257/167/247 2321/168/248 2320/166/246
f 2257/167/247 2258/169/1385 2322/170/250 2321/168/248
f 2258/169/1385 2259/171/251 2323/172/252 2322/170/250
f 2259/171/251 2260/173/1386 2324/174/254 2323/172/252
f 2260/173/1386 2261/175/255 2325/176/256 2324/174/254
f 2261/175/255 2262/177/257 2326/178/258 2325/176/256
f 2262/177/259 2263/179/1387 2327/180/261 2326/178/258
f 2263/179/1387 2264/181/1388 2328/182/263 2327/180/261
f 2264/181/1388 2265/183/1232 2329/184/265 2328/182/263
f 2265/183/1232 2266/185/266 2330/186/267 2329/184/265
f 2266/185/266 2267/187/268 2331/188/269 2330/186/267
f 2267/187/268 2268/189/1389 2332/190/271 2331/188/269
f 2268/189/1389 2269/191/272 2333/192/273 2332/190/271
f 2269/191/272 2270/193/274 2334/194/275 2333/192/273
f 2270/193/276 2271/195/277 2335/196/278 2334/194/275
f 2271/195/277 2272/197/1390 2336/198/280 2335/196/278
f 2272/197/1390 2273/199/1233 2337/200/282 2336/198/280
f 2273/199/1233 2274/201/1234 2338/202/284 2337/200/282
f 2274/201/1234 2275/203/285 2339/204/286 2338/202/284
f 2275/203/285 2276/205/287 2340/206/288 2339/204/286
f 2276/205/287 2277/207/1391 2341/208/290 2340/206/288
f 2277/207/1391 2278/209/1392 2342/210/292 2341/208/290
f 2278/209/1393 2279/211/1235 2343/212/295 2342/210/292
f 2279/211/1235 2280/213/1394 2344/214/297 2343/212/295
f 2280/213/1394 2281/215/1236 2345/216/299 2344/214/297
f 2281/215/1236 2282/217/300 2346/218/301 2345/216/299
f 2282/217/300 2283/219/302 2347/220/303 2346/218/301
f 2283/219/302 2284/221/1395 2348/222/305 2347/220/303
f 2284/221/1395 2285/96/168 2349/223/306 2348/222/305
f 2285/96/168 2286/95/1396 2350/224/1410 2349/223/306
f 2286/95/172 2287/98/171 2351/225/1411 2350/224/1410
f 2287/98/171 2288/100/1397 2352/226/309 2351/225/1411
f 2288/100/1397 2289/102/176 2353/227/310 2352/226/309
f 2289/102/176 2290/104/178 2354/228/311 2353/227/310
f 2290/104/178 2291/106/180 2355/229/312 2354/228/311
f 2291/106/180 2292/108/1398 2356/230/313 2355/229/312
f 2292/108/1398 2293/110/184 2357/231/314 2356/230/313
f 2293/110/184 2294/112/186 2358/232/315 2357/231/314
f 2294/112/190 2295/114/1399 2359/233/316 2358/232/315
f 2295/114/1399 2296/116/1400 2360/234/317 2359/233/316
f 2296/116/1400 2297/118/194 2361/235/318 2360/234/317
f 2297/118/194 2298/120/196 2362/236/319 2361/235/318
f 2298/120/196 2299/122/1401 2363/237/320 2362/236/319
f 2299/122/1401 2300/124/1238 2364/238/321 2363/237/320
f 2300/124/1238 2301/126/202 2365/239/322 2364/238/321
f 2301/126/202 2302/128/204 2366/240/323 2365/239/322
f 2302/128/208 2303/130/207 2367/241/324 2366/240/323
f 2303/130/207 2304/132/1402 2368/242/325 2367/241/324
f 2304/132/1402 2305/134/212 2369/243/326 2368/242/325
f 2305/134/212 2306/136/1239 2370/244/327 2369/243/326
f 2306/136/1239 2307/138/216 2371/245/328 2370/244/327
f 2307/138/216 2308/140/218 2372/246/329 2371/245/328
f 2308/140/218 2309/142/1403 2373/247/330 2372/246/329
f 2309/142/1403 2310/144/1404 2374/248/331 2373/247/330
f 2310/144/1406 2311/146/1405 2375/249/332 2374/248/331
f 2311/146/1405 2312/148/1407 2376/250/333 2375/249/332
f 2312/148/1407 2313/150/230 2377/251/334 2376/250/333
f 2313/150/230 2250/152/232 2314/252/235 2377/251/334
f 2314/156/235 2315/155/234 2379/253/335 2378/254/336
f 2315/155/234 2316/158/237 2380/255/1412 2379/253/335
f 2316/158/237 2317/160/239 2381/256/338 2380/255/1412
f 2317/160/239 2318/162/1408 2382/257/339 2381/256/338
f 2318/162/1408 2319/164/1409 2383/258/340 2382/257/339
f 2319/164/1409 2320/166/246 2384/259/341 2383/258/340
f 2320/166/246 2321/168/248 2385/260/342 2384/259/341
f 2321/168/248 2322/170/250 2386/261/1413 2385/260/342
f 2322/170/250 2323/172/252 2387/262/344 2386/261/1413
f 2323/172/252 2324/174/254 2388/263/345 2387/262/344
f 2324/174/254 2325/176/256 2389/264/346 2388/263/345
f 2325/176/256 2326/178/258 2390/265/347 2389/264/346
f 2326/178/258 2327/180/261 2391/266/348 2390/265/347
f 2327/180/261 2328/182/263 2392/267/1241 2391/266/348
f 2328/182/263 2329/184/265 2393/268/1242 2392/267/1241
f 2329/184/265 2330/186/267 2394/269/351 2393/268/1242
f 2330/186/267 2331/188/269 2395/270/352 2394/269/351
f 2331/188/269 2332/190/271 2396/271/353 2395/270/352
f 2332/190/271 2333/192/273 2397/272/354 2396/271/353
f 2333/192/273 2334/194/275 2398/273/355 2397/272/354
f 2334/194/275 2335/196/278 2399/274/356 2398/273/355
f 2335/196/278 2336/198/280 2400/275/357 2399/274/356
f 2336/198/280 2337/200/282 2401/276/1243 2400/275/357
f 2337/200/282 2338/202/284 2402/277/1414 2401/276/1243
f 2338/202/284 2339/204/286 2403/278/1244 2402/277/1414
f 2339/204/286 2340/206/288 2404/279/361 2403/278/1244
f 2340/206/288 2341/208/290 2405/280/362 2404/279/361
f 2341/208/290 2342/210/292 2406/281/363 2405/280/362
f 2342/210/292 2343/212/295 2407/282/364 2406/281/363
f 2343/212/295 2344/214/297 2408/283/365 2407/282/364
f 2344/214/297 2345/216/299 2409/284/366 2408/283/365
f 2345/216/299 2346/218/301 2410/285/367 2409/284/366
f 2346/218/301 2347/220/303 2411/286/368 2410/285/367
f 2347/220/303 2348/222/305 2412/287/1246 2411/286/368
f 2348/222/305 2349/223/306 2413/288/370 2412/287/1246
f 2349/223/306 2350/224/1410 2414/289/371 2413/288/370
f 2350/224/1410 2351/225/1411 2415/290/372 2414/289/371
f 2351/225/1411 2352/226/309 2416/291/373 2415/290/372
f 2352/226/309 2353/227/310 2417/292/374 2416/291/373
f 2353/227/310 2354/228/311 2418/293/1415 2417/292/374
f 2354/228/311 2355/229/312 2419/294/376 2418/293/1415
f 2355/229/312 2356/230/313 2420/295/377 2419/294/376
f 2356/230/313 2357/231/314 2421/296/378 2420/295/377
f 2357/231/314 2358/232/315 2422/297/379 2421/296/378
f 2358/232/315 2359/233/316 2423/298/380 2422/297/379
f 2359/233/316 2360/234/317 2424/299/1248 2423/298/380
f 2360/234/317 2361/235/318 2425/300/1416 2424/299/1248
f 2361/235/318 2362/236/319 2426/301/383 2425/300/1416
f 2362/236/319 2363/237/320 2427/302/384 2426/301/383
f 2363/237/320 2364/238/321 2428/303/385 2427/302/384
f 2364/238/321 2365/239/322 2429/304/386 2428/303/385
f 2365/239/322 2366/240/323 2430/305/387 2429/304/386
f 2366/240/323 2367/241/324 2431/306/388 2430/305/387
f 2367/241/324 2368/242/325 2432/307/389 2431/306/388
f 2368/242/325 2369/243/326 2433/308/1249 2432/307/389
f 2369/243/326 2370/244/327 2434/309/1250 2433/308/1249
f 2370/244/327 2371/245/328 2435/310/1417 2434/309/1250
f 2371/245/328 2372/246/329 2436/311/393 2435/310/1417
f 2372/246/329 2373/247/330 2437/312/394 2436/311/393
f 2373/247/330 2374/248/331 2438/313/395 2437/312/394
f 2374/248/331 2375/249/332 2439/314/396 2438/313/395
f 2375/249/332 2376/250/333 2440/315/397 2439/314/396
f 2376/250/333 2377/251/334 2441/316/398 2440/315/397
f 2377/251/334 2314/252/235 2378/317/336 2441/316/398
f 2378/254/336 2379/253/335 2443/318/399 2442/319/400
f 2379/253/335 2380/255/1412 2444/320/401 2443/318/399
f 2380/255/1412 2381/256/338 2445/321/1418 2444/320/401
f 2381/256/338 2382/257/339 2446/322/403 2445/321/1418
f 2382/257/339 2383/258/340 2447/323/404 2446/322/403
f 2383/258/340 2384/259/341 2448/324/1419 2447/323/404
f 2384/259/341 2385/260/342 2449/325/406 2448/324/1419
f 2385/260/342 2386/261/1413 2450/326/1252 2449/325/406
f 2386/261/1413 2387/262/344 2451/327/408 2450/326/1252
f 2387/262/344 2388/263/345 2452/328/409 2451/327/408
f 2388/263/345 2389/264/346 2453/329/1420 2452/328/409
f 2389/264/346 2390/265/347 2454/330/411 2453/329/1420
f 2390/265/347 2391/266/348 2455/331/412 2454/330/411
f 2391/266/348 2392/267/1241 2456/332/413 2455/331/412
f 2392/267/1241 2393/268/1242 2457/333/1254 2456/332/413
f 2393/268/1242 2394/269/351 2458/334/1421 2457/333/1254
f 2394/269/351 2395/270/352 2459/335/416 2458/334/1421
f 2395/270/352 2396/271/353 2460/336/417 2459/335/416
f 2396/271/353 2397/272/354 2461/337/1422 2460/336/417
f 2397/272/354 2398/273/355 2462/338/419 2461/337/1422
f 2398/273/355 2399/274/356 2463/339/420 2462/338/419
f 2399/274/356 2400/275/357 2464/340/421 2463/339/420
f 2400/275/357 2401/276/1243 2465/341/1423 2464/340/421
f 2401/276/1243 2402/277/1414 2466/342/1256 2465/341/1423
f 2402/277/1414 2403/278/1244 2467/343/1257 2466/342/1256
f 2403/278/1244 2404/279/361 2468/344/425 2467/343/1257
f 2404/279/361 2405/280/362 2469/345/426 2468/344/425
f 2405/280/362 2406/281/363 2470/346/427 2469/345/426
f 2406/281/363 2407/282/364 2471/347/1258 2470/346/427
f 2407/282/364 2408/283/365 2472/348/429 2471/347/1258
f 2408/283/365 2409/284/366 2473/349/1424 2472/348/429
f 2409/284/366 2410/285/367 2474/350/431 2473/349/1424
f 2410/285/367 2411/286/368 2475/351/432 2474/350/431
f 2411/286/368 2412/287/1246 2476/352/433 2475/351/432
f 2412/287/1246 2413/288/370 2477/353/1259 2476/352/433
f 2413/288/370 2414/289/371 2478/354/435 2477/353/1259
f 2414/289/371 2415/290/372 2479/355/436 2478/354/435
f 2415/290/372 2416/291/373 2480/356/1260 2479/355/436
f 2416/291/373 2417/292/374 2481/357/438 2480/356/1260
f 2417/292/374 2418/293/1415 2482/358/1261 2481/357/438
f 2418/293/1415 2419/294/376 2483/359/440 2482/358/1261
f 2419/294/376 2420/295/377 2484/360/441 2483/359/440
f 2420/295/377 2421/296/378 2485/361/1262 2484/360/441
f 2421/296/378 2422/297/379 2486/362/443 2485/361/1262
f 2422/297/379 2423/298/380 2487/363/444 2486/362/443
f 2423/298/380 2424/299/1248 2488/364/445 2487/363/444
f 2424/299/1248 2425/300/1416 2489/365/1425 2488/364/445
f 2425/300/1416 2426/301/383 2490/366/1426 2489/365/1425
f 2426/301/383 2427/302/384 2491/367/448 2490/366/1426
f 2427/302/384 2428/303/385 2492/368/449 2491/367/448
f 2428/303/385 2429/304/386 2493/369/1427 2492/368/449
f 2429/304/386 2430/305/387 2494/370/451 2493/369/1427
f 2430/305/387 2431/306/388 2495/371/452 2494/370/451
f 2431/306/388 2432/307/389 2496/372/453 2495/371/452
f 2432/307/389 2433/308/1249 2497/373/1264 2496/372/453
f 2433/308/1249 2434/309/1250 2498/374/1428 2497/373/1264
f 2434/309/1250 2435/310/1417 2499/375/1429 2498/374/1428
f 2435/310/1417 2436/311/393 2500/376/457 2499/375/1429
f 2436/311/393 2437/312/394 2501/377/458 2500/376/457
f 2437/312/394 2438/313/395 2502/378/459 2501/377/458
f 2438/313/395 2439/314/396 2503/379/1430 2502/378/459
f 2439/314/396 2440/315/397 2504/380/461 2503/379/1430
f 2440/315/397 2441/316/398 2505/381/1431 2504/380/461
f 2441/316/398 2378/317/336 2442/382/400 2505/381/1431
f 2442/319/400 2443/318/399 2507/383/463 2506/384/464
f 2443/318/399 2444/320/401 2508/385/465 2507/383/463
f 2444/320/401 2445/321/1418 2509/386/466 2508/385/465
f 2445/321/1418 2446/322/403 2510/387/467 2509/386/466
f 2446/322/403 2447/323/404 2511/388/468 2510/387/467
f 2447/323/404 2448/324/1419 2512/389/1432 2511/388/468
f 2448/324/1419 2449/325/406 2513/390/470 2512/389/1432
f 2449/325/406 2450/326/1252 2514/391/471 2513/390/470
f 2450/326/1252 2451/327/408 2515/392/472 2514/391/471
f 2451/327/408 2452/328/409 2516/393/1433 2515/392/472
f 2452/328/409 2453/329/1420 2517/394/1434 2516/393/1433
f 2453/329/1420 2454/330/411 2518/395/475 2517/394/1434
f 2454/330/411 2455/331/412 2519/396/476 2518/395/475
f 2455/331/412 2456/332/413 2520/397/477 2519/396/476
f 2456/332/413 2457/333/1254 2521/398/1265 2520/397/477
f 2457/333/1254 2458/334/1421 2522/399/479 2521/398/1265
f 2458/334/1421 2459/335/416 2523/400/480 2522/399/479
f 2459/335/416 2460/336/417 2524/401/481 2523/400/480
f 2460/336/417 2461/337/1422 2525/402/482 2524/401/481
f 2461/337/1422 2462/338/419 2526/403/483 2525/402/482
f 2462/338/419 2463/339/420 2527/404/1435 2526/403/483
f 2463/339/420 2464/340/421 2528/405/485 2527/404/1435
f 2464/340/421 2465/341/1423 2529/406/486 2528/405/485
f 2465/341/1423 2466/342/1256 2530/407/487 2529/406/486
f 2466/342/1256 2467/343/1257 2531/408/488 2530/407/487
f 2467/343/1257 2468/344/425 2532/409/489 2531/408/488
f 2468/344/425 2469/345/426 2533/410/1436 2532/409/489
f 2469/345/426 2470/346/427 2534/411/491 2533/410/1436
f 2470/346/427 2471/347/1258 2535/412/492 2534/411/491
f 2471/347/1258 2472/348/429 2536/413/493 2535/412/492
f 2472/348/429 2473/349/1424 2537/414/1267 2536/413/493
f 2473/349/1424 2474/350/431 2538/415/495 2537/414/1267
f 2474/350/431 2475/351/432 2539/416/496 2538/415/495
f 2475/351/432 2476/352/433 2540/417/497 2539/416/496
f 2476/352/433 2477/353/1259 2541/418/498 2540/417/497
f 2477/353/1259 2478/354/435 2542/419/499 2541/418/498
f 2478/354/435 2479/355/436 2543/420/500 2542/419/499
f 2479/355/436 2480/356/1260 2544/421/1437 2543/420/500
f 2480/356/1260 2481/357/438 2545/422/502 2544/421/1437
f 2481/357/438 2482/358/1261 2546/423/503 2545/422/502
f 2482/358/1261 2483/359/440 2547/424/504 2546/423/503
f 2483/359/440 2484/360/441 2548/425/1438 2547/424/504
f 2484/360/441 2485/361/1262 2549/426/1439 2548/425/1438
f 2485/361/1262 2486/362/443 2550/427/507 2549/426/1439
f 2486/362/443 2487/363/444 2551/428/508 2550/427/507
f 2487/363/444 2488/364/445 2552/429/509 2551/428/508
f 2488/364/445 2489/365/1425 2553/430/1270 2552/429/509
f 2489/365/1425 2490/366/1426 2554/431/511 2553/430/1270
f 2490/366/1426 2491/367/448 2555/432/512 2554/431/511
f 2491/367/448 2492/368/449 2556/433/513 2555/432/512
f 2492/368/449 2493/369/1427 2557/434/514 2556/433/513
f 2493/369/1427 2494/370/451 2558/435/515 2557/434/514
f 2494/370/451 2495/371/452 2559/436/1440 2558/435/515
f 2495/371/452 2496/372/453 2560/437/517 2559/436/1440
f 2496/372/453 2497/373/1264 2561/438/518 2560/437/517
f 2497/373/1264 2498/374/1428 2562/439/519 2561/438/518
f 2498/374/1428 2499/375/1429 2563/440/520 2562/439/519
f 2499/375/1429 2500/376/457 2564/441/521 2563/440/520
f 2500/376/457 2501/377/458 2565/442/1441 2564/441/521
f 2501/377/458 2502/378/459 2566/443/523 2565/442/1441
f 2502/378/459 2503/379/1430 2567/444/524 2566/443/523
f 2503/379/1430 2504/380/461 2568/445/525 2567/444/524
f 2504/380/461 2505/381/1431 2569/446/1442 2568/445/525
f 2505/381/1431 2442/382/400 2506/447/464 2569/446/1442
f 2506/384/464 2507/383/463 2571/448/527 2570/449/528
f 2507/383/463 2508/385/465 2572/450/529 2571/448/527
f 2508/385/465 2509/386/466 2573/451/530 2572/450/529
f 2509/386/466 2510/387/467 2574/452/531 2573/451/530
f 2510/387/467 2511/388/468 2575/453/532 2574/452/531
f 2511/388/468 2512/389/1432 2576/454/533 2575/453/532
f 2512/389/1432 2513/390/470 2577/455/534 2576/454/533
f 2513/390/470 2514/391/471 2578/456/535 2577/455/534
f 2514/391/471 2515/392/472 2579/457/536 2578/456/535
f 2515/392/472 2516/393/1433 2580/458/537 2579/457/536
f 2516/393/1433 2517/394/1434 2581/459/538 2580/458/537
f 2517/394/1434 2518/395/475 2582/460/539 2581/459/538
f 2518/395/475 2519/396/476 2583/461/540 2582/460/539
f 2519/396/476 2520/397/477 2584/462/541 2583/461/540
f 2520/397/477 2521/398/1265 2585/463/542 2584/462/541
f 2521/398/1265 2522/399/479 2586/464/543 2585/463/542
f 2522/399/479 2523/400/480 2587/465/544 2586/464/543
f 2523/400/480 2524/401/481 2588/466/545 2587/465/544
f 2524/401/481 2525/402/482 2589/467/546 2588/466/545
f 2525/402/482 2526/403/483 2590/468/547 2589/467/546
f 2526/403/483 2527/404/1435 2591/469/548 2590/468/547
f 2527/404/1435 2528/405/485 2592/470/549 2591/469/548
f 2528/405/485 2529/406/486 2593/471/550 2592/470/549
f 2529/406/486 2530/407/487 2594/472/551 2593/471/550
f 2530/407/487 2531/408/488 2595/473/552 2594/472/551
f 2531/408/488 2532/409/489 2596/474/553 2595/473/552
f 2532/409/489 2533/410/1436 2597/475/554 2596/474/553
f 2533/410/1436 2534/411/491 2598/476/555 2597/475/554
f 2534/411/491 2535/412/492 2599/477/556 2598/476/555
f 2535/412/492 2536/413/493 2600/478/557 2599/477/556
f 2536/413/493 2537/414/1267 2601/479/558 2600/478/557
f 2537/414/1267 2538/415/495 2602/480/559 2601/479/558
f 2538/415/495 2539/416/496 2603/481/560 2602/480/559
f 2539/416/496 2540/417/497 2604/482/561 2603/481/560
f 2540/417/497 2541/418/498 2605/483/562 2604/482/561
f 2541/418/498 2542/419/499 2606/484/563 2605/483/562
f 2542/419/499 2543/420/500 2607/485/564 2606/484/563
f 2543/420/500 2544/421/1437 2608/486/565 2607/485/564
f 2544/421/1437 2545/422/502 2609/487/566 2608/486/565
f 2545/422/502 2546/423/503 2610/488/567 2609/487/566
f 2546/423/503 2547/424/504 2611/489/568 2610/488/567
f 2547/424/504 2548/425/1438 2612/490/569 2611/489/568
f 2548/425/1438 2549/426/1439 2613/491/570 2612/490/569
f 2549/426/1439 2550/427/507 2614/492/571 2613/491/570
f 2550/427/507 2551/428/508 2615/493/572 2614/492/571
f 2551/428/508 2552/429/509 2616/494/573 2615/493/572
f 2552/429/509 2553/430/1270 2617/495/574 2616/494/573
f 2553/430/1270 2554/431/511 2618/496/575 2617/495/574
f 2554/431/511 2555/432/512 2619/497/576 2618/496/575
f 2555/432/512 2556/433/513 2620/498/577 2619/497/576
f 2556/433/513 2557/434/514 2621/499/578 2620/498/577
f 2557/434/514 2558/435/515 2622/500/579 2621/499/578
f 2558/435/515 2559/436/1440 2623/501/580 2622/500/579
f 2559/436/1440 2560/437/517 2624/502/581 2623/501/580
f 2560/437/517 2561/438/518 2625/503/582 2624/502/581
f 2561/438/518 2562/439/519 2626/504/583 2625/503/582
f 2562/439/519 2563/440/520 2627/505/584 2626/504/583
f 2563/440/520 2564/441/521 2628/506/585 2627/505/584
f 2564/441/521 2565/442/1441 2629/507/586 2628/506/585
f 2565/442/1441 2566/443/523 2630/508/587 2629/507/586
f 2566/443/523 2567/444/524 2631/509/588 2630/508/587
f 2567/444/524 2568/445/525 2632/510/589 2631/509/588
f 2568/445/525 2569/446/1442 2633/511/590 2632/510/589
f 2569/446/1442 2506/447/464 2570/512/528 2633/511/590
f 2570/449/528 2571/448/527 2635/513/591 2634/514/592
f 2571/448/527 2572/450/529 2636/515/593 2635/513/591
f 2572/450/529 2573/451/530 2637/516/594 2636/515/593
f 2573/451/530 2574/452/531 2638/517/595 2637/516/594
f 2574/452/531 2575/453/532 2639/518/596 2638/517/595
f 2575/453/532 2576/454/533 2640/519/597 2639/518/596
f 2576/454/533 2577/455/534 2641/520/1273 2640/519/597
f 2577/455/534 2578/456/535 2642/521/599 2641/520/1273
f 2578/456/535 2579/457/536 2643/522/1443 2642/521/599
f 2579/457/536 2580/458/537 2644/523/601 2643/522/1443
f 2580/458/537 2581/459/538 2645/524/602 2644/523/601
f 2581/459/538 2582/460/539 2646/525/603 2645/524/602
f 2582/460/539 2583/461/540 2647/526/604 2646/525/603
f 2583/461/540 2584/462/541 2648/527/605 2647/526/604
f 2584/462/541 2585/463/542 2649/528/606 2648/527/605
f 2585/463/542 2586/464/543 2650/529/607 2649/528/606
f 2586/464/543 2587/465/544 2651/530/608 2650/529/607
f 2587/465/544 2588/466/545 2652/531/609 2651/530/608
f 2588/466/545 2589/467/546 2653/532/610 2652/531/609
f 2589/467/546 2590/468/547 2654/533/611 2653/532/610
f 2590/468/547 2591/469/548 2655/534/612 2654/533/611
f 2591/469/548 2592/470/549 2656/535/613 2655/534/612
f 2592/470/549 2593/471/550 2657/536/1444 2656/535/613
f 2593/471/550 2594/472/551 2658/537/615 2657/536/1444
f 2594/472/551 2595/473/552 2659/538/1274 2658/537/615
f 2595/473/552 2596/474/553 2660/539/617 2659/538/1274
f 2596/474/553 2597/475/554 2661/540/618 2660/539/617
f 2597/475/554 2598/476/555 2662/541/619 2661/540/618
f 2598/476/555 2599/477/556 2663/542/620 2662/541/619
f 2599/477/556 2600/478/557 2664/543/621 2663/542/620
f 2600/478/557 2601/479/558 2665/544/622 2664/543/621
f 2601/479/558 2602/480/559 2666/545/623 2665/544/622
f 2602/480/559 2603/481/560 2667/546/624 2666/545/623
f 2603/481/560 2604/482/561 2668/547/625 2667/546/624
f 2604/482/561 2605/483/562 2669/548/626 2668/547/625
f 2605/483/562 2606/484/563 2670/549/627 2669/548/626
f 2606/484/563 2607/485/564 2671/550/628 2670/549/627
f 2607/485/564 2608/486/565 2672/551/629 2671/550/628
f 2608/486/565 2609/487/566 2673/552/1445 2672/551/629
f 2609/487/566 2610/488/567 2674/553/631 2673/552/1445
f 2610/488/567 2611/489/568 2675/554/1446 2674/553/631
f 2611/489/568 2612/490/569 2676/555/633 2675/554/1446
f 2612/490/569 2613/491/570 2677/556/634 2676/555/633
f 2613/491/570 2614/492/571 2678/557/635 2677/556/634
f 2614/492/571 2615/493/572 2679/558/636 2678/557/635
f 2615/493/572 2616/494/573 2680/559/637 2679/558/636
f 2616/494/573 2617/495/574 2681/560/638 2680/559/637
f 2617/495/574 2618/496/575 2682/561/639 2681/560/638
f 2618/496/575 2619/497/576 2683/562/640 2682/561/639
f 2619/497/576 2620/498/577 2684/563/641 2683/562/640
f 2620/498/577 2621/499/578 2685/564/642 2684/563/641
f 2621/499/578 2622/500/579 2686/565/643 2685/564/642
f 2622/500/579 2623/501/580 2687/566/644 2686/565/643
f 2623/501/580 2624/502/581 2688/567/645 2687/566/644
f 2624/502/581 2625/503/582 2689/568/1447 2688/567/645
f 2625/503/582 2626/504/583 2690/569/647 2689/568/1447
f 2626/504/583 2627/505/584 2691/570/1275 2690/569/647
f 2627/505/584 2628/506/585 2692/571/649 2691/570/1275
f 2628/506/585 2629/507/586 2693/572/650 2692/571/649
f 2629/507/586 2630/508/587 2694/573/651 2693/572/650
f 2630/508/587 2631/509/588 2695/574/652 2694/573/651
f 2631/509/588 2632/510/589 2696/575/653 2695/574/652
f 2632/510/589 2633/511/590 2697/576/654 2696/575/653
f 2633/511/590 2570/512/528 2634/577/592 2697/576/654
f 2634/514/592 2635/513/591 2699/578/655 2698/579/656
f 2635/513/591 2636/515/593 2700/580/657 2699/578/655
f 2636/515/593 2637/516/594 2701/581/658 2700/580/657
f 2637/516/1448 2638/517/660 2702/582/660 2701/581/1448
f 2638/517/660 2639/518/661 2703/583/661 2702/582/660
f 2639/518/596 2640/519/597 2704/584/662 2703/583/663
f 2640/519/597 2641/520/1273 2705/585/664 2704/584/662
f 2641/520/1273 2642/521/599 2706/586/665 2705/585/664
f 2642/521/599 2643/522/1443 2707/587/1277 2706/586/665
f 2643/522/1443 2644/523/601 2708/588/667 2707/587/1277
f 2644/523/601 2645/524/602 2709/589/668 2708/588/667
f 2645/524/669 2646/525/1449 2710/590/1450 2709/589/669
f 2646/525/1449 2647/526/671 2711/591/671 2710/590/1450
f 2647/526/604 2648/527/605 2712/592/672 2711/591/673
f 2648/527/605 2649/528/606 2713/593/674 2712/592/672
f 2649/528/606 2650/529/607 2714/594/675 2713/593/674
f 2650/529/607 2651/530/608 2715/595/676 2714/594/675
f 2651/530/608 2652/531/609 2716/596/677 2715/595/676
f 2652/531/609 2653/532/610 2717/597/678 2716/596/677
f 2653/532/1451 2654/533/1452 2718/598/1452 2717/597/1451
f 2654/533/1452 2655/534/1453 2719/599/1453 2718/598/1452
f 2655/534/612 2656/535/613 2720/600/683 2719/599/684
f 2656/535/613 2657/536/1444 2721/601/1454 2720/600/683
f 2657/536/1444 2658/537/615 2722/602/686 2721/601/1454
f 2658/537/615 2659/538/1274 2723/603/687 2722/602/686
f 2659/538/1274 2660/539/617 2724/604/688 2723/603/687
f 2660/539/617 2661/540/618 2725/605/689 2724/604/688
f 2661/540/690 2662/541/692 2726/606/692 2725/605/690
f 2662/541/692 2663/542/1455 2727/607/1455 2726/606/692
f 2663/542/620 2664/543/621 2728/608/1456 2727/607/695
f 2664/543/621 2665/544/622 2729/609/1280 2728/608/1456
f 2665/544/622 2666/545/623 2730/610/697 2729/609/1280
f 2666/545/623 2667/546/624 2731/611/698 2730/610/697
f 2667/546/624 2668/547/625 2732/612/699 2731/611/698
f 2668/547/625 2669/548/626 2733/613/700 2732/612/699
f 2669/548/1457 2670/549/702 2734/614/702 2733/613/1457
f 2670/549/702 2671/550/703 2735/615/703 2734/614/702
f 2671/550/628 2672/551/629 2736/616/704 2735/615/705
f 2672/551/629 2673/552/1445 2737/617/706 2736/616/704
f 2673/552/1445 2674/553/631 2738/618/707 2737/617/706
f 2674/553/631 2675/554/1446 2739/619/1458 2738/618/707
f 2675/554/1446 2676/555/633 2740/620/709 2739/619/1458
f 2676/555/633 2677/556/634 2741/621/710 2740/620/709
f 2677/556/711 2678/557/1459 2742/622/1459 2741/621/711
f 2678/557/1459 2679/558/714 2743/623/714 2742/622/1459
f 2679/558/636 2680/559/637 2744/624/715 2743/623/716
f 2680/559/637 2681/560/638 2745/625/717 2744/624/715
f 2681/560/638 2682/561/639 2746/626/718 2745/625/717
f 2682/561/639 2683/562/640 2747/627/719 2746/626/718
f 2683/562/640 2684/563/641 2748/628/720 2747/627/719
f 2684/563/641 2685/564/642 2749/629/721 2748/628/720
f 2685/564/1460 2686/565/1461 2750/630/1462 2749/629/1460
f 2686/565/1461 2687/566/1463 2751/631/1463 2750/630/1462
f 2687/566/644 2688/567/645 2752/632/725 2751/631/726
f 2688/567/645 2689/568/1447 2753/633/1287 2752/632/725
f 2689/568/1447 2690/569/647 2754/634/728 2753/633/1287
f 2690/569/647 2691/570/1275 2755/635/729 2754/634/728
f 2691/570/1275 2692/571/649 2756/636/730 2755/635/729
f 2692/571/649 2693/572/650 2757/637/731 2756/636/730
f 2693/572/732 2694/573/1464 2758/638/733 2757/637/732
f 2694/573/1464 2695/574/1465 2759/639/1465 2758/638/733
f 2695/574/652 2696/575/653 2760/640/1466 2759/639/736
f 2696/575/653 2697/576/654 2761/641/1467 2760/640/1466
f 2697/576/654 2634/577/592 2698/642/656 2761/641/1467
f 2698/579/738 2699/578/739 2763/643/740 2762/644/741
f 2699/578/739 2700/580/1468 2764/645/743 2763/643/740
f 2700/580/1468 2701/581/1469 2765/646/1470 2764/645/743
f 2701/581/1469 2702/582/746 2766/647/747 2765/646/1470
f 2702/582/746 2703/583/1471 2767/648/749 2766/647/747
f 2703/583/1471 2704/584/750 2768/649/751 2767/648/749
f 2704/584/750 2705/585/1289 2769/650/753 2768/649/751
f 2705/585/1289 2706/586/754 2770/651/755 2769/650/753
f 2706/586/754 2707/587/1472 2771/652/757 2770/651/755
f 2707/587/1472 2708/588/758 2772/653/759 2771/652/757
f 2708/588/758 2709/589/760 2773/654/761 2772/653/759
f 2709/589/760 2710/590/1292 2774/655/1473 2773/654/761
f 2710/590/1292 2711/591/764 2775/656/1474 2774/655/1473
f 2711/591/764 2712/592/1475 2776/657/767 2775/656/1474
f 2712/592/1475 2713/593/768 2777/658/769 2776/657/767
f 2713/593/768 2714/594/770 2778/659/771 2777/658/769
f 2714/594/770 2715/595/1476 2779/660/773 2778/659/771
f 2715/595/1476 2716/596/1293 2780/661/775 2779/660/773
f 2716/596/1293 2717/597/776 2781/662/1477 2780/661/775
f 2717/597/776 2718/598/1295 2782/663/1296 2781/662/1477
f 2718/598/1295 2719/599/780 2783/664/781 2782/663/1296
f 2719/599/780 2720/600/782 2784/665/783 2783/664/781
f 2720/600/782 2721/601/1478 2785/666/785 2784/665/783
f 2721/601/1478 2722/602/786 2786/667/1479 2785/666/785
f 2722/602/786 2723/603/1298 2787/668/789 2786/667/1479
f 2723/603/1298 2724/604/1299 2788/669/791 2787/668/789
f 2724/604/1299 2725/605/1480 2789/670/793 2788/669/791
f 2725/605/1480 2726/606/794 2790/671/1300 2789/670/793
f 2726/606/794 2727/607/796 2791/672/1481 2790/671/1300
f 2727/607/796 2728/608/1482 2792/673/799 2791/672/1481
f 2728/608/1482 2729/609/800 2793/674/801 2792/673/799
f 2729/609/800 2730/610/802 2794/675/803 2793/674/801
f 2730/610/802 2731/611/804 2795/676/805 2794/675/803
f 2731/611/804 2732/612/1483 2796/677/807 2795/676/805
f 2732/612/1483 2733/613/1484 2797/678/1303 2796/677/807
f 2733/613/1484 2734/614/810 2798/679/811 2797/678/1303
f 2734/614/810 2735/615/1485 2799/680/813 2798/679/811
f 2735/615/1485 2736/616/814 2800/681/815 2799/680/813
f 2736/616/814 2737/617/1486 2801/682/817 2800/681/815
f 2737/617/1486 2738/618/818 2802/683/819 2801/682/817
f 2738/618/818 2739/619/1487 2803/684/821 2802/683/819
f 2739/619/1487 2740/620/822 2804/685/823 2803/684/821
f 2740/620/822 2741/621/824 2805/686/825 2804/685/823
f 2741/621/824 2742/622/1488 2806/687/1489 2805/686/825
f 2742/622/1488 2743/623/828 2807/688/1490 2806/687/1489
f 2743/623/828 2744/624/1491 2808/689/831 2807/688/1490
f 2744/624/1491 2745/625/832 2809/690/833 2808/689/831
f 2745/625/832 2746/626/834 2810/691/835 2809/690/833
f 2746/626/834 2747/627/1308 2811/692/837 2810/691/835
f 2747/627/1308 2748/628/1492 2812/693/839 2811/692/837
f 2748/628/1492 2749/629/840 2813/694/1493 2812/693/839
f 2749/629/840 2750/630/1309 2814/695/1494 2813/694/1493
f 2750/630/1309 2751/631/844 2815/696/845 2814/695/1494
f 2751/631/844 2752/632/846 2816/697/847 2815/696/845
f 2752/632/846 2753/633/1495 2817/698/849 2816/697/847
f 2753/633/1495 2754/634/850 2818/699/1311 2817/698/849
f 2754/634/850 2755/635/1312 2819/700/853 2818/699/1311
f 2755/635/1312 2756/636/1496 2820/701/855 2819/700/853
f 2756/636/1496 2757/637/1315 2821/702/857 2820/701/855
f 2757/637/1315 2758/638/858 2822/703/1497 2821/702/857
f 2758/638/858 2759/639/860 2823/704/1316 2822/703/1497
f 2759/639/860 2760/640/1498 2824/705/863 2823/704/1316
f 2760/640/1498 2761/641/864 2825/706/865 2824/705/863
f 2761/641/864 2698/642/738 2762/707/741 2825/706/865
f 2762/644/741 2763/643/740 2827/708/866 2826/709/1318
f 2763/643/740 2764/645/743 2828/710/868 2827/708/866
f 2764/645/743 2765/646/1470 2829/711/869 2828/710/868
f 2765/646/1470 2766/647/747 2830/712/870 2829/711/869
f 2766/647/747 2767/648/749 2831/713/871 2830/712/870
f 2767/648/749 2768/649/751 2832/714/872 2831/713/871
f 2768/649/751 2769/650/753 2833/715/873 2832/714/872
f 2769/650/753 2770/651/755 2834/716/874 2833/715/873
f 2770/651/755 2771/652/757 2835/717/1499 2834/716/874
f 2771/652/757 2772/653/759 2836/718/876 2835/717/1499
f 2772/653/759 2773/654/761 2837/719/877 2836/718/876
f 2773/654/761 2774/655/1473 2838/720/878 2837/719/877
f 2774/655/1473 2775/656/1474 2839/721/879 2838/720/878
f 2775/656/1474 2776/657/767 2840/722/880 2839/721/879
f 2776/657/767 2777/658/769 2841/723/881 2840/722/880
f 2777/658/769 2778/659/771 2842/724/882 2841/723/881
f 2778/659/771 2779/660/773 2843/725/883 2842/724/882
f 2779/660/773 2780/661/775 2844/726/884 2843/725/883
f 2780/661/775 2781/662/1477 2845/727/885 2844/726/884
f 2781/662/1477 2782/663/1296 2846/728/886 2845/727/885
f 2782/663/1296 2783/664/781 2847/729/887 2846/728/886
f 2783/664/781 2784/665/783 2848/730/888 2847/729/887
f 2784/665/783 2785/666/785 2849/731/889 2848/730/888
f 2785/666/785 2786/667/1479 2850/732/890 2849/731/889
f 2786/667/1479 2787/668/789 2851/733/891 2850/732/890
f 2787/668/789 2788/669/791 2852/734/892 2851/733/891
f 2788/669/791 2789/670/793 2853/735/893 2852/734/892
f 2789/670/793 2790/671/1300 2854/736/1500 2853/735/893
f 2790/671/1300 2791/672/1481 2855/737/895 2854/736/1500
f 2791/672/1481 2792/673/799 2856/738/896 2855/737/895
f 2792/673/799 2793/674/801 2857/739/897 2856/738/896
f 2793/674/801 2794/675/803 2858/740/898 2857/739/897
f 2794/675/803 2795/676/805 2859/741/899 2858/740/898
f 2795/676/805 2796/677/807 2860/742/900 2859/741/899
f 2796/677/807 2797/678/1303 2861/743/901 2860/742/900
f 2797/678/1303 2798/679/811 2862/744/902 2861/743/901
f 2798/679/811 2799/680/813 2863/745/903 2862/744/902
f 2799/680/813 2800/681/815 2864/746/904 2863/745/903
f 2800/681/815 2801/682/817 2865/747/905 2864/746/904
f 2801/682/817 2802/683/819 2866/748/906 2865/747/905
f 2802/683/819 2803/684/821 2867/749/1325 2866/748/906
f 2803/684/821 2804/685/823 2868/750/908 2867/749/1325
f 2804/685/823 2805/686/825 2869/751/909 2868/750/908
f 2805/686/825 2806/687/1489 2870/752/910 2869/751/909
f 2806/687/1489 2807/688/1490 2871/753/911 2870/752/910
f 2807/688/1490 2808/689/831 2872/754/912 2871/753/911
f 2808/689/831 2809/690/833 2873/755/913 2872/754/912
f 2809/690/833 2810/691/835 2874/756/914 2873/755/913
f 2810/691/835 2811/692/837 2875/757/915 2874/756/914
f 2811/692/837 2812/693/839 2876/758/916 2875/757/915
f 2812/693/839 2813/694/1493 2877/759/917 2876/758/916
f 2813/694/1493 2814/695/1494 2878/760/918 2877/759/917
f 2814/695/1494 2815/696/845 2879/761/919 2878/760/918
f 2815/696/845 2816/697/847 2880/762/920 2879/761/919
f 2816/697/847 2817/698/849 2881/763/921 2880/762/920
f 2817/698/849 2818/699/1311 2882/764/922 2881/763/921
f 2818/699/1311 2819/700/853 2883/765/923 2882/764/922
f 2819/700/853 2820/701/855 2884/766/924 2883/765/923
f 2820/701/855 2821/702/857 2885/767/925 2884/766/924
f 2821/702/857 2822/703/1497 2886/768/1501 2885/767/925
f 2822/703/1497 2823/704/1316 2887/769/927 2886/768/1501
f 2823/704/1316 2824/705/863 2888/770/928 2887/769/927
f 2824/705/863 2825/706/865 2889/771/929 2888/770/928
f 2825/706/865 2762/707/741 2826/772/1318 2889/771/929
f 2826/709/1318 2827/708/866 2891/773/1326 2890/774/1327
f 2827/708/866 2828/710/868 2892/775/932 2891/773/1326
f 2828/710/868 2829/711/869 2893/776/933 2892/775/932
f 2829/711/869 2830/712/870 2894/777/934 2893/776/933
f 2830/712/870 2831/713/871 2895/778/935 2894/777/934
f 2831/713/871 2832/714/872 2896/779/936 2895/778/935
f 2832/714/872 2833/715/873 2897/780/1502 2896/779/936
f 2833/715/873 2834/716/874 2898/781/938 2897/780/1502
f 2834/716/874 2835/717/1499 2899/782/1331 2898/781/938
f 2835/717/1499 2836/718/876 2900/783/1332 2899/782/1331
f 2836/718/876 2837/719/877 2901/784/1503 2900/783/1332
f 2837/719/877 2838/720/878 2902/785/942 2901/784/1503
f 2838/720/878 2839/721/879 2903/786/943 2902/785/942
f 2839/721/879 2840/722/880 2904/787/944 2903/786/943
f 2840/722/880 2841/723/881 2905/788/945 2904/787/944
f 2841/723/881 2842/724/882 2906/789/1504 2905/788/945
f 2842/724/882 2843/725/883 2907/790/1505 2906/789/1504
f 2843/725/883 2844/726/884 2908/791/1335 2907/790/1505
f 2844/726/884 2845/727/885 2909/792/1336 2908/791/1335
f 2845/727/885 2846/728/886 2910/793/1506 2909/792/1336
f 2846/728/886 2847/729/887 2911/794/1507 2910/793/1506
f 2847/729/887 2848/730/888 2912/795/1338 2911/794/1507
f 2848/730/888 2849/731/889 2913/796/1339 2912/795/1338
f 2849/731/889 2850/732/890 2914/797/954 2913/796/1339
f 2850/732/890 2851/733/891 2915/798/1508 2914/797/954
f 2851/733/891 2852/734/892 2916/799/1341 2915/798/1508
f 2852/734/892 2853/735/893 2917/800/1342 2916/799/1341
f 2853/735/893 2854/736/1500 2918/801/958 2917/800/1342
f 2854/736/1500 2855/737/895 2919/802/1509 2918/801/958
f 2855/737/895 2856/738/896 2920/803/960 2919/802/1509
f 2856/738/896 2857/739/897 2921/804/961 2920/803/960
f 2857/739/897 2858/740/898 2922/805/1345 2921/804/961
f 2858/740/898 2859/741/899 2923/806/1346 2922/805/1345
f 2859/741/899 2860/742/900 2924/807/964 2923/806/1346
f 2860/742/900 2861/743/901 2925/808/965 2924/807/964
f 2861/743/901 2862/744/902 2926/809/966 2925/808/965
f 2862/744/902 2863/745/903 2927/810/967 2926/809/966
f 2863/745/903 2864/746/904 2928/811/968 2927/810/967
f 2864/746/904 2865/747/905 2929/812/1510 2928/811/968
f 2865/747/905 2866/748/906 2930/813/970 2929/812/1510
f 2866/748/906 2867/749/1325 2931/814/1349 2930/813/970
f 2867/749/1325 2868/750/908 2932/815/1350 2931/814/1349
f 2868/750/908 2869/751/909 2933/816/1511 2932/815/1350
f 2869/751/909 2870/752/910 2934/817/974 2933/816/1511
f 2870/752/910 2871/753/911 2935/818/975 2934/817/974
f 2871/753/911 2872/754/912 2936/819/976 2935/818/975
f 2872/754/912 2873/755/913 2937/820/977 2936/819/976
f 2873/755/913 2874/756/914 2938/821/1512 2937/820/977
f 2874/756/914 2875/757/915 2939/822/1352 2938/821/1512
f 2875/757/915 2876/758/916 2940/823/1353 2939/822/1352
f 2876/758/916 2877/759/917 2941/824/1513 2940/823/1353
f 2877/759/917 2878/760/918 2942/825/1354 2941/824/1513
f 2878/760/918 2879/761/919 2943/826/1514 2942/825/1354
f 2879/761/919 2880/762/920 2944/827/1515 2943/826/1514
f 2880/762/920 2881/763/921 2945/828/1355 2944/827/1515
f 2881/763/921 2882/764/922 2946/829/986 2945/828/1355
f 2882/764/922 2883/765/923 2947/830/1516 2946/829/986
f 2883/765/923 2884/766/924 2948/831/1517 2947/830/1516
f 2884/766/924 2885/767/925 2949/832/1518 2948/831/1517
f 2885/767/925 2886/768/1501 2950/833/990 2949/832/1518
f 2886/768/1501 2887/769/927 2951/834/1519 2950/833/990
f 2887/769/927 2888/770/928 2952/835/992 2951/834/1519
f 2888/770/928 2889/771/929 2953/836/993 2952/835/992
f 2889/771/929 2826/772/1318 2890/837/1327 2953/836/993
f 2890/774/1327 2891/773/1326 2955/838/994 2954/839/995
f 2891/773/1326 2892/775/932 2956/840/996 2955/838/994
f 2892/775/932 2893/776/933 2957/841/997 2956/840/996
f 2893/776/933 2894/777/934 2958/842/998 2957/841/997
f 2894/777/934 2895/778/935 2959/843/999 2958/842/998
f 2895/778/935 2896/779/936 2960/844/1359 2959/843/999
f 2896/779/936 2897/780/1502 2961/845/1520 2960/844/1359
f 2897/780/1502 2898/781/938 2962/846/1002 2961/845/1520
f 2898/781/938 2899/782/1331 2963/847/1003 2962/846/1002
f 2899/782/1331 2900/783/1332 2964/848/1004 2963/847/1003
f 2900/783/1332 2901/784/1503 2965/849/1005 2964/848/1004
f 2901/784/1503 2902/785/942 2966/850/1361 2965/849/1005
f 2902/785/942 2903/786/943 2967/851/1007 2966/850/1361
f 2903/786/943 2904/787/944 2968/852/1008 2967/851/1007
f 2904/787/944 2905/788/945 2969/853/1009 2968/852/1008
f 2905/788/945 2906/789/1504 2970/854/1010 2969/853/1009
f 2906/789/1504 2907/790/1505 2971/855/1011 2970/854/1010
f 2907/790/1505 2908/791/1335 2972/856/1012 2971/855/1011
f 2908/791/1335 2909/792/1336 2973/857/1013 2972/856/1012
f 2909/792/1336 2910/793/1506 2974/858/1521 2973/857/1013
f 2910/793/1506 2911/794/1507 2975/859/1015 2974/858/1521
f 2911/794/1507 2912/795/1338 2976/860/1016 2975/859/1015
f 2912/795/1338 2913/796/1339 2977/861/1362 2976/860/1016
f 2913/796/1339 2914/797/954 2978/862/1018 2977/861/1362
f 2914/797/954 2915/798/1508 2979/863/1522 2978/862/1018
f 2915/798/1508 2916/799/1341 2980/864/1363 2979/863/1522
f 2916/799/1341 2917/800/1342 2981/865/1021 2980/864/1363
f 2917/800/1342 2918/801/958 2982/866/1523 2981/865/1021
f 2918/801/958 2919/802/1509 2983/867/1023 2982/866/1523
f 2919/802/1509 2920/803/960 2984/868/1024 2983/867/1023
f 2920/803/960 2921/804/961 2985/869/1025 2984/868/1024
f 2921/804/961 2922/805/1345 2986/870/1026 2985/869/1025
f 2922/805/1345 2923/806/1346 2987/871/1027 2986/870/1026
f 2923/806/1346 2924/807/964 2988/872/1028 2987/871/1027
f 2924/807/964 2925/808/965 2989/873/1029 2988/872/1028
f 2925/808/965 2926/809/966 2990/874/1030 2989/873/1029
f 2926/809/966 2927/810/967 2991/875/1031 2990/874/1030
f 2927/810/967 2928/811/968 2992/876/1524 2991/875/1031
f 2928/811/968 2929/812/1510 2993/877/1525 2992/876/1524
f 2929/812/1510 2930/813/970 2994/878/1034 2993/877/1525
f 2930/813/970 2931/814/1349 2995/879/1035 2994/878/1034
f 2931/814/1349 2932/815/1350 2996/880/1036 2995/879/1035
f 2932/815/1350 2933/816/1511 2997/881/1037 2996/880/1036
f 2933/816/1511 2934/817/974 2998/882/1364 2997/881/1037
f 2934/817/974 2935/818/975 2999/883/1039 2998/882/1364
f 2935/818/975 2936/819/976 3000/884/1040 2999/883/1039
f 2936/819/976 2937/820/977 3001/885/1041 3000/884/1040
f 2937/820/977 2938/821/1512 3002/886/1042 3001/885/1041
f 2938/821/1512 2939/822/1352 3003/887/1043 3002/886/1042
f 2939/822/1352 2940/823/1353 3004/888/1044 3003/887/1043
f 2940/823/1353 2941/824/1513 3005/889/1045 3004/888/1044
f 2941/824/1513 2942/825/1354 3006/890/1365 3005/889/1045
f 2942/825/1354 2943/826/1514 3007/891/1047 3006/890/1365
f 2943/826/1514 2944/827/1515 3008/892/1048 3007/891/1047
f 2944/827/1515 2945/828/1355 3009/893/1526 3008/892/1048
f 2945/828/1355 2946/829/986 3010/894/1050 3009/893/1526
f 2946/829/986 2947/830/1516 3011/895/1527 3010/894/1050
f 2947/830/1516 2948/831/1517 3012/896/1528 3011/895/1527
f 2948/831/1517 2949/832/1518 3013/897/1053 3012/896/1528
f 2949/832/1518 2950/833/990 3014/898/1529 3013/897/1053
f 2950/833/990 2951/834/1519 3015/899/1055 3014/898/1529
f 2951/834/1519 2952/835/992 3016/900/1056 3015/899/1055
f 2952/835/992 2953/836/993 3017/901/1057 3016/900/1056
f 2953/836/993 2890/837/1327 2954/902/995 3017/901/1057
f 2954/839/995 2955/838/994 3019/903/1058 3018/904/1059
f 2955/838/994 2956/840/996 3020/905/1530 3019/903/1058
f 2956/840/996 2957/841/997 3021/906/1061 3020/905/1530
f 2957/841/997 2958/842/998 3022/907/1062 3021/906/1061
f 2958/842/998 2959/843/999 3023/908/1063 3022/907/1062
f 2959/843/999 2960/844/1359 3024/909/1064 3023/908/1063
f 2960/844/1359 2961/845/1520 3025/910/1065 3024/909/1064
f 2961/845/1520 2962/846/1002 3026/911/1066 3025/910/1065
f 2962/846/1002 2963/847/1003 3027/912/1067 3026/911/1066
f 2963/847/1003 2964/848/1004 3028/913/1366 3027/912/1067
f 2964/848/1004 2965/849/1005 3029/914/1069 3028/913/1366
f 2965/849/1005 2966/850/1361 3030/915/1070 3029/914/1069
f 2966/850/1361 2967/851/1007 3031/916/1071 3030/915/1070
f 2967/851/1007 2968/852/1008 3032/917/1072 3031/916/1071
f 2968/852/1008 2969/853/1009 3033/918/1367 3032/917/1072
f 2969/853/1009 2970/854/1010 3034/919/1074 3033/918/1367
f 2970/854/1010 2971/855/1011 3035/920/1368 3034/919/1074
f 2971/855/1011 2972/856/1012 3036/921/1076 3035/920/1368
f 2972/856/1012 2973/857/1013 3037/922/1077 3036/921/1076
f 2973/857/1013 2974/858/1521 3038/923/1369 3037/922/1077
f 2974/858/1521 2975/859/1015 3039/924/1370 3038/923/1369
f 2975/859/1015 2976/860/1016 3040/925/1371 3039/924/1370
f 2976/860/1016 2977/861/1362 3041/926/1081 3040/925/1371
f 2977/861/1362 2978/862/1018 3042/927/1082 3041/926/1081
f 2978/862/1018 2979/863/1522 3043/928/1083 3042/927/1082
f 2979/863/1522 2980/864/1363 3044/929/1084 3043/928/1083
f 2980/864/1363 2981/865/1021 3045/930/1085 3044/929/1084
f 2981/865/1021 2982/866/1523 3046/931/1372 3045/930/1085
f 2982/866/1523 2983/867/1023 3047/932/1531 3046/931/1372
f 2983/867/1023 2984/868/1024 3048/933/1532 3047/932/1531
f 2984/868/1024 2985/869/1025 3049/934/1089 3048/933/1532
f 2985/869/1025 2986/870/1026 3050/935/1090 3049/934/1089
f 2986/870/1026 2987/871/1027 3051/936/1091 3050/935/1090
f 2987/871/1027 2988/872/1028 3052/937/1533 3051/936/1091
f 2988/872/1028 2989/873/1029 3053/938/1093 3052/937/1533
f 2989/873/1029 2990/874/1030 3054/939/1094 3053/938/1093
f 2990/874/1030 2991/875/1031 3055/940/1095 3054/939/1094
f 2991/875/1031 2992/876/1524 3056/941/1096 3055/940/1095
f 2992/876/1524 2993/877/1525 3057/942/1097 3056/941/1096
f 2993/877/1525 2994/878/1034 3058/943/1098 3057/942/1097
f 2994/878/1034 2995/879/1035 3059/944/1099 3058/943/1098
f 2995/879/1035 2996/880/1036 3060/945/1534 3059/944/1099
f 2996/880/1036 2997/881/1037 3061/946/1101 3060/945/1534
f 2997/881/1037 2998/882/1364 3062/947/1102 3061/946/1101
f 2998/882/1364 2999/883/1039 3063/948/1103 3062/947/1102
f 2999/883/1039 3000/884/1040 3064/949/1104 3063/948/1103
f 3000/884/1040 3001/885/1041 3065/950/1373 3064/949/1104
f 3001/885/1041 3002/886/1042 3066/951/1106 3065/950/1373
f 3002/886/1042 3003/887/1043 3067/952/1374 3066/951/1106
f 3003/887/1043 3004/888/1044 3068/953/1108 3067/952/1374
f 3004/888/1044 3005/889/1045 3069/954/1109 3068/953/1108
f 3005/889/1045 3006/890/1365 3070/955/1375 3069/954/1109
f 3006/890/1365 3007/891/1047 3071/956/1535 3070/955/1375
f 3007/891/1047 3008/892/1048 3072/957/1376 3071/956/1535
f 3008/892/1048 3009/893/1526 3073/958/1113 3072/957/1376
f 3009/893/1526 3010/894/1050 3074/959/1114 3073/958/1113
f 3010/894/1050 3011/895/1527 3075/960/1115 3074/959/1114
f 3011/895/1527 3012/896/1528 3076/961/1116 3075/960/1115
f 3012/896/1528 3013/897/1053 3077/962/1117 3076/961/1116
f 3013/897/1053 3014/898/1529 3078/963/1536 3077/962/1117
f 3014/898/1529 3015/899/1055 3079/964/1377 3078/963/1536
f 3015/899/1055 3016/900/1056 3080/965/1537 3079/964/1377
f 3016/900/1056 3017/901/1057 3081/966/1121 3080/965/1537
f 3017/901/1057 2954/902/995 3018/967/1059 3081/966/1121
f 3018/904/1059 3019/903/1058 3082/968/12
f 3019/903/1058 3020/905/1530 3082/969/12
f 3020/905/1530 3021/906/1061 3082/970/12
f 3021/906/1061 3022/907/1062 3082/971/12
f 3022/907/1062 3023/908/1063 3082/972/12
f 3023/908/1063 3024/909/1064 3082/973/12
f 3024/909/1064 3025/910/1065 3082/974/12
f 3025/910/1065 3026/911/1066 3082/975/12
f 3026/911/1066 3027/912/1067 3082/976/12
f 3027/912/1067 3028/913/1366 3082/977/12
f 3028/913/1366 3029/914/1069 3082/978/12
f 3029/914/1069 3030/915/1070 3082/979/12
f 3030/915/1070 3031/916/1071 3082/980/12
f 3031/916/1071 3032/917/1072 3082/981/12
f 3032/917/1072 3033/918/1367 3082/982/12
f 3033/918/1367 3034/919/1074 3082/983/12
f 3034/919/1074 3035/920/1368 3082/984/12
f 3035/920/1368 3036/921/1076 3082/985/12
f 3036/921/1076 3037/922/1077 3082/986/12
f 3037/922/1077 3038/923/1369 3082/987/12
f 3038/923/1369 3039/924/1370 3082/988/12
f 3039/924/1370 3040/925/1371 3082/989/12
f 3040/925/1371 3041/926/1081 3082/990/12
f 3041/926/1081 3042/927/1082 3082/991/12
f 3042/927/1082 3043/928/1083 3082/992/12
f 3043/928/1083 3044/929/1084 3082/993/12
f 3044/929/1084 3045/930/1085 3082/994/12
f 3045/930/1085 3046/931/1372 3082/995/12
f 3046/931/1372 3047/932/1531 3082/996/12
f 3047/932/1531 3048/933/1532 3082/997/12
f 3048/933/1532 3049/934/1089 3082/998/12
f 3049/934/1089 3050/935/1090 3082/999/12
f 3050/935/1090 3051/936/1091 3082/1000/12
f 3051/936/1091 3052/937/1533 3082/1001/12
f 3052/937/1533 3053/938/1093 3082/1002/12
f 3053/938/1093 3054/939/1094 3082/1003/12
f 3054/939/1094 3055/940/1095 3082/1004/12
f 3055/940/1095 3056/941/1096 3082/1005/12
f 3056/941/1096 3057/942/1097 3082/1006/12
f 3057/942/1097 3058/943/1098 3082/1007/12
f 3058/943/1098 3059/944/1099 3082/1008/12
f 3059/944/1099 3060/945/1534 3082/1009/12
f 3060/945/1534 3061/946/1101 3082/1010/12
f 3061/946/1101 3062/947/1102 3082/1011/12
f 3062/947/1102 3063/948/1103 3082/1012/12
f 3063/948/1103 3064/949/1104 3082/1013/12
f 3064/949/1104 3065/950/1373 3082/1014/12
f 3065/950/1373 3066/951/1106 3082/1015/12
f 3066/951/1106 3067/952/1374 3082/1016/12
f 3067/952/1374 3068/953/1108 3082/1017/12
f 3068/953/1108 3069/954/1109 3082/1018/12
f 3069/954/1109 3070/955/1375 3082/1019/12
f 3070/955/1375 3071/956/1535 3082/1020/12
f 3071/956/1535 3072/957/1376 3082/1021/12
f 3072/957/1376 3073/958/1113 3082/1022/12
f 3073/958/1113 3074/959/1114 3082/1023/12
f 3074/959/1114 3075/960/1115 3082/1024/12
f 3075/960/1115 3076/961/1116 3082/1025/12
f 3076/961/1116 3077/962/1117 3082/1026/12
f 3077/962/1117 3078/963/1536 3082/1027/12
f 3078/963/1536 3079/964/1377 3082/1028/12
f 3079/964/1377 3080/965/1537 3082/1029/12
f 3080/965/1537 3081/966/1121 3082/1030/12
f 3081/966/1121 3018/967/1059 3082/1031/12
f 3083/1032/4 3085/1033/4 3084/1034/4
f 3083/1035/4 3086/1036/4 3085/1033/4
f 3083/1037/4 3087/1038/4 3086/1036/4
f 3083/1039/4 3088/1040/4 3087/1038/4
f 3083/1041/4 3089/1042/4 3088/1040/4
f 3083/1043/4 3090/1044/4 3089/1042/4
f 3083/1045/4 3091/1046/4 3090/1044/4
f 3083/1047/4 3092/1048/4 3091/1046/4
f 3083/1049/4 3093/1050/4 3092/1048/4
f 3083/1051/4 3094/1052/4 3093/1050/4
f 3083/1053/4 3095/1054/4 3094/1052/4
f 3083/1055/4 3096/1056/4 3095/1054/4
f 3083/1057/4 3097/1058/4 3096/1056/4
f 3083/1059/4 3098/1060/4 3097/1058/4
f 3083/1061/4 3099/1062/4 3098/1060/4
f 3083/1063/4 3100/1064/4 3099/1062/4
f 3083/1065/4 3101/1066/4 3100/1064/4
f 3083/1067/4 3102/1068/4 3101/1066/4
f 3083/1069/4 3103/1070/4 3102/1068/4
f 3083/1071/4 3104/1072/4 3103/1070/4
f 3083/1073/4 3105/1074/4 3104/1072/4
f 3083/1075/4 3106/1076/4 3105/1074/4
f 3083/1077/4 3107/1078/4 3106/1076/4
f 3083/1079/4 3108/1080/4 3107/1078/4
f 3083/1081/4 3109/1082/4 3108/1080/4
f 3083/1083/4 3110/1084/4 3109/1082/4
f 3083/1085/4 3111/1086/4 3110/1084/4
f 3083/1087/4 3112/1088/4 3111/1086/4
f 3083/1089/4 3113/1090/4 3112/1088/4
f 3083/1091/4 3114/1092/4 3113/1090/4
f 3083/1093/4 3115/1094/4 3114/1092/4
f 3083/1095/4 3116/1096/4 3115/1094/4
f 3083/1097/4 3117/1098/4 3116/1096/4
f 3083/1099/4 3118/1100/4 3117/1098/4
f 3083/1101/4 3119/1102/4 3118/1100/4
f 3083/1103/4 3120/1104/4 3119/1102/4
f 3083/1105/4 3121/1106/4 3120/1104/4
f 3083/1107/4 3122/1108/4 3121/1106/4
f 3083/1109/4 3123/1110/4 3122/1108/4
f 3083/1111/4 3124/1112/4 3123/1110/4
f 3083/1113/4 3125/1114/4 3124/1112/4
f 3083/1115/4 3126/1116/4 3125/1114/4
f 3083/1117/4 3127/1118/4 3126/1116/4
f 3083/1119/4 3128/1120/4 3127/1118/4
f 3083/1121/4 3129/1122/4 3128/1120/4
f 3083/1123/4 3130/1124/4 3129/1122/4
f 3083/1125/4 3131/1126/4 3130/1124/4
f 3083/1127/4 3132/1128/4 3131/1126/4
f 3083/1129/4 3133/1130/4 3132/1128/4
f 3083/1131/4 3134/1132/4 3133/1130/4
f 3083/1133/4 3135/1134/4 3134/1132/4
f 3083/1135/4 3136/1136/4 3135/1134/4
f 3083/1137/4 3137/1138/4 3136/1136/4
f 3083/1139/4 3138/1140/4 3137/1138/4
f 3083/1141/4 3139/1142/4 3138/1140/4
f 3083/1143/4 3140/1144/4 3139/1142/4
f 3083/1145/4 3141/1146/4 3140/1144/4
f 3083/1147/4 3142/1148/4 3141/1146/4
f 3083/1149/4 3143/1150/4 3142/1148/4
f 3083/1151/4 3144/1152/4 3143/1150/4
f 3083/1153/4 3145/1154/4 3144/1152/4
f 3083/1155/4 3146/1156/4 3145/1154/4
f 3083/1157/4 3147/1158/4 3146/1156/4
f 3083/1159/4 3084/1160/4 3147/1158/4
f 3084/1034/5 3085/1033/1538 3149/1161/1539 3148/1162/231
f 3085/1033/1538 3086/1036/1124 3150/1163/1125 3149/1161/1539
f 3086/1036/1124 3087/1038/1126 3151/1164/1127 3150/1163/1125
f 3087/1038/1126 3088/1040/1540 3152/1165/1541 3151/1164/1127
f 3088/1040/1130 3089/1042/1131 3153/1166/1132 3152/1165/1133
f 3089/1042/1131 3090/1044/1134 3154/1167/1542 3153/1166/1132
f 3090/1044/1134 3091/1046/1136 3155/1168/1137 3154/1167/1542
f 3091/1046/1136 3092/1048/1138 3156/1169/1139 3155/1168/1137
f 3092/1048/1138 3093/1050/1543 3157/1170/1141 3156/1169/1139
f 3093/1050/1543 3094/1052/1142 3158/1171/1143 3157/1170/1141
f 3094/1052/1142 3095/1054/1144 3159/1172/1145 3158/1171/1143
f 3095/1054/1144 3096/1056/1146 3160/1173/1147 3159/1172/1145
f 3096/1056/1148 3097/1058/1149 3161/1174/1150 3160/1173/1151
f 3097/1058/1149 3098/1060/1152 3162/1175/1153 3161/1174/1150
f 3098/1060/1152 3099/1062/1544 3163/1176/1378 3162/1175/1153
f 3099/1062/1544 3100/1064/6 3164/1177/1156 3163/1176/1378
f 3100/1064/6 3101/1066/1545 3165/1178/1158 3164/1177/1156
f 3101/1066/1545 3102/1068/1159 3166/1179/1160 3165/1178/1158
f 3102/1068/1159 3103/1070/1161 3167/1180/1162 3166/1179/1160
f 3103/1070/1161 3104/1072/1163 3168/1181/1164 3167/1180/1162
f 3104/1072/1165 3105/1074/1166 3169/1182/1167 3168/1181/1168
f 3105/1074/1166 3106/1076/1169 3170/1183/1546 3169/1182/1167
f 3106/1076/1169 3107/1078/1547 3171/1184/1172 3170/1183/1546
f 3107/1078/1547 3108/1080/1173 3172/1185/1174 3171/1184/1172
f 3108/1080/1173 3109/1082/1175 3173/1186/1176 3172/1185/1174
f 3109/1082/1175 3110/1084/1177 3174/1187/1548 3173/1186/1176
f 3110/1084/1177 3111/1086/1179 3175/1188/1180 3174/1187/1548
f 3111/1086/1179 3112/1088/1181 3176/1189/1182 3175/1188/1180
f 3112/1088/1549 3113/1090/1184 3177/1190/1185 3176/1189/1550
f 3113/1090/1184 3114/1092/1187 3178/1191/1188 3177/1190/1185
f 3114/1092/1187 3115/1094/1551 3179/1192/1552 3178/1191/1188
f 3115/1094/1551 3116/1096/7 3180/1193/1191 3179/1192/1552
f 3116/1096/7 3117/1098/1553 3181/1194/1554 3180/1193/1191
f 3117/1098/1553 3118/1100/1194 3182/1195/1195 3181/1194/1554
f 3118/1100/1194 3119/1102/1196 3183/93/165 3182/1195/1195
f 3119/1102/1196 3120/1104/1555 3184/94/1198 3183/93/165
f 3120/1104/1199 3121/1106/1200 3185/97/170 3184/94/169
f 3121/1106/1200 3122/1108/1201 3186/99/1556 3185/97/170
f 3122/1108/1201 3123/1110/1202 3187/101/175 3186/99/1556
f 3123/1110/1202 3124/1112/1203 3188/103/177 3187/101/175
f 3124/1112/1203 3125/1114/1557 3189/105/179 3188/103/177
f 3125/1114/1557 3126/1116/1205 3190/107/181 3189/105/179
f 3126/1116/1205 3127/1118/1206 3191/109/183 3190/107/181
f 3127/1118/1206 3128/1120/1207 3192/111/185 3191/109/183
f 3128/1120/1208 3129/1122/1209 3193/113/188 3192/111/187
f 3129/1122/1209 3130/1124/1210 3194/115/191 3193/113/188
f 3130/1124/1210 3131/1126/1558 3195/117/1559 3194/115/191
f 3131/1126/1558 3132/1128/1 3196/119/195 3195/117/1559
f 3132/1128/1 3133/1130/1560 3197/121/197 3196/119/195
f 3133/1130/1560 3134/1132/1213 3198/123/199 3197/121/197
f 3134/1132/1213 3135/1134/1214 3199/125/201 3198/123/199
f 3135/1134/1214 3136/1136/1215 3200/127/203 3199/125/201
f 3136/1136/1216 3137/1138/1217 3201/129/206 3200/127/205
f 3137/1138/1217 3138/1140/1218 3202/131/209 3201/129/206
f 3138/1140/1218 3139/1142/1561 3203/133/211 3202/131/209
f 3139/1142/1561 3140/1144/1221 3204/135/213 3203/133/211
f 3140/1144/1221 3141/1146/1222 3205/137/215 3204/135/213
f 3141/1146/1222 3142/1148/1223 3206/139/1562 3205/137/215
f 3142/1148/1223 3143/1150/1224 3207/141/219 3206/139/1562
f 3143/1150/1224 3144/1152/1225 3208/143/221 3207/141/219
f 3144/1152/1563 3145/1154/1227 3209/145/224 3208/143/223
f 3145/1154/1227 3146/1156/1229 3210/147/227 3209/145/224
f 3146/1156/1229 3147/1158/1564 3211/149/229 3210/147/227
f 3147/1158/1564 3084/1160/5 3148/151/231 3211/149/229
f 3148/1162/231 3149/1161/1539 3213/154/1381 3212/153/232
f 3149/1161/1539 3150/1163/1125 3214/157/1382 3213/154/1381
f 3150/1163/1125 3151/1164/1127 3215/159/238 3214/157/1382
f 3151/1164/1127 3152/1165/1541 3216/161/1383 3215/159/238
f 3152/1165/1133 3153/1166/1132 3217/163/243 3216/161/242
f 3153/1166/1132 3154/1167/1542 3218/165/1384 3217/163/243
f 3154/1167/1542 3155/1168/1137 3219/167/247 3218/165/1384
f 3155/1168/1137 3156/1169/1139 3220/169/1385 3219/167/247
f 3156/1169/1139 3157/1170/1141 3221/171/251 3220/169/1385
f 3157/1170/1141 3158/1171/1143 3222/173/1386 3221/171/251
f 3158/1171/1143 3159/1172/1145 3223/175/255 3222/173/1386
f 3159/1172/1145 3160/1173/1147 3224/177/257 3223/175/255
f 3160/1173/1151 3161/1174/1150 3225/179/1387 3224/177/259
f 3161/1174/1150 3162/1175/1153 3226/181/1388 3225/179/1387
f 3162/1175/1153 3163/1176/1378 3227/183/1232 3226/181/1388
f 3163/1176/1378 3164/1177/1156 3228/185/266 3227/183/1232
f 3164/1177/1156 3165/1178/1158 3229/187/268 3228/185/266
f 3165/1178/1158 3166/1179/1160 3230/189/270 3229/187/268
f 3166/1179/1160 3167/1180/1162 3231/191/272 3230/189/270
f 3167/1180/1162 3168/1181/1164 3232/193/274 3231/191/272
f 3168/1181/1168 3169/1182/1167 3233/195/277 3232/193/276
f 3169/1182/1167 3170/1183/1546 3234/197/1390 3233/195/277
f 3170/1183/1546 3171/1184/1172 3235/199/1233 3234/197/1390
f 3171/1184/1172 3172/1185/1174 3236/201/1565 3235/199/1233
f 3172/1185/1174 3173/1186/1176 3237/203/285 3236/201/1565
f 3173/1186/1176 3174/1187/1548 3238/205/1566 3237/203/285
f 3174/1187/1548 3175/1188/1180 3239/207/1391 3238/205/1566
f 3175/1188/1180 3176/1189/1182 3240/209/1392 3239/207/1391
f 3176/1189/1550 3177/1190/1185 3241/211/1235 3240/209/1393
f 3177/1190/1185 3178/1191/1188 3242/213/1394 3241/211/1235
f 3178/1191/1188 3179/1192/1552 3243/215/1236 3242/213/1394
f 3179/1192/1552 3180/1193/1191 3244/217/300 3243/215/1236
f 3180/1193/1191 3181/1194/1554 3245/219/302 3244/217/300
f 3181/1194/1554 3182/1195/1195 3246/221/1395 3245/219/302
f 3182/1195/1195 3183/93/165 3247/96/168 3246/221/1395
f 3183/93/165 3184/94/1198 3248/95/1396 3247/96/168
f 3184/94/169 3185/97/170 3249/98/171 3248/95/172
f 3185/97/170 3186/99/1556 3250/100/1397 3249/98/171
f 3186/99/1556 3187/101/175 3251/102/176 3250/100/1397
f 3187/101/175 3188/103/177 3252/104/1567 3251/102/176
f 3188/103/177 3189/105/179 3253/106/180 3252/104/1567
f 3189/105/179 3190/107/181 3254/108/1398 3253/106/180
f 3190/107/181 3191/109/183 3255/110/184 3254/108/1398
f 3191/109/183 3192/111/185 3256/112/186 3255/110/184
f 3192/111/187 3193/113/188 3257/114/1399 3256/112/190
f 3193/113/188 3194/115/191 3258/116/1400 3257/114/1399
f 3194/115/191 3195/117/1559 3259/118/194 3258/116/1400
f 3195/117/1559 3196/119/195 3260/120/196 3259/118/194
f 3196/119/195 3197/121/197 3261/122/198 3260/120/196
f 3197/121/197 3198/123/199 3262/124/1238 3261/122/198
f 3198/123/199 3199/125/201 3263/126/202 3262/124/1238
f 3199/125/201 3200/127/203 3264/128/204 3263/126/202
f 3200/127/205 3201/129/206 3265/130/207 3264/128/208
f 3201/129/206 3202/131/209 3266/132/1402 3265/130/207
f 3202/131/209 3203/133/211 3267/134/212 3266/132/1402
f 3203/133/211 3204/135/213 3268/136/214 3267/134/212
f 3204/135/213 3205/137/215 3269/138/216 3268/136/214
f 3205/137/215 3206/139/1562 3270/140/218 3269/138/216
f 3206/139/1562 3207/141/219 3271/142/1403 3270/140/218
f 3207/141/219 3208/143/221 3272/144/1404 3271/142/1403
f 3208/143/223 3209/145/224 3273/146/225 3272/144/1406
f 3209/145/224 3210/147/227 3274/148/1568 3273/146/225
f 3210/147/227 3211/149/229 3275/150/230 3274/148/1568
f 3211/149/229 3148/151/231 3212/152/232 3275/150/230
f 3212/153/232 3213/154/1381 3277/155/234 3276/156/235
f 3213/154/1381 3214/157/1382 3278/158/237 3277/155/234
f 3214/157/1382 3215/159/238 3279/160/239 3278/158/237
f 3215/159/238 3216/161/1383 3280/162/1408 3279/160/239
f 3216/161/242 3217/163/243 3281/164/1409 3280/162/1408
f 3217/163/243 3218/165/1384 3282/166/246 3281/164/1409
f 3218/165/1384 3219/167/247 3283/168/248 3282/166/246
f 3219/167/247 3220/169/1385 3284/170/250 3283/168/248
f 3220/169/1385 3221/171/251 3285/172/252 3284/170/250
f 3221/171/251 3222/173/1386 3286/174/254 3285/172/252
f 3222/173/1386 3223/175/255 3287/176/256 3286/174/254
f 3223/175/255 3224/177/257 3288/178/258 3287/176/256
f 3224/177/259 3225/179/1387 3289/180/261 3288/178/258
f 3225/179/1387 3226/181/1388 3290/182/263 3289/180/261
f 3226/181/1388 3227/183/1232 3291/184/265 3290/182/263
f 3227/183/1232 3228/185/266 3292/186/267 3291/184/265
f 3228/185/266 3229/187/268 3293/188/269 3292/186/267
f 3229/187/268 3230/189/270 3294/190/271 3293/188/269
f 3230/189/270 3231/191/272 3295/192/273 3294/190/271
f 3231/191/272 3232/193/274 3296/194/275 3295/192/273
f 3232/193/276 3233/195/277 3297/196/278 3296/194/275
f 3233/195/277 3234/197/1390 3298/198/280 3297/196/278
f 3234/197/1390 3235/199/1233 3299/200/282 3298/198/280
f 3235/199/1233 3236/201/1565 3300/202/284 3299/200/282
f 3236/201/1565 3237/203/285 3301/204/286 3300/202/284
f 3237/203/285 3238/205/1566 3302/206/288 3301/204/286
f 3238/205/1566 3239/207/1391 3303/208/290 3302/206/288
f 3239/207/1391 3240/209/1392 3304/210/292 3303/208/290
f 3240/209/1393 3241/211/1235 3305/212/295 3304/210/292
f 3241/211/1235 3242/213/1394 3306/214/297 3305/212/295
f 3242/213/1394 3243/215/1236 3307/216/299 3306/214/297
f 3243/215/1236 3244/217/300 3308/218/301 3307/216/299
f 3244/217/300 3245/219/302 3309/220/303 3308/218/301
f 3245/219/302 3246/221/1395 3310/222/305 3309/220/303
f 3246/221/1395 3247/96/168 3311/223/306 3310/222/305
f 3247/96/168 3248/95/1396 3312/224/1410 3311/223/306
f 3248/95/172 3249/98/171 3313/225/1411 3312/224/1410
f 3249/98/171 3250/100/1397 3314/226/309 3313/225/1411
f 3250/100/1397 3251/102/176 3315/227/310 3314/226/309
f 3251/102/176 3252/104/1567 3316/228/311 3315/227/310
f 3252/104/1567 3253/106/180 3317/229/312 3316/228/311
f 3253/106/180 3254/108/1398 3318/230/313 3317/229/312
f 3254/108/1398 3255/110/184 3319/231/314 3318/230/313
f 3255/110/184 3256/112/186 3320/232/315 3319/231/314
f 3256/112/190 3257/114/1399 3321/233/316 3320/232/315
f 3257/114/1399 3258/116/1400 3322/234/317 3321/233/316
f 3258/116/1400 3259/118/194 3323/235/318 3322/234/317
f 3259/118/194 3260/120/196 3324/236/319 3323/235/318
f 3260/120/196 3261/122/198 3325/237/320 3324/236/319
f 3261/122/198 3262/124/1238 3326/238/321 3325/237/320
f 3262/124/1238 3263/126/202 3327/239/322 3326/238/321
f 3263/126/202 3264/128/204 3328/240/323 3327/239/322
f 3264/128/208 3265/130/207 3329/241/324 3328/240/323
f 3265/130/207 3266/132/1402 3330/242/325 3329/241/324
f 3266/132/1402 3267/134/212 3331/243/326 3330/242/325
f 3267/134/212 3268/136/214 3332/244/327 3331/243/326
f 3268/136/214 3269/138/216 3333/245/328 3332/244/327
f 3269/138/216 3270/140/218 3334/246/329 3333/245/328
f 3270/140/218 3271/142/1403 3335/247/330 3334/246/329
f 3271/142/1403 3272/144/1404 3336/248/331 3335/247/330
f 3272/144/1406 3273/146/225 3337/249/332 3336/248/331
f 3273/146/225 3274/148/1568 3338/250/333 3337/249/332
f 3274/148/1568 3275/150/230 3339/251/334 3338/250/333
f 3275/150/230 3212/152/232 3276/252/235 3339/251/334
f 3276/156/235 3277/155/234 3341/253/335 3340/254/336
f 3277/155/234 3278/158/237 3342/255/337 3341/253/335
f 3278/158/237 3279/160/239 3343/256/338 3342/255/337
f 3279/160/239 3280/162/1408 3344/257/339 3343/256/338
f 3280/162/1408 3281/164/1409 3345/258/340 3344/257/339
f 3281/164/1409 3282/166/246 3346/259/341 3345/258/340
f 3282/166/246 3283/168/248 3347/260/342 3346/259/341
f 3283/168/248 3284/170/250 3348/261/1413 3347/260/342
f 3284/170/250 3285/172/252 3349/262/1569 3348/261/1413
f 3285/172/252 3286/174/254 3350/263/345 3349/262/1569
f 3286/174/254 3287/176/256 3351/264/346 3350/263/345
f 3287/176/256 3288/178/258 3352/265/347 3351/264/346
f 3288/178/258 3289/180/261 3353/266/348 3352/265/347
f 3289/180/261 3290/182/263 3354/267/349 3353/266/348
f 3290/182/263 3291/184/265 3355/268/1242 3354/267/349
f 3291/184/265 3292/186/267 3356/269/351 3355/268/1242
f 3292/186/267 3293/188/269 3357/270/352 3356/269/351
f 3293/188/269 3294/190/271 3358/271/353 3357/270/352
f 3294/190/271 3295/192/273 3359/272/354 3358/271/353
f 3295/192/273 3296/194/275 3360/273/355 3359/272/354
f 3296/194/275 3297/196/278 3361/274/356 3360/273/355
f 3297/196/278 3298/198/280 3362/275/357 3361/274/356
f 3298/198/280 3299/200/282 3363/276/358 3362/275/357
f 3299/200/282 3300/202/284 3364/277/359 3363/276/358
f 3300/202/284 3301/204/286 3365/278/1244 3364/277/359
f 3301/204/286 3302/206/288 3366/279/361 3365/278/1244
f 3302/206/288 3303/208/290 3367/280/362 3366/279/361
f 3303/208/290 3304/210/292 3368/281/363 3367/280/362
f 3304/210/292 3305/212/295 3369/282/364 3368/281/363
f 3305/212/295 3306/214/297 3370/283/365 3369/282/364
f 3306/214/297 3307/216/299 3371/284/366 3370/283/365
f 3307/216/299 3308/218/301 3372/285/367 3371/284/366
f 3308/218/301 3309/220/303 3373/286/368 3372/285/367
f 3309/220/303 3310/222/305 3374/287/1246 3373/286/368
f 3310/222/305 3311/223/306 3375/288/370 3374/287/1246
f 3311/223/306 3312/224/1410 3376/289/371 3375/288/370
f 3312/224/1410 3313/225/1411 3377/290/372 3376/289/371
f 3313/225/1411 3314/226/309 3378/291/373 3377/290/372
f 3314/226/309 3315/227/310 3379/292/374 3378/291/373
f 3315/227/310 3316/228/311 3380/293/1415 3379/292/374
f 3316/228/311 3317/229/312 3381/294/376 3380/293/1415
f 3317/229/312 3318/230/313 3382/295/377 3381/294/376
f 3318/230/313 3319/231/314 3383/296/378 3382/295/377
f 3319/231/314 3320/232/315 3384/297/379 3383/296/378
f 3320/232/315 3321/233/316 3385/298/380 3384/297/379
f 3321/233/316 3322/234/317 3386/299/381 3385/298/380
f 3322/234/317 3323/235/318 3387/300/382 3386/299/381
f 3323/235/318 3324/236/319 3388/301/383 3387/300/382
f 3324/236/319 3325/237/320 3389/302/384 3388/301/383
f 3325/237/320 3326/238/321 3390/303/385 3389/302/384
f 3326/238/321 3327/239/322 3391/304/386 3390/303/385
f 3327/239/322 3328/240/323 3392/305/387 3391/304/386
f 3328/240/323 3329/241/324 3393/306/388 3392/305/387
f 3329/241/324 3330/242/325 3394/307/389 3393/306/388
f 3330/242/325 3331/243/326 3395/308/390 3394/307/389
f 3331/243/326 3332/244/327 3396/309/1250 3395/308/390
f 3332/244/327 3333/245/328 3397/310/392 3396/309/1250
f 3333/245/328 3334/246/329 3398/311/393 3397/310/392
f 3334/246/329 3335/247/330 3399/312/394 3398/311/393
f 3335/247/330 3336/248/331 3400/313/395 3399/312/394
f 3336/248/331 3337/249/332 3401/314/396 3400/313/395
f 3337/249/332 3338/250/333 3402/315/1570 3401/314/396
f 3338/250/333 3339/251/334 3403/316/398 3402/315/1570
f 3339/251/334 3276/252/235 3340/317/336 3403/316/398
f 3340/254/336 3341/253/335 3405/318/399 3404/319/400
f 3341/253/335 3342/255/337 3406/320/401 3405/318/399
f 3342/255/337 3343/256/338 3407/321/402 3406/320/401
f 3343/256/338 3344/257/339 3408/322/403 3407/321/402
f 3344/257/339 3345/258/340 3409/323/404 3408/322/403
f 3345/258/340 3346/259/341 3410/324/405 3409/323/404
f 3346/259/341 3347/260/342 3411/325/406 3410/324/405
f 3347/260/342 3348/261/1413 3412/326/407 3411/325/406
f 3348/261/1413 3349/262/1569 3413/327/408 3412/326/407
f 3349/262/1569 3350/263/345 3414/328/409 3413/327/408
f 3350/263/345 3351/264/346 3415/329/410 3414/328/409
f 3351/264/346 3352/265/347 3416/330/411 3415/329/410
f 3352/265/347 3353/266/348 3417/331/412 3416/330/411
f 3353/266/348 3354/267/349 3418/332/413 3417/331/412
f 3354/267/349 3355/268/1242 3419/333/1254 3418/332/413
f 3355/268/1242 3356/269/351 3420/334/1421 3419/333/1254
f 3356/269/351 3357/270/352 3421/335/1571 3420/334/1421
f 3357/270/352 3358/271/353 3422/336/417 3421/335/1571
f 3358/271/353 3359/272/354 3423/337/1422 3422/336/417
f 3359/272/354 3360/273/355 3424/338/419 3423/337/1422
f 3360/273/355 3361/274/356 3425/339/420 3424/338/419
f 3361/274/356 3362/275/357 3426/340/421 3425/339/420
f 3362/275/357 3363/276/358 3427/341/422 3426/340/421
f 3363/276/358 3364/277/359 3428/342/1256 3427/341/422
f 3364/277/359 3365/278/1244 3429/343/1257 3428/342/1256
f 3365/278/1244 3366/279/361 3430/344/425 3429/343/1257
f 3366/279/361 3367/280/362 3431/345/426 3430/344/425
f 3367/280/362 3368/281/363 3432/346/427 3431/345/426
f 3368/281/363 3369/282/364 3433/347/1258 3432/346/427
f 3369/282/364 3370/283/365 3434/348/429 3433/347/1258
f 3370/283/365 3371/284/366 3435/349/1424 3434/348/429
f 3371/284/366 3372/285/367 3436/350/431 3435/349/1424
f 3372/285/367 3373/286/368 3437/351/1572 3436/350/431
f 3373/286/368 3374/287/1246 3438/352/433 3437/351/1572
f 3374/287/1246 3375/288/370 3439/353/1259 3438/352/433
f 3375/288/370 3376/289/371 3440/354/435 3439/353/1259
f 3376/289/371 3377/290/372 3441/355/436 3440/354/435
f 3377/290/372 3378/291/373 3442/356/1260 3441/355/436
f 3378/291/373 3379/292/374 3443/357/438 3442/356/1260
f 3379/292/374 3380/293/1415 3444/358/439 3443/357/438
f 3380/293/1415 3381/294/376 3445/359/1573 3444/358/439
f 3381/294/376 3382/295/377 3446/360/441 3445/359/1573
f 3382/295/377 3383/296/378 3447/361/1262 3446/360/441
f 3383/296/378 3384/297/379 3448/362/443 3447/361/1262
f 3384/297/379 3385/298/380 3449/363/444 3448/362/443
f 3385/298/380 3386/299/381 3450/364/445 3449/363/444
f 3386/299/381 3387/300/382 3451/365/446 3450/364/445
f 3387/300/382 3388/301/383 3452/366/1426 3451/365/446
f 3388/301/383 3389/302/384 3453/367/1574 3452/366/1426
f 3389/302/384 3390/303/385 3454/368/449 3453/367/1574
f 3390/303/385 3391/304/386 3455/369/1427 3454/368/449
f 3391/304/386 3392/305/387 3456/370/451 3455/369/1427
f 3392/305/387 3393/306/388 3457/371/452 3456/370/451
f 3393/306/388 3394/307/389 3458/372/453 3457/371/452
f 3394/307/389 3395/308/390 3459/373/1264 3458/372/453
f 3395/308/390 3396/309/1250 3460/374/455 3459/373/1264
f 3396/309/1250 3397/310/392 3461/375/456 3460/374/455
f 3397/310/392 3398/311/393 3462/376/457 3461/375/456
f 3398/311/393 3399/312/394 3463/377/458 3462/376/457
f 3399/312/394 3400/313/395 3464/378/459 3463/377/458
f 3400/313/395 3401/314/396 3465/379/460 3464/378/459
f 3401/314/396 3402/315/1570 3466/380/461 3465/379/460
f 3402/315/1570 3403/316/398 3467/381/1431 3466/380/461
f 3403/316/398 3340/317/336 3404/382/400 3467/381/1431
f 3404/319/400 3405/318/399 3469/383/1575 3468/384/464
f 3405/318/399 3406/320/401 3470/385/465 3469/383/1575
f 3406/320/401 3407/321/402 3471/386/466 3470/385/465
f 3407/321/402 3408/322/403 3472/387/467 3471/386/466
f 3408/322/403 3409/323/404 3473/388/468 3472/387/467
f 3409/323/404 3410/324/405 3474/389/1432 3473/388/468
f 3410/324/405 3411/325/406 3475/390/470 3474/389/1432
f 3411/325/406 3412/326/407 3476/391/471 3475/390/470
f 3412/326/407 3413/327/408 3477/392/1576 3476/391/471
f 3413/327/408 3414/328/409 3478/393/1433 3477/392/1576
f 3414/328/409 3415/329/410 3479/394/1434 3478/393/1433
f 3415/329/410 3416/330/411 3480/395/475 3479/394/1434
f 3416/330/411 3417/331/412 3481/396/476 3480/395/475
f 3417/331/412 3418/332/413 3482/397/477 3481/396/476
f 3418/332/413 3419/333/1254 3483/398/478 3482/397/477
f 3419/333/1254 3420/334/1421 3484/399/479 3483/398/478
f 3420/334/1421 3421/335/1571 3485/400/480 3484/399/479
f 3421/335/1571 3422/336/417 3486/401/481 3485/400/480
f 3422/336/417 3423/337/1422 3487/402/482 3486/401/481
f 3423/337/1422 3424/338/419 3488/403/483 3487/402/482
f 3424/338/419 3425/339/420 3489/404/1435 3488/403/483
f 3425/339/420 3426/340/421 3490/405/485 3489/404/1435
f 3426/340/421 3427/341/422 3491/406/486 3490/405/485
f 3427/341/422 3428/342/1256 3492/407/487 3491/406/486
f 3428/342/1256 3429/343/1257 3493/408/488 3492/407/487
f 3429/343/1257 3430/344/425 3494/409/1577 3493/408/488
f 3430/344/425 3431/345/426 3495/410/1436 3494/409/1577
f 3431/345/426 3432/346/427 3496/411/491 3495/410/1436
f 3432/346/427 3433/347/1258 3497/412/492 3496/411/491
f 3433/347/1258 3434/348/429 3498/413/493 3497/412/492
f 3434/348/429 3435/349/1424 3499/414/1267 3498/413/493
f 3435/349/1424 3436/350/431 3500/415/495 3499/414/1267
f 3436/350/431 3437/351/1572 3501/416/496 3500/415/495
f 3437/351/1572 3438/352/433 3502/417/497 3501/416/496
f 3438/352/433 3439/353/1259 3503/418/498 3502/417/497
f 3439/353/1259 3440/354/435 3504/419/499 3503/418/498
f 3440/354/435 3441/355/436 3505/420/500 3504/419/499
f 3441/355/436 3442/356/1260 3506/421/1437 3505/420/500
f 3442/356/1260 3443/357/438 3507/422/502 3506/421/1437
f 3443/357/438 3444/358/439 3508/423/503 3507/422/502
f 3444/358/439 3445/359/1573 3509/424/504 3508/423/503
f 3445/359/1573 3446/360/441 3510/425/1438 3509/424/504
f 3446/360/441 3447/361/1262 3511/426/1439 3510/425/1438
f 3447/361/1262 3448/362/443 3512/427/507 3511/426/1439
f 3448/362/443 3449/363/444 3513/428/508 3512/427/507
f 3449/363/444 3450/364/445 3514/429/509 3513/428/508
f 3450/364/445 3451/365/446 3515/430/510 3514/429/509
f 3451/365/446 3452/366/1426 3516/431/511 3515/430/510
f 3452/366/1426 3453/367/1574 3517/432/512 3516/431/511
f 3453/367/1574 3454/368/449 3518/433/1578 3517/432/512
f 3454/368/449 3455/369/1427 3519/434/514 3518/433/1578
f 3455/369/1427 3456/370/451 3520/435/515 3519/434/514
f 3456/370/451 3457/371/452 3521/436/1440 3520/435/515
f 3457/371/452 3458/372/453 3522/437/517 3521/436/1440
f 3458/372/453 3459/373/1264 3523/438/518 3522/437/517
f 3459/373/1264 3460/374/455 3524/439/519 3523/438/518
f 3460/374/455 3461/375/456 3525/440/520 3524/439/519
f 3461/375/456 3462/376/457 3526/441/521 3525/440/520
f 3462/376/457 3463/377/458 3527/442/1441 3526/441/521
f 3463/377/458 3464/378/459 3528/443/523 3527/442/1441
f 3464/378/459 3465/379/460 3529/444/524 3528/443/523
f 3465/379/460 3466/380/461 3530/445/525 3529/444/524
f 3466/380/461 3467/381/1431 3531/446/526 3530/445/525
f 3467/381/1431 3404/382/400 3468/447/464 3531/446/526
f 3468/384/464 3469/383/1575 3533/448/527 3532/449/528
f 3469/383/1575 3470/385/465 3534/450/529 3533/448/527
f 3470/385/465 3471/386/466 3535/451/1579 3534/450/529
f 3471/386/466 3472/387/467 3536/452/531 3535/451/1579
f 3472/387/467 3473/388/468 3537/453/532 3536/452/531
f 3473/388/468 3474/389/1432 3538/454/533 3537/453/532
f 3474/389/1432 3475/390/470 3539/455/534 3538/454/533
f 3475/390/470 3476/391/471 3540/456/535 3539/455/534
f 3476/391/471 3477/392/1576 3541/457/536 3540/456/535
f 3477/392/1576 3478/393/1433 3542/458/537 3541/457/536
f 3478/393/1433 3479/394/1434 3543/459/538 3542/458/537
f 3479/394/1434 3480/395/475 3544/460/539 3543/459/538
f 3480/395/475 3481/396/476 3545/461/540 3544/460/539
f 3481/396/476 3482/397/477 3546/462/541 3545/461/540
f 3482/397/477 3483/398/478 3547/463/542 3546/462/541
f 3483/398/478 3484/399/479 3548/464/543 3547/463/542
f 3484/399/479 3485/400/480 3549/465/544 3548/464/543
f 3485/400/480 3486/401/481 3550/466/545 3549/465/544
f 3486/401/481 3487/402/482 3551/467/546 3550/466/545
f 3487/402/482 3488/403/483 3552/468/547 3551/467/546
f 3488/403/483 3489/404/1435 3553/469/548 3552/468/547
f 3489/404/1435 3490/405/485 3554/470/549 3553/469/548
f 3490/405/485 3491/406/486 3555/471/550 3554/470/549
f 3491/406/486 3492/407/487 3556/472/551 3555/471/550
f 3492/407/487 3493/408/488 3557/473/552 3556/472/551
f 3493/408/488 3494/409/1577 3558/474/553 3557/473/552
f 3494/409/1577 3495/410/1436 3559/475/554 3558/474/553
f 3495/410/1436 3496/411/491 3560/476/555 3559/475/554
f 3496/411/491 3497/412/492 3561/477/556 3560/476/555
f 3497/412/492 3498/413/493 3562/478/557 3561/477/556
f 3498/413/493 3499/414/1267 3563/479/558 3562/478/557
f 3499/414/1267 3500/415/495 3564/480/559 3563/479/558
f 3500/415/495 3501/416/496 3565/481/560 3564/480/559
f 3501/416/496 3502/417/497 3566/482/561 3565/481/560
f 3502/417/497 3503/418/498 3567/483/562 3566/482/561
f 3503/418/498 3504/419/499 3568/484/563 3567/483/562
f 3504/419/499 3505/420/500 3569/485/564 3568/484/563
f 3505/420/500 3506/421/1437 3570/486/565 3569/485/564
f 3506/421/1437 3507/422/502 3571/487/566 3570/486/565
f 3507/422/502 3508/423/503 3572/488/567 3571/487/566
f 3508/423/503 3509/424/504 3573/489/568 3572/488/567
f 3509/424/504 3510/425/1438 3574/490/569 3573/489/568
f 3510/425/1438 3511/426/1439 3575/491/570 3574/490/569
f 3511/426/1439 3512/427/507 3576/492/571 3575/491/570
f 3512/427/507 3513/428/508 3577/493/572 3576/492/571
f 3513/428/508 3514/429/509 3578/494/573 3577/493/572
f 3514/429/509 3515/430/510 3579/495/574 3578/494/573
f 3515/430/510 3516/431/511 3580/496/575 3579/495/574
f 3516/431/511 3517/432/512 3581/497/576 3580/496/575
f 3517/432/512 3518/433/1578 3582/498/577 3581/497/576
f 3518/433/1578 3519/434/514 3583/499/578 3582/498/577
f 3519/434/514 3520/435/515 3584/500/579 3583/499/578
f 3520/435/515 3521/436/1440 3585/501/580 3584/500/579
f 3521/436/1440 3522/437/517 3586/502/581 3585/501/580
f 3522/437/517 3523/438/518 3587/503/582 3586/502/581
f 3523/438/518 3524/439/519 3588/504/583 3587/503/582
f 3524/439/519 3525/440/520 3589/505/584 3588/504/583
f 3525/440/520 3526/441/521 3590/506/585 3589/505/584
f 3526/441/521 3527/442/1441 3591/507/586 3590/506/585
f 3527/442/1441 3528/443/523 3592/508/587 3591/507/586
f 3528/443/523 3529/444/524 3593/509/588 3592/508/587
f 3529/444/524 3530/445/525 3594/510/589 3593/509/588
f 3530/445/525 3531/446/526 3595/511/590 3594/510/589
f 3531/446/526 3468/447/464 3532/512/528 3595/511/590
f 3532/449/528 3533/448/527 3597/513/591 3596/514/592
f 3533/448/527 3534/450/529 3598/515/593 3597/513/591
f 3534/450/529 3535/451/1579 3599/516/594 3598/515/593
f 3535/451/1579 3536/452/531 3600/517/595 3599/516/594
f 3536/452/531 3537/453/532 3601/518/596 3600/517/595
f 3537/453/532 3538/454/533 3602/519/597 3601/518/596
f 3538/454/533 3539/455/534 3603/520/1273 3602/519/597
f 3539/455/534 3540/456/535 3604/521/599 3603/520/1273
f 3540/456/535 3541/457/536 3605/522/1443 3604/521/599
f 3541/457/536 3542/458/537 3606/523/601 3605/522/1443
f 3542/458/537 3543/459/538 3607/524/602 3606/523/601
f 3543/459/538 3544/460/539 3608/525/603 3607/524/602
f 3544/460/539 3545/461/540 3609/526/604 3608/525/603
f 3545/461/540 3546/462/541 3610/527/605 3609/526/604
f 3546/462/541 3547/463/542 3611/528/606 3610/527/605
f 3547/463/542 3548/464/543 3612/529/607 3611/528/606
f 3548/464/543 3549/465/544 3613/530/608 3612/529/607
f 3549/465/544 3550/466/545 3614/531/609 3613/530/608
f 3550/466/545 3551/467/546 3615/532/610 3614/531/609
f 3551/467/546 3552/468/547 3616/533/611 3615/532/610
f 3552/468/547 3553/469/548 3617/534/612 3616/533/611
f 3553/469/548 3554/470/549 3618/535/613 3617/534/612
f 3554/470/549 3555/471/550 3619/536/1444 3618/535/613
f 3555/471/550 3556/472/551 3620/537/615 3619/536/1444
f 3556/472/551 3557/473/552 3621/538/616 3620/537/615
f 3557/473/552 3558/474/553 3622/539/617 3621/538/616
f 3558/474/553 3559/475/554 3623/540/618 3622/539/617
f 3559/475/554 3560/476/555 3624/541/619 3623/540/618
f 3560/476/555 3561/477/556 3625/542/620 3624/541/619
f 3561/477/556 3562/478/557 3626/543/621 3625/542/620
f 3562/478/557 3563/479/558 3627/544/622 3626/543/621
f 3563/479/558 3564/480/559 3628/545/623 3627/544/622
f 3564/480/559 3565/481/560 3629/546/624 3628/545/623
f 3565/481/560 3566/482/561 3630/547/625 3629/546/624
f 3566/482/561 3567/483/562 3631/548/626 3630/547/625
f 3567/483/562 3568/484/563 3632/549/627 3631/548/626
f 3568/484/563 3569/485/564 3633/550/628 3632/549/627
f 3569/485/564 3570/486/565 3634/551/629 3633/550/628
f 3570/486/565 3571/487/566 3635/552/630 3634/551/629
f 3571/487/566 3572/488/567 3636/553/631 3635/552/630
f 3572/488/567 3573/489/568 3637/554/1446 3636/553/631
f 3573/489/568 3574/490/569 3638/555/633 3637/554/1446
f 3574/490/569 3575/491/570 3639/556/634 3638/555/633
f 3575/491/570 3576/492/571 3640/557/635 3639/556/634
f 3576/492/571 3577/493/572 3641/558/636 3640/557/635
f 3577/493/572 3578/494/573 3642/559/637 3641/558/636
f 3578/494/573 3579/495/574 3643/560/638 3642/559/637
f 3579/495/574 3580/496/575 3644/561/639 3643/560/638
f 3580/496/575 3581/497/576 3645/562/640 3644/561/639
f 3581/497/576 3582/498/577 3646/563/641 3645/562/640
f 3582/498/577 3583/499/578 3647/564/642 3646/563/641
f 3583/499/578 3584/500/579 3648/565/643 3647/564/642
f 3584/500/579 3585/501/580 3649/566/644 3648/565/643
f 3585/501/580 3586/502/581 3650/567/645 3649/566/644
f 3586/502/581 3587/503/582 3651/568/1447 3650/567/645
f 3587/503/582 3588/504/583 3652/569/647 3651/568/1447
f 3588/504/583 3589/505/584 3653/570/648 3652/569/647
f 3589/505/584 3590/506/585 3654/571/649 3653/570/648
f 3590/506/585 3591/507/586 3655/572/650 3654/571/649
f 3591/507/586 3592/508/587 3656/573/651 3655/572/650
f 3592/508/587 3593/509/588 3657/574/652 3656/573/651
f 3593/509/588 3594/510/589 3658/575/653 3657/574/652
f 3594/510/589 3595/511/590 3659/576/654 3658/575/653
f 3595/511/590 3532/512/528 3596/577/592 3659/576/654
f 3596/514/592 3597/513/591 3661/578/1580 3660/579/656
f 3597/513/591 3598/515/593 3662/580/657 3661/578/1580
f 3598/515/593 3599/516/594 3663/581/658 3662/580/657
f 3599/516/1448 3600/517/660 3664/582/660 3663/581/1448
f 3600/517/660 3601/518/661 3665/583/661 3664/582/660
f 3601/518/596 3602/519/597 3666/584/662 3665/583/663
f 3602/519/597 3603/520/1273 3667/585/664 3666/584/662
f 3603/520/1273 3604/521/599 3668/586/665 3667/585/664
f 3604/521/599 3605/522/1443 3669/587/1277 3668/586/665
f 3605/522/1443 3606/523/601 3670/588/667 3669/587/1277
f 3606/523/601 3607/524/602 3671/589/668 3670/588/667
f 3607/524/1581 3608/525/1582 3672/590/1583 3671/589/1581
f 3608/525/1582 3609/526/671 3673/591/671 3672/590/1583
f 3609/526/604 3610/527/605 3674/592/672 3673/591/673
f 3610/527/605 3611/528/606 3675/593/674 3674/592/672
f 3611/528/606 3612/529/607 3676/594/675 3675/593/674
f 3612/529/607 3613/530/608 3677/595/676 3676/594/675
f 3613/530/608 3614/531/609 3678/596/677 3677/595/676
f 3614/531/609 3615/532/610 3679/597/678 3678/596/677
f 3615/532/1451 3616/533/1584 3680/598/1584 3679/597/1451
f 3616/533/1584 3617/534/1279 3681/599/1279 3680/598/1584
f 3617/534/612 3618/535/613 3682/600/683 3681/599/684
f 3618/535/613 3619/536/1444 3683/601/685 3682/600/683
f 3619/536/1444 3620/537/615 3684/602/686 3683/601/685
f 3620/537/615 3621/538/616 3685/603/687 3684/602/686
f 3621/538/616 3622/539/617 3686/604/688 3685/603/687
f 3622/539/617 3623/540/618 3687/605/689 3686/604/688
f 3623/540/690 3624/541/692 3688/606/692 3687/605/690
f 3624/541/692 3625/542/1455 3689/607/1455 3688/606/692
f 3625/542/620 3626/543/621 3690/608/1456 3689/607/695
f 3626/543/621 3627/544/622 3691/609/1280 3690/608/1456
f 3627/544/622 3628/545/623 3692/610/697 3691/609/1280
f 3628/545/623 3629/546/624 3693/611/698 3692/610/697
f 3629/546/624 3630/547/625 3694/612/1585 3693/611/698
f 3630/547/625 3631/548/626 3695/613/700 3694/612/1585
f 3631/548/1457 3632/549/702 3696/614/702 3695/613/1457
f 3632/549/702 3633/550/703 3697/615/703 3696/614/702
f 3633/550/628 3634/551/629 3698/616/704 3697/615/705
f 3634/551/629 3635/552/630 3699/617/706 3698/616/704
f 3635/552/630 3636/553/631 3700/618/707 3699/617/706
f 3636/553/631 3637/554/1446 3701/619/708 3700/618/707
f 3637/554/1446 3638/555/633 3702/620/709 3701/619/708
f 3638/555/633 3639/556/634 3703/621/710 3702/620/709
f 3639/556/1586 3640/557/1459 3704/622/1459 3703/621/1586
f 3640/557/1459 3641/558/714 3705/623/714 3704/622/1459
f 3641/558/636 3642/559/637 3706/624/715 3705/623/716
f 3642/559/637 3643/560/638 3707/625/717 3706/624/715
f 3643/560/638 3644/561/639 3708/626/718 3707/625/717
f 3644/561/639 3645/562/640 3709/627/719 3708/626/718
f 3645/562/640 3646/563/641 3710/628/720 3709/627/719
f 3646/563/641 3647/564/642 3711/629/721 3710/628/720
f 3647/564/1460 3648/565/1462 3712/630/1462 3711/629/1460
f 3648/565/1462 3649/566/1286 3713/631/1286 3712/630/1462
f 3649/566/644 3650/567/645 3714/632/725 3713/631/726
f 3650/567/645 3651/568/1447 3715/633/1287 3714/632/725
f 3651/568/1447 3652/569/647 3716/634/728 3715/633/1287
f 3652/569/647 3653/570/648 3717/635/729 3716/634/728
f 3653/570/648 3654/571/649 3718/636/730 3717/635/729
f 3654/571/649 3655/572/650 3719/637/731 3718/636/730
f 3655/572/732 3656/573/1464 3720/638/733 3719/637/732
f 3656/573/1464 3657/574/1465 3721/639/1465 3720/638/733
f 3657/574/652 3658/575/653 3722/640/1466 3721/639/736
f 3658/575/653 3659/576/654 3723/641/737 3722/640/1466
f 3659/576/654 3596/577/592 3660/642/656 3723/641/737
f 3660/579/738 3661/578/739 3725/643/740 3724/644/741
f 3661/578/739 3662/580/1587 3726/645/743 3725/643/740
f 3662/580/1587 3663/581/1469 3727/646/745 3726/645/743
f 3663/581/1469 3664/582/746 3728/647/747 3727/646/745
f 3664/582/746 3665/583/1471 3729/648/749 3728/647/747
f 3665/583/1471 3666/584/1588 3730/649/751 3729/648/749
f 3666/584/1588 3667/585/1589 3731/650/753 3730/649/751
f 3667/585/1589 3668/586/754 3732/651/755 3731/650/753
f 3668/586/754 3669/587/1472 3733/652/757 3732/651/755
f 3669/587/1472 3670/588/758 3734/653/759 3733/652/757
f 3670/588/758 3671/589/760 3735/654/761 3734/653/759
f 3671/589/760 3672/590/1292 3736/655/1590 3735/654/761
f 3672/590/1292 3673/591/764 3737/656/1474 3736/655/1590
f 3673/591/764 3674/592/1475 3738/657/767 3737/656/1474
f 3674/592/1475 3675/593/1591 3739/658/769 3738/657/767
f 3675/593/1591 3676/594/770 3740/659/771 3739/658/769
f 3676/594/770 3677/595/772 3741/660/773 3740/659/771
f 3677/595/772 3678/596/1293 3742/661/775 3741/660/773
f 3678/596/1293 3679/597/776 3743/662/1477 3742/661/775
f 3679/597/776 3680/598/778 3744/663/1296 3743/662/1477
f 3680/598/778 3681/599/1592 3745/664/781 3744/663/1296
f 3681/599/1592 3682/600/782 3746/665/783 3745/664/781
f 3682/600/782 3683/601/1478 3747/666/785 3746/665/783
f 3683/601/1478 3684/602/786 3748/667/787 3747/666/785
f 3684/602/786 3685/603/788 3749/668/789 3748/667/787
f 3685/603/788 3686/604/1593 3750/669/1594 3749/668/789
f 3686/604/1593 3687/605/792 3751/670/793 3750/669/1594
f 3687/605/792 3688/606/794 3752/671/1300 3751/670/793
f 3688/606/794 3689/607/796 3753/672/797 3752/671/1300
f 3689/607/796 3690/608/1595 3754/673/799 3753/672/797
f 3690/608/1595 3691/609/800 3755/674/801 3754/673/799
f 3691/609/800 3692/610/802 3756/675/803 3755/674/801
f 3692/610/802 3693/611/804 3757/676/805 3756/675/803
f 3693/611/804 3694/612/1596 3758/677/807 3757/676/805
f 3694/612/1596 3695/613/1484 3759/678/1303 3758/677/807
f 3695/613/1484 3696/614/810 3760/679/811 3759/678/1303
f 3696/614/810 3697/615/1485 3761/680/813 3760/679/811
f 3697/615/1485 3698/616/814 3762/681/815 3761/680/813
f 3698/616/814 3699/617/816 3763/682/817 3762/681/815
f 3699/617/816 3700/618/818 3764/683/1597 3763/682/817
f 3700/618/818 3701/619/1598 3765/684/821 3764/683/1597
f 3701/619/1598 3702/620/822 3766/685/823 3765/684/821
f 3702/620/822 3703/621/824 3767/686/825 3766/685/823
f 3703/621/824 3704/622/826 3768/687/1489 3767/686/825
f 3704/622/826 3705/623/828 3769/688/1490 3768/687/1489
f 3705/623/828 3706/624/1491 3770/689/831 3769/688/1490
f 3706/624/1491 3707/625/832 3771/690/833 3770/689/831
f 3707/625/832 3708/626/834 3772/691/835 3771/690/833
f 3708/626/834 3709/627/1308 3773/692/837 3772/691/835
f 3709/627/1308 3710/628/838 3774/693/1599 3773/692/837
f 3710/628/838 3711/629/840 3775/694/1493 3774/693/1599
f 3711/629/840 3712/630/842 3776/695/843 3775/694/1493
f 3712/630/842 3713/631/844 3777/696/845 3776/695/843
f 3713/631/844 3714/632/846 3778/697/847 3777/696/845
f 3714/632/846 3715/633/1600 3779/698/849 3778/697/847
f 3715/633/1600 3716/634/850 3780/699/1311 3779/698/849
f 3716/634/850 3717/635/852 3781/700/853 3780/699/1311
f 3717/635/852 3718/636/854 3782/701/855 3781/700/853
f 3718/636/854 3719/637/1315 3783/702/857 3782/701/855
f 3719/637/1315 3720/638/858 3784/703/859 3783/702/857
f 3720/638/858 3721/639/860 3785/704/1316 3784/703/859
f 3721/639/860 3722/640/1601 3786/705/863 3785/704/1316
f 3722/640/1601 3723/641/864 3787/706/865 3786/705/863
f 3723/641/864 3660/642/738 3724/707/741 3787/706/865
f 3724/644/741 3725/643/740 3789/708/866 3788/709/1318
f 3725/643/740 3726/645/743 3790/710/868 3789/708/866
f 3726/645/743 3727/646/745 3791/711/869 3790/710/868
f 3727/646/745 3728/647/747 3792/712/1602 3791/711/869
f 3728/647/747 3729/648/749 3793/713/871 3792/712/1602
f 3729/648/749 3730/649/751 3794/714/872 3793/713/871
f 3730/649/751 3731/650/753 3795/715/873 3794/714/872
f 3731/650/753 3732/651/755 3796/716/874 3795/715/873
f 3732/651/755 3733/652/757 3797/717/875 3796/716/874
f 3733/652/757 3734/653/759 3798/718/876 3797/717/875
f 3734/653/759 3735/654/761 3799/719/877 3798/718/876
f 3735/654/761 3736/655/1590 3800/720/878 3799/719/877
f 3736/655/1590 3737/656/1474 3801/721/879 3800/720/878
f 3737/656/1474 3738/657/767 3802/722/880 3801/721/879
f 3738/657/767 3739/658/769 3803/723/881 3802/722/880
f 3739/658/769 3740/659/771 3804/724/882 3803/723/881
f 3740/659/771 3741/660/773 3805/725/883 3804/724/882
f 3741/660/773 3742/661/775 3806/726/884 3805/725/883
f 3742/661/775 3743/662/1477 3807/727/885 3806/726/884
f 3743/662/1477 3744/663/1296 3808/728/886 3807/727/885
f 3744/663/1296 3745/664/781 3809/729/887 3808/728/886
f 3745/664/781 3746/665/783 3810/730/888 3809/729/887
f 3746/665/783 3747/666/785 3811/731/889 3810/730/888
f 3747/666/785 3748/667/787 3812/732/890 3811/731/889
f 3748/667/787 3749/668/789 3813/733/891 3812/732/890
f 3749/668/789 3750/669/1594 3814/734/892 3813/733/891
f 3750/669/1594 3751/670/793 3815/735/893 3814/734/892
f 3751/670/793 3752/671/1300 3816/736/1500 3815/735/893
f 3752/671/1300 3753/672/797 3817/737/895 3816/736/1500
f 3753/672/797 3754/673/799 3818/738/896 3817/737/895
f 3754/673/799 3755/674/801 3819/739/897 3818/738/896
f 3755/674/801 3756/675/803 3820/740/1603 3819/739/897
f 3756/675/803 3757/676/805 3821/741/899 3820/740/1603
f 3757/676/805 3758/677/807 3822/742/900 3821/741/899
f 3758/677/807 3759/678/1303 3823/743/901 3822/742/900
f 3759/678/1303 3760/679/811 3824/744/902 3823/743/901
f 3760/679/811 3761/680/813 3825/745/903 3824/744/902
f 3761/680/813 3762/681/815 3826/746/1604 3825/745/903
f 3762/681/815 3763/682/817 3827/747/905 3826/746/1604
f 3763/682/817 3764/683/1597 3828/748/906 3827/747/905
f 3764/683/1597 3765/684/821 3829/749/1325 3828/748/906
f 3765/684/821 3766/685/823 3830/750/908 3829/749/1325
f 3766/685/823 3767/686/825 3831/751/909 3830/750/908
f 3767/686/825 3768/687/1489 3832/752/1605 3831/751/909
f 3768/687/1489 3769/688/1490 3833/753/911 3832/752/1605
f 3769/688/1490 3770/689/831 3834/754/912 3833/753/911
f 3770/689/831 3771/690/833 3835/755/913 3834/754/912
f 3771/690/833 3772/691/835 3836/756/914 3835/755/913
f 3772/691/835 3773/692/837 3837/757/915 3836/756/914
f 3773/692/837 3774/693/1599 3838/758/1606 3837/757/915
f 3774/693/1599 3775/694/1493 3839/759/917 3838/758/1606
f 3775/694/1493 3776/695/843 3840/760/918 3839/759/917
f 3776/695/843 3777/696/845 3841/761/919 3840/760/918
f 3777/696/845 3778/697/847 3842/762/920 3841/761/919
f 3778/697/847 3779/698/849 3843/763/1607 3842/762/920
f 3779/698/849 3780/699/1311 3844/764/922 3843/763/1607
f 3780/699/1311 3781/700/853 3845/765/923 3844/764/922
f 3781/700/853 3782/701/855 3846/766/924 3845/765/923
f 3782/701/855 3783/702/857 3847/767/925 3846/766/924
f 3783/702/857 3784/703/859 3848/768/1501 3847/767/925
f 3784/703/859 3785/704/1316 3849/769/927 3848/768/1501
f 3785/704/1316 3786/705/863 3850/770/1608 3849/769/927
f 3786/705/863 3787/706/865 3851/771/929 3850/770/1608
f 3787/706/865 3724/707/741 3788/772/1318 3851/771/929
f 3788/709/1318 3789/708/866 3853/773/930 3852/774/1327
f 3789/708/866 3790/710/868 3854/775/932 3853/773/930
f 3790/710/868 3791/711/869 3855/776/933 3854/775/932
f 3791/711/869 3792/712/1602 3856/777/1609 3855/776/933
f 3792/712/1602 3793/713/871 3857/778/935 3856/777/1609
f 3793/713/871 3794/714/872 3858/779/936 3857/778/935
f 3794/714/872 3795/715/873 3859/780/1502 3858/779/936
f 3795/715/873 3796/716/874 3860/781/1610 3859/780/1502
f 3796/716/874 3797/717/875 3861/782/939 3860/781/1610
f 3797/717/875 3798/718/876 3862/783/940 3861/782/939
f 3798/718/876 3799/719/877 3863/784/1503 3862/783/940
f 3799/719/877 3800/720/878 3864/785/1611 3863/784/1503
f 3800/720/878 3801/721/879 3865/786/943 3864/785/1611
f 3801/721/879 3802/722/880 3866/787/944 3865/786/943
f 3802/722/880 3803/723/881 3867/788/945 3866/787/944
f 3803/723/881 3804/724/882 3868/789/1504 3867/788/945
f 3804/724/882 3805/725/883 3869/790/947 3868/789/1504
f 3805/725/883 3806/726/884 3870/791/948 3869/790/947
f 3806/726/884 3807/727/885 3871/792/1336 3870/791/948
f 3807/727/885 3808/728/886 3872/793/950 3871/792/1336
f 3808/728/886 3809/729/887 3873/794/1507 3872/793/950
f 3809/729/887 3810/730/888 3874/795/1338 3873/794/1507
f 3810/730/888 3811/731/889 3875/796/953 3874/795/1338
f 3811/731/889 3812/732/890 3876/797/1612 3875/796/953
f 3812/732/890 3813/733/891 3877/798/1508 3876/797/1612
f 3813/733/891 3814/734/892 3878/799/1341 3877/798/1508
f 3814/734/892 3815/735/893 3879/800/1342 3878/799/1341
f 3815/735/893 3816/736/1500 3880/801/1613 3879/800/1342
f 3816/736/1500 3817/737/895 3881/802/1509 3880/801/1613
f 3817/737/895 3818/738/896 3882/803/960 3881/802/1509
f 3818/738/896 3819/739/897 3883/804/1344 3882/803/960
f 3819/739/897 3820/740/1603 3884/805/962 3883/804/1344
f 3820/740/1603 3821/741/899 3885/806/963 3884/805/962
f 3821/741/899 3822/742/900 3886/807/964 3885/806/963
f 3822/742/900 3823/743/901 3887/808/1614 3886/807/964
f 3823/743/901 3824/744/902 3888/809/966 3887/808/1614
f 3824/744/902 3825/745/903 3889/810/1615 3888/809/966
f 3825/745/903 3826/746/1604 3890/811/968 3889/810/1615
f 3826/746/1604 3827/747/905 3891/812/1510 3890/811/968
f 3827/747/905 3828/748/906 3892/813/1616 3891/812/1510
f 3828/748/906 3829/749/1325 3893/814/971 3892/813/1616
f 3829/749/1325 3830/750/908 3894/815/972 3893/814/971
f 3830/750/908 3831/751/909 3895/816/1511 3894/815/972
f 3831/751/909 3832/752/1605 3896/817/1617 3895/816/1511
f 3832/752/1605 3833/753/911 3897/818/975 3896/817/1617
f 3833/753/911 3834/754/912 3898/819/976 3897/818/975
f 3834/754/912 3835/755/913 3899/820/1618 3898/819/976
f 3835/755/913 3836/756/914 3900/821/1512 3899/820/1618
f 3836/756/914 3837/757/915 3901/822/1352 3900/821/1512
f 3837/757/915 3838/758/1606 3902/823/980 3901/822/1352
f 3838/758/1606 3839/759/917 3903/824/981 3902/823/980
f 3839/759/917 3840/760/918 3904/825/1619 3903/824/981
f 3840/760/918 3841/761/919 3905/826/1514 3904/825/1619
f 3841/761/919 3842/762/920 3906/827/984 3905/826/1514
f 3842/762/920 3843/763/1607 3907/828/985 3906/827/984
f 3843/763/1607 3844/764/922 3908/829/1620 3907/828/985
f 3844/764/922 3845/765/923 3909/830/1516 3908/829/1620
f 3845/765/923 3846/766/924 3910/831/988 3909/830/1516
f 3846/766/924 3847/767/925 3911/832/989 3910/831/988
f 3847/767/925 3848/768/1501 3912/833/990 3911/832/989
f 3848/768/1501 3849/769/927 3913/834/1621 3912/833/990
f 3849/769/927 3850/770/1608 3914/835/992 3913/834/1621
f 3850/770/1608 3851/771/929 3915/836/1358 3914/835/992
f 3851/771/929 3788/772/1318 3852/837/1327 3915/836/1358
f 3852/774/1327 3853/773/930 3917/838/994 3916/839/995
f 3853/773/930 3854/775/932 3918/840/996 3917/838/994
f 3854/775/932 3855/776/933 3919/841/997 3918/840/996
f 3855/776/933 3856/777/1609 3920/842/998 3919/841/997
f 3856/777/1609 3857/778/935 3921/843/999 3920/842/998
f 3857/778/935 3858/779/936 3922/844/1359 3921/843/999
f 3858/779/936 3859/780/1502 3923/845/1520 3922/844/1359
f 3859/780/1502 3860/781/1610 3924/846/1002 3923/845/1520
f 3860/781/1610 3861/782/939 3925/847/1003 3924/846/1002
f 3861/782/939 3862/783/940 3926/848/1004 3925/847/1003
f 3862/783/940 3863/784/1503 3927/849/1005 3926/848/1004
f 3863/784/1503 3864/785/1611 3928/850/1006 3927/849/1005
f 3864/785/1611 3865/786/943 3929/851/1007 3928/850/1006
f 3865/786/943 3866/787/944 3930/852/1008 3929/851/1007
f 3866/787/944 3867/788/945 3931/853/1009 3930/852/1008
f 3867/788/945 3868/789/1504 3932/854/1010 3931/853/1009
f 3868/789/1504 3869/790/947 3933/855/1011 3932/854/1010
f 3869/790/947 3870/791/948 3934/856/1012 3933/855/1011
f 3870/791/948 3871/792/1336 3935/857/1013 3934/856/1012
f 3871/792/1336 3872/793/950 3936/858/1014 3935/857/1013
f 3872/793/950 3873/794/1507 3937/859/1015 3936/858/1014
f 3873/794/1507 3874/795/1338 3938/860/1016 3937/859/1015
f 3874/795/1338 3875/796/953 3939/861/1362 3938/860/1016
f 3875/796/953 3876/797/1612 3940/862/1018 3939/861/1362
f 3876/797/1612 3877/798/1508 3941/863/1522 3940/862/1018
f 3877/798/1508 3878/799/1341 3942/864/1363 3941/863/1522
f 3878/799/1341 3879/800/1342 3943/865/1021 3942/864/1363
f 3879/800/1342 3880/801/1613 3944/866/1523 3943/865/1021
f 3880/801/1613 3881/802/1509 3945/867/1023 3944/866/1523
f 3881/802/1509 3882/803/960 3946/868/1024 3945/867/1023
f 3882/803/960 3883/804/1344 3947/869/1025 3946/868/1024
f 3883/804/1344 3884/805/962 3948/870/1026 3947/869/1025
f 3884/805/962 3885/806/963 3949/871/1027 3948/870/1026
f 3885/806/963 3886/807/964 3950/872/1028 3949/871/1027
f 3886/807/964 3887/808/1614 3951/873/1029 3950/872/1028
f 3887/808/1614 3888/809/966 3952/874/1030 3951/873/1029
f 3888/809/966 3889/810/1615 3953/875/1031 3952/874/1030
f 3889/810/1615 3890/811/968 3954/876/1032 3953/875/1031
f 3890/811/968 3891/812/1510 3955/877/1622 3954/876/1032
f 3891/812/1510 3892/813/1616 3956/878/1034 3955/877/1622
f 3892/813/1616 3893/814/971 3957/879/1035 3956/878/1034
f 3893/814/971 3894/815/972 3958/880/1036 3957/879/1035
f 3894/815/972 3895/816/1511 3959/881/1037 3958/880/1036
f 3895/816/1511 3896/817/1617 3960/882/1038 3959/881/1037
f 3896/817/1617 3897/818/975 3961/883/1039 3960/882/1038
f 3897/818/975 3898/819/976 3962/884/1040 3961/883/1039
f 3898/819/976 3899/820/1618 3963/885/1041 3962/884/1040
f 3899/820/1618 3900/821/1512 3964/886/1042 3963/885/1041
f 3900/821/1512 3901/822/1352 3965/887/1043 3964/886/1042
f 3901/822/1352 3902/823/980 3966/888/1044 3965/887/1043
f 3902/823/980 3903/824/981 3967/889/1045 3966/888/1044
f 3903/824/981 3904/825/1619 3968/890/1365 3967/889/1045
f 3904/825/1619 3905/826/1514 3969/891/1047 3968/890/1365
f 3905/826/1514 3906/827/984 3970/892/1048 3969/891/1047
f 3906/827/984 3907/828/985 3971/893/1049 3970/892/1048
f 3907/828/985 3908/829/1620 3972/894/1050 3971/893/1049
f 3908/829/1620 3909/830/1516 3973/895/1527 3972/894/1050
f 3909/830/1516 3910/831/988 3974/896/1052 3973/895/1527
f 3910/831/988 3911/832/989 3975/897/1053 3974/896/1052
f 3911/832/989 3912/833/990 3976/898/1529 3975/897/1053
f 3912/833/990 3913/834/1621 3977/899/1055 3976/898/1529
f 3913/834/1621 3914/835/992 3978/900/1056 3977/899/1055
f 3914/835/992 3915/836/1358 3979/901/1057 3978/900/1056
f 3915/836/1358 3852/837/1327 3916/902/995 3979/901/1057
f 3916/839/995 3917/838/994 3981/903/1058 3980/904/1059
f 3917/838/994 3918/840/996 3982/905/1530 3981/903/1058
f 3918/840/996 3919/841/997 3983/906/1061 3982/905/1530
f 3919/841/997 3920/842/998 3984/907/1062 3983/906/1061
f 3920/842/998 3921/843/999 3985/908/1063 3984/907/1062
f 3921/843/999 3922/844/1359 3986/909/1064 3985/908/1063
f 3922/844/1359 3923/845/1520 3987/910/1065 3986/909/1064
f 3923/845/1520 3924/846/1002 3988/911/1066 3987/910/1065
f 3924/846/1002 3925/847/1003 3989/912/1067 3988/911/1066
f 3925/847/1003 3926/848/1004 3990/913/1366 3989/912/1067
f 3926/848/1004 3927/849/1005 3991/914/1069 3990/913/1366
f 3927/849/1005 3928/850/1006 3992/915/1070 3991/914/1069
f 3928/850/1006 3929/851/1007 3993/916/1071 3992/915/1070
f 3929/851/1007 3930/852/1008 3994/917/1072 3993/916/1071
f 3930/852/1008 3931/853/1009 3995/918/1073 3994/917/1072
f 3931/853/1009 3932/854/1010 3996/919/1074 3995/918/1073
f 3932/854/1010 3933/855/1011 3997/920/1075 3996/919/1074
f 3933/855/1011 3934/856/1012 3998/921/1076 3997/920/1075
f 3934/856/1012 3935/857/1013 3999/922/1077 3998/921/1076
f 3935/857/1013 3936/858/1014 4000/923/1078 3999/922/1077
f 3936/858/1014 3937/859/1015 4001/924/1370 4000/923/1078
f 3937/859/1015 3938/860/1016 4002/925/1080 4001/924/1370
f 3938/860/1016 3939/861/1362 4003/926/1081 4002/925/1080
f 3939/861/1362 3940/862/1018 4004/927/1082 4003/926/1081
f 3940/862/1018 3941/863/1522 4005/928/1083 4004/927/1082
f 3941/863/1522 3942/864/1363 4006/929/1084 4005/928/1083
f 3942/864/1363 3943/865/1021 4007/930/1085 4006/929/1084
f 3943/865/1021 3944/866/1523 4008/931/1372 4007/930/1085
f 3944/866/1523 3945/867/1023 4009/932/1087 4008/931/1372
f 3945/867/1023 3946/868/1024 4010/933/1532 4009/932/1087
f 3946/868/1024 3947/869/1025 4011/934/1089 4010/933/1532
f 3947/869/1025 3948/870/1026 4012/935/1090 4011/934/1089
f 3948/870/1026 3949/871/1027 4013/936/1091 4012/935/1090
f 3949/871/1027 3950/872/1028 4014/937/1533 4013/936/1091
f 3950/872/1028 3951/873/1029 4015/938/1093 4014/937/1533
f 3951/873/1029 3952/874/1030 4016/939/1094 4015/938/1093
f 3952/874/1030 3953/875/1031 4017/940/1095 4016/939/1094
f 3953/875/1031 3954/876/1032 4018/941/1096 4017/940/1095
f 3954/876/1032 3955/877/1622 4019/942/1097 4018/941/1096
f 3955/877/1622 3956/878/1034 4020/943/1098 4019/942/1097
f 3956/878/1034 3957/879/1035 4021/944/1099 4020/943/1098
f 3957/879/1035 3958/880/1036 4022/945/1100 4021/944/1099
f 3958/880/1036 3959/881/1037 4023/946/1101 4022/945/1100
f 3959/881/1037 3960/882/1038 4024/947/1102 4023/946/1101
f 3960/882/1038 3961/883/1039 4025/948/1103 4024/947/1102
f 3961/883/1039 3962/884/1040 4026/949/1104 4025/948/1103
f 3962/884/1040 3963/885/1041 4027/950/1105 4026/949/1104
f 3963/885/1041 3964/886/1042 4028/951/1106 4027/950/1105
f 3964/886/1042 3965/887/1043 4029/952/1107 4028/951/1106
f 3965/887/1043 3966/888/1044 4030/953/1108 4029/952/1107
f 3966/888/1044 3967/889/1045 4031/954/1109 4030/953/1108
f 3967/889/1045 3968/890/1365 4032/955/1110 4031/954/1109
f 3968/890/1365 3969/891/1047 4033/956/1111 4032/955/1110
f 3969/891/1047 3970/892/1048 4034/957/1112 4033/956/1111
f 3970/892/1048 3971/893/1049 4035/958/1113 4034/957/1112
f 3971/893/1049 3972/894/1050 4036/959/1114 4035/958/1113
f 3972/894/1050 3973/895/1527 4037/960/1115 4036/959/1114
f 3973/895/1527 3974/896/1052 4038/961/1116 4037/960/1115
f 3974/896/1052 3975/897/1053 4039/962/1117 4038/961/1116
f 3975/897/1053 3976/898/1529 4040/963/1118 4039/962/1117
f 3976/898/1529 3977/899/1055 4041/964/1377 4040/963/1118
f 3977/899/1055 3978/900/1056 4042/965/1537 4041/964/1377
f 3978/900/1056 3979/901/1057 4043/966/1121 4042/965/1537
f 3979/901/1057 3916/902/995 3980/967/1059 4043/966/1121
f 3980/904/1059 3981/903/1058 4044/968/12
f 3981/903/1058 3982/905/1530 4044/969/12
f 3982/905/1530 3983/906/1061 4044/970/12
f 3983/906/1061 3984/907/1062 4044/971/12
f 3984/907/1062 3985/908/1063 4044/972/12
f 3985/908/1063 3986/909/1064 4044/973/12
f 3986/909/1064 3987/910/1065 4044/974/12
f 3987/910/1065 3988/911/1066 4044/975/12
f 3988/911/1066 3989/912/1067 4044/976/12
f 3989/912/1067 3990/913/1366 4044/977/12
f 3990/913/1366 3991/914/1069 4044/978/12
f 3991/914/1069 3992/915/1070 4044/979/12
f 3992/915/1070 3993/916/1071 4044/980/12
f 3993/916/1071 3994/917/1072 4044/981/12
f 3994/917/1072 3995/918/1073 4044/982/12
f 3995/918/1073 3996/919/1074 4044/983/12
f 3996/919/1074 3997/920/1075 4044/984/12
f 3997/920/1075 3998/921/1076 4044/985/12
f 3998/921/1076 3999/922/1077 4044/986/12
f 3999/922/1077 4000/923/1078 4044/987/12
f 4000/923/1078 4001/924/1370 4044/988/12
f 4001/924/1370 4002/925/1080 4044/989/12
f 4002/925/1080 4003/926/1081 4044/990/12
f 4003/926/1081 4004/927/1082 4044/991/12
f 4004/927/1082 4005/928/1083 4044/992/12
f 4005/928/1083 4006/929/1084 4044/993/12
f 4006/929/1084 4007/930/1085 4044/994/12
f 4007/930/1085 4008/931/1372 4044/995/12
f 4008/931/1372 4009/932/1087 4044/996/12
f 4009/932/1087 4010/933/1532 4044/997/12
f 4010/933/1532 4011/934/1089 4044/998/12
f 4011/934/1089 4012/935/1090 4044/999/12
f 4012/935/1090 4013/936/1091 4044/1000/12
f 4013/936/1091 4014/937/1533 4044/1001/12
f 4014/937/1533 4015/938/1093 4044/1002/12
f 4015/938/1093 4016/939/1094 4044/1003/12
f 4016/939/1094 4017/940/1095 4044/1004/12
f 4017/940/1095 4018/941/1096 4044/1005/12
f 4018/941/1096 4019/942/1097 4044/1006/12
f 4019/942/1097 4020/943/1098 4044/1007/12
f 4020/943/1098 4021/944/1099 4044/1008/12
f 4021/944/1099 4022/945/1100 4044/1009/12
f 4022/945/1100 4023/946/1101 4044/1010/12
f 4023/946/1101 4024/947/1102 4044/1011/12
f 4024/947/1102 4025/948/1103 4044/1012/12
f 4025/948/1103 4026/949/1104 4044/1013/12
f 4026/949/1104 4027/950/1105 4044/1014/12
f 4027/950/1105 4028/951/1106 4044/1015/12
f 4028/951/1106 4029/952/1107 4044/1016/12
f 4029/952/1107 4030/953/1108 4044/1017/12
f 4030/953/1108 4031/954/1109 4044/1018/12
f 4031/954/1109 4032/955/1110 4044/1019/12
f 4032/955/1110 4033/956/1111 4044/1020/12
f 4033/956/1111 4034/957/1112 4044/1021/12
f 4034/957/1112 4035/958/1113 4044/1022/12
f 4035/958/1113 4036/959/1114 4044/1023/12
f 4036/959/1114 4037/960/1115 4044/1024/12
f 4037/960/1115 4038/961/1116 4044/1025/12
f 4038/961/1116 4039/962/1117 4044/1026/12
f 4039/962/1117 4040/963/1118 4044/1027/12
f 4040/963/1118 4041/964/1377 4044/1028/12
f 4041/964/1377 4042/965/1537 4044/1029/12
f 4042/965/1537 4043/966/1121 4044/1030/12
f 4043/966/1121 3980/967/1059 4044/1031/12
f 181/1196/4 182/1197/4 186/1198/4 185/1199/4
f 182/1196/4 183/1197/4 187/1198/4 186/1199/4
f 183/1197/4 184/1196/4 188/1199/4 187/1198/4
f 184/1197/4 181/1196/4 185/1199/4 188/1198/4
f 185/1199/6 186/1198/6 190/1200/6 189/1201/6
f 186/1199/7 187/1198/7 191/1200/7 190/1201/7
f 187/1198/1 188/1199/1 192/1201/1 191/1200/1
f 188/1198/5 185/1199/5 189/1201/5 192/1200/5
f 189/1201/12 190/1200/12 194/1202/12 193/1203/12
f 190/1201/12 191/1200/12 195/1202/12 194/1203/12
f 191/1200/12 192/1201/12 196/1203/12 195/1202/12
f 192/1200/12 189/1201/12 193/1203/12 196/1202/12
f 193/1203/1 194/1202/1 182/1204/1 181/1205/1
f 194/1203/5 195/1202/5 183/1204/5 182/1205/5
f 195/1202/6 196/1203/6 184/1205/6 183/1204/6
f 196/1202/7 193/1203/7 181/1205/7 184/1204/7
f 197/1032/4 199/1033/4 198/1034/4
f 197/1035/4 200/1036/4 199/1033/4
f 197/1037/4 201/1038/4 200/1036/4
f 197/1039/4 202/1040/4 201/1038/4
f 197/1041/4 203/1042/4 202/1040/4
f 197/1043/4 204/1044/4 203/1042/4
f 197/1045/4 205/1046/4 204/1044/4
f 197/1047/4 206/1048/4 205/1046/4
f 197/1049/4 207/1050/4 206/1048/4
f 197/1051/4 208/1052/4 207/1050/4
f 197/1053/4 209/1054/4 208/1052/4
f 197/1055/4 210/1056/4 209/1054/4
f 197/1057/4 211/1058/4 210/1056/4
f 197/1059/4 212/1060/4 211/1058/4
f 197/1061/4 213/1062/4 212/1060/4
f 197/1063/4 214/1064/4 213/1062/4
f 197/1065/4 215/1066/4 214/1064/4
f 197/1067/4 216/1068/4 215/1066/4
f 197/1069/4 217/1070/4 216/1068/4
f 197/1071/4 218/1072/4 217/1070/4
f 197/1073/4 219/1074/4 218/1072/4
f 197/1075/4 220/1076/4 219/1074/4
f 197/1077/4 221/1078/4 220/1076/4
f 197/1079/4 222/1080/4 221/1078/4
f 197/1081/4 223/1082/4 222/1080/4
f 197/1083/4 224/1084/4 223/1082/4
f 197/1085/4 225/1086/4 224/1084/4
f 197/1087/4 226/1088/4 225/1086/4
f 197/1089/4 227/1090/4 226/1088/4
f 197/1091/4 228/1092/4 227/1090/4
f 197/1093/4 229/1094/4 228/1092/4
f 197/1095/4 230/1096/4 229/1094/4
f 197/1097/4 231/1098/4 230/1096/4
f 197/1099/4 232/1100/4 231/1098/4
f 197/1101/4 233/1102/4 232/1100/4
f 197/1103/4 234/1104/4 233/1102/4
f 197/1105/4 235/1106/4 234/1104/4
f 197/1107/4 236/1108/4 235/1106/4
f 197/1109/4 237/1110/4 236/1108/4
f 197/1111/4 238/1112/4 237/1110/4
f 197/1113/4 239/1114/4 238/1112/4
f 197/1115/4 240/1116/4 239/1114/4
f 197/1117/4 241/1118/4 240/1116/4
f 197/1119/4 242/1120/4 241/1118/4
f 197/1121/4 243/1122/4 242/1120/4
f 197/1123/4 244/1124/4 243/1122/4
f 197/1125/4 245/1126/4 244/1124/4
f 197/1127/4 246/1128/4 245/1126/4
f 197/1129/4 247/1130/4 246/1128/4
f 197/1131/4 248/1132/4 247/1130/4
f 197/1133/4 249/1134/4 248/1132/4
f 197/1135/4 250/1136/4 249/1134/4
f 197/1137/4 251/1138/4 250/1136/4
f 197/1139/4 252/1140/4 251/1138/4
f 197/1141/4 253/1142/4 252/1140/4
f 197/1143/4 254/1144/4 253/1142/4
f 197/1145/4 255/1146/4 254/1144/4
f 197/1147/4 256/1148/4 255/1146/4
f 197/1149/4 257/1150/4 256/1148/4
f 197/1151/4 258/1152/4 257/1150/4
f 197/1153/4 259/1154/4 258/1152/4
f 197/1155/4 260/1156/4 259/1154/4
f 197/1157/4 261/1158/4 260/1156/4
f 197/1159/4 198/1160/4 261/1158/4
f 198/1034/5 199/1033/1538 263/1161/1539 262/1162/231
f 199/1033/1538 200/1036/1124 264/1163/1125 263/1161/1539
f 200/1036/1124 201/1038/1126 265/1164/1127 264/1163/1125
f 201/1038/1126 202/1040/1540 266/1165/1541 265/1164/1127
f 202/1040/1130 203/1042/1131 267/1166/1132 266/1165/1133
f 203/1042/1131 204/1044/1134 268/1167/1542 267/1166/1132
f 204/1044/1134 205/1046/1136 269/1168/1137 268/1167/1542
f 205/1046/1136 206/1048/1138 270/1169/1139 269/1168/1137
f 206/1048/1138 207/1050/1543 271/1170/1141 270/1169/1139
f 207/1050/1543 208/1052/1142 272/1171/1623 271/1170/1141
f 208/1052/1142 209/1054/1144 273/1172/1145 272/1171/1623
f 209/1054/1144 210/1056/1146 274/1173/1147 273/1172/1145
f 210/1056/1148 211/1058/1149 275/1174/1150 274/1173/1151
f 211/1058/1149 212/1060/1152 276/1175/1153 275/1174/1150
f 212/1060/1152 213/1062/1544 277/1176/1378 276/1175/1153
f 213/1062/1544 214/1064/6 278/1177/1156 277/1176/1378
f 214/1064/6 215/1066/1545 279/1178/1158 278/1177/1156
f 215/1066/1545 216/1068/1159 280/1179/1160 279/1178/1158
f 216/1068/1159 217/1070/1161 281/1180/1162 280/1179/1160
f 217/1070/1161 218/1072/1163 282/1181/1164 281/1180/1162
f 218/1072/1165 219/1074/1166 283/1182/1167 282/1181/1168
f 219/1074/1166 220/1076/1169 284/1183/1170 283/1182/1167
f 220/1076/1169 221/1078/1547 285/1184/1172 284/1183/1170
f 221/1078/1547 222/1080/1173 286/1185/1174 285/1184/1172
f 222/1080/1173 223/1082/1175 287/1186/1176 286/1185/1174
f 223/1082/1175 224/1084/1177 288/1187/1548 287/1186/1176
f 224/1084/1177 225/1086/1179 289/1188/1180 288/1187/1548
f 225/1086/1179 226/1088/1181 290/1189/1182 289/1188/1180
f 226/1088/1549 227/1090/1184 291/1190/1185 290/1189/1550
f 227/1090/1184 228/1092/1187 292/1191/1188 291/1190/1185
f 228/1092/1187 229/1094/1551 293/1192/1552 292/1191/1188
f 229/1094/1551 230/1096/7 294/1193/1191 293/1192/1552
f 230/1096/7 231/1098/1553 295/1194/1554 294/1193/1191
f 231/1098/1553 232/1100/1194 296/1195/1195 295/1194/1554
f 232/1100/1194 233/1102/1196 297/93/165 296/1195/1195
f 233/1102/1196 234/1104/1555 298/94/166 297/93/165
f 234/1104/1199 235/1106/1200 299/97/170 298/94/169
f 235/1106/1200 236/1108/1201 300/99/173 299/97/170
f 236/1108/1201 237/1110/1202 301/101/175 300/99/173
f 237/1110/1202 238/1112/1203 302/103/177 301/101/175
f 238/1112/1203 239/1114/1557 303/105/179 302/103/177
f 239/1114/1557 240/1116/1205 304/107/181 303/105/179
f 240/1116/1205 241/1118/1206 305/109/183 304/107/181
f 241/1118/1206 242/1120/1207 306/111/185 305/109/183
f 242/1120/1208 243/1122/1209 307/113/188 306/111/187
f 243/1122/1209 244/1124/1210 308/115/191 307/113/188
f 244/1124/1210 245/1126/1558 309/117/193 308/115/191
f 245/1126/1558 246/1128/1 310/119/195 309/117/193
f 246/1128/1 247/1130/1560 311/121/197 310/119/195
f 247/1130/1560 248/1132/1213 312/123/199 311/121/197
f 248/1132/1213 249/1134/1214 313/125/201 312/123/199
f 249/1134/1214 250/1136/1215 314/127/203 313/125/201
f 250/1136/1216 251/1138/1217 315/129/206 314/127/205
f 251/1138/1217 252/1140/1218 316/131/209 315/129/206
f 252/1140/1218 253/1142/1561 317/133/211 316/131/209
f 253/1142/1561 254/1144/1221 318/135/213 317/133/211
f 254/1144/1221 255/1146/1222 319/137/215 318/135/213
f 255/1146/1222 256/1148/1223 320/139/217 319/137/215
f 256/1148/1223 257/1150/1224 321/141/219 320/139/217
f 257/1150/1224 258/1152/1225 322/143/221 321/141/219
f 258/1152/1563 259/1154/1227 323/145/224 322/143/223
f 259/1154/1227 260/1156/1229 324/147/227 323/145/224
f 260/1156/1229 261/1158/1564 325/149/229 324/147/227
f 261/1158/1564 198/1160/5 262/151/231 325/149/229
f 262/1162/231 263/1161/1539 327/154/233 326/153/232
f 263/1161/1539 264/1163/1125 328/157/236 327/154/233
f 264/1163/1125 265/1164/1127 329/159/238 328/157/236
f 265/1164/1127 266/1165/1541 330/161/240 329/159/238
f 266/1165/1133 267/1166/1132 331/163/243 330/161/242
f 267/1166/1132 268/1167/1542 332/165/245 331/163/243
f 268/1167/1542 269/1168/1137 333/167/247 332/165/245
f 269/1168/1137 270/1169/1139 334/169/249 333/167/247
f 270/1169/1139 271/1170/1141 335/171/251 334/169/249
f 271/1170/1141 272/1171/1623 336/173/253 335/171/251
f 272/1171/1623 273/1172/1145 337/175/255 336/173/253
f 273/1172/1145 274/1173/1147 338/177/257 337/175/255
f 274/1173/1151 275/1174/1150 339/179/260 338/177/259
f 275/1174/1150 276/1175/1153 340/181/262 339/179/260
f 276/1175/1153 277/1176/1378 341/183/264 340/181/262
f 277/1176/1378 278/1177/1156 342/185/266 341/183/264
f 278/1177/1156 279/1178/1158 343/187/268 342/185/266
f 279/1178/1158 280/1179/1160 344/189/270 343/187/268
f 280/1179/1160 281/1180/1162 345/191/272 344/189/270
f 281/1180/1162 282/1181/1164 346/193/274 345/191/272
f 282/1181/1168 283/1182/1167 347/195/277 346/193/276
f 283/1182/1167 284/1183/1170 348/197/279 347/195/277
f 284/1183/1170 285/1184/1172 349/199/281 348/197/279
f 285/1184/1172 286/1185/1174 350/201/283 349/199/281
f 286/1185/1174 287/1186/1176 351/203/285 350/201/283
f 287/1186/1176 288/1187/1548 352/205/287 351/203/285
f 288/1187/1548 289/1188/1180 353/207/289 352/205/287
f 289/1188/1180 290/1189/1182 354/209/291 353/207/289
f 290/1189/1550 291/1190/1185 355/211/294 354/209/293
f 291/1190/1185 292/1191/1188 356/213/296 355/211/294
f 292/1191/1188 293/1192/1552 357/215/298 356/213/296
f 293/1192/1552 294/1193/1191 358/217/300 357/215/298
f 294/1193/1191 295/1194/1554 359/219/302 358/217/300
f 295/1194/1554 296/1195/1195 360/221/304 359/219/302
f 296/1195/1195 297/93/165 361/96/168 360/221/304
