# Blender 5.2.1 LTS
# www.blender.org
mtllib king.mtl
o king
v 0.000000 0.000000 0.000000
v 0.358000 0.000000 0.000000
v 0.356896 0.000000 -0.028088
v 0.353592 0.000000 -0.056004
v 0.348108 0.000000 -0.083573
v 0.340478 0.000000 -0.110628
v 0.330749 0.000000 -0.137001
v 0.318980 0.000000 -0.162529
v 0.305245 0.000000 -0.187054
v 0.289628 0.000000 -0.210427
v 0.272225 0.000000 -0.232502
v 0.253144 0.000000 -0.253144
v 0.232502 0.000000 -0.272225
v 0.210427 0.000000 -0.289628
v 0.187054 0.000000 -0.305245
v 0.162529 0.000000 -0.318980
v 0.137001 0.000000 -0.330749
v 0.110628 0.000000 -0.340478
v 0.083573 0.000000 -0.348108
v 0.056004 0.000000 -0.353592
v 0.028088 0.000000 -0.356896
v 0.000000 0.000000 -0.358000
v -0.028088 0.000000 -0.356896
v -0.056004 0.000000 -0.353592
v -0.083573 0.000000 -0.348108
v -0.110628 0.000000 -0.340478
v -0.137001 0.000000 -0.330749
v -0.162529 0.000000 -0.318980
v -0.187054 0.000000 -0.305245
v -0.210427 0.000000 -0.289628
v -0.232502 0.000000 -0.272225
v -0.253144 0.000000 -0.253144
v -0.272225 0.000000 -0.232502
v -0.289628 0.000000 -0.210427
v -0.305245 0.000000 -0.187054
v -0.318980 0.000000 -0.162529
v -0.330749 0.000000 -0.137001
v -0.340478 0.000000 -0.110628
v -0.348108 0.000000 -0.083573
v -0.353592 0.000000 -0.056004
v -0.356896 0.000000 -0.028088
v -0.358000 0.000000 -0.000000
v -0.356896 0.000000 0.028088
v -0.353592 0.000000 0.056004
v -0.348108 0.000000 0.083573
v -0.340478 0.000000 0.110628
v -0.330749 0.000000 0.137001
v -0.318980 0.000000 0.162529
v -0.305245 0.000000 0.187054
v -0.289628 0.000000 0.210427
v -0.272225 0.000000 0.232502
v -0.253144 0.000000 0.253144
v -0.232502 0.000000 0.272225
v -0.210427 0.000000 0.289628
v -0.187054 0.000000 0.305245
v -0.162529 0.000000 0.318980
v -0.137001 0.000000 0.330749
v -0.110628 0.000000 0.340478
v -0.083573 0.000000 0.348108
v -0.056004 0.000000 0.353592
v -0.028088 0.000000 0.356896
v -0.000000 0.000000 0.358000
v 0.028088 0.000000 0.356896
v 0.056004 0.000000 0.353592
v 0.083573 0.000000 0.348108
v 0.110628 0.000000 0.340478
v 0.137001 0.000000 0.330749
v 0.162529 0.000000 0.318980
v 0.187054 0.000000 0.305245
v 0.210427 0.000000 0.289628
v 0.232502 0.000000 0.272225
v 0.253144 0.000000 0.253144
v 0.272225 0.000000 0.232502
v 0.289628 0.000000 0.210427
v 0.305245 0.000000 0.187054
v 0.318980 0.000000 0.162529
v 0.330749 0.000000 0.137001
v 0.340478 0.000000 0.110628
v 0.348108 0.000000 0.083573
v 0.353592 0.000000 0.056004
v 0.356896 0.000000 0.028088
v 0.369000 0.002947 0.000000
v 0.367862 0.002947 -0.028951
v 0.364457 0.002947 -0.057724
v 0.358804 0.002947 -0.086141
v 0.350940 0.002947 -0.114027
v 0.340912 0.002947 -0.141210
v 0.328781 0.002947 -0.167522
v 0.314624 0.002947 -0.192802
v 0.298527 0.002947 -0.216893
v 0.280590 0.002947 -0.239646
v 0.260922 0.002947 -0.260922
v 0.239646 0.002947 -0.280590
v 0.216893 0.002947 -0.298527
v 0.192802 0.002947 -0.314624
v 0.167522 0.002947 -0.328781
v 0.141210 0.002947 -0.340912
v 0.114027 0.002947 -0.350940
v 0.086141 0.002947 -0.358804
v 0.057724 0.002947 -0.364457
v 0.028951 0.002947 -0.367862
v 0.000000 0.002947 -0.369000
v -0.028951 0.002947 -0.367862
v -0.057724 0.002947 -0.364457
v -0.086141 0.002947 -0.358804
v -0.114027 0.002947 -0.350940
v -0.141210 0.002947 -0.340912
v -0.167522 0.002947 -0.328781
v -0.192802 0.002947 -0.314624
v -0.216893 0.002947 -0.298527
v -0.239646 0.002947 -0.280590
v -0.260922 0.002947 -0.260922
v -0.280590 0.002947 -0.239646
v -0.298527 0.002947 -0.216893
v -0.314624 0.002947 -0.192802
v -0.328781 0.002947 -0.167522
v -0.340912 0.002947 -0.141210
v -0.350940 0.002947 -0.114027
v -0.358804 0.002947 -0.086141
v -0.364457 0.002947 -0.057724
v -0.367862 0.002947 -0.028951
v -0.369000 0.002947 -0.000000
v -0.367862 0.002947 0.028951
v -0.364457 0.002947 0.057724
v -0.358804 0.002947 0.086141
v -0.350940 0.002947 0.114027
v -0.340912 0.002947 0.141210
v -0.328781 0.002947 0.167522
v -0.314624 0.002947 0.192802
v -0.298527 0.002947 0.216893
v -0.280590 0.002947 0.239646
v -0.260922 0.002947 0.260922
v -0.239646 0.002947 0.280590
v -0.216893 0.002947 0.298527
v -0.192802 0.002947 0.314624
v -0.167522 0.002947 0.328781
v -0.141210 0.002947 0.340912
v -0.114027 0.002947 0.350940
v -0.086141 0.002947 0.358804
v -0.057724 0.002947 0.364457
v -0.028951 0.002947 0.367862
v -0.000000 0.002947 0.369000
v 0.028951 0.002947 0.367862
v 0.057724 0.002947 0.364457
v 0.086141 0.002947 0.358804
v 0.114027 0.002947 0.350940
v 0.141210 0.002947 0.340912
v 0.167522 0.002947 0.328781
v 0.192802 0.002947 0.314624
v 0.216893 0.002947 0.298527
v 0.239646 0.002947 0.280590
v 0.260922 0.002947 0.260922
v 0.280590 0.002947 0.239646
v 0.298527 0.002947 0.216893
v 0.314624 0.002947 0.192802
v 0.328781 0.002947 0.167522
v 0.340912 0.002947 0.141210
v 0.350940 0.002947 0.114027
v 0.358804 0.002947 0.086141
v 0.364457 0.002947 0.057724
v 0.367862 0.002947 0.028951
v 0.377053 0.011000 0.000000
v 0.375890 0.011000 -0.029583
v 0.372410 0.011000 -0.058984
v 0.366635 0.011000 -0.088021
v 0.358598 0.011000 -0.116516
v 0.348351 0.011000 -0.144292
v 0.335956 0.011000 -0.171178
v 0.321490 0.011000 -0.197009
v 0.305042 0.011000 -0.221626
v 0.286713 0.011000 -0.244876
v 0.266616 0.011000 -0.266616
v 0.244876 0.011000 -0.286713
v 0.221626 0.011000 -0.305042
v 0.197009 0.011000 -0.321490
v 0.171178 0.011000 -0.335956
v 0.144292 0.011000 -0.348351
v 0.116516 0.011000 -0.358598
v 0.088021 0.011000 -0.366635
v 0.058984 0.011000 -0.372410
v 0.029583 0.011000 -0.375890
v 0.000000 0.011000 -0.377053
v -0.029583 0.011000 -0.375890
v -0.058984 0.011000 -0.372410
v -0.088021 0.011000 -0.366635
v -0.116516 0.011000 -0.358598
v -0.144292 0.011000 -0.348351
v -0.171178 0.011000 -0.335956
v -0.197009 0.011000 -0.321490
v -0.221626 0.011000 -0.305042
v -0.244876 0.011000 -0.286713
v -0.266616 0.011000 -0.266616
v -0.286713 0.011000 -0.244876
v -0.305042 0.011000 -0.221626
v -0.321490 0.011000 -0.197009
v -0.335956 0.011000 -0.171178
v -0.348351 0.011000 -0.144292
v -0.358598 0.011000 -0.116516
v -0.366635 0.011000 -0.088021
v -0.372410 0.011000 -0.058984
v -0.375890 0.011000 -0.029583
v -0.377053 0.011000 -0.000000
v -0.375890 0.011000 0.029583
v -0.372410 0.011000 0.058984
v -0.366635 0.011000 0.088021
v -0.358598 0.011000 0.116516
v -0.348351 0.011000 0.144292
v -0.335956 0.011000 0.171178
v -0.321490 0.011000 0.197009
v -0.305042 0.011000 0.221626
v -0.286713 0.011000 0.244876
v -0.266616 0.011000 0.266616
v -0.244876 0.011000 0.286713
v -0.221626 0.011000 0.305042
v -0.197009 0.011000 0.321490
v -0.171178 0.011000 0.335956
v -0.144292 0.011000 0.348351
v -0.116516 0.011000 0.358598
v -0.088021 0.011000 0.366635
v -0.058984 0.011000 0.372410
v -0.029583 0.011000 0.375890
v -0.000000 0.011000 0.377053
v 0.029583 0.011000 0.375890
v 0.058984 0.011000 0.372410
v 0.088021 0.011000 0.366635
v 0.116516 0.011000 0.358598
v 0.144292 0.011000 0.348351
v 0.171178 0.011000 0.335956
v 0.197009 0.011000 0.321490
v 0.221626 0.011000 0.305042
v 0.244876 0.011000 0.286713
v 0.266616 0.011000 0.266616
v 0.286713 0.011000 0.244876
v 0.305042 0.011000 0.221626
v 0.321490 0.011000 0.197009
v 0.335956 0.011000 0.171178
v 0.348351 0.011000 0.144292
v 0.358598 0.011000 0.116516
v 0.366635 0.011000 0.088021
v 0.372410 0.011000 0.058984
v 0.375890 0.011000 0.029583
v 0.380000 0.022000 0.000000
v 0.379267 0.022000 -0.009931
v 0.374985 0.022000 -0.019652
v 0.378228 0.022000 -0.029767
v 0.377918 0.022000 -0.039721
v 0.376151 0.022000 -0.049521
v 0.370877 0.022000 -0.058741
v 0.373044 0.022000 -0.069140
v 0.371696 0.022000 -0.079006
v 0.368914 0.022000 -0.088568
v 0.362705 0.022000 -0.097187
v 0.363773 0.022000 -0.107755
v 0.361401 0.022000 -0.117426
v 0.357635 0.022000 -0.126645
v 0.350559 0.022000 -0.134567
v 0.350517 0.022000 -0.145189
v 0.347147 0.022000 -0.154560
v 0.342438 0.022000 -0.163335
v 0.334573 0.022000 -0.170473
v 0.333421 0.022000 -0.181033
v 0.329090 0.022000 -0.190000
v 0.323489 0.022000 -0.198234
v 0.314921 0.022000 -0.204512
v 0.312671 0.022000 -0.214893
v 0.307426 0.022000 -0.223358
v 0.300996 0.022000 -0.230962
v 0.291818 0.022000 -0.236310
v 0.288496 0.022000 -0.246399
v 0.282395 0.022000 -0.254270
v 0.275205 0.022000 -0.261160
v 0.265519 0.022000 -0.265519
v 0.261160 0.022000 -0.275205
v 0.254270 0.022000 -0.282395
v 0.246399 0.022000 -0.288496
v 0.236310 0.022000 -0.291818
v 0.230962 0.022000 -0.300996
v 0.223358 0.022000 -0.307426
v 0.214893 0.022000 -0.312671
v 0.204512 0.022000 -0.314921
v 0.198234 0.022000 -0.323489
v 0.190000 0.022000 -0.329090
v 0.181033 0.022000 -0.333421
v 0.170473 0.022000 -0.334573
v 0.163335 0.022000 -0.342438
v 0.154560 0.022000 -0.347147
v 0.145189 0.022000 -0.350517
v 0.134567 0.022000 -0.350559
v 0.126645 0.022000 -0.357635
v 0.117426 0.022000 -0.361401
v 0.107755 0.022000 -0.363773
v 0.097187 0.022000 -0.362705
v 0.088568 0.022000 -0.368914
v 0.079006 0.022000 -0.371696
v 0.069140 0.022000 -0.373044
v 0.058741 0.022000 -0.370877
v 0.049521 0.022000 -0.376151
v 0.039721 0.022000 -0.377918
v 0.029767 0.022000 -0.378228
v 0.019652 0.022000 -0.374985
v 0.009931 0.022000 -0.379267
v 0.000000 0.022000 -0.380000
v -0.009931 0.022000 -0.379267
v -0.019652 0.022000 -0.374985
v -0.029767 0.022000 -0.378228
v -0.039721 0.022000 -0.377918
v -0.049521 0.022000 -0.376151
v -0.058741 0.022000 -0.370877
v -0.069140 0.022000 -0.373044
v -0.079006 0.022000 -0.371696
v -0.088568 0.022000 -0.368914
v -0.097187 0.022000 -0.362705
v -0.107755 0.022000 -0.363773
v -0.117426 0.022000 -0.361401
v -0.126645 0.022000 -0.357635
v -0.134567 0.022000 -0.350559
v -0.145189 0.022000 -0.350517
v -0.154560 0.022000 -0.347147
v -0.163335 0.022000 -0.342438
v -0.170473 0.022000 -0.334573
v -0.181033 0.022000 -0.333421
v -0.190000 0.022000 -0.329090
v -0.198234 0.022000 -0.323489
v -0.204512 0.022000 -0.314921
v -0.214893 0.022000 -0.312671
v -0.223358 0.022000 -0.307426
v -0.230962 0.022000 -0.300996
v -0.236310 0.022000 -0.291818
v -0.246399 0.022000 -0.288496
v -0.254270 0.022000 -0.282395
v -0.261160 0.022000 -0.275205
v -0.265519 0.022000 -0.265519
v -0.275205 0.022000 -0.261160
v -0.282395 0.022000 -0.254270
v -0.288496 0.022000 -0.246399
v -0.291818 0.022000 -0.236310
v -0.300996 0.022000 -0.230962
v -0.307426 0.022000 -0.223358
v -0.312671 0.022000 -0.214893
v -0.314921 0.022000 -0.204512
v -0.323489 0.022000 -0.198234
v -0.329090 0.022000 -0.190000
v -0.333421 0.022000 -0.181033
v -0.334573 0.022000 -0.170473
v -0.342438 0.022000 -0.163335
v -0.347147 0.022000 -0.154560
v -0.350517 0.022000 -0.145189
v -0.350559 0.022000 -0.134567
v -0.357635 0.022000 -0.126645
v -0.361401 0.022000 -0.117426
v -0.363773 0.022000 -0.107755
v -0.362705 0.022000 -0.097187
v -0.368914 0.022000 -0.088568
v -0.371696 0.022000 -0.079006
v -0.373044 0.022000 -0.069140
v -0.370877 0.022000 -0.058741
v -0.376151 0.022000 -0.049521
v -0.377918 0.022000 -0.039721
v -0.378228 0.022000 -0.029767
v -0.374985 0.022000 -0.019652
v -0.379267 0.022000 -0.009931
v -0.380000 0.022000 -0.000000
v -0.379267 0.022000 0.009931
v -0.374985 0.022000 0.019652
v -0.378228 0.022000 0.029767
v -0.377918 0.022000 0.039721
v -0.376151 0.022000 0.049521
v -0.370877 0.022000 0.058741
v -0.373044 0.022000 0.069140
v -0.371696 0.022000 0.079006
v -0.368914 0.022000 0.088568
v -0.362705 0.022000 0.097187
v -0.363773 0.022000 0.107755
v -0.361401 0.022000 0.117426
v -0.357635 0.022000 0.126645
v -0.350559 0.022000 0.134567
v -0.350517 0.022000 0.145189
v -0.347147 0.022000 0.154560
v -0.342438 0.022000 0.163335
v -0.334573 0.022000 0.170473
v -0.333421 0.022000 0.181033
v -0.329090 0.022000 0.190000
v -0.323489 0.022000 0.198234
v -0.314921 0.022000 0.204512
v -0.312671 0.022000 0.214893
v -0.307426 0.022000 0.223358
v -0.300996 0.022000 0.230962
v -0.291818 0.022000 0.236310
v -0.288496 0.022000 0.246399
v -0.282395 0.022000 0.254270
v -0.275205 0.022000 0.261160
v -0.265519 0.022000 0.265519
v -0.261160 0.022000 0.275205
v -0.254270 0.022000 0.282395
v -0.246399 0.022000 0.288496
v -0.236310 0.022000 0.291818
v -0.230962 0.022000 0.300996
v -0.223358 0.022000 0.307426
v -0.214893 0.022000 0.312671
v -0.204512 0.022000 0.314921
v -0.198234 0.022000 0.323489
v -0.190000 0.022000 0.329090
v -0.181033 0.022000 0.333421
v -0.170473 0.022000 0.334573
v -0.163335 0.022000 0.342438
v -0.154560 0.022000 0.347147
v -0.145189 0.022000 0.350517
v -0.134567 0.022000 0.350559
v -0.126645 0.022000 0.357635
v -0.117426 0.022000 0.361401
v -0.107755 0.022000 0.363773
v -0.097187 0.022000 0.362705
v -0.088568 0.022000 0.368914
v -0.079006 0.022000 0.371696
v -0.069140 0.022000 0.373044
v -0.058741 0.022000 0.370877
v -0.049521 0.022000 0.376151
v -0.039721 0.022000 0.377918
v -0.029767 0.022000 0.378228
v -0.019652 0.022000 0.374985
v -0.009931 0.022000 0.379267
v -0.000000 0.022000 0.380000
v 0.009931 0.022000 0.379267
v 0.019652 0.022000 0.374985
v 0.029767 0.022000 0.378228
v 0.039721 0.022000 0.377918
v 0.049521 0.022000 0.376151
v 0.058741 0.022000 0.370877
v 0.069140 0.022000 0.373044
v 0.079006 0.022000 0.371696
v 0.088568 0.022000 0.368914
v 0.097187 0.022000 0.362705
v 0.107755 0.022000 0.363773
v 0.117426 0.022000 0.361401
v 0.126645 0.022000 0.357635
v 0.134567 0.022000 0.350559
v 0.145189 0.022000 0.350517
v 0.154560 0.022000 0.347147
v 0.163335 0.022000 0.342438
v 0.170473 0.022000 0.334573
v 0.181033 0.022000 0.333421
v 0.190000 0.022000 0.329090
v 0.198234 0.022000 0.323489
v 0.204512 0.022000 0.314921
v 0.214893 0.022000 0.312671
v 0.223358 0.022000 0.307426
v 0.230962 0.022000 0.300996
v 0.236310 0.022000 0.291818
v 0.246399 0.022000 0.288496
v 0.254270 0.022000 0.282395
v 0.261160 0.022000 0.275205
v 0.265519 0.022000 0.265519
v 0.275205 0.022000 0.261160
v 0.282395 0.022000 0.254270
v 0.288496 0.022000 0.246399
v 0.291818 0.022000 0.236310
v 0.300996 0.022000 0.230962
v 0.307426 0.022000 0.223358
v 0.312671 0.022000 0.214893
v 0.314921 0.022000 0.204512
v 0.323489 0.022000 0.198234
v 0.329090 0.022000 0.190000
v 0.333421 0.022000 0.181033
v 0.334573 0.022000 0.170473
v 0.342438 0.022000 0.163335
v 0.347147 0.022000 0.154560
v 0.350517 0.022000 0.145189
v 0.350559 0.022000 0.134567
v 0.357635 0.022000 0.126645
v 0.361401 0.022000 0.117426
v 0.363773 0.022000 0.107755
v 0.362705 0.022000 0.097187
v 0.368914 0.022000 0.088568
v 0.371696 0.022000 0.079006
v 0.373044 0.022000 0.069140
v 0.370877 0.022000 0.058741
v 0.376151 0.022000 0.049521
v 0.377918 0.022000 0.039721
v 0.378228 0.022000 0.029767
v 0.374985 0.022000 0.019652
v 0.379267 0.022000 0.009931
v 0.380000 0.124000 0.000000
v 0.379267 0.124000 -0.009931
v 0.374985 0.124000 -0.019652
v 0.378228 0.124000 -0.029767
v 0.377918 0.124000 -0.039721
v 0.376151 0.124000 -0.049521
v 0.370877 0.124000 -0.058741
v 0.373044 0.124000 -0.069140
v 0.371696 0.124000 -0.079006
v 0.368914 0.124000 -0.088568
v 0.362705 0.124000 -0.097187
v 0.363773 0.124000 -0.107755
v 0.361401 0.124000 -0.117426
v 0.357635 0.124000 -0.126645
v 0.350559 0.124000 -0.134567
v 0.350517 0.124000 -0.145189
v 0.347147 0.124000 -0.154560
v 0.342438 0.124000 -0.163335
v 0.334573 0.124000 -0.170473
v 0.333421 0.124000 -0.181033
v 0.329090 0.124000 -0.190000
v 0.323489 0.124000 -0.198234
v 0.314921 0.124000 -0.204512
v 0.312671 0.124000 -0.214893
v 0.307426 0.124000 -0.223358
v 0.300996 0.124000 -0.230962
v 0.291818 0.124000 -0.236310
v 0.288496 0.124000 -0.246399
v 0.282395 0.124000 -0.254270
v 0.275205 0.124000 -0.261160
v 0.265519 0.124000 -0.265519
v 0.261160 0.124000 -0.275205
v 0.254270 0.124000 -0.282395
v 0.246399 0.124000 -0.288496
v 0.236310 0.124000 -0.291818
v 0.230962 0.124000 -0.300996
v 0.223358 0.124000 -0.307426
v 0.214893 0.124000 -0.312671
v 0.204512 0.124000 -0.314921
v 0.198234 0.124000 -0.323489
v 0.190000 0.124000 -0.329090
v 0.181033 0.124000 -0.333421
v 0.170473 0.124000 -0.334573
v 0.163335 0.124000 -0.342438
v 0.154560 0.124000 -0.347147
v 0.145189 0.124000 -0.350517
v 0.134567 0.124000 -0.350559
v 0.126645 0.124000 -0.357635
v 0.117426 0.124000 -0.361401
v 0.107755 0.124000 -0.363773
v 0.097187 0.124000 -0.362705
v 0.088568 0.124000 -0.368914
v 0.079006 0.124000 -0.371696
v 0.069140 0.124000 -0.373044
v 0.058741 0.124000 -0.370877
v 0.049521 0.124000 -0.376151
v 0.039721 0.124000 -0.377918
v 0.029767 0.124000 -0.378228
v 0.019652 0.124000 -0.374985
v 0.009931 0.124000 -0.379267
v 0.000000 0.124000 -0.380000
v -0.009931 0.124000 -0.379267
v -0.019652 0.124000 -0.374985
v -0.029767 0.124000 -0.378228
v -0.039721 0.124000 -0.377918
v -0.049521 0.124000 -0.376151
v -0.058741 0.124000 -0.370877
v -0.069140 0.124000 -0.373044
v -0.079006 0.124000 -0.371696
v -0.088568 0.124000 -0.368914
v -0.097187 0.124000 -0.362705
v -0.107755 0.124000 -0.363773
v -0.117426 0.124000 -0.361401
v -0.126645 0.124000 -0.357635
v -0.134567 0.124000 -0.350559
v -0.145189 0.124000 -0.350517
v -0.154560 0.124000 -0.347147
v -0.163335 0.124000 -0.342438
v -0.170473 0.124000 -0.334573
v -0.181033 0.124000 -0.333421
v -0.190000 0.124000 -0.329090
v -0.198234 0.124000 -0.323489
v -0.204512 0.124000 -0.314921
v -0.214893 0.124000 -0.312671
v -0.223358 0.124000 -0.307426
v -0.230962 0.124000 -0.300996
v -0.236310 0.124000 -0.291818
v -0.246399 0.124000 -0.288496
v -0.254270 0.124000 -0.282395
v -0.261160 0.124000 -0.275205
v -0.265519 0.124000 -0.265519
v -0.275205 0.124000 -0.261160
v -0.282395 0.124000 -0.254270
v -0.288496 0.124000 -0.246399
v -0.291818 0.124000 -0.236310
v -0.300996 0.124000 -0.230962
v -0.307426 0.124000 -0.223358
v -0.312671 0.124000 -0.214893
v -0.314921 0.124000 -0.204512
v -0.323489 0.124000 -0.198234
v -0.329090 0.124000 -0.190000
v -0.333421 0.124000 -0.181033
v -0.334573 0.124000 -0.170473
v -0.342438 0.124000 -0.163335
v -0.347147 0.124000 -0.154560
v -0.350517 0.124000 -0.145189
v -0.350559 0.124000 -0.134567
v -0.357635 0.124000 -0.126645
v -0.361401 0.124000 -0.117426
v -0.363773 0.124000 -0.107755
v -0.362705 0.124000 -0.097187
v -0.368914 0.124000 -0.088568
v -0.371696 0.124000 -0.079006
v -0.373044 0.124000 -0.069140
v -0.370877 0.124000 -0.058741
v -0.376151 0.124000 -0.049521
v -0.377918 0.124000 -0.039721
v -0.378228 0.124000 -0.029767
v -0.374985 0.124000 -0.019652
v -0.379267 0.124000 -0.009931
v -0.380000 0.124000 -0.000000
v -0.379267 0.124000 0.009931
v -0.374985 0.124000 0.019652
v -0.378228 0.124000 0.029767
v -0.377918 0.124000 0.039721
v -0.376151 0.124000 0.049521
v -0.370877 0.124000 0.058741
v -0.373044 0.124000 0.069140
v -0.371696 0.124000 0.079006
v -0.368914 0.124000 0.088568
v -0.362705 0.124000 0.097187
v -0.363773 0.124000 0.107755
v -0.361401 0.124000 0.117426
v -0.357635 0.124000 0.126645
v -0.350559 0.124000 0.134567
v -0.350517 0.124000 0.145189
v -0.347147 0.124000 0.154560
v -0.342438 0.124000 0.163335
v -0.334573 0.124000 0.170473
v -0.333421 0.124000 0.181033
v -0.329090 0.124000 0.190000
v -0.323489 0.124000 0.198234
v -0.314921 0.124000 0.204512
v -0.312671 0.124000 0.214893
v -0.307426 0.124000 0.223358
v -0.300996 0.124000 0.230962
v -0.291818 0.124000 0.236310
v -0.288496 0.124000 0.246399
v -0.282395 0.124000 0.254270
v -0.275205 0.124000 0.261160
v -0.265519 0.124000 0.265519
v -0.261160 0.124000 0.275205
v -0.254270 0.124000 0.282395
v -0.246399 0.124000 0.288496
v -0.236310 0.124000 0.291818
v -0.230962 0.124000 0.300996
v -0.223358 0.124000 0.307426
v -0.214893 0.124000 0.312671
v -0.204512 0.124000 0.314921
v -0.198234 0.124000 0.323489
v -0.190000 0.124000 0.329090
v -0.181033 0.124000 0.333421
v -0.170473 0.124000 0.334573
v -0.163335 0.124000 0.342438
v -0.154560 0.124000 0.347147
v -0.145189 0.124000 0.350517
v -0.134567 0.124000 0.350559
v -0.126645 0.124000 0.357635
v -0.117426 0.124000 0.361401
v -0.107755 0.124000 0.363773
v -0.097187 0.124000 0.362705
v -0.088568 0.124000 0.368914
v -0.079006 0.124000 0.371696
v -0.069140 0.124000 0.373044
v -0.058741 0.124000 0.370877
v -0.049521 0.124000 0.376151
v -0.039721 0.124000 0.377918
v -0.029767 0.124000 0.378228
v -0.019652 0.124000 0.374985
v -0.009931 0.124000 0.379267
v -0.000000 0.124000 0.380000
v 0.009931 0.124000 0.379267
v 0.019652 0.124000 0.374985
v 0.029767 0.124000 0.378228
v 0.039721 0.124000 0.377918
v 0.049521 0.124000 0.376151
v 0.058741 0.124000 0.370877
v 0.069140 0.124000 0.373044
v 0.079006 0.124000 0.371696
v 0.088568 0.124000 0.368914
v 0.097187 0.124000 0.362705
v 0.107755 0.124000 0.363773
v 0.117426 0.124000 0.361401
v 0.126645 0.124000 0.357635
v 0.134567 0.124000 0.350559
v 0.145189 0.124000 0.350517
v 0.154560 0.124000 0.347147
v 0.163335 0.124000 0.342438
v 0.170473 0.124000 0.334573
v 0.181033 0.124000 0.333421
v 0.190000 0.124000 0.329090
v 0.198234 0.124000 0.323489
v 0.204512 0.124000 0.314921
v 0.214893 0.124000 0.312671
v 0.223358 0.124000 0.307426
v 0.230962 0.124000 0.300996
v 0.236310 0.124000 0.291818
v 0.246399 0.124000 0.288496
v 0.254270 0.124000 0.282395
v 0.261160 0.124000 0.275205
v 0.265519 0.124000 0.265519
v 0.275205 0.124000 0.261160
v 0.282395 0.124000 0.254270
v 0.288496 0.124000 0.246399
v 0.291818 0.124000 0.236310
v 0.300996 0.124000 0.230962
v 0.307426 0.124000 0.223358
v 0.312671 0.124000 0.214893
v 0.314921 0.124000 0.204512
v 0.323489 0.124000 0.198234
v 0.329090 0.124000 0.190000
v 0.333421 0.124000 0.181033
v 0.334573 0.124000 0.170473
v 0.342438 0.124000 0.163335
v 0.347147 0.124000 0.154560
v 0.350517 0.124000 0.145189
v 0.350559 0.124000 0.134567
v 0.357635 0.124000 0.126645
v 0.361401 0.124000 0.117426
v 0.363773 0.124000 0.107755
v 0.362705 0.124000 0.097187
v 0.368914 0.124000 0.088568
v 0.371696 0.124000 0.079006
v 0.373044 0.124000 0.069140
v 0.370877 0.124000 0.058741
v 0.376151 0.124000 0.049521
v 0.377918 0.124000 0.039721
v 0.378228 0.124000 0.029767
v 0.374985 0.124000 0.019652
v 0.379267 0.124000 0.009931
v 0.376517 0.137000 0.000000
v 0.376116 0.137000 -0.009849
v 0.373978 0.137000 -0.019599
v 0.375086 0.137000 -0.029520
v 0.374454 0.137000 -0.039357
v 0.373027 0.137000 -0.049110
v 0.369881 0.137000 -0.058583
v 0.369945 0.137000 -0.068565
v 0.368289 0.137000 -0.078282
v 0.365850 0.137000 -0.087833
v 0.361731 0.137000 -0.096926
v 0.360751 0.137000 -0.106859
v 0.358089 0.137000 -0.116350
v 0.354665 0.137000 -0.125593
v 0.349618 0.137000 -0.134206
v 0.347605 0.137000 -0.143983
v 0.343965 0.137000 -0.153143
v 0.339594 0.137000 -0.161978
v 0.333675 0.137000 -0.170016
v 0.330651 0.137000 -0.179529
v 0.326073 0.137000 -0.188258
v 0.320802 0.137000 -0.196588
v 0.314075 0.137000 -0.203963
v 0.310074 0.137000 -0.213108
v 0.304608 0.137000 -0.221311
v 0.298496 0.137000 -0.229044
v 0.291035 0.137000 -0.235675
v 0.286099 0.137000 -0.244352
v 0.279806 0.137000 -0.251939
v 0.272919 0.137000 -0.258990
v 0.264806 0.137000 -0.264806
v 0.258990 0.137000 -0.272919
v 0.251939 0.137000 -0.279806
v 0.244352 0.137000 -0.286099
v 0.235675 0.137000 -0.291035
v 0.229044 0.137000 -0.298496
v 0.221311 0.137000 -0.304608
v 0.213108 0.137000 -0.310074
v 0.203963 0.137000 -0.314075
v 0.196588 0.137000 -0.320802
v 0.188258 0.137000 -0.326073
v 0.179529 0.137000 -0.330651
v 0.170016 0.137000 -0.333675
v 0.161978 0.137000 -0.339594
v 0.153143 0.137000 -0.343965
v 0.143983 0.137000 -0.347605
v 0.134206 0.137000 -0.349618
v 0.125593 0.137000 -0.354665
v 0.116350 0.137000 -0.358089
v 0.106859 0.137000 -0.360751
v 0.096926 0.137000 -0.361731
v 0.087833 0.137000 -0.365850
v 0.078282 0.137000 -0.368289
v 0.068565 0.137000 -0.369945
v 0.058583 0.137000 -0.369881
v 0.049110 0.137000 -0.373027
v 0.039357 0.137000 -0.374454
v 0.029520 0.137000 -0.375086
v 0.019599 0.137000 -0.373978
v 0.009849 0.137000 -0.376116
v 0.000000 0.137000 -0.376517
v -0.009849 0.137000 -0.376116
v -0.019599 0.137000 -0.373978
v -0.029520 0.137000 -0.375086
v -0.039357 0.137000 -0.374454
v -0.049110 0.137000 -0.373027
v -0.058583 0.137000 -0.369881
v -0.068565 0.137000 -0.369945
v -0.078282 0.137000 -0.368289
v -0.087833 0.137000 -0.365850
v -0.096926 0.137000 -0.361731
v -0.106859 0.137000 -0.360751
v -0.116350 0.137000 -0.358089
v -0.125593 0.137000 -0.354665
v -0.134206 0.137000 -0.349618
v -0.143983 0.137000 -0.347605
v -0.153143 0.137000 -0.343965
v -0.161978 0.137000 -0.339594
v -0.170016 0.137000 -0.333675
v -0.179529 0.137000 -0.330651
v -0.188258 0.137000 -0.326073
v -0.196588 0.137000 -0.320802
v -0.203963 0.137000 -0.314075
v -0.213108 0.137000 -0.310074
v -0.221311 0.137000 -0.304608
v -0.229044 0.137000 -0.298496
v -0.235675 0.137000 -0.291035
v -0.244352 0.137000 -0.286099
v -0.251939 0.137000 -0.279806
v -0.258990 0.137000 -0.272919
v -0.264806 0.137000 -0.264806
v -0.272919 0.137000 -0.258990
v -0.279806 0.137000 -0.251939
v -0.286099 0.137000 -0.244352
v -0.291035 0.137000 -0.235675
v -0.298496 0.137000 -0.229044
v -0.304608 0.137000 -0.221311
v -0.310074 0.137000 -0.213108
v -0.314075 0.137000 -0.203963
v -0.320802 0.137000 -0.196588
v -0.326073 0.137000 -0.188258
v -0.330651 0.137000 -0.179529
v -0.333675 0.137000 -0.170016
v -0.339594 0.137000 -0.161978
v -0.343965 0.137000 -0.153143
v -0.347605 0.137000 -0.143983
v -0.349618 0.137000 -0.134206
v -0.354665 0.137000 -0.125593
v -0.358089 0.137000 -0.116350
v -0.360751 0.137000 -0.106859
v -0.361731 0.137000 -0.096926
v -0.365850 0.137000 -0.087833
v -0.368289 0.137000 -0.078282
v -0.369945 0.137000 -0.068565
v -0.369881 0.137000 -0.058583
v -0.373027 0.137000 -0.049110
v -0.374454 0.137000 -0.039357
v -0.375086 0.137000 -0.029520
v -0.373978 0.137000 -0.019599
v -0.376116 0.137000 -0.009849
v -0.376517 0.137000 -0.000000
v -0.376116 0.137000 0.009849
v -0.373978 0.137000 0.019599
v -0.375086 0.137000 0.029520
v -0.374454 0.137000 0.039357
v -0.373027 0.137000 0.049110
v -0.369881 0.137000 0.058583
v -0.369945 0.137000 0.068565
v -0.368289 0.137000 0.078282
v -0.365850 0.137000 0.087833
v -0.361731 0.137000 0.096926
v -0.360751 0.137000 0.106859
v -0.358089 0.137000 0.116350
v -0.354665 0.137000 0.125593
v -0.349618 0.137000 0.134206
v -0.347605 0.137000 0.143983
v -0.343965 0.137000 0.153143
v -0.339594 0.137000 0.161978
v -0.333675 0.137000 0.170016
v -0.330651 0.137000 0.179529
v -0.326073 0.137000 0.188258
v -0.320802 0.137000 0.196588
v -0.314075 0.137000 0.203963
v -0.310074 0.137000 0.213108
v -0.304608 0.137000 0.221311
v -0.298496 0.137000 0.229044
v -0.291035 0.137000 0.235675
v -0.286099 0.137000 0.244352
v -0.279806 0.137000 0.251939
v -0.272919 0.137000 0.258990
v -0.264806 0.137000 0.264806
v -0.258990 0.137000 0.272919
v -0.251939 0.137000 0.279806
v -0.244352 0.137000 0.286099
v -0.235675 0.137000 0.291035
v -0.229044 0.137000 0.298496
v -0.221311 0.137000 0.304608
v -0.213108 0.137000 0.310074
v -0.203963 0.137000 0.314075
v -0.196588 0.137000 0.320802
v -0.188258 0.137000 0.326073
v -0.179529 0.137000 0.330651
v -0.170016 0.137000 0.333675
v -0.161978 0.137000 0.339594
v -0.153143 0.137000 0.343965
v -0.143983 0.137000 0.347605
v -0.134206 0.137000 0.349618
v -0.125593 0.137000 0.354665
v -0.116350 0.137000 0.358089
v -0.106859 0.137000 0.360751
v -0.096926 0.137000 0.361731
v -0.087833 0.137000 0.365850
v -0.078282 0.137000 0.368289
v -0.068565 0.137000 0.369945
v -0.058583 0.137000 0.369881
v -0.049110 0.137000 0.373027
v -0.039357 0.137000 0.374454
v -0.029520 0.137000 0.375086
v -0.019599 0.137000 0.373978
v -0.009849 0.137000 0.376116
v -0.000000 0.137000 0.376517
v 0.009849 0.137000 0.376116
v 0.019599 0.137000 0.373978
v 0.029520 0.137000 0.375086
v 0.039357 0.137000 0.374454
v 0.049110 0.137000 0.373027
v 0.058583 0.137000 0.369881
v 0.068565 0.137000 0.369945
v 0.078282 0.137000 0.368289
v 0.087833 0.137000 0.365850
v 0.096926 0.137000 0.361731
v 0.106859 0.137000 0.360751
v 0.116350 0.137000 0.358089
v 0.125593 0.137000 0.354665
v 0.134206 0.137000 0.349618
v 0.143983 0.137000 0.347605
v 0.153143 0.137000 0.343965
v 0.161978 0.137000 0.339594
v 0.170016 0.137000 0.333675
v 0.179529 0.137000 0.330651
v 0.188258 0.137000 0.326073
v 0.196588 0.137000 0.320802
v 0.203963 0.137000 0.314075
v 0.213108 0.137000 0.310074
v 0.221311 0.137000 0.304608
v 0.229044 0.137000 0.298496
v 0.235675 0.137000 0.291035
v 0.244352 0.137000 0.286099
v 0.251939 0.137000 0.279806
v 0.258990 0.137000 0.272919
v 0.264806 0.137000 0.264806
v 0.272919 0.137000 0.258990
v 0.279806 0.137000 0.251939
v 0.286099 0.137000 0.244352
v 0.291035 0.137000 0.235675
v 0.298496 0.137000 0.229044
v 0.304608 0.137000 0.221311
v 0.310074 0.137000 0.213108
v 0.314075 0.137000 0.203963
v 0.320802 0.137000 0.196588
v 0.326073 0.137000 0.188258
v 0.330651 0.137000 0.179529
v 0.333675 0.137000 0.170016
v 0.339594 0.137000 0.161978
v 0.343965 0.137000 0.153143
v 0.347605 0.137000 0.143983
v 0.349618 0.137000 0.134206
v 0.354665 0.137000 0.125593
v 0.358089 0.137000 0.116350
v 0.360751 0.137000 0.106859
v 0.361731 0.137000 0.096926
v 0.365850 0.137000 0.087833
v 0.368289 0.137000 0.078282
v 0.369945 0.137000 0.068565
v 0.369881 0.137000 0.058583
v 0.373027 0.137000 0.049110
v 0.374454 0.137000 0.039357
v 0.375086 0.137000 0.029520
v 0.373978 0.137000 0.019599
v 0.376116 0.137000 0.009849
v 0.367000 0.146517 0.000000
v 0.365869 0.146517 -0.028794
v 0.362482 0.146517 -0.057411
v 0.356860 0.146517 -0.085674
v 0.349038 0.146517 -0.113409
v 0.339064 0.146517 -0.140445
v 0.326999 0.146517 -0.166615
v 0.312919 0.146517 -0.191757
v 0.296909 0.146517 -0.215717
v 0.279069 0.146517 -0.238347
v 0.259508 0.146517 -0.259508
v 0.238347 0.146517 -0.279069
v 0.215717 0.146517 -0.296909
v 0.191757 0.146517 -0.312919
v 0.166615 0.146517 -0.326999
v 0.140445 0.146517 -0.339064
v 0.113409 0.146517 -0.349038
v 0.085674 0.146517 -0.356860
v 0.057411 0.146517 -0.362482
v 0.028794 0.146517 -0.365869
v 0.000000 0.146517 -0.367000
v -0.028794 0.146517 -0.365869
v -0.057411 0.146517 -0.362482
v -0.085674 0.146517 -0.356860
v -0.113409 0.146517 -0.349038
v -0.140445 0.146517 -0.339064
v -0.166615 0.146517 -0.326999
v -0.191757 0.146517 -0.312919
v -0.215717 0.146517 -0.296909
v -0.238347 0.146517 -0.279069
v -0.259508 0.146517 -0.259508
v -0.279069 0.146517 -0.238347
v -0.296909 0.146517 -0.215717
v -0.312919 0.146517 -0.191757
v -0.326999 0.146517 -0.166615
v -0.339064 0.146517 -0.140445
v -0.349038 0.146517 -0.113409
v -0.356860 0.146517 -0.085674
v -0.362482 0.146517 -0.057411
v -0.365869 0.146517 -0.028794
v -0.367000 0.146517 -0.000000
v -0.365869 0.146517 0.028794
v -0.362482 0.146517 0.057411
v -0.356860 0.146517 0.085674
v -0.349038 0.146517 0.113409
v -0.339064 0.146517 0.140445
v -0.326999 0.146517 0.166615
v -0.312919 0.146517 0.191757
v -0.296909 0.146517 0.215717
v -0.279069 0.146517 0.238347
v -0.259508 0.146517 0.259508
v -0.238347 0.146517 0.279069
v -0.215717 0.146517 0.296909
v -0.191757 0.146517 0.312919
v -0.166615 0.146517 0.326999
v -0.140445 0.146517 0.339064
v -0.113409 0.146517 0.349038
v -0.085674 0.146517 0.356860
v -0.057411 0.146517 0.362482
v -0.028794 0.146517 0.365869
v -0.000000 0.146517 0.367000
v 0.028794 0.146517 0.365869
v 0.057411 0.146517 0.362482
v 0.085674 0.146517 0.356860
v 0.113409 0.146517 0.349038
v 0.140445 0.146517 0.339064
v 0.166615 0.146517 0.326999
v 0.191757 0.146517 0.312919
v 0.215717 0.146517 0.296909
v 0.238347 0.146517 0.279069
v 0.259508 0.146517 0.259508
v 0.279069 0.146517 0.238347
v 0.296909 0.146517 0.215717
v 0.312919 0.146517 0.191757
v 0.326999 0.146517 0.166615
v 0.339064 0.146517 0.140445
v 0.349038 0.146517 0.113409
v 0.356860 0.146517 0.085674
v 0.362482 0.146517 0.057411
v 0.365869 0.146517 0.028794
v 0.354000 0.150000 0.000000
v 0.352909 0.150000 -0.027775
v 0.349642 0.150000 -0.055378
v 0.344219 0.150000 -0.082640
v 0.336674 0.150000 -0.109392
v 0.327053 0.150000 -0.135470
v 0.315416 0.150000 -0.160713
v 0.301835 0.150000 -0.184964
v 0.286392 0.150000 -0.208076
v 0.269184 0.150000 -0.229905
v 0.250316 0.150000 -0.250316
v 0.229905 0.150000 -0.269184
v 0.208076 0.150000 -0.286392
v 0.184964 0.150000 -0.301835
v 0.160713 0.150000 -0.315416
v 0.135470 0.150000 -0.327053
v 0.109392 0.150000 -0.336674
v 0.082640 0.150000 -0.344219
v 0.055378 0.150000 -0.349642
v 0.027775 0.150000 -0.352909
v 0.000000 0.150000 -0.354000
v -0.027775 0.150000 -0.352909
v -0.055378 0.150000 -0.349642
v -0.082640 0.150000 -0.344219
v -0.109392 0.150000 -0.336674
v -0.135470 0.150000 -0.327053
v -0.160713 0.150000 -0.315416
v -0.184964 0.150000 -0.301835
v -0.208076 0.150000 -0.286392
v -0.229905 0.150000 -0.269184
v -0.250316 0.150000 -0.250316
v -0.269184 0.150000 -0.229905
v -0.286392 0.150000 -0.208076
v -0.301835 0.150000 -0.184964
v -0.315416 0.150000 -0.160713
v -0.327053 0.150000 -0.135470
v -0.336674 0.150000 -0.109392
v -0.344219 0.150000 -0.082640
v -0.349642 0.150000 -0.055378
v -0.352909 0.150000 -0.027775
v -0.354000 0.150000 -0.000000
v -0.352909 0.150000 0.027775
v -0.349642 0.150000 0.055378
v -0.344219 0.150000 0.082640
v -0.336674 0.150000 0.109392
v -0.327053 0.150000 0.135470
v -0.315416 0.150000 0.160713
v -0.301835 0.150000 0.184964
v -0.286392 0.150000 0.208076
v -0.269184 0.150000 0.229905
v -0.250316 0.150000 0.250316
v -0.229905 0.150000 0.269184
v -0.208076 0.150000 0.286392
v -0.184964 0.150000 0.301835
v -0.160713 0.150000 0.315416
v -0.135470 0.150000 0.327053
v -0.109392 0.150000 0.336674
v -0.082640 0.150000 0.344219
v -0.055378 0.150000 0.349642
v -0.027775 0.150000 0.352909
v -0.000000 0.150000 0.354000
v 0.027775 0.150000 0.352909
v 0.055378 0.150000 0.349642
v 0.082640 0.150000 0.344219
v 0.109392 0.150000 0.336674
v 0.135470 0.150000 0.327053
v 0.160713 0.150000 0.315416
v 0.184964 0.150000 0.301835
v 0.208076 0.150000 0.286392
v 0.229905 0.150000 0.269184
v 0.250316 0.150000 0.250316
v 0.269184 0.150000 0.229905
v 0.286392 0.150000 0.208076
v 0.301835 0.150000 0.184964
v 0.315416 0.150000 0.160713
v 0.327053 0.150000 0.135470
v 0.336674 0.150000 0.109392
v 0.344219 0.150000 0.082640
v 0.349642 0.150000 0.055378
v 0.352909 0.150000 0.027775
v 0.346600 0.150000 0.000000
v 0.345532 0.150000 -0.027194
v 0.342333 0.150000 -0.054220
v 0.337023 0.150000 -0.080912
v 0.329636 0.150000 -0.107105
v 0.320217 0.150000 -0.132638
v 0.308823 0.150000 -0.157353
v 0.295525 0.150000 -0.181098
v 0.280405 0.150000 -0.203726
v 0.263557 0.150000 -0.225099
v 0.245083 0.150000 -0.245083
v 0.225099 0.150000 -0.263557
v 0.203726 0.150000 -0.280405
v 0.181098 0.150000 -0.295525
v 0.157353 0.150000 -0.308823
v 0.132638 0.150000 -0.320217
v 0.107105 0.150000 -0.329636
v 0.080912 0.150000 -0.337023
v 0.054220 0.150000 -0.342333
v 0.027194 0.150000 -0.345532
v 0.000000 0.150000 -0.346600
v -0.027194 0.150000 -0.345532
v -0.054220 0.150000 -0.342333
v -0.080912 0.150000 -0.337023
v -0.107105 0.150000 -0.329636
v -0.132638 0.150000 -0.320217
v -0.157353 0.150000 -0.308823
v -0.181098 0.150000 -0.295525
v -0.203726 0.150000 -0.280405
v -0.225099 0.150000 -0.263557
v -0.245083 0.150000 -0.245083
v -0.263557 0.150000 -0.225099
v -0.280405 0.150000 -0.203726
v -0.295525 0.150000 -0.181098
v -0.308823 0.150000 -0.157353
v -0.320217 0.150000 -0.132638
v -0.329636 0.150000 -0.107105
v -0.337023 0.150000 -0.080912
v -0.342333 0.150000 -0.054220
v -0.345532 0.150000 -0.027194
v -0.346600 0.150000 -0.000000
v -0.345532 0.150000 0.027194
v -0.342333 0.150000 0.054220
v -0.337023 0.150000 0.080912
v -0.329636 0.150000 0.107105
v -0.320217 0.150000 0.132638
v -0.308823 0.150000 0.157353
v -0.295525 0.150000 0.181098
v -0.280405 0.150000 0.203726
v -0.263557 0.150000 0.225099
v -0.245083 0.150000 0.245083
v -0.225099 0.150000 0.263557
v -0.203726 0.150000 0.280405
v -0.181098 0.150000 0.295525
v -0.157353 0.150000 0.308823
v -0.132638 0.150000 0.320217
v -0.107105 0.150000 0.329636
v -0.080912 0.150000 0.337023
v -0.054220 0.150000 0.342333
v -0.027194 0.150000 0.345532
v -0.000000 0.150000 0.346600
v 0.027194 0.150000 0.345532
v 0.054220 0.150000 0.342333
v 0.080912 0.150000 0.337023
v 0.107105 0.150000 0.329636
v 0.132638 0.150000 0.320217
v 0.157353 0.150000 0.308823
v 0.181098 0.150000 0.295525
v 0.203726 0.150000 0.280405
v 0.225099 0.150000 0.263557
v 0.245083 0.150000 0.245083
v 0.263557 0.150000 0.225099
v 0.280405 0.150000 0.203726
v 0.295525 0.150000 0.181098
v 0.308823 0.150000 0.157353
v 0.320217 0.150000 0.132638
v 0.329636 0.150000 0.107105
v 0.337023 0.150000 0.080912
v 0.342333 0.150000 0.054220
v 0.345532 0.150000 0.027194
v 0.357600 0.152947 0.000000
v 0.356498 0.152947 -0.028057
v 0.353197 0.152947 -0.055941
v 0.347719 0.152947 -0.083480
v 0.340098 0.152947 -0.110504
v 0.330379 0.152947 -0.136848
v 0.318624 0.152947 -0.162347
v 0.304904 0.152947 -0.186845
v 0.289304 0.152947 -0.210192
v 0.271921 0.152947 -0.232243
v 0.252861 0.152947 -0.252861
v 0.232243 0.152947 -0.271921
v 0.210192 0.152947 -0.289304
v 0.186845 0.152947 -0.304904
v 0.162347 0.152947 -0.318624
v 0.136848 0.152947 -0.330379
v 0.110504 0.152947 -0.340098
v 0.083480 0.152947 -0.347719
v 0.055941 0.152947 -0.353197
v 0.028057 0.152947 -0.356498
v 0.000000 0.152947 -0.357600
v -0.028057 0.152947 -0.356498
v -0.055941 0.152947 -0.353197
v -0.083480 0.152947 -0.347719
v -0.110504 0.152947 -0.340098
v -0.136848 0.152947 -0.330379
v -0.162347 0.152947 -0.318624
v -0.186845 0.152947 -0.304904
v -0.210192 0.152947 -0.289304
v -0.232243 0.152947 -0.271921
v -0.252861 0.152947 -0.252861
v -0.271921 0.152947 -0.232243
v -0.289304 0.152947 -0.210192
v -0.304904 0.152947 -0.186845
v -0.318624 0.152947 -0.162347
v -0.330379 0.152947 -0.136848
v -0.340098 0.152947 -0.110504
v -0.347719 0.152947 -0.083480
v -0.353197 0.152947 -0.055941
v -0.356498 0.152947 -0.028057
v -0.357600 0.152947 -0.000000
v -0.356498 0.152947 0.028057
v -0.353197 0.152947 0.055941
v -0.347719 0.152947 0.083480
v -0.340098 0.152947 0.110504
v -0.330379 0.152947 0.136848
v -0.318624 0.152947 0.162347
v -0.304904 0.152947 0.186845
v -0.289304 0.152947 0.210192
v -0.271921 0.152947 0.232243
v -0.252861 0.152947 0.252861
v -0.232243 0.152947 0.271921
v -0.210192 0.152947 0.289304
v -0.186845 0.152947 0.304904
v -0.162347 0.152947 0.318624
v -0.136848 0.152947 0.330379
v -0.110504 0.152947 0.340098
v -0.083480 0.152947 0.347719
v -0.055941 0.152947 0.353197
v -0.028057 0.152947 0.356498
v -0.000000 0.152947 0.357600
v 0.028057 0.152947 0.356498
v 0.055941 0.152947 0.353197
v 0.083480 0.152947 0.347719
v 0.110504 0.152947 0.340098
v 0.136848 0.152947 0.330379
v 0.162347 0.152947 0.318624
v 0.186845 0.152947 0.304904
v 0.210192 0.152947 0.289304
v 0.232243 0.152947 0.271921
v 0.252861 0.152947 0.252861
v 0.271921 0.152947 0.232243
v 0.289304 0.152947 0.210192
v 0.304904 0.152947 0.186845
v 0.318624 0.152947 0.162347
v 0.330379 0.152947 0.136848
v 0.340098 0.152947 0.110504
v 0.347719 0.152947 0.083480
v 0.353197 0.152947 0.055941
v 0.356498 0.152947 0.028057
v 0.365653 0.161000 0.000000
v 0.364525 0.161000 -0.028689
v 0.361151 0.161000 -0.057201
v 0.355550 0.161000 -0.085360
v 0.347756 0.161000 -0.112993
v 0.337819 0.161000 -0.139929
v 0.325799 0.161000 -0.166003
v 0.311770 0.161000 -0.191053
v 0.295819 0.161000 -0.214925
v 0.278044 0.161000 -0.237472
v 0.258555 0.161000 -0.258555
v 0.237472 0.161000 -0.278044
v 0.214925 0.161000 -0.295819
v 0.191053 0.161000 -0.311770
v 0.166003 0.161000 -0.325799
v 0.139929 0.161000 -0.337819
v 0.112993 0.161000 -0.347756
v 0.085360 0.161000 -0.355550
v 0.057201 0.161000 -0.361151
v 0.028689 0.161000 -0.364525
v 0.000000 0.161000 -0.365653
v -0.028689 0.161000 -0.364525
v -0.057201 0.161000 -0.361151
v -0.085360 0.161000 -0.355550
v -0.112993 0.161000 -0.347756
v -0.139929 0.161000 -0.337819
v -0.166003 0.161000 -0.325799
v -0.191053 0.161000 -0.311770
v -0.214925 0.161000 -0.295819
v -0.237472 0.161000 -0.278044
v -0.258555 0.161000 -0.258555
v -0.278044 0.161000 -0.237472
v -0.295819 0.161000 -0.214925
v -0.311770 0.161000 -0.191053
v -0.325799 0.161000 -0.166003
v -0.337819 0.161000 -0.139929
v -0.347756 0.161000 -0.112993
v -0.355550 0.161000 -0.085360
v -0.361151 0.161000 -0.057201
v -0.364525 0.161000 -0.028689
v -0.365653 0.161000 -0.000000
v -0.364525 0.161000 0.028689
v -0.361151 0.161000 0.057201
v -0.355550 0.161000 0.085360
v -0.347756 0.161000 0.112993
v -0.337819 0.161000 0.139929
v -0.325799 0.161000 0.166003
v -0.311770 0.161000 0.191053
v -0.295819 0.161000 0.214925
v -0.278044 0.161000 0.237472
v -0.258555 0.161000 0.258555
v -0.237472 0.161000 0.278044
v -0.214925 0.161000 0.295819
v -0.191053 0.161000 0.311770
v -0.166003 0.161000 0.325799
v -0.139929 0.161000 0.337819
v -0.112993 0.161000 0.347756
v -0.085360 0.161000 0.355550
v -0.057201 0.161000 0.361151
v -0.028689 0.161000 0.364525
v -0.000000 0.161000 0.365653
v 0.028689 0.161000 0.364525
v 0.057201 0.161000 0.361151
v 0.085360 0.161000 0.355550
v 0.112993 0.161000 0.347756
v 0.139929 0.161000 0.337819
v 0.166003 0.161000 0.325799
v 0.191053 0.161000 0.311770
v 0.214925 0.161000 0.295819
v 0.237472 0.161000 0.278044
v 0.258555 0.161000 0.258555
v 0.278044 0.161000 0.237472
v 0.295819 0.161000 0.214925
v 0.311770 0.161000 0.191053
v 0.325799 0.161000 0.166003
v 0.337819 0.161000 0.139929
v 0.347756 0.161000 0.112993
v 0.355550 0.161000 0.085360
v 0.361151 0.161000 0.057201
v 0.364525 0.161000 0.028689
v 0.368600 0.172000 0.000000
v 0.367871 0.172000 -0.009633
v 0.363601 0.172000 -0.019056
v 0.366863 0.172000 -0.028873
v 0.366581 0.172000 -0.038529
v 0.364849 0.172000 -0.048033
v 0.359617 0.172000 -0.056958
v 0.361835 0.172000 -0.067062
v 0.360545 0.172000 -0.076636
v 0.357829 0.172000 -0.085907
v 0.351694 0.172000 -0.094236
v 0.352843 0.172000 -0.104517
v 0.350559 0.172000 -0.113904
v 0.346889 0.172000 -0.122840
v 0.339917 0.172000 -0.130482
v 0.339985 0.172000 -0.140826
v 0.336733 0.172000 -0.149923
v 0.332149 0.172000 -0.158427
v 0.324415 0.172000 -0.165298
v 0.323402 0.172000 -0.175593
v 0.319217 0.172000 -0.184300
v 0.313769 0.172000 -0.192278
v 0.305360 0.172000 -0.198303
v 0.303276 0.172000 -0.208436
v 0.298204 0.172000 -0.216658
v 0.291952 0.172000 -0.224022
v 0.282959 0.172000 -0.229136
v 0.279827 0.172000 -0.238995
v 0.273923 0.172000 -0.246642
v 0.266936 0.172000 -0.253312
v 0.257458 0.172000 -0.257458
v 0.253312 0.172000 -0.266936
v 0.246642 0.172000 -0.273923
v 0.238995 0.172000 -0.279827
v 0.229136 0.172000 -0.282959
v 0.224022 0.172000 -0.291952
v 0.216658 0.172000 -0.298204
v 0.208436 0.172000 -0.303276
v 0.198303 0.172000 -0.305360
v 0.192278 0.172000 -0.313769
v 0.184300 0.172000 -0.319217
v 0.175593 0.172000 -0.323402
v 0.165298 0.172000 -0.324415
v 0.158427 0.172000 -0.332149
v 0.149923 0.172000 -0.336733
v 0.140826 0.172000 -0.339985
v 0.130482 0.172000 -0.339917
v 0.122840 0.172000 -0.346889
v 0.113904 0.172000 -0.350559
v 0.104517 0.172000 -0.352843
v 0.094236 0.172000 -0.351694
v 0.085907 0.172000 -0.357829
v 0.076636 0.172000 -0.360545
v 0.067062 0.172000 -0.361835
v 0.056958 0.172000 -0.359617
v 0.048033 0.172000 -0.364849
v 0.038529 0.172000 -0.366581
v 0.028873 0.172000 -0.366863
v 0.019056 0.172000 -0.363601
v 0.009633 0.172000 -0.367871
v 0.000000 0.172000 -0.368600
v -0.009633 0.172000 -0.367871
v -0.019056 0.172000 -0.363601
v -0.028873 0.172000 -0.366863
v -0.038529 0.172000 -0.366581
v -0.048033 0.172000 -0.364849
v -0.056958 0.172000 -0.359617
v -0.067062 0.172000 -0.361835
v -0.076636 0.172000 -0.360545
v -0.085907 0.172000 -0.357829
v -0.094236 0.172000 -0.351694
v -0.104517 0.172000 -0.352843
v -0.113904 0.172000 -0.350559
v -0.122840 0.172000 -0.346889
v -0.130482 0.172000 -0.339917
v -0.140826 0.172000 -0.339985
v -0.149923 0.172000 -0.336733
v -0.158427 0.172000 -0.332149
v -0.165298 0.172000 -0.324415
v -0.175593 0.172000 -0.323402
v -0.184300 0.172000 -0.319217
v -0.192278 0.172000 -0.313769
v -0.198303 0.172000 -0.305360
v -0.208436 0.172000 -0.303276
v -0.216658 0.172000 -0.298204
v -0.224022 0.172000 -0.291952
v -0.229136 0.172000 -0.282959
v -0.238995 0.172000 -0.279827
v -0.246642 0.172000 -0.273923
v -0.253312 0.172000 -0.266936
v -0.257458 0.172000 -0.257458
v -0.266936 0.172000 -0.253312
v -0.273923 0.172000 -0.246642
v -0.279827 0.172000 -0.238995
v -0.282959 0.172000 -0.229136
v -0.291952 0.172000 -0.224022
v -0.298204 0.172000 -0.216658
v -0.303276 0.172000 -0.208436
v -0.305360 0.172000 -0.198303
v -0.313769 0.172000 -0.192278
v -0.319217 0.172000 -0.184300
v -0.323402 0.172000 -0.175593
v -0.324415 0.172000 -0.165298
v -0.332149 0.172000 -0.158427
v -0.336733 0.172000 -0.149923
v -0.339985 0.172000 -0.140826
v -0.339917 0.172000 -0.130482
v -0.346889 0.172000 -0.122840
v -0.350559 0.172000 -0.113904
v -0.352843 0.172000 -0.104517
v -0.351694 0.172000 -0.094236
v -0.357829 0.172000 -0.085907
v -0.360545 0.172000 -0.076636
v -0.361835 0.172000 -0.067062
v -0.359617 0.172000 -0.056958
v -0.364849 0.172000 -0.048033
v -0.366581 0.172000 -0.038529
v -0.366863 0.172000 -0.028873
v -0.363601 0.172000 -0.019056
v -0.367871 0.172000 -0.009633
v -0.368600 0.172000 -0.000000
v -0.367871 0.172000 0.009633
v -0.363601 0.172000 0.019056
v -0.366863 0.172000 0.028873
v -0.366581 0.172000 0.038529
v -0.364849 0.172000 0.048033
v -0.359617 0.172000 0.056958
v -0.361835 0.172000 0.067062
v -0.360545 0.172000 0.076636
v -0.357829 0.172000 0.085907
v -0.351694 0.172000 0.094236
v -0.352843 0.172000 0.104517
v -0.350559 0.172000 0.113904
v -0.346889 0.172000 0.122840
v -0.339917 0.172000 0.130482
v -0.339985 0.172000 0.140826
v -0.336733 0.172000 0.149923
v -0.332149 0.172000 0.158427
v -0.324415 0.172000 0.165298
v -0.323402 0.172000 0.175593
v -0.319217 0.172000 0.184300
v -0.313769 0.172000 0.192278
v -0.305360 0.172000 0.198303
v -0.303276 0.172000 0.208436
v -0.298204 0.172000 0.216658
v -0.291952 0.172000 0.224022
v -0.282959 0.172000 0.229136
v -0.279827 0.172000 0.238995
v -0.273923 0.172000 0.246642
v -0.266936 0.172000 0.253312
v -0.257458 0.172000 0.257458
v -0.253312 0.172000 0.266936
v -0.246642 0.172000 0.273923
v -0.238995 0.172000 0.279827
v -0.229136 0.172000 0.282959
v -0.224022 0.172000 0.291952
v -0.216658 0.172000 0.298204
v -0.208436 0.172000 0.303276
v -0.198303 0.172000 0.305360
v -0.192278 0.172000 0.313769
v -0.184300 0.172000 0.319217
v -0.175593 0.172000 0.323402
v -0.165298 0.172000 0.324415
v -0.158427 0.172000 0.332149
v -0.149923 0.172000 0.336733
v -0.140826 0.172000 0.339985
v -0.130482 0.172000 0.339917
v -0.122840 0.172000 0.346889
v -0.113904 0.172000 0.350559
v -0.104517 0.172000 0.352843
v -0.094236 0.172000 0.351694
v -0.085907 0.172000 0.357829
v -0.076636 0.172000 0.360545
v -0.067062 0.172000 0.361835
v -0.056958 0.172000 0.359617
v -0.048033 0.172000 0.364849
v -0.038529 0.172000 0.366581
v -0.028873 0.172000 0.366863
v -0.019056 0.172000 0.363601
v -0.009633 0.172000 0.367871
v -0.000000 0.172000 0.368600
v 0.009633 0.172000 0.367871
v 0.019056 0.172000 0.363601
v 0.028873 0.172000 0.366863
v 0.038529 0.172000 0.366581
v 0.048033 0.172000 0.364849
v 0.056958 0.172000 0.359617
v 0.067062 0.172000 0.361835
v 0.076636 0.172000 0.360545
v 0.085907 0.172000 0.357829
v 0.094236 0.172000 0.351694
v 0.104517 0.172000 0.352843
v 0.113904 0.172000 0.350559
v 0.122840 0.172000 0.346889
v 0.130482 0.172000 0.339917
v 0.140826 0.172000 0.339985
v 0.149923 0.172000 0.336733
v 0.158427 0.172000 0.332149
v 0.165298 0.172000 0.324415
v 0.175593 0.172000 0.323402
v 0.184300 0.172000 0.319217
v 0.192278 0.172000 0.313769
v 0.198303 0.172000 0.305360
v 0.208436 0.172000 0.303276
v 0.216658 0.172000 0.298204
v 0.224022 0.172000 0.291952
v 0.229136 0.172000 0.282959
v 0.238995 0.172000 0.279827
v 0.246642 0.172000 0.273923
v 0.253312 0.172000 0.266936
v 0.257458 0.172000 0.257458
v 0.266936 0.172000 0.253312
v 0.273923 0.172000 0.246642
v 0.279827 0.172000 0.238995
v 0.282959 0.172000 0.229136
v 0.291952 0.172000 0.224022
v 0.298204 0.172000 0.216658
v 0.303276 0.172000 0.208436
v 0.305360 0.172000 0.198303
v 0.313769 0.172000 0.192278
v 0.319217 0.172000 0.184300
v 0.323402 0.172000 0.175593
v 0.324415 0.172000 0.165298
v 0.332149 0.172000 0.158427
v 0.336733 0.172000 0.149923
v 0.339985 0.172000 0.140826
v 0.339917 0.172000 0.130482
v 0.346889 0.172000 0.122840
v 0.350559 0.172000 0.113904
v 0.352843 0.172000 0.104517
v 0.351694 0.172000 0.094236
v 0.357829 0.172000 0.085907
v 0.360545 0.172000 0.076636
v 0.361835 0.172000 0.067062
v 0.359617 0.172000 0.056958
v 0.364849 0.172000 0.048033
v 0.366581 0.172000 0.038529
v 0.366863 0.172000 0.028873
v 0.363601 0.172000 0.019056
v 0.367871 0.172000 0.009633
v 0.368600 0.274000 0.000000
v 0.367871 0.274000 -0.009633
v 0.363601 0.274000 -0.019056
v 0.366863 0.274000 -0.028873
v 0.366581 0.274000 -0.038529
v 0.364849 0.274000 -0.048033
v 0.359617 0.274000 -0.056958
v 0.361835 0.274000 -0.067062
v 0.360545 0.274000 -0.076636
v 0.357829 0.274000 -0.085907
v 0.351694 0.274000 -0.094236
v 0.352843 0.274000 -0.104517
v 0.350559 0.274000 -0.113904
v 0.346889 0.274000 -0.122840
v 0.339917 0.274000 -0.130482
v 0.339985 0.274000 -0.140826
v 0.336733 0.274000 -0.149923
v 0.332149 0.274000 -0.158427
v 0.324415 0.274000 -0.165298
v 0.323402 0.274000 -0.175593
v 0.319217 0.274000 -0.184300
v 0.313769 0.274000 -0.192278
v 0.305360 0.274000 -0.198303
v 0.303276 0.274000 -0.208436
v 0.298204 0.274000 -0.216658
v 0.291952 0.274000 -0.224022
v 0.282959 0.274000 -0.229136
v 0.279827 0.274000 -0.238995
v 0.273923 0.274000 -0.246642
v 0.266936 0.274000 -0.253312
v 0.257458 0.274000 -0.257458
v 0.253312 0.274000 -0.266936
v 0.246642 0.274000 -0.273923
v 0.238995 0.274000 -0.279827
v 0.229136 0.274000 -0.282959
v 0.224022 0.274000 -0.291952
v 0.216658 0.274000 -0.298204
v 0.208436 0.274000 -0.303276
v 0.198303 0.274000 -0.305360
v 0.192278 0.274000 -0.313769
v 0.184300 0.274000 -0.319217
v 0.175593 0.274000 -0.323402
v 0.165298 0.274000 -0.324415
v 0.158427 0.274000 -0.332149
v 0.149923 0.274000 -0.336733
v 0.140826 0.274000 -0.339985
v 0.130482 0.274000 -0.339917
v 0.122840 0.274000 -0.346889
v 0.113904 0.274000 -0.350559
v 0.104517 0.274000 -0.352843
v 0.094236 0.274000 -0.351694
v 0.085907 0.274000 -0.357829
v 0.076636 0.274000 -0.360545
v 0.067062 0.274000 -0.361835
v 0.056958 0.274000 -0.359617
v 0.048033 0.274000 -0.364849
v 0.038529 0.274000 -0.366581
v 0.028873 0.274000 -0.366863
v 0.019056 0.274000 -0.363601
v 0.009633 0.274000 -0.367871
v 0.000000 0.274000 -0.368600
v -0.009633 0.274000 -0.367871
v -0.019056 0.274000 -0.363601
v -0.028873 0.274000 -0.366863
v -0.038529 0.274000 -0.366581
v -0.048033 0.274000 -0.364849
v -0.056958 0.274000 -0.359617
v -0.067062 0.274000 -0.361835
v -0.076636 0.274000 -0.360545
v -0.085907 0.274000 -0.357829
v -0.094236 0.274000 -0.351694
v -0.104517 0.274000 -0.352843
v -0.113904 0.274000 -0.350559
v -0.122840 0.274000 -0.346889
v -0.130482 0.274000 -0.339917
v -0.140826 0.274000 -0.339985
v -0.149923 0.274000 -0.336733
v -0.158427 0.274000 -0.332149
v -0.165298 0.274000 -0.324415
v -0.175593 0.274000 -0.323402
v -0.184300 0.274000 -0.319217
v -0.192278 0.274000 -0.313769
v -0.198303 0.274000 -0.305360
v -0.208436 0.274000 -0.303276
v -0.216658 0.274000 -0.298204
v -0.224022 0.274000 -0.291952
v -0.229136 0.274000 -0.282959
v -0.238995 0.274000 -0.279827
v -0.246642 0.274000 -0.273923
v -0.253312 0.274000 -0.266936
v -0.257458 0.274000 -0.257458
v -0.266936 0.274000 -0.253312
v -0.273923 0.274000 -0.246642
v -0.279827 0.274000 -0.238995
v -0.282959 0.274000 -0.229136
v -0.291952 0.274000 -0.224022
v -0.298204 0.274000 -0.216658
v -0.303276 0.274000 -0.208436
v -0.305360 0.274000 -0.198303
v -0.313769 0.274000 -0.192278
v -0.319217 0.274000 -0.184300
v -0.323402 0.274000 -0.175593
v -0.324415 0.274000 -0.165298
v -0.332149 0.274000 -0.158427
v -0.336733 0.274000 -0.149923
v -0.339985 0.274000 -0.140826
v -0.339917 0.274000 -0.130482
v -0.346889 0.274000 -0.122840
v -0.350559 0.274000 -0.113904
v -0.352843 0.274000 -0.104517
v -0.351694 0.274000 -0.094236
v -0.357829 0.274000 -0.085907
v -0.360545 0.274000 -0.076636
v -0.361835 0.274000 -0.067062
v -0.359617 0.274000 -0.056958
v -0.364849 0.274000 -0.048033
v -0.366581 0.274000 -0.038529
v -0.366863 0.274000 -0.028873
v -0.363601 0.274000 -0.019056
v -0.367871 0.274000 -0.009633
v -0.368600 0.274000 -0.000000
v -0.367871 0.274000 0.009633
v -0.363601 0.274000 0.019056
v -0.366863 0.274000 0.028873
v -0.366581 0.274000 0.038529
v -0.364849 0.274000 0.048033
v -0.359617 0.274000 0.056958
v -0.361835 0.274000 0.067062
v -0.360545 0.274000 0.076636
v -0.357829 0.274000 0.085907
v -0.351694 0.274000 0.094236
v -0.352843 0.274000 0.104517
v -0.350559 0.274000 0.113904
v -0.346889 0.274000 0.122840
v -0.339917 0.274000 0.130482
v -0.339985 0.274000 0.140826
v -0.336733 0.274000 0.149923
v -0.332149 0.274000 0.158427
v -0.324415 0.274000 0.165298
v -0.323402 0.274000 0.175593
v -0.319217 0.274000 0.184300
v -0.313769 0.274000 0.192278
v -0.305360 0.274000 0.198303
v -0.303276 0.274000 0.208436
v -0.298204 0.274000 0.216658
v -0.291952 0.274000 0.224022
v -0.282959 0.274000 0.229136
v -0.279827 0.274000 0.238995
v -0.273923 0.274000 0.246642
v -0.266936 0.274000 0.253312
v -0.257458 0.274000 0.257458
v -0.253312 0.274000 0.266936
v -0.246642 0.274000 0.273923
v -0.238995 0.274000 0.279827
v -0.229136 0.274000 0.282959
v -0.224022 0.274000 0.291952
v -0.216658 0.274000 0.298204
v -0.208436 0.274000 0.303276
v -0.198303 0.274000 0.305360
v -0.192278 0.274000 0.313769
v -0.184300 0.274000 0.319217
v -0.175593 0.274000 0.323402
v -0.165298 0.274000 0.324415
v -0.158427 0.274000 0.332149
v -0.149923 0.274000 0.336733
v -0.140826 0.274000 0.339985
v -0.130482 0.274000 0.339917
v -0.122840 0.274000 0.346889
v -0.113904 0.274000 0.350559
v -0.104517 0.274000 0.352843
v -0.094236 0.274000 0.351694
v -0.085907 0.274000 0.357829
v -0.076636 0.274000 0.360545
v -0.067062 0.274000 0.361835
v -0.056958 0.274000 0.359617
v -0.048033 0.274000 0.364849
v -0.038529 0.274000 0.366581
v -0.028873 0.274000 0.366863
v -0.019056 0.274000 0.363601
v -0.009633 0.274000 0.367871
v -0.000000 0.274000 0.368600
v 0.009633 0.274000 0.367871
v 0.019056 0.274000 0.363601
v 0.028873 0.274000 0.366863
v 0.038529 0.274000 0.366581
v 0.048033 0.274000 0.364849
v 0.056958 0.274000 0.359617
v 0.067062 0.274000 0.361835
v 0.076636 0.274000 0.360545
v 0.085907 0.274000 0.357829
v 0.094236 0.274000 0.351694
v 0.104517 0.274000 0.352843
v 0.113904 0.274000 0.350559
v 0.122840 0.274000 0.346889
v 0.130482 0.274000 0.339917
v 0.140826 0.274000 0.339985
v 0.149923 0.274000 0.336733
v 0.158427 0.274000 0.332149
v 0.165298 0.274000 0.324415
v 0.175593 0.274000 0.323402
v 0.184300 0.274000 0.319217
v 0.192278 0.274000 0.313769
v 0.198303 0.274000 0.305360
v 0.208436 0.274000 0.303276
v 0.216658 0.274000 0.298204
v 0.224022 0.274000 0.291952
v 0.229136 0.274000 0.282959
v 0.238995 0.274000 0.279827
v 0.246642 0.274000 0.273923
v 0.253312 0.274000 0.266936
v 0.257458 0.274000 0.257458
v 0.266936 0.274000 0.253312
v 0.273923 0.274000 0.246642
v 0.279827 0.274000 0.238995
v 0.282959 0.274000 0.229136
v 0.291952 0.274000 0.224022
v 0.298204 0.274000 0.216658
v 0.303276 0.274000 0.208436
v 0.305360 0.274000 0.198303
v 0.313769 0.274000 0.192278
v 0.319217 0.274000 0.184300
v 0.323402 0.274000 0.175593
v 0.324415 0.274000 0.165298
v 0.332149 0.274000 0.158427
v 0.336733 0.274000 0.149923
v 0.339985 0.274000 0.140826
v 0.339917 0.274000 0.130482
v 0.346889 0.274000 0.122840
v 0.350559 0.274000 0.113904
v 0.352843 0.274000 0.104517
v 0.351694 0.274000 0.094236
v 0.357829 0.274000 0.085907
v 0.360545 0.274000 0.076636
v 0.361835 0.274000 0.067062
v 0.359617 0.274000 0.056958
v 0.364849 0.274000 0.048033
v 0.366581 0.274000 0.038529
v 0.366863 0.274000 0.028873
v 0.363601 0.274000 0.019056
v 0.367871 0.274000 0.009633
v 0.365117 0.287000 0.000000
v 0.364720 0.287000 -0.009551
v 0.362594 0.287000 -0.019003
v 0.363721 0.287000 -0.028625
v 0.363117 0.287000 -0.038165
v 0.361724 0.287000 -0.047622
v 0.358621 0.287000 -0.056800
v 0.358736 0.287000 -0.066488
v 0.357138 0.287000 -0.075912
v 0.354765 0.287000 -0.085171
v 0.350720 0.287000 -0.093975
v 0.349821 0.287000 -0.103622
v 0.347247 0.287000 -0.112827
v 0.343918 0.287000 -0.121788
v 0.338975 0.287000 -0.130120
v 0.337073 0.287000 -0.139620
v 0.333551 0.287000 -0.148506
v 0.329304 0.287000 -0.157070
v 0.323517 0.287000 -0.164840
v 0.320632 0.287000 -0.174089
v 0.316200 0.287000 -0.182558
v 0.311082 0.287000 -0.190631
v 0.304514 0.287000 -0.197754
v 0.300679 0.287000 -0.206651
v 0.295386 0.287000 -0.214610
v 0.289451 0.287000 -0.222104
v 0.282175 0.287000 -0.228501
v 0.277431 0.287000 -0.236948
v 0.271335 0.287000 -0.244311
v 0.264649 0.287000 -0.251143
v 0.256745 0.287000 -0.256745
v 0.251143 0.287000 -0.264649
v 0.244311 0.287000 -0.271335
v 0.236948 0.287000 -0.277431
v 0.228501 0.287000 -0.282175
v 0.222104 0.287000 -0.289451
v 0.214610 0.287000 -0.295386
v 0.206651 0.287000 -0.300679
v 0.197754 0.287000 -0.304514
v 0.190631 0.287000 -0.311082
v 0.182558 0.287000 -0.316200
v 0.174089 0.287000 -0.320632
v 0.164840 0.287000 -0.323517
v 0.157070 0.287000 -0.329304
v 0.148506 0.287000 -0.333551
v 0.139620 0.287000 -0.337073
v 0.130120 0.287000 -0.338975
v 0.121788 0.287000 -0.343918
v 0.112827 0.287000 -0.347247
v 0.103622 0.287000 -0.349821
v 0.093975 0.287000 -0.350720
v 0.085171 0.287000 -0.354765
v 0.075912 0.287000 -0.357138
v 0.066488 0.287000 -0.358736
v 0.056800 0.287000 -0.358621
v 0.047622 0.287000 -0.361724
v 0.038165 0.287000 -0.363117
v 0.028625 0.287000 -0.363721
v 0.019003 0.287000 -0.362594
v 0.009551 0.287000 -0.364720
v 0.000000 0.287000 -0.365117
v -0.009551 0.287000 -0.364720
v -0.019003 0.287000 -0.362594
v -0.028625 0.287000 -0.363721
v -0.038165 0.287000 -0.363117
v -0.047622 0.287000 -0.361724
v -0.056800 0.287000 -0.358621
v -0.066488 0.287000 -0.358736
v -0.075912 0.287000 -0.357138
v -0.085171 0.287000 -0.354765
v -0.093975 0.287000 -0.350720
v -0.103622 0.287000 -0.349821
v -0.112827 0.287000 -0.347247
v -0.121788 0.287000 -0.343918
v -0.130120 0.287000 -0.338975
v -0.139620 0.287000 -0.337073
v -0.148506 0.287000 -0.333551
v -0.157070 0.287000 -0.329304
v -0.164840 0.287000 -0.323517
v -0.174089 0.287000 -0.320632
v -0.182558 0.287000 -0.316200
v -0.190631 0.287000 -0.311082
v -0.197754 0.287000 -0.304514
v -0.206651 0.287000 -0.300679
v -0.214610 0.287000 -0.295386
v -0.222104 0.287000 -0.289451
v -0.228501 0.287000 -0.282175
v -0.236948 0.287000 -0.277431
v -0.244311 0.287000 -0.271335
v -0.251143 0.287000 -0.264649
v -0.256745 0.287000 -0.256745
v -0.264649 0.287000 -0.251143
v -0.271335 0.287000 -0.244311
v -0.277431 0.287000 -0.236948
v -0.282175 0.287000 -0.228501
v -0.289451 0.287000 -0.222104
v -0.295386 0.287000 -0.214610
v -0.300679 0.287000 -0.206651
v -0.304514 0.287000 -0.197754
v -0.311082 0.287000 -0.190631
v -0.316200 0.287000 -0.182558
v -0.320632 0.287000 -0.174089
v -0.323517 0.287000 -0.164840
v -0.329304 0.287000 -0.157070
v -0.333551 0.287000 -0.148506
v -0.337073 0.287000 -0.139620
v -0.338975 0.287000 -0.130120
v -0.343918 0.287000 -0.121788
v -0.347247 0.287000 -0.112827
v -0.349821 0.287000 -0.103622
v -0.350720 0.287000 -0.093975
v -0.354765 0.287000 -0.085171
v -0.357138 0.287000 -0.075912
v -0.358736 0.287000 -0.066488
v -0.358621 0.287000 -0.056800
v -0.361724 0.287000 -0.047622
v -0.363117 0.287000 -0.038165
v -0.363721 0.287000 -0.028625
v -0.362594 0.287000 -0.019003
v -0.364720 0.287000 -0.009551
v -0.365117 0.287000 -0.000000
v -0.364720 0.287000 0.009551
v -0.362594 0.287000 0.019003
v -0.363721 0.287000 0.028625
v -0.363117 0.287000 0.038165
v -0.361724 0.287000 0.047622
v -0.358621 0.287000 0.056800
v -0.358736 0.287000 0.066488
v -0.357138 0.287000 0.075912
v -0.354765 0.287000 0.085171
v -0.350720 0.287000 0.093975
v -0.349821 0.287000 0.103622
v -0.347247 0.287000 0.112827
v -0.343918 0.287000 0.121788
v -0.338975 0.287000 0.130120
v -0.337073 0.287000 0.139620
v -0.333551 0.287000 0.148506
v -0.329304 0.287000 0.157070
v -0.323517 0.287000 0.164840
v -0.320632 0.287000 0.174089
v -0.316200 0.287000 0.182558
v -0.311082 0.287000 0.190631
v -0.304514 0.287000 0.197754
v -0.300679 0.287000 0.206651
v -0.295386 0.287000 0.214610
v -0.289451 0.287000 0.222104
v -0.282175 0.287000 0.228501
v -0.277431 0.287000 0.236948
v -0.271335 0.287000 0.244311
v -0.264649 0.287000 0.251143
v -0.256745 0.287000 0.256745
v -0.251143 0.287000 0.264649
v -0.244311 0.287000 0.271335
v -0.236948 0.287000 0.277431
v -0.228501 0.287000 0.282175
v -0.222104 0.287000 0.289451
v -0.214610 0.287000 0.295386
v -0.206651 0.287000 0.300679
v -0.197754 0.287000 0.304514
v -0.190631 0.287000 0.311082
v -0.182558 0.287000 0.316200
v -0.174089 0.287000 0.320632
v -0.164840 0.287000 0.323517
v -0.157070 0.287000 0.329304
v -0.148506 0.287000 0.333551
v -0.139620 0.287000 0.337073
v -0.130120 0.287000 0.338975
v -0.121788 0.287000 0.343918
v -0.112827 0.287000 0.347247
v -0.103622 0.287000 0.349821
v -0.093975 0.287000 0.350720
v -0.085171 0.287000 0.354765
v -0.075912 0.287000 0.357138
v -0.066488 0.287000 0.358736
v -0.056800 0.287000 0.358621
v -0.047622 0.287000 0.361724
v -0.038165 0.287000 0.363117
v -0.028625 0.287000 0.363721
v -0.019003 0.287000 0.362594
v -0.009551 0.287000 0.364720
v -0.000000 0.287000 0.365117
v 0.009551 0.287000 0.364720
v 0.019003 0.287000 0.362594
v 0.028625 0.287000 0.363721
v 0.038165 0.287000 0.363117
v 0.047622 0.287000 0.361724
v 0.056800 0.287000 0.358621
v 0.066488 0.287000 0.358736
v 0.075912 0.287000 0.357138
v 0.085171 0.287000 0.354765
v 0.093975 0.287000 0.350720
v 0.103622 0.287000 0.349821
v 0.112827 0.287000 0.347247
v 0.121788 0.287000 0.343918
v 0.130120 0.287000 0.338975
v 0.139620 0.287000 0.337073
v 0.148506 0.287000 0.333551
v 0.157070 0.287000 0.329304
v 0.164840 0.287000 0.323517
v 0.174089 0.287000 0.320632
v 0.182558 0.287000 0.316200
v 0.190631 0.287000 0.311082
v 0.197754 0.287000 0.304514
v 0.206651 0.287000 0.300679
v 0.214610 0.287000 0.295386
v 0.222104 0.287000 0.289451
v 0.228501 0.287000 0.282175
v 0.236948 0.287000 0.277431
v 0.244311 0.287000 0.271335
v 0.251143 0.287000 0.264649
v 0.256745 0.287000 0.256745
v 0.264649 0.287000 0.251143
v 0.271335 0.287000 0.244311
v 0.277431 0.287000 0.236948
v 0.282175 0.287000 0.228501
v 0.289451 0.287000 0.222104
v 0.295386 0.287000 0.214610
v 0.300679 0.287000 0.206651
v 0.304514 0.287000 0.197754
v 0.311082 0.287000 0.190631
v 0.316200 0.287000 0.182558
v 0.320632 0.287000 0.174089
v 0.323517 0.287000 0.164840
v 0.329304 0.287000 0.157070
v 0.333551 0.287000 0.148506
v 0.337073 0.287000 0.139620
v 0.338975 0.287000 0.130120
v 0.343918 0.287000 0.121788
v 0.347247 0.287000 0.112827
v 0.349821 0.287000 0.103622
v 0.350720 0.287000 0.093975
v 0.354765 0.287000 0.085171
v 0.357138 0.287000 0.075912
v 0.358736 0.287000 0.066488
v 0.358621 0.287000 0.056800
v 0.361724 0.287000 0.047622
v 0.363117 0.287000 0.038165
v 0.363721 0.287000 0.028625
v 0.362594 0.287000 0.019003
v 0.364720 0.287000 0.009551
v 0.355600 0.296517 0.000000
v 0.355113 0.296517 -0.018611
v 0.353652 0.296517 -0.037170
v 0.351222 0.296517 -0.055628
v 0.347829 0.296517 -0.073933
v 0.343483 0.296517 -0.092036
v 0.338196 0.296517 -0.109886
v 0.331981 0.296517 -0.127436
v 0.324857 0.296517 -0.144636
v 0.316842 0.296517 -0.161439
v 0.307959 0.296517 -0.177800
v 0.298231 0.296517 -0.193674
v 0.287686 0.296517 -0.209016
v 0.276353 0.296517 -0.223786
v 0.264262 0.296517 -0.237943
v 0.251447 0.296517 -0.251447
v 0.237943 0.296517 -0.264262
v 0.223786 0.296517 -0.276353
v 0.209016 0.296517 -0.287686
v 0.193674 0.296517 -0.298231
v 0.177800 0.296517 -0.307959
v 0.161439 0.296517 -0.316842
v 0.144636 0.296517 -0.324857
v 0.127436 0.296517 -0.331981
v 0.109886 0.296517 -0.338196
v 0.092036 0.296517 -0.343483
v 0.073933 0.296517 -0.347829
v 0.055628 0.296517 -0.351222
v 0.037170 0.296517 -0.353652
v 0.018611 0.296517 -0.355113
v 0.000000 0.296517 -0.355600
v -0.018611 0.296517 -0.355113
v -0.037170 0.296517 -0.353652
v -0.055628 0.296517 -0.351222
v -0.073933 0.296517 -0.347829
v -0.092036 0.296517 -0.343483
v -0.109886 0.296517 -0.338196
v -0.127436 0.296517 -0.331981
v -0.144636 0.296517 -0.324857
v -0.161439 0.296517 -0.316842
v -0.177800 0.296517 -0.307959
v -0.193674 0.296517 -0.298231
v -0.209016 0.296517 -0.287686
v -0.223786 0.296517 -0.276353
v -0.237943 0.296517 -0.264262
v -0.251447 0.296517 -0.251447
v -0.264262 0.296517 -0.237943
v -0.276353 0.296517 -0.223786
v -0.287686 0.296517 -0.209016
v -0.298231 0.296517 -0.193674
v -0.307959 0.296517 -0.177800
v -0.316842 0.296517 -0.161439
v -0.324857 0.296517 -0.144636
v -0.331981 0.296517 -0.127436
v -0.338196 0.296517 -0.109886
v -0.343483 0.296517 -0.092036
v -0.347829 0.296517 -0.073933
v -0.351222 0.296517 -0.055628
v -0.353652 0.296517 -0.037170
v -0.355113 0.296517 -0.018611
v -0.355600 0.296517 -0.000000
v -0.355113 0.296517 0.018611
v -0.353652 0.296517 0.037170
v -0.351222 0.296517 0.055628
v -0.347829 0.296517 0.073933
v -0.343483 0.296517 0.092036
v -0.338196 0.296517 0.109886
v -0.331981 0.296517 0.127436
v -0.324857 0.296517 0.144636
v -0.316842 0.296517 0.161439
v -0.307959 0.296517 0.177800
v -0.298231 0.296517 0.193674
v -0.287686 0.296517 0.209016
v -0.276353 0.296517 0.223786
v -0.264262 0.296517 0.237943
v -0.251447 0.296517 0.251447
v -0.237943 0.296517 0.264262
v -0.223786 0.296517 0.276353
v -0.209016 0.296517 0.287686
v -0.193674 0.296517 0.298231
v -0.177800 0.296517 0.307959
v -0.161439 0.296517 0.316842
v -0.144636 0.296517 0.324857
v -0.127436 0.296517 0.331981
v -0.109886 0.296517 0.338196
v -0.092036 0.296517 0.343483
v -0.073933 0.296517 0.347829
v -0.055628 0.296517 0.351222
v -0.037170 0.296517 0.353652
v -0.018611 0.296517 0.355113
v -0.000000 0.296517 0.355600
v 0.018611 0.296517 0.355113
v 0.037170 0.296517 0.353652
v 0.055628 0.296517 0.351222
v 0.073933 0.296517 0.347829
v 0.092036 0.296517 0.343483
v 0.109886 0.296517 0.338196
v 0.127436 0.296517 0.331981
v 0.144636 0.296517 0.324857
v 0.161439 0.296517 0.316842
v 0.177800 0.296517 0.307959
v 0.193674 0.296517 0.298231
v 0.209016 0.296517 0.287686
v 0.223786 0.296517 0.276353
v 0.237943 0.296517 0.264262
v 0.251447 0.296517 0.251447
v 0.264262 0.296517 0.237943
v 0.276353 0.296517 0.223786
v 0.287686 0.296517 0.209016
v 0.298231 0.296517 0.193674
v 0.307959 0.296517 0.177800
v 0.316842 0.296517 0.161439
v 0.324857 0.296517 0.144636
v 0.331981 0.296517 0.127436
v 0.338196 0.296517 0.109886
v 0.343483 0.296517 0.092036
v 0.347829 0.296517 0.073933
v 0.351222 0.296517 0.055628
v 0.353652 0.296517 0.037170
v 0.355113 0.296517 0.018611
v 0.342600 0.300000 0.000000
v 0.342130 0.300000 -0.017930
v 0.340723 0.300000 -0.035811
v 0.338382 0.300000 -0.053594
v 0.335113 0.300000 -0.071231
v 0.330926 0.300000 -0.088671
v 0.325832 0.300000 -0.105869
v 0.319845 0.300000 -0.122777
v 0.312981 0.300000 -0.139348
v 0.305259 0.300000 -0.155537
v 0.296700 0.300000 -0.171300
v 0.287329 0.300000 -0.186593
v 0.277169 0.300000 -0.201375
v 0.266250 0.300000 -0.215605
v 0.254601 0.300000 -0.229244
v 0.242255 0.300000 -0.242255
v 0.229244 0.300000 -0.254601
v 0.215605 0.300000 -0.266250
v 0.201375 0.300000 -0.277169
v 0.186593 0.300000 -0.287329
v 0.171300 0.300000 -0.296700
v 0.155537 0.300000 -0.305259
v 0.139348 0.300000 -0.312981
v 0.122777 0.300000 -0.319845
v 0.105869 0.300000 -0.325832
v 0.088671 0.300000 -0.330926
v 0.071231 0.300000 -0.335113
v 0.053594 0.300000 -0.338382
v 0.035811 0.300000 -0.340723
v 0.017930 0.300000 -0.342130
v 0.000000 0.300000 -0.342600
v -0.017930 0.300000 -0.342130
v -0.035811 0.300000 -0.340723
v -0.053594 0.300000 -0.338382
v -0.071231 0.300000 -0.335113
v -0.088671 0.300000 -0.330926
v -0.105869 0.300000 -0.325832
v -0.122777 0.300000 -0.319845
v -0.139348 0.300000 -0.312981
v -0.155537 0.300000 -0.305259
v -0.171300 0.300000 -0.296700
v -0.186593 0.300000 -0.287329
v -0.201375 0.300000 -0.277169
v -0.215605 0.300000 -0.266250
v -0.229244 0.300000 -0.254601
v -0.242255 0.300000 -0.242255
v -0.254601 0.300000 -0.229244
v -0.266250 0.300000 -0.215605
v -0.277169 0.300000 -0.201375
v -0.287329 0.300000 -0.186593
v -0.296700 0.300000 -0.171300
v -0.305259 0.300000 -0.155537
v -0.312981 0.300000 -0.139348
v -0.319845 0.300000 -0.122777
v -0.325832 0.300000 -0.105869
v -0.330926 0.300000 -0.088671
v -0.335113 0.300000 -0.071231
v -0.338382 0.300000 -0.053594
v -0.340723 0.300000 -0.035811
v -0.342130 0.300000 -0.017930
v -0.342600 0.300000 -0.000000
v -0.342130 0.300000 0.017930
v -0.340723 0.300000 0.035811
v -0.338382 0.300000 0.053594
v -0.335113 0.300000 0.071231
v -0.330926 0.300000 0.088671
v -0.325832 0.300000 0.105869
v -0.319845 0.300000 0.122777
v -0.312981 0.300000 0.139348
v -0.305259 0.300000 0.155537
v -0.296700 0.300000 0.171300
v -0.287329 0.300000 0.186593
v -0.277169 0.300000 0.201375
v -0.266250 0.300000 0.215605
v -0.254601 0.300000 0.229244
v -0.242255 0.300000 0.242255
v -0.229244 0.300000 0.254601
v -0.215605 0.300000 0.266250
v -0.201375 0.300000 0.277169
v -0.186593 0.300000 0.287329
v -0.171300 0.300000 0.296700
v -0.155537 0.300000 0.305259
v -0.139348 0.300000 0.312981
v -0.122777 0.300000 0.319845
v -0.105869 0.300000 0.325832
v -0.088671 0.300000 0.330926
v -0.071231 0.300000 0.335113
v -0.053594 0.300000 0.338382
v -0.035811 0.300000 0.340723
v -0.017930 0.300000 0.342130
v -0.000000 0.300000 0.342600
v 0.017930 0.300000 0.342130
v 0.035811 0.300000 0.340723
v 0.053594 0.300000 0.338382
v 0.071231 0.300000 0.335113
v 0.088671 0.300000 0.330926
v 0.105869 0.300000 0.325832
v 0.122777 0.300000 0.319845
v 0.139348 0.300000 0.312981
v 0.155537 0.300000 0.305259
v 0.171300 0.300000 0.296700
v 0.186593 0.300000 0.287329
v 0.201375 0.300000 0.277169
v 0.215605 0.300000 0.266250
v 0.229244 0.300000 0.254601
v 0.242255 0.300000 0.242255
v 0.254601 0.300000 0.229244
v 0.266250 0.300000 0.215605
v 0.277169 0.300000 0.201375
v 0.287329 0.300000 0.186593
v 0.296700 0.300000 0.171300
v 0.305259 0.300000 0.155537
v 0.312981 0.300000 0.139348
v 0.319845 0.300000 0.122777
v 0.325832 0.300000 0.105869
v 0.330926 0.300000 0.088671
v 0.335113 0.300000 0.071231
v 0.338382 0.300000 0.053594
v 0.340723 0.300000 0.035811
v 0.342130 0.300000 0.017930
v 0.301850 0.300000 0.000000
v 0.301436 0.300000 -0.015798
v 0.300196 0.300000 -0.031552
v 0.298134 0.300000 -0.047220
v 0.295254 0.300000 -0.062758
v 0.291565 0.300000 -0.078125
v 0.287076 0.300000 -0.093277
v 0.281801 0.300000 -0.108173
v 0.275754 0.300000 -0.122773
v 0.268950 0.300000 -0.137037
v 0.261410 0.300000 -0.150925
v 0.253153 0.300000 -0.164399
v 0.244202 0.300000 -0.177423
v 0.234582 0.300000 -0.189960
v 0.224318 0.300000 -0.201977
v 0.213440 0.300000 -0.213440
v 0.201977 0.300000 -0.224318
v 0.189960 0.300000 -0.234582
v 0.177423 0.300000 -0.244202
v 0.164399 0.300000 -0.253153
v 0.150925 0.300000 -0.261410
v 0.137037 0.300000 -0.268950
v 0.122773 0.300000 -0.275754
v 0.108173 0.300000 -0.281801
v 0.093277 0.300000 -0.287076
v 0.078125 0.300000 -0.291565
v 0.062758 0.300000 -0.295254
v 0.047220 0.300000 -0.298134
v 0.031552 0.300000 -0.300196
v 0.015798 0.300000 -0.301436
v 0.000000 0.300000 -0.301850
v -0.015798 0.300000 -0.301436
v -0.031552 0.300000 -0.300196
v -0.047220 0.300000 -0.298134
v -0.062758 0.300000 -0.295254
v -0.078125 0.300000 -0.291565
v -0.093277 0.300000 -0.287076
v -0.108173 0.300000 -0.281801
v -0.122773 0.300000 -0.275754
v -0.137037 0.300000 -0.268950
v -0.150925 0.300000 -0.261410
v -0.164399 0.300000 -0.253153
v -0.177423 0.300000 -0.244202
v -0.189960 0.300000 -0.234582
v -0.201977 0.300000 -0.224318
v -0.213440 0.300000 -0.213440
v -0.224318 0.300000 -0.201977
v -0.234582 0.300000 -0.189960
v -0.244202 0.300000 -0.177423
v -0.253153 0.300000 -0.164399
v -0.261410 0.300000 -0.150925
v -0.268950 0.300000 -0.137037
v -0.275754 0.300000 -0.122773
v -0.281801 0.300000 -0.108173
v -0.287076 0.300000 -0.093277
v -0.291565 0.300000 -0.078125
v -0.295254 0.300000 -0.062758
v -0.298134 0.300000 -0.047220
v -0.300196 0.300000 -0.031552
v -0.301436 0.300000 -0.015798
v -0.301850 0.300000 -0.000000
v -0.301436 0.300000 0.015798
v -0.300196 0.300000 0.031552
v -0.298134 0.300000 0.047220
v -0.295254 0.300000 0.062758
v -0.291565 0.300000 0.078125
v -0.287076 0.300000 0.093277
v -0.281801 0.300000 0.108173
v -0.275754 0.300000 0.122773
v -0.268950 0.300000 0.137037
v -0.261410 0.300000 0.150925
v -0.253153 0.300000 0.164399
v -0.244202 0.300000 0.177423
v -0.234582 0.300000 0.189960
v -0.224318 0.300000 0.201977
v -0.213440 0.300000 0.213440
v -0.201977 0.300000 0.224318
v -0.189960 0.300000 0.234582
v -0.177423 0.300000 0.244202
v -0.164399 0.300000 0.253153
v -0.150925 0.300000 0.261410
v -0.137037 0.300000 0.268950
v -0.122773 0.300000 0.275754
v -0.108173 0.300000 0.281801
v -0.093277 0.300000 0.287076
v -0.078125 0.300000 0.291565
v -0.062758 0.300000 0.295254
v -0.047220 0.300000 0.298134
v -0.031552 0.300000 0.300196
v -0.015798 0.300000 0.301436
v -0.000000 0.300000 0.301850
v 0.015798 0.300000 0.301436
v 0.031552 0.300000 0.300196
v 0.047220 0.300000 0.298134
v 0.062758 0.300000 0.295254
v 0.078125 0.300000 0.291565
v 0.093277 0.300000 0.287076
v 0.108173 0.300000 0.281801
v 0.122773 0.300000 0.275754
v 0.137037 0.300000 0.268950
v 0.150925 0.300000 0.261410
v 0.164399 0.300000 0.253153
v 0.177423 0.300000 0.244202
v 0.189960 0.300000 0.234582
v 0.201977 0.300000 0.224318
v 0.213440 0.300000 0.213440
v 0.224318 0.300000 0.201977
v 0.234582 0.300000 0.189960
v 0.244202 0.300000 0.177423
v 0.253153 0.300000 0.164399
v 0.261410 0.300000 0.150925
v 0.268950 0.300000 0.137037
v 0.275754 0.300000 0.122773
v 0.281801 0.300000 0.108173
v 0.287076 0.300000 0.093277
v 0.291565 0.300000 0.078125
v 0.295254 0.300000 0.062758
v 0.298134 0.300000 0.047220
v 0.300196 0.300000 0.031552
v 0.301436 0.300000 0.015798
v 0.299204 0.297792 0.000000
v 0.298794 0.297792 -0.015659
v 0.297565 0.297792 -0.031275
v 0.295520 0.297792 -0.046806
v 0.292666 0.297792 -0.062208
v 0.289009 0.297792 -0.077440
v 0.284560 0.297792 -0.092459
v 0.279331 0.297792 -0.107225
v 0.273337 0.297792 -0.121697
v 0.266593 0.297792 -0.135836
v 0.259118 0.297792 -0.149602
v 0.250934 0.297792 -0.162958
v 0.242061 0.297792 -0.175868
v 0.232525 0.297792 -0.188295
v 0.222352 0.297792 -0.200207
v 0.211569 0.297792 -0.211569
v 0.200207 0.297792 -0.222352
v 0.188295 0.297792 -0.232525
v 0.175868 0.297792 -0.242061
v 0.162958 0.297792 -0.250934
v 0.149602 0.297792 -0.259118
v 0.135836 0.297792 -0.266593
v 0.121697 0.297792 -0.273337
v 0.107225 0.297792 -0.279331
v 0.092459 0.297792 -0.284560
v 0.077440 0.297792 -0.289009
v 0.062208 0.297792 -0.292666
v 0.046806 0.297792 -0.295520
v 0.031275 0.297792 -0.297565
v 0.015659 0.297792 -0.298794
v 0.000000 0.297792 -0.299204
v -0.015659 0.297792 -0.298794
v -0.031275 0.297792 -0.297565
v -0.046806 0.297792 -0.295520
v -0.062208 0.297792 -0.292666
v -0.077440 0.297792 -0.289009
v -0.092459 0.297792 -0.284560
v -0.107225 0.297792 -0.279331
v -0.121697 0.297792 -0.273337
v -0.135836 0.297792 -0.266593
v -0.149602 0.297792 -0.259118
v -0.162958 0.297792 -0.250934
v -0.175868 0.297792 -0.242061
v -0.188295 0.297792 -0.232525
v -0.200207 0.297792 -0.222352
v -0.211569 0.297792 -0.211569
v -0.222352 0.297792 -0.200207
v -0.232525 0.297792 -0.188295
v -0.242061 0.297792 -0.175868
v -0.250934 0.297792 -0.162958
v -0.259118 0.297792 -0.149602
v -0.266593 0.297792 -0.135836
v -0.273337 0.297792 -0.121697
v -0.279331 0.297792 -0.107225
v -0.284560 0.297792 -0.092459
v -0.289009 0.297792 -0.077440
v -0.292666 0.297792 -0.062208
v -0.295520 0.297792 -0.046806
v -0.297565 0.297792 -0.031275
v -0.298794 0.297792 -0.015659
v -0.299204 0.297792 -0.000000
v -0.298794 0.297792 0.015659
v -0.297565 0.297792 0.031275
v -0.295520 0.297792 0.046806
v -0.292666 0.297792 0.062208
v -0.289009 0.297792 0.077440
v -0.284560 0.297792 0.092459
v -0.279331 0.297792 0.107225
v -0.273337 0.297792 0.121697
v -0.266593 0.297792 0.135836
v -0.259118 0.297792 0.149602
v -0.250934 0.297792 0.162958
v -0.242061 0.297792 0.175868
v -0.232525 0.297792 0.188295
v -0.222352 0.297792 0.200207
v -0.211569 0.297792 0.211569
v -0.200207 0.297792 0.222352
v -0.188295 0.297792 0.232525
v -0.175868 0.297792 0.242061
v -0.162958 0.297792 0.250934
v -0.149602 0.297792 0.259118
v -0.135836 0.297792 0.266593
v -0.121697 0.297792 0.273337
v -0.107225 0.297792 0.279331
v -0.092459 0.297792 0.284560
v -0.077440 0.297792 0.289009
v -0.062208 0.297792 0.292666
v -0.046806 0.297792 0.295520
v -0.031275 0.297792 0.297565
v -0.015659 0.297792 0.298794
v -0.000000 0.297792 0.299204
v 0.015659 0.297792 0.298794
v 0.031275 0.297792 0.297565
v 0.046806 0.297792 0.295520
v 0.062208 0.297792 0.292666
v 0.077440 0.297792 0.289009
v 0.092459 0.297792 0.284560
v 0.107225 0.297792 0.279331
v 0.121697 0.297792 0.273337
v 0.135836 0.297792 0.266593
v 0.149602 0.297792 0.259118
v 0.162958 0.297792 0.250934
v 0.175868 0.297792 0.242061
v 0.188295 0.297792 0.232525
v 0.200207 0.297792 0.222352
v 0.211569 0.297792 0.211569
v 0.222352 0.297792 0.200207
v 0.232525 0.297792 0.188295
v 0.242061 0.297792 0.175868
v 0.250934 0.297792 0.162958
v 0.259118 0.297792 0.149602
v 0.266593 0.297792 0.135836
v 0.273337 0.297792 0.121697
v 0.279331 0.297792 0.107225
v 0.284560 0.297792 0.092459
v 0.289009 0.297792 0.077440
v 0.292666 0.297792 0.062208
v 0.295520 0.297792 0.046806
v 0.297565 0.297792 0.031275
v 0.298794 0.297792 0.015659
v 0.295850 0.297000 0.000000
v 0.295445 0.297000 -0.015484
v 0.294229 0.297000 -0.030925
v 0.292208 0.297000 -0.046281
v 0.289385 0.297000 -0.061511
v 0.285769 0.297000 -0.076572
v 0.281370 0.297000 -0.091423
v 0.276200 0.297000 -0.106023
v 0.270272 0.297000 -0.120333
v 0.263604 0.297000 -0.134313
v 0.256214 0.297000 -0.147925
v 0.248121 0.297000 -0.161131
v 0.239348 0.297000 -0.173896
v 0.229919 0.297000 -0.186184
v 0.219859 0.297000 -0.197962
v 0.209198 0.297000 -0.209198
v 0.197962 0.297000 -0.219859
v 0.186184 0.297000 -0.229919
v 0.173896 0.297000 -0.239348
v 0.161131 0.297000 -0.248121
v 0.147925 0.297000 -0.256214
v 0.134313 0.297000 -0.263604
v 0.120333 0.297000 -0.270272
v 0.106023 0.297000 -0.276200
v 0.091423 0.297000 -0.281370
v 0.076572 0.297000 -0.285769
v 0.061511 0.297000 -0.289385
v 0.046281 0.297000 -0.292208
v 0.030925 0.297000 -0.294229
v 0.015484 0.297000 -0.295445
v 0.000000 0.297000 -0.295850
v -0.015484 0.297000 -0.295445
v -0.030925 0.297000 -0.294229
v -0.046281 0.297000 -0.292208
v -0.061511 0.297000 -0.289385
v -0.076572 0.297000 -0.285769
v -0.091423 0.297000 -0.281370
v -0.106023 0.297000 -0.276200
v -0.120333 0.297000 -0.270272
v -0.134313 0.297000 -0.263604
v -0.147925 0.297000 -0.256214
v -0.161131 0.297000 -0.248121
v -0.173896 0.297000 -0.239348
v -0.186184 0.297000 -0.229919
v -0.197962 0.297000 -0.219859
v -0.209198 0.297000 -0.209198
v -0.219859 0.297000 -0.197962
v -0.229919 0.297000 -0.186184
v -0.239348 0.297000 -0.173896
v -0.248121 0.297000 -0.161131
v -0.256214 0.297000 -0.147925
v -0.263604 0.297000 -0.134313
v -0.270272 0.297000 -0.120333
v -0.276200 0.297000 -0.106023
v -0.281370 0.297000 -0.091423
v -0.285769 0.297000 -0.076572
v -0.289385 0.297000 -0.061511
v -0.292208 0.297000 -0.046281
v -0.294229 0.297000 -0.030925
v -0.295445 0.297000 -0.015484
v -0.295850 0.297000 -0.000000
v -0.295445 0.297000 0.015484
v -0.294229 0.297000 0.030925
v -0.292208 0.297000 0.046281
v -0.289385 0.297000 0.061511
v -0.285769 0.297000 0.076572
v -0.281370 0.297000 0.091423
v -0.276200 0.297000 0.106023
v -0.270272 0.297000 0.120333
v -0.263604 0.297000 0.134313
v -0.256214 0.297000 0.147925
v -0.248121 0.297000 0.161131
v -0.239348 0.297000 0.173896
v -0.229919 0.297000 0.186184
v -0.219859 0.297000 0.197962
v -0.209198 0.297000 0.209198
v -0.197962 0.297000 0.219859
v -0.186184 0.297000 0.229919
v -0.173896 0.297000 0.239348
v -0.161131 0.297000 0.248121
v -0.147925 0.297000 0.256214
v -0.134313 0.297000 0.263604
v -0.120333 0.297000 0.270272
v -0.106023 0.297000 0.276200
v -0.091423 0.297000 0.281370
v -0.076572 0.297000 0.285769
v -0.061511 0.297000 0.289385
v -0.046281 0.297000 0.292208
v -0.030925 0.297000 0.294229
v -0.015484 0.297000 0.295445
v -0.000000 0.297000 0.295850
v 0.015484 0.297000 0.295445
v 0.030925 0.297000 0.294229
v 0.046281 0.297000 0.292208
v 0.061511 0.297000 0.289385
v 0.076572 0.297000 0.285769
v 0.091423 0.297000 0.281370
v 0.106023 0.297000 0.276200
v 0.120333 0.297000 0.270272
v 0.134313 0.297000 0.263604
v 0.147925 0.297000 0.256214
v 0.161131 0.297000 0.248121
v 0.173896 0.297000 0.239348
v 0.186184 0.297000 0.229919
v 0.197962 0.297000 0.219859
v 0.209198 0.297000 0.209198
v 0.219859 0.297000 0.197962
v 0.229919 0.297000 0.186184
v 0.239348 0.297000 0.173896
v 0.248121 0.297000 0.161131
v 0.256214 0.297000 0.147925
v 0.263604 0.297000 0.134313
v 0.270272 0.297000 0.120333
v 0.276200 0.297000 0.106023
v 0.281370 0.297000 0.091423
v 0.285769 0.297000 0.076572
v 0.289385 0.297000 0.061511
v 0.292208 0.297000 0.046281
v 0.294229 0.297000 0.030925
v 0.295445 0.297000 0.015484
v 0.292496 0.297792 0.000000
v 0.292095 0.297792 -0.015308
v 0.290894 0.297792 -0.030574
v 0.288895 0.297792 -0.045756
v 0.286104 0.297792 -0.060813
v 0.282529 0.297792 -0.075704
v 0.278180 0.297792 -0.090386
v 0.273068 0.297792 -0.104821
v 0.267208 0.297792 -0.118969
v 0.260616 0.297792 -0.132790
v 0.253309 0.297792 -0.146248
v 0.245308 0.297792 -0.159305
v 0.236634 0.297792 -0.171925
v 0.227312 0.297792 -0.184074
v 0.217367 0.297792 -0.195718
v 0.206826 0.297792 -0.206826
v 0.195718 0.297792 -0.217367
v 0.184074 0.297792 -0.227312
v 0.171925 0.297792 -0.236634
v 0.159305 0.297792 -0.245308
v 0.146248 0.297792 -0.253309
v 0.132790 0.297792 -0.260616
v 0.118969 0.297792 -0.267208
v 0.104821 0.297792 -0.273068
v 0.090386 0.297792 -0.278180
v 0.075704 0.297792 -0.282529
v 0.060813 0.297792 -0.286104
v 0.045756 0.297792 -0.288895
v 0.030574 0.297792 -0.290894
v 0.015308 0.297792 -0.292095
v 0.000000 0.297792 -0.292496
v -0.015308 0.297792 -0.292095
v -0.030574 0.297792 -0.290894
v -0.045756 0.297792 -0.288895
v -0.060813 0.297792 -0.286104
v -0.075704 0.297792 -0.282529
v -0.090386 0.297792 -0.278180
v -0.104821 0.297792 -0.273068
v -0.118969 0.297792 -0.267208
v -0.132790 0.297792 -0.260616
v -0.146248 0.297792 -0.253309
v -0.159305 0.297792 -0.245308
v -0.171925 0.297792 -0.236634
v -0.184074 0.297792 -0.227312
v -0.195718 0.297792 -0.217367
v -0.206826 0.297792 -0.206826
v -0.217367 0.297792 -0.195718
v -0.227312 0.297792 -0.184074
v -0.236634 0.297792 -0.171925
v -0.245308 0.297792 -0.159305
v -0.253309 0.297792 -0.146248
v -0.260616 0.297792 -0.132790
v -0.267208 0.297792 -0.118969
v -0.273068 0.297792 -0.104821
v -0.278180 0.297792 -0.090386
v -0.282529 0.297792 -0.075704
v -0.286104 0.297792 -0.060813
v -0.288895 0.297792 -0.045756
v -0.290894 0.297792 -0.030574
v -0.292095 0.297792 -0.015308
v -0.292496 0.297792 -0.000000
v -0.292095 0.297792 0.015308
v -0.290894 0.297792 0.030574
v -0.288895 0.297792 0.045756
v -0.286104 0.297792 0.060813
v -0.282529 0.297792 0.075704
v -0.278180 0.297792 0.090386
v -0.273068 0.297792 0.104821
v -0.267208 0.297792 0.118969
v -0.260616 0.297792 0.132790
v -0.253309 0.297792 0.146248
v -0.245308 0.297792 0.159305
v -0.236634 0.297792 0.171925
v -0.227312 0.297792 0.184074
v -0.217367 0.297792 0.195718
v -0.206826 0.297792 0.206826
v -0.195718 0.297792 0.217367
v -0.184074 0.297792 0.227312
v -0.171925 0.297792 0.236634
v -0.159305 0.297792 0.245308
v -0.146248 0.297792 0.253309
v -0.132790 0.297792 0.260616
v -0.118969 0.297792 0.267208
v -0.104821 0.297792 0.273068
v -0.090386 0.297792 0.278180
v -0.075704 0.297792 0.282529
v -0.060813 0.297792 0.286104
v -0.045756 0.297792 0.288895
v -0.030574 0.297792 0.290894
v -0.015308 0.297792 0.292095
v -0.000000 0.297792 0.292496
v 0.015308 0.297792 0.292095
v 0.030574 0.297792 0.290894
v 0.045756 0.297792 0.288895
v 0.060813 0.297792 0.286104
v 0.075704 0.297792 0.282529
v 0.090386 0.297792 0.278180
v 0.104821 0.297792 0.273068
v 0.118969 0.297792 0.267208
v 0.132790 0.297792 0.260616
v 0.146248 0.297792 0.253309
v 0.159305 0.297792 0.245308
v 0.171925 0.297792 0.236634
v 0.184074 0.297792 0.227312
v 0.195718 0.297792 0.217367
v 0.206826 0.297792 0.206826
v 0.217367 0.297792 0.195718
v 0.227312 0.297792 0.184074
v 0.236634 0.297792 0.171925
v 0.245308 0.297792 0.159305
v 0.253309 0.297792 0.146248
v 0.260616 0.297792 0.132790
v 0.267208 0.297792 0.118969
v 0.273068 0.297792 0.104821
v 0.278180 0.297792 0.090386
v 0.282529 0.297792 0.075704
v 0.286104 0.297792 0.060813
v 0.288895 0.297792 0.045756
v 0.290894 0.297792 0.030574
v 0.292095 0.297792 0.015308
v 0.289850 0.300000 0.000000
v 0.289453 0.300000 -0.015170
v 0.288262 0.300000 -0.030298
v 0.286281 0.300000 -0.045343
v 0.283516 0.300000 -0.060263
v 0.279974 0.300000 -0.075019
v 0.275664 0.300000 -0.089569
v 0.270598 0.300000 -0.103873
v 0.264791 0.300000 -0.117893
v 0.258258 0.300000 -0.131589
v 0.251017 0.300000 -0.144925
v 0.243089 0.300000 -0.157864
v 0.234494 0.300000 -0.170370
v 0.225256 0.300000 -0.182409
v 0.215401 0.300000 -0.193948
v 0.204955 0.300000 -0.204955
v 0.193948 0.300000 -0.215401
v 0.182409 0.300000 -0.225256
v 0.170370 0.300000 -0.234494
v 0.157864 0.300000 -0.243089
v 0.144925 0.300000 -0.251017
v 0.131589 0.300000 -0.258258
v 0.117893 0.300000 -0.264791
v 0.103873 0.300000 -0.270598
v 0.089569 0.300000 -0.275664
v 0.075019 0.300000 -0.279974
v 0.060263 0.300000 -0.283516
v 0.045343 0.300000 -0.286281
v 0.030298 0.300000 -0.288262
v 0.015170 0.300000 -0.289453
v 0.000000 0.300000 -0.289850
v -0.015170 0.300000 -0.289453
v -0.030298 0.300000 -0.288262
v -0.045343 0.300000 -0.286281
v -0.060263 0.300000 -0.283516
v -0.075019 0.300000 -0.279974
v -0.089569 0.300000 -0.275664
v -0.103873 0.300000 -0.270598
v -0.117893 0.300000 -0.264791
v -0.131589 0.300000 -0.258258
v -0.144925 0.300000 -0.251017
v -0.157864 0.300000 -0.243089
v -0.170370 0.300000 -0.234494
v -0.182409 0.300000 -0.225256
v -0.193948 0.300000 -0.215401
v -0.204955 0.300000 -0.204955
v -0.215401 0.300000 -0.193948
v -0.225256 0.300000 -0.182409
v -0.234494 0.300000 -0.170370
v -0.243089 0.300000 -0.157864
v -0.251017 0.300000 -0.144925
v -0.258258 0.300000 -0.131589
v -0.264791 0.300000 -0.117893
v -0.270598 0.300000 -0.103873
v -0.275664 0.300000 -0.089569
v -0.279974 0.300000 -0.075019
v -0.283516 0.300000 -0.060263
v -0.286281 0.300000 -0.045343
v -0.288262 0.300000 -0.030298
v -0.289453 0.300000 -0.015170
v -0.289850 0.300000 -0.000000
v -0.289453 0.300000 0.015170
v -0.288262 0.300000 0.030298
v -0.286281 0.300000 0.045343
v -0.283516 0.300000 0.060263
v -0.279974 0.300000 0.075019
v -0.275664 0.300000 0.089569
v -0.270598 0.300000 0.103873
v -0.264791 0.300000 0.117893
v -0.258258 0.300000 0.131589
v -0.251017 0.300000 0.144925
v -0.243089 0.300000 0.157864
v -0.234494 0.300000 0.170370
v -0.225256 0.300000 0.182409
v -0.215401 0.300000 0.193948
v -0.204955 0.300000 0.204955
v -0.193948 0.300000 0.215401
v -0.182409 0.300000 0.225256
v -0.170370 0.300000 0.234494
v -0.157864 0.300000 0.243089
v -0.144925 0.300000 0.251017
v -0.131589 0.300000 0.258258
v -0.117893 0.300000 0.264791
v -0.103873 0.300000 0.270598
v -0.089569 0.300000 0.275664
v -0.075019 0.300000 0.279974
v -0.060263 0.300000 0.283516
v -0.045343 0.300000 0.286281
v -0.030298 0.300000 0.288262
v -0.015170 0.300000 0.289453
v -0.000000 0.300000 0.289850
v 0.015170 0.300000 0.289453
v 0.030298 0.300000 0.288262
v 0.045343 0.300000 0.286281
v 0.060263 0.300000 0.283516
v 0.075019 0.300000 0.279974
v 0.089569 0.300000 0.275664
v 0.103873 0.300000 0.270598
v 0.117893 0.300000 0.264791
v 0.131589 0.300000 0.258258
v 0.144925 0.300000 0.251017
v 0.157864 0.300000 0.243089
v 0.170370 0.300000 0.234494
v 0.182409 0.300000 0.225256
v 0.193948 0.300000 0.215401
v 0.204955 0.300000 0.204955
v 0.215401 0.300000 0.193948
v 0.225256 0.300000 0.182409
v 0.234494 0.300000 0.170370
v 0.243089 0.300000 0.157864
v 0.251017 0.300000 0.144925
v 0.258258 0.300000 0.131589
v 0.264791 0.300000 0.117893
v 0.270598 0.300000 0.103873
v 0.275664 0.300000 0.089569
v 0.279974 0.300000 0.075019
v 0.283516 0.300000 0.060263
v 0.286281 0.300000 0.045343
v 0.288262 0.300000 0.030298
v 0.289453 0.300000 0.015170
v 0.179450 0.300000 0.000000
v 0.179204 0.300000 -0.009392
v 0.178467 0.300000 -0.018758
v 0.177241 0.300000 -0.028072
v 0.175529 0.300000 -0.037310
v 0.173335 0.300000 -0.046445
v 0.170667 0.300000 -0.055453
v 0.167531 0.300000 -0.064309
v 0.163936 0.300000 -0.072989
v 0.159891 0.300000 -0.081469
v 0.155408 0.300000 -0.089725
v 0.150499 0.300000 -0.097735
v 0.145178 0.300000 -0.105478
v 0.139459 0.300000 -0.112932
v 0.133357 0.300000 -0.120075
v 0.126890 0.300000 -0.126890
v 0.120075 0.300000 -0.133357
v 0.112932 0.300000 -0.139459
v 0.105478 0.300000 -0.145178
v 0.097735 0.300000 -0.150499
v 0.089725 0.300000 -0.155408
v 0.081469 0.300000 -0.159891
v 0.072989 0.300000 -0.163936
v 0.064309 0.300000 -0.167531
v 0.055453 0.300000 -0.170667
v 0.046445 0.300000 -0.173335
v 0.037310 0.300000 -0.175529
v 0.028072 0.300000 -0.177241
v 0.018758 0.300000 -0.178467
v 0.009392 0.300000 -0.179204
v 0.000000 0.300000 -0.179450
v -0.009392 0.300000 -0.179204
v -0.018758 0.300000 -0.178467
v -0.028072 0.300000 -0.177241
v -0.037310 0.300000 -0.175529
v -0.046445 0.300000 -0.173335
v -0.055453 0.300000 -0.170667
v -0.064309 0.300000 -0.167531
v -0.072989 0.300000 -0.163936
v -0.081469 0.300000 -0.159891
v -0.089725 0.300000 -0.155408
v -0.097735 0.300000 -0.150499
v -0.105478 0.300000 -0.145178
v -0.112932 0.300000 -0.139459
v -0.120075 0.300000 -0.133357
v -0.126890 0.300000 -0.126890
v -0.133357 0.300000 -0.120075
v -0.139459 0.300000 -0.112932
v -0.145178 0.300000 -0.105478
v -0.150499 0.300000 -0.097735
v -0.155408 0.300000 -0.089725
v -0.159891 0.300000 -0.081469
v -0.163936 0.300000 -0.072989
v -0.167531 0.300000 -0.064309
v -0.170667 0.300000 -0.055453
v -0.173335 0.300000 -0.046445
v -0.175529 0.300000 -0.037310
v -0.177241 0.300000 -0.028072
v -0.178467 0.300000 -0.018758
v -0.179204 0.300000 -0.009392
v -0.179450 0.300000 -0.000000
v -0.179204 0.300000 0.009392
v -0.178467 0.300000 0.018758
v -0.177241 0.300000 0.028072
v -0.175529 0.300000 0.037310
v -0.173335 0.300000 0.046445
v -0.170667 0.300000 0.055453
v -0.167531 0.300000 0.064309
v -0.163936 0.300000 0.072989
v -0.159891 0.300000 0.081469
v -0.155408 0.300000 0.089725
v -0.150499 0.300000 0.097735
v -0.145178 0.300000 0.105478
v -0.139459 0.300000 0.112932
v -0.133357 0.300000 0.120075
v -0.126890 0.300000 0.126890
v -0.120075 0.300000 0.133357
v -0.112932 0.300000 0.139459
v -0.105478 0.300000 0.145178
v -0.097735 0.300000 0.150499
v -0.089725 0.300000 0.155408
v -0.081469 0.300000 0.159891
v -0.072989 0.300000 0.163936
v -0.064309 0.300000 0.167531
v -0.055453 0.300000 0.170667
v -0.046445 0.300000 0.173335
v -0.037310 0.300000 0.175529
v -0.028072 0.300000 0.177241
v -0.018758 0.300000 0.178467
v -0.009392 0.300000 0.179204
v -0.000000 0.300000 0.179450
v 0.009392 0.300000 0.179204
v 0.018758 0.300000 0.178467
v 0.028072 0.300000 0.177241
v 0.037310 0.300000 0.175529
v 0.046445 0.300000 0.173335
v 0.055453 0.300000 0.170667
v 0.064309 0.300000 0.167531
v 0.072989 0.300000 0.163936
v 0.081469 0.300000 0.159891
v 0.089725 0.300000 0.155408
v 0.097735 0.300000 0.150499
v 0.105478 0.300000 0.145178
v 0.112932 0.300000 0.139459
v 0.120075 0.300000 0.133357
v 0.126890 0.300000 0.126890
v 0.133357 0.300000 0.120075
v 0.139459 0.300000 0.112932
v 0.145178 0.300000 0.105478
v 0.150499 0.300000 0.097735
v 0.155408 0.300000 0.089725
v 0.159891 0.300000 0.081469
v 0.163936 0.300000 0.072989
v 0.167531 0.300000 0.064309
v 0.170667 0.300000 0.055453
v 0.173335 0.300000 0.046445
v 0.175529 0.300000 0.037310
v 0.177241 0.300000 0.028072
v 0.178467 0.300000 0.018758
v 0.179204 0.300000 0.009392
v 0.176413 0.298704 0.000000
v 0.176171 0.298704 -0.009233
v 0.175447 0.298704 -0.018440
v 0.174241 0.298704 -0.027597
v 0.172558 0.298704 -0.036678
v 0.170402 0.298704 -0.045659
v 0.167779 0.298704 -0.054515
v 0.164696 0.298704 -0.063221
v 0.161161 0.298704 -0.071754
v 0.157185 0.298704 -0.080090
v 0.152778 0.298704 -0.088206
v 0.147952 0.298704 -0.096081
v 0.142721 0.298704 -0.103693
v 0.137099 0.298704 -0.111020
v 0.131100 0.298704 -0.118043
v 0.124743 0.298704 -0.124743
v 0.118043 0.298704 -0.131100
v 0.111020 0.298704 -0.137099
v 0.103693 0.298704 -0.142721
v 0.096081 0.298704 -0.147952
v 0.088206 0.298704 -0.152778
v 0.080090 0.298704 -0.157185
v 0.071754 0.298704 -0.161161
v 0.063221 0.298704 -0.164696
v 0.054515 0.298704 -0.167779
v 0.045659 0.298704 -0.170402
v 0.036678 0.298704 -0.172558
v 0.027597 0.298704 -0.174241
v 0.018440 0.298704 -0.175447
v 0.009233 0.298704 -0.176171
v 0.000000 0.298704 -0.176413
v -0.009233 0.298704 -0.176171
v -0.018440 0.298704 -0.175447
v -0.027597 0.298704 -0.174241
v -0.036678 0.298704 -0.172558
v -0.045659 0.298704 -0.170402
v -0.054515 0.298704 -0.167779
v -0.063221 0.298704 -0.164696
v -0.071754 0.298704 -0.161161
v -0.080090 0.298704 -0.157185
v -0.088206 0.298704 -0.152778
v -0.096081 0.298704 -0.147952
v -0.103693 0.298704 -0.142721
v -0.111020 0.298704 -0.137099
v -0.118043 0.298704 -0.131100
v -0.124743 0.298704 -0.124743
v -0.131100 0.298704 -0.118043
v -0.137099 0.298704 -0.111020
v -0.142721 0.298704 -0.103693
v -0.147952 0.298704 -0.096081
v -0.152778 0.298704 -0.088206
v -0.157185 0.298704 -0.080090
v -0.161161 0.298704 -0.071754
v -0.164696 0.298704 -0.063221
v -0.167779 0.298704 -0.054515
v -0.170402 0.298704 -0.045659
v -0.172558 0.298704 -0.036678
v -0.174241 0.298704 -0.027597
v -0.175447 0.298704 -0.018440
v -0.176171 0.298704 -0.009233
v -0.176413 0.298704 -0.000000
v -0.176171 0.298704 0.009233
v -0.175447 0.298704 0.018440
v -0.174241 0.298704 0.027597
v -0.172558 0.298704 0.036678
v -0.170402 0.298704 0.045659
v -0.167779 0.298704 0.054515
v -0.164696 0.298704 0.063221
v -0.161161 0.298704 0.071754
v -0.157185 0.298704 0.080090
v -0.152778 0.298704 0.088206
v -0.147952 0.298704 0.096081
v -0.142721 0.298704 0.103693
v -0.137099 0.298704 0.111020
v -0.131100 0.298704 0.118043
v -0.124743 0.298704 0.124743
v -0.118043 0.298704 0.131100
v -0.111020 0.298704 0.137099
v -0.103693 0.298704 0.142721
v -0.096081 0.298704 0.147952
v -0.088206 0.298704 0.152778
v -0.080090 0.298704 0.157185
v -0.071754 0.298704 0.161161
v -0.063221 0.298704 0.164696
v -0.054515 0.298704 0.167779
v -0.045659 0.298704 0.170402
v -0.036678 0.298704 0.172558
v -0.027597 0.298704 0.174241
v -0.018440 0.298704 0.175447
v -0.009233 0.298704 0.176171
v -0.000000 0.298704 0.176413
v 0.009233 0.298704 0.176171
v 0.018440 0.298704 0.175447
v 0.027597 0.298704 0.174241
v 0.036678 0.298704 0.172558
v 0.045659 0.298704 0.170402
v 0.054515 0.298704 0.167779
v 0.063221 0.298704 0.164696
v 0.071754 0.298704 0.161161
v 0.080090 0.298704 0.157185
v 0.088206 0.298704 0.152778
v 0.096081 0.298704 0.147952
v 0.103693 0.298704 0.142721
v 0.111020 0.298704 0.137099
v 0.118043 0.298704 0.131100
v 0.124743 0.298704 0.124743
v 0.131100 0.298704 0.118043
v 0.137099 0.298704 0.111020
v 0.142721 0.298704 0.103693
v 0.147952 0.298704 0.096081
v 0.152778 0.298704 0.088206
v 0.157185 0.298704 0.080090
v 0.161161 0.298704 0.071754
v 0.164696 0.298704 0.063221
v 0.167779 0.298704 0.054515
v 0.170402 0.298704 0.045659
v 0.172558 0.298704 0.036678
v 0.174241 0.298704 0.027597
v 0.175447 0.298704 0.018440
v 0.176171 0.298704 0.009233
v 0.173820 0.296296 0.000000
v 0.173582 0.296296 -0.009097
v 0.172868 0.296296 -0.018169
v 0.171680 0.296296 -0.027191
v 0.170022 0.296296 -0.036139
v 0.167898 0.296296 -0.044988
v 0.165313 0.296296 -0.053713
v 0.162275 0.296296 -0.062292
v 0.158793 0.296296 -0.070699
v 0.154875 0.296296 -0.078913
v 0.150533 0.296296 -0.086910
v 0.145778 0.296296 -0.094669
v 0.140624 0.296296 -0.102169
v 0.135084 0.296296 -0.109389
v 0.129174 0.296296 -0.116309
v 0.122910 0.296296 -0.122910
v 0.116309 0.296296 -0.129174
v 0.109389 0.296296 -0.135084
v 0.102169 0.296296 -0.140624
v 0.094669 0.296296 -0.145778
v 0.086910 0.296296 -0.150533
v 0.078913 0.296296 -0.154875
v 0.070699 0.296296 -0.158793
v 0.062292 0.296296 -0.162275
v 0.053713 0.296296 -0.165313
v 0.044988 0.296296 -0.167898
v 0.036139 0.296296 -0.170022
v 0.027191 0.296296 -0.171680
v 0.018169 0.296296 -0.172868
v 0.009097 0.296296 -0.173582
v 0.000000 0.296296 -0.173820
v -0.009097 0.296296 -0.173582
v -0.018169 0.296296 -0.172868
v -0.027191 0.296296 -0.171680
v -0.036139 0.296296 -0.170022
v -0.044988 0.296296 -0.167898
v -0.053713 0.296296 -0.165313
v -0.062292 0.296296 -0.162275
v -0.070699 0.296296 -0.158793
v -0.078913 0.296296 -0.154875
v -0.086910 0.296296 -0.150533
v -0.094669 0.296296 -0.145778
v -0.102169 0.296296 -0.140624
v -0.109389 0.296296 -0.135084
v -0.116309 0.296296 -0.129174
v -0.122910 0.296296 -0.122910
v -0.129174 0.296296 -0.116309
v -0.135084 0.296296 -0.109389
v -0.140624 0.296296 -0.102169
v -0.145778 0.296296 -0.094669
v -0.150533 0.296296 -0.086910
v -0.154875 0.296296 -0.078913
v -0.158793 0.296296 -0.070699
v -0.162275 0.296296 -0.062292
v -0.165313 0.296296 -0.053713
v -0.167898 0.296296 -0.044988
v -0.170022 0.296296 -0.036139
v -0.171680 0.296296 -0.027191
v -0.172868 0.296296 -0.018169
v -0.173582 0.296296 -0.009097
v -0.173820 0.296296 -0.000000
v -0.173582 0.296296 0.009097
v -0.172868 0.296296 0.018169
v -0.171680 0.296296 0.027191
v -0.170022 0.296296 0.036139
v -0.167898 0.296296 0.044988
v -0.165313 0.296296 0.053713
v -0.162275 0.296296 0.062292
v -0.158793 0.296296 0.070699
v -0.154875 0.296296 0.078913
v -0.150533 0.296296 0.086910
v -0.145778 0.296296 0.094669
v -0.140624 0.296296 0.102169
v -0.135084 0.296296 0.109389
v -0.129174 0.296296 0.116309
v -0.122910 0.296296 0.122910
v -0.116309 0.296296 0.129174
v -0.109389 0.296296 0.135084
v -0.102169 0.296296 0.140624
v -0.094669 0.296296 0.145778
v -0.086910 0.296296 0.150533
v -0.078913 0.296296 0.154875
v -0.070699 0.296296 0.158793
v -0.062292 0.296296 0.162275
v -0.053713 0.296296 0.165313
v -0.044988 0.296296 0.167898
v -0.036139 0.296296 0.170022
v -0.027191 0.296296 0.171680
v -0.018169 0.296296 0.172868
v -0.009097 0.296296 0.173582
v -0.000000 0.296296 0.173820
v 0.009097 0.296296 0.173582
v 0.018169 0.296296 0.172868
v 0.027191 0.296296 0.171680
v 0.036139 0.296296 0.170022
v 0.044988 0.296296 0.167898
v 0.053713 0.296296 0.165313
v 0.062292 0.296296 0.162275
v 0.070699 0.296296 0.158793
v 0.078913 0.296296 0.154875
v 0.086910 0.296296 0.150533
v 0.094669 0.296296 0.145778
v 0.102169 0.296296 0.140624
v 0.109389 0.296296 0.135084
v 0.116309 0.296296 0.129174
v 0.122910 0.296296 0.122910
v 0.129174 0.296296 0.116309
v 0.135084 0.296296 0.109389
v 0.140624 0.296296 0.102169
v 0.145778 0.296296 0.094669
v 0.150533 0.296296 0.086910
v 0.154875 0.296296 0.078913
v 0.158793 0.296296 0.070699
v 0.162275 0.296296 0.062292
v 0.165313 0.296296 0.053713
v 0.167898 0.296296 0.044988
v 0.170022 0.296296 0.036139
v 0.171680 0.296296 0.027191
v 0.172868 0.296296 0.018169
v 0.173582 0.296296 0.009097
v 0.169450 0.295000 0.000000
v 0.169218 0.295000 -0.008868
v 0.168522 0.295000 -0.017712
v 0.167364 0.295000 -0.026508
v 0.165747 0.295000 -0.035231
v 0.163676 0.295000 -0.043857
v 0.161157 0.295000 -0.052363
v 0.158195 0.295000 -0.060725
v 0.154800 0.295000 -0.068922
v 0.150981 0.295000 -0.076929
v 0.146748 0.295000 -0.084725
v 0.142113 0.295000 -0.092289
v 0.137088 0.295000 -0.099600
v 0.131687 0.295000 -0.106638
v 0.125926 0.295000 -0.113384
v 0.119819 0.295000 -0.119819
v 0.113384 0.295000 -0.125926
v 0.106638 0.295000 -0.131687
v 0.099600 0.295000 -0.137088
v 0.092289 0.295000 -0.142113
v 0.084725 0.295000 -0.146748
v 0.076929 0.295000 -0.150981
v 0.068922 0.295000 -0.154800
v 0.060725 0.295000 -0.158195
v 0.052363 0.295000 -0.161157
v 0.043857 0.295000 -0.163676
v 0.035231 0.295000 -0.165747
v 0.026508 0.295000 -0.167364
v 0.017712 0.295000 -0.168522
v 0.008868 0.295000 -0.169218
v 0.000000 0.295000 -0.169450
v -0.008868 0.295000 -0.169218
v -0.017712 0.295000 -0.168522
v -0.026508 0.295000 -0.167364
v -0.035231 0.295000 -0.165747
v -0.043857 0.295000 -0.163676
v -0.052363 0.295000 -0.161157
v -0.060725 0.295000 -0.158195
v -0.068922 0.295000 -0.154800
v -0.076929 0.295000 -0.150981
v -0.084725 0.295000 -0.146748
v -0.092289 0.295000 -0.142113
v -0.099600 0.295000 -0.137088
v -0.106638 0.295000 -0.131687
v -0.113384 0.295000 -0.125926
v -0.119819 0.295000 -0.119819
v -0.125926 0.295000 -0.113384
v -0.131687 0.295000 -0.106638
v -0.137088 0.295000 -0.099600
v -0.142113 0.295000 -0.092289
v -0.146748 0.295000 -0.084725
v -0.150981 0.295000 -0.076929
v -0.154800 0.295000 -0.068922
v -0.158195 0.295000 -0.060725
v -0.161157 0.295000 -0.052363
v -0.163676 0.295000 -0.043857
v -0.165747 0.295000 -0.035231
v -0.167364 0.295000 -0.026508
v -0.168522 0.295000 -0.017712
v -0.169218 0.295000 -0.008868
v -0.169450 0.295000 -0.000000
v -0.169218 0.295000 0.008868
v -0.168522 0.295000 0.017712
v -0.167364 0.295000 0.026508
v -0.165747 0.295000 0.035231
v -0.163676 0.295000 0.043857
v -0.161157 0.295000 0.052363
v -0.158195 0.295000 0.060725
v -0.154800 0.295000 0.068922
v -0.150981 0.295000 0.076929
v -0.146748 0.295000 0.084725
v -0.142113 0.295000 0.092289
v -0.137088 0.295000 0.099600
v -0.131687 0.295000 0.106638
v -0.125926 0.295000 0.113384
v -0.119819 0.295000 0.119819
v -0.113384 0.295000 0.125926
v -0.106638 0.295000 0.131687
v -0.099600 0.295000 0.137088
v -0.092289 0.295000 0.142113
v -0.084725 0.295000 0.146748
v -0.076929 0.295000 0.150981
v -0.068922 0.295000 0.154800
v -0.060725 0.295000 0.158195
v -0.052363 0.295000 0.161157
v -0.043857 0.295000 0.163676
v -0.035231 0.295000 0.165747
v -0.026508 0.295000 0.167364
v -0.017712 0.295000 0.168522
v -0.008868 0.295000 0.169218
v -0.000000 0.295000 0.169450
v 0.008868 0.295000 0.169218
v 0.017712 0.295000 0.168522
v 0.026508 0.295000 0.167364
v 0.035231 0.295000 0.165747
v 0.043857 0.295000 0.163676
v 0.052363 0.295000 0.161157
v 0.060725 0.295000 0.158195
v 0.068922 0.295000 0.154800
v 0.076929 0.295000 0.150981
v 0.084725 0.295000 0.146748
v 0.092289 0.295000 0.142113
v 0.099600 0.295000 0.137088
v 0.106638 0.295000 0.131687
v 0.113384 0.295000 0.125926
v 0.119819 0.295000 0.119819
v 0.125926 0.295000 0.113384
v 0.131687 0.295000 0.106638
v 0.137088 0.295000 0.099600
v 0.142113 0.295000 0.092289
v 0.146748 0.295000 0.084725
v 0.150981 0.295000 0.076929
v 0.154800 0.295000 0.068922
v 0.158195 0.295000 0.060725
v 0.161157 0.295000 0.052363
v 0.163676 0.295000 0.043857
v 0.165747 0.295000 0.035231
v 0.167364 0.295000 0.026508
v 0.168522 0.295000 0.017712
v 0.169218 0.295000 0.008868
v 0.000000 0.295000 0.000000
v 0.242500 0.292500 0.000000
v 0.242168 0.292500 -0.012691
v 0.241172 0.292500 -0.025348
v 0.239514 0.292500 -0.037935
v 0.237201 0.292500 -0.050419
v 0.234237 0.292500 -0.062764
v 0.230631 0.292500 -0.074937
v 0.226393 0.292500 -0.086904
v 0.221535 0.292500 -0.098634
v 0.216069 0.292500 -0.110093
v 0.210011 0.292500 -0.121250
v 0.203378 0.292500 -0.132075
v 0.196187 0.292500 -0.142538
v 0.188458 0.292500 -0.152610
v 0.180213 0.292500 -0.162264
v 0.171473 0.292500 -0.171473
v 0.162264 0.292500 -0.180213
v 0.152610 0.292500 -0.188458
v 0.142538 0.292500 -0.196187
v 0.132075 0.292500 -0.203378
v 0.121250 0.292500 -0.210011
v 0.110093 0.292500 -0.216069
v 0.098634 0.292500 -0.221535
v 0.086904 0.292500 -0.226393
v 0.074937 0.292500 -0.230631
v 0.062764 0.292500 -0.234237
v 0.050419 0.292500 -0.237201
v 0.037935 0.292500 -0.239514
v 0.025348 0.292500 -0.241172
v 0.012691 0.292500 -0.242168
v 0.000000 0.292500 -0.242500
v -0.012691 0.292500 -0.242168
v -0.025348 0.292500 -0.241172
v -0.037935 0.292500 -0.239514
v -0.050419 0.292500 -0.237201
v -0.062764 0.292500 -0.234237
v -0.074937 0.292500 -0.230631
v -0.086904 0.292500 -0.226393
v -0.098634 0.292500 -0.221535
v -0.110093 0.292500 -0.216069
v -0.121250 0.292500 -0.210011
v -0.132075 0.292500 -0.203378
v -0.142538 0.292500 -0.196187
v -0.152610 0.292500 -0.188458
v -0.162264 0.292500 -0.180213
v -0.171473 0.292500 -0.171473
v -0.180213 0.292500 -0.162264
v -0.188458 0.292500 -0.152610
v -0.196187 0.292500 -0.142538
v -0.203378 0.292500 -0.132075
v -0.210011 0.292500 -0.121250
v -0.216069 0.292500 -0.110093
v -0.221535 0.292500 -0.098634
v -0.226393 0.292500 -0.086904
v -0.230631 0.292500 -0.074937
v -0.234237 0.292500 -0.062764
v -0.237201 0.292500 -0.050419
v -0.239514 0.292500 -0.037935
v -0.241172 0.292500 -0.025348
v -0.242168 0.292500 -0.012691
v -0.242500 0.292500 -0.000000
v -0.242168 0.292500 0.012691
v -0.241172 0.292500 0.025348
v -0.239514 0.292500 0.037935
v -0.237201 0.292500 0.050419
v -0.234237 0.292500 0.062764
v -0.230631 0.292500 0.074937
v -0.226393 0.292500 0.086904
v -0.221535 0.292500 0.098634
v -0.216069 0.292500 0.110093
v -0.210011 0.292500 0.121250
v -0.203378 0.292500 0.132075
v -0.196187 0.292500 0.142538
v -0.188458 0.292500 0.152610
v -0.180213 0.292500 0.162264
v -0.171473 0.292500 0.171473
v -0.162264 0.292500 0.180213
v -0.152610 0.292500 0.188458
v -0.142538 0.292500 0.196187
v -0.132075 0.292500 0.203378
v -0.121250 0.292500 0.210011
v -0.110093 0.292500 0.216069
v -0.098634 0.292500 0.221535
v -0.086904 0.292500 0.226393
v -0.074937 0.292500 0.230631
v -0.062764 0.292500 0.234237
v -0.050419 0.292500 0.237201
v -0.037935 0.292500 0.239514
v -0.025348 0.292500 0.241172
v -0.012691 0.292500 0.242168
v -0.000000 0.292500 0.242500
v 0.012691 0.292500 0.242168
v 0.025348 0.292500 0.241172
v 0.037935 0.292500 0.239514
v 0.050419 0.292500 0.237201
v 0.062764 0.292500 0.234237
v 0.074937 0.292500 0.230631
v 0.086904 0.292500 0.226393
v 0.098634 0.292500 0.221535
v 0.110093 0.292500 0.216069
v 0.121250 0.292500 0.210011
v 0.132075 0.292500 0.203378
v 0.142538 0.292500 0.196187
v 0.152610 0.292500 0.188458
v 0.162264 0.292500 0.180213
v 0.171473 0.292500 0.171473
v 0.180213 0.292500 0.162264
v 0.188458 0.292500 0.152610
v 0.196187 0.292500 0.142538
v 0.203378 0.292500 0.132075
v 0.210011 0.292500 0.121250
v 0.216069 0.292500 0.110093
v 0.221535 0.292500 0.098634
v 0.226393 0.292500 0.086904
v 0.230631 0.292500 0.074937
v 0.234237 0.292500 0.062764
v 0.237201 0.292500 0.050419
v 0.239514 0.292500 0.037935
v 0.241172 0.292500 0.025348
v 0.242168 0.292500 0.012691
v 0.250745 0.292500 0.000000
v 0.250401 0.292500 -0.013123
v 0.249371 0.292500 -0.026210
v 0.247658 0.292500 -0.039225
v 0.245266 0.292500 -0.052133
v 0.242201 0.292500 -0.064898
v 0.238473 0.292500 -0.077484
v 0.234091 0.292500 -0.089859
v 0.229067 0.292500 -0.101987
v 0.223415 0.292500 -0.113836
v 0.217152 0.292500 -0.125372
v 0.210292 0.292500 -0.136566
v 0.202857 0.292500 -0.147384
v 0.194865 0.292500 -0.157799
v 0.186340 0.292500 -0.167781
v 0.177303 0.292500 -0.177303
v 0.167781 0.292500 -0.186340
v 0.157799 0.292500 -0.194865
v 0.147384 0.292500 -0.202857
v 0.136566 0.292500 -0.210292
v 0.125372 0.292500 -0.217152
v 0.113836 0.292500 -0.223415
v 0.101987 0.292500 -0.229067
v 0.089859 0.292500 -0.234091
v 0.077484 0.292500 -0.238473
v 0.064898 0.292500 -0.242201
v 0.052133 0.292500 -0.245266
v 0.039225 0.292500 -0.247658
v 0.026210 0.292500 -0.249371
v 0.013123 0.292500 -0.250401
v 0.000000 0.292500 -0.250745
v -0.013123 0.292500 -0.250401
v -0.026210 0.292500 -0.249371
v -0.039225 0.292500 -0.247658
v -0.052133 0.292500 -0.245266
v -0.064898 0.292500 -0.242201
v -0.077484 0.292500 -0.238473
v -0.089859 0.292500 -0.234091
v -0.101987 0.292500 -0.229067
v -0.113836 0.292500 -0.223415
v -0.125372 0.292500 -0.217152
v -0.136566 0.292500 -0.210292
v -0.147384 0.292500 -0.202857
v -0.157799 0.292500 -0.194865
v -0.167781 0.292500 -0.186340
v -0.177303 0.292500 -0.177303
v -0.186340 0.292500 -0.167781
v -0.194865 0.292500 -0.157799
v -0.202857 0.292500 -0.147384
v -0.210292 0.292500 -0.136566
v -0.217152 0.292500 -0.125372
v -0.223415 0.292500 -0.113836
v -0.229067 0.292500 -0.101987
v -0.234091 0.292500 -0.089859
v -0.238473 0.292500 -0.077484
v -0.242201 0.292500 -0.064898
v -0.245266 0.292500 -0.052133
v -0.247658 0.292500 -0.039225
v -0.249371 0.292500 -0.026210
v -0.250401 0.292500 -0.013123
v -0.250745 0.292500 -0.000000
v -0.250401 0.292500 0.013123
v -0.249371 0.292500 0.026210
v -0.247658 0.292500 0.039225
v -0.245266 0.292500 0.052133
v -0.242201 0.292500 0.064898
v -0.238473 0.292500 0.077484
v -0.234091 0.292500 0.089859
v -0.229067 0.292500 0.101987
v -0.223415 0.292500 0.113836
v -0.217152 0.292500 0.125372
v -0.210292 0.292500 0.136566
v -0.202857 0.292500 0.147384
v -0.194865 0.292500 0.157799
v -0.186340 0.292500 0.167781
v -0.177303 0.292500 0.177303
v -0.167781 0.292500 0.186340
v -0.157799 0.292500 0.194865
v -0.147384 0.292500 0.202857
v -0.136566 0.292500 0.210292
v -0.125372 0.292500 0.217152
v -0.113836 0.292500 0.223415
v -0.101987 0.292500 0.229067
v -0.089859 0.292500 0.234091
v -0.077484 0.292500 0.238473
v -0.064898 0.292500 0.242201
v -0.052133 0.292500 0.245266
v -0.039225 0.292500 0.247658
v -0.026210 0.292500 0.249371
v -0.013123 0.292500 0.250401
v -0.000000 0.292500 0.250745
v 0.013123 0.292500 0.250401
v 0.026210 0.292500 0.249371
v 0.039225 0.292500 0.247658
v 0.052133 0.292500 0.245266
v 0.064898 0.292500 0.242201
v 0.077484 0.292500 0.238473
v 0.089859 0.292500 0.234091
v 0.101987 0.292500 0.229067
v 0.113836 0.292500 0.223415
v 0.125372 0.292500 0.217152
v 0.136566 0.292500 0.210292
v 0.147384 0.292500 0.202857
v 0.157799 0.292500 0.194865
v 0.167781 0.292500 0.186340
v 0.177303 0.292500 0.177303
v 0.186340 0.292500 0.167781
v 0.194865 0.292500 0.157799
v 0.202857 0.292500 0.147384
v 0.210292 0.292500 0.136566
v 0.217152 0.292500 0.125372
v 0.223415 0.292500 0.113836
v 0.229067 0.292500 0.101987
v 0.234091 0.292500 0.089859
v 0.238473 0.292500 0.077484
v 0.242201 0.292500 0.064898
v 0.245266 0.292500 0.052133
v 0.247658 0.292500 0.039225
v 0.249371 0.292500 0.026210
v 0.250401 0.292500 0.013123
v 0.250745 0.301500 0.000000
v 0.250401 0.301500 -0.013123
v 0.249371 0.301500 -0.026210
v 0.247658 0.301500 -0.039225
v 0.245266 0.301500 -0.052133
v 0.242201 0.301500 -0.064898
v 0.238473 0.301500 -0.077484
v 0.234091 0.301500 -0.089859
v 0.229067 0.301500 -0.101987
v 0.223415 0.301500 -0.113836
v 0.217152 0.301500 -0.125372
v 0.210292 0.301500 -0.136566
v 0.202857 0.301500 -0.147384
v 0.194865 0.301500 -0.157799
v 0.186340 0.301500 -0.167781
v 0.177303 0.301500 -0.177303
v 0.167781 0.301500 -0.186340
v 0.157799 0.301500 -0.194865
v 0.147384 0.301500 -0.202857
v 0.136566 0.301500 -0.210292
v 0.125372 0.301500 -0.217152
v 0.113836 0.301500 -0.223415
v 0.101987 0.301500 -0.229067
v 0.089859 0.301500 -0.234091
v 0.077484 0.301500 -0.238473
v 0.064898 0.301500 -0.242201
v 0.052133 0.301500 -0.245266
v 0.039225 0.301500 -0.247658
v 0.026210 0.301500 -0.249371
v 0.013123 0.301500 -0.250401
v 0.000000 0.301500 -0.250745
v -0.013123 0.301500 -0.250401
v -0.026210 0.301500 -0.249371
v -0.039225 0.301500 -0.247658
v -0.052133 0.301500 -0.245266
v -0.064898 0.301500 -0.242201
v -0.077484 0.301500 -0.238473
v -0.089859 0.301500 -0.234091
v -0.101987 0.301500 -0.229067
v -0.113836 0.301500 -0.223415
v -0.125372 0.301500 -0.217152
v -0.136566 0.301500 -0.210292
v -0.147384 0.301500 -0.202857
v -0.157799 0.301500 -0.194865
v -0.167781 0.301500 -0.186340
v -0.177303 0.301500 -0.177303
v -0.186340 0.301500 -0.167781
v -0.194865 0.301500 -0.157799
v -0.202857 0.301500 -0.147384
v -0.210292 0.301500 -0.136566
v -0.217152 0.301500 -0.125372
v -0.223415 0.301500 -0.113836
v -0.229067 0.301500 -0.101987
v -0.234091 0.301500 -0.089859
v -0.238473 0.301500 -0.077484
v -0.242201 0.301500 -0.064898
v -0.245266 0.301500 -0.052133
v -0.247658 0.301500 -0.039225
v -0.249371 0.301500 -0.026210
v -0.250401 0.301500 -0.013123
v -0.250745 0.301500 -0.000000
v -0.250401 0.301500 0.013123
v -0.249371 0.301500 0.026210
v -0.247658 0.301500 0.039225
v -0.245266 0.301500 0.052133
v -0.242201 0.301500 0.064898
v -0.238473 0.301500 0.077484
v -0.234091 0.301500 0.089859
v -0.229067 0.301500 0.101987
v -0.223415 0.301500 0.113836
v -0.217152 0.301500 0.125372
v -0.210292 0.301500 0.136566
v -0.202857 0.301500 0.147384
v -0.194865 0.301500 0.157799
v -0.186340 0.301500 0.167781
v -0.177303 0.301500 0.177303
v -0.167781 0.301500 0.186340
v -0.157799 0.301500 0.194865
v -0.147384 0.301500 0.202857
v -0.136566 0.301500 0.210292
v -0.125372 0.301500 0.217152
v -0.113836 0.301500 0.223415
v -0.101987 0.301500 0.229067
v -0.089859 0.301500 0.234091
v -0.077484 0.301500 0.238473
v -0.064898 0.301500 0.242201
v -0.052133 0.301500 0.245266
v -0.039225 0.301500 0.247658
v -0.026210 0.301500 0.249371
v -0.013123 0.301500 0.250401
v -0.000000 0.301500 0.250745
v 0.013123 0.301500 0.250401
v 0.026210 0.301500 0.249371
v 0.039225 0.301500 0.247658
v 0.052133 0.301500 0.245266
v 0.064898 0.301500 0.242201
v 0.077484 0.301500 0.238473
v 0.089859 0.301500 0.234091
v 0.101987 0.301500 0.229067
v 0.113836 0.301500 0.223415
v 0.125372 0.301500 0.217152
v 0.136566 0.301500 0.210292
v 0.147384 0.301500 0.202857
v 0.157799 0.301500 0.194865
v 0.167781 0.301500 0.186340
v 0.177303 0.301500 0.177303
v 0.186340 0.301500 0.167781
v 0.194865 0.301500 0.157799
v 0.202857 0.301500 0.147384
v 0.210292 0.301500 0.136566
v 0.217152 0.301500 0.125372
v 0.223415 0.301500 0.113836
v 0.229067 0.301500 0.101987
v 0.234091 0.301500 0.089859
v 0.238473 0.301500 0.077484
v 0.242201 0.301500 0.064898
v 0.245266 0.301500 0.052133
v 0.247658 0.301500 0.039225
v 0.249371 0.301500 0.026210
v 0.250401 0.301500 0.013123
v 0.242500 0.301500 0.000000
v 0.242168 0.301500 -0.012691
v 0.241172 0.301500 -0.025348
v 0.239514 0.301500 -0.037935
v 0.237201 0.301500 -0.050419
v 0.234237 0.301500 -0.062764
v 0.230631 0.301500 -0.074937
v 0.226393 0.301500 -0.086904
v 0.221535 0.301500 -0.098634
v 0.216069 0.301500 -0.110093
v 0.210011 0.301500 -0.121250
v 0.203378 0.301500 -0.132075
v 0.196187 0.301500 -0.142538
v 0.188458 0.301500 -0.152610
v 0.180213 0.301500 -0.162264
v 0.171473 0.301500 -0.171473
v 0.162264 0.301500 -0.180213
v 0.152610 0.301500 -0.188458
v 0.142538 0.301500 -0.196187
v 0.132075 0.301500 -0.203378
v 0.121250 0.301500 -0.210011
v 0.110093 0.301500 -0.216069
v 0.098634 0.301500 -0.221535
v 0.086904 0.301500 -0.226393
v 0.074937 0.301500 -0.230631
v 0.062764 0.301500 -0.234237
v 0.050419 0.301500 -0.237201
v 0.037935 0.301500 -0.239514
v 0.025348 0.301500 -0.241172
v 0.012691 0.301500 -0.242168
v 0.000000 0.301500 -0.242500
v -0.012691 0.301500 -0.242168
v -0.025348 0.301500 -0.241172
v -0.037935 0.301500 -0.239514
v -0.050419 0.301500 -0.237201
v -0.062764 0.301500 -0.234237
v -0.074937 0.301500 -0.230631
v -0.086904 0.301500 -0.226393
v -0.098634 0.301500 -0.221535
v -0.110093 0.301500 -0.216069
v -0.121250 0.301500 -0.210011
v -0.132075 0.301500 -0.203378
v -0.142538 0.301500 -0.196187
v -0.152610 0.301500 -0.188458
v -0.162264 0.301500 -0.180213
v -0.171473 0.301500 -0.171473
v -0.180213 0.301500 -0.162264
v -0.188458 0.301500 -0.152610
v -0.196187 0.301500 -0.142538
v -0.203378 0.301500 -0.132075
v -0.210011 0.301500 -0.121250
v -0.216069 0.301500 -0.110093
v -0.221535 0.301500 -0.098634
v -0.226393 0.301500 -0.086904
v -0.230631 0.301500 -0.074937
v -0.234237 0.301500 -0.062764
v -0.237201 0.301500 -0.050419
v -0.239514 0.301500 -0.037935
v -0.241172 0.301500 -0.025348
v -0.242168 0.301500 -0.012691
v -0.242500 0.301500 -0.000000
v -0.242168 0.301500 0.012691
v -0.241172 0.301500 0.025348
v -0.239514 0.301500 0.037935
v -0.237201 0.301500 0.050419
v -0.234237 0.301500 0.062764
v -0.230631 0.301500 0.074937
v -0.226393 0.301500 0.086904
v -0.221535 0.301500 0.098634
v -0.216069 0.301500 0.110093
v -0.210011 0.301500 0.121250
v -0.203378 0.301500 0.132075
v -0.196187 0.301500 0.142538
v -0.188458 0.301500 0.152610
v -0.180213 0.301500 0.162264
v -0.171473 0.301500 0.171473
v -0.162264 0.301500 0.180213
v -0.152610 0.301500 0.188458
v -0.142538 0.301500 0.196187
v -0.132075 0.301500 0.203378
v -0.121250 0.301500 0.210011
v -0.110093 0.301500 0.216069
v -0.098634 0.301500 0.221535
v -0.086904 0.301500 0.226393
v -0.074937 0.301500 0.230631
v -0.062764 0.301500 0.234237
v -0.050419 0.301500 0.237201
v -0.037935 0.301500 0.239514
v -0.025348 0.301500 0.241172
v -0.012691 0.301500 0.242168
v -0.000000 0.301500 0.242500
v 0.012691 0.301500 0.242168
v 0.025348 0.301500 0.241172
v 0.037935 0.301500 0.239514
v 0.050419 0.301500 0.237201
v 0.062764 0.301500 0.234237
v 0.074937 0.301500 0.230631
v 0.086904 0.301500 0.226393
v 0.098634 0.301500 0.221535
v 0.110093 0.301500 0.216069
v 0.121250 0.301500 0.210011
v 0.132075 0.301500 0.203378
v 0.142538 0.301500 0.196187
v 0.152610 0.301500 0.188458
v 0.162264 0.301500 0.180213
v 0.171473 0.301500 0.171473
v 0.180213 0.301500 0.162264
v 0.188458 0.301500 0.152610
v 0.196187 0.301500 0.142538
v 0.203378 0.301500 0.132075
v 0.210011 0.301500 0.121250
v 0.216069 0.301500 0.110093
v 0.221535 0.301500 0.098634
v 0.226393 0.301500 0.086904
v 0.230631 0.301500 0.074937
v 0.234237 0.301500 0.062764
v 0.237201 0.301500 0.050419
v 0.239514 0.301500 0.037935
v 0.241172 0.301500 0.025348
v 0.242168 0.301500 0.012691
v -0.136964 0.307000 0.089500
v 0.136964 0.307000 0.089500
v 0.147500 0.307000 0.078964
v 0.147500 0.307000 0.040757
v 0.143599 0.307000 0.034906
v 0.130723 0.307000 -0.060748
v 0.100429 0.307000 0.009307
v 0.067808 0.307000 -0.041663
v 0.033266 0.307000 0.003038
v 0.000000 0.307000 -0.083063
v -0.033266 0.307000 0.003038
v -0.067808 0.307000 -0.041663
v -0.100429 0.307000 0.009307
v -0.130723 0.307000 -0.060748
v -0.143599 0.307000 0.034906
v -0.147500 0.307000 0.040757
v -0.147500 0.307000 0.078964
v -0.137697 0.306268 0.091268
v 0.137697 0.306268 0.091268
v 0.149268 0.306268 0.079697
v 0.149268 0.306268 0.040222
v 0.145297 0.306268 0.034265
v 0.131626 0.306268 -0.067290
v 0.100126 0.306268 0.005555
v 0.067944 0.306268 -0.044730
v 0.033785 0.306268 -0.000524
v 0.000000 0.306268 -0.087968
v -0.033785 0.306268 -0.000524
v -0.067944 0.306268 -0.044730
v -0.100126 0.306268 0.005555
v -0.131626 0.306268 -0.067290
v -0.145297 0.306268 0.034265
v -0.149268 0.306268 0.040222
v -0.149268 0.306268 0.079697
v -0.138000 0.304500 0.092000
v 0.138000 0.304500 0.092000
v 0.150000 0.304500 0.080000
v 0.150000 0.304500 0.040000
v 0.146000 0.304500 0.034000
v 0.132000 0.304500 -0.070000
v 0.100000 0.304500 0.004000
v 0.068000 0.304500 -0.046000
v 0.034000 0.304500 -0.002000
v 0.000000 0.304500 -0.090000
v -0.034000 0.304500 -0.002000
v -0.068000 0.304500 -0.046000
v -0.100000 0.304500 0.004000
v -0.132000 0.304500 -0.070000
v -0.146000 0.304500 0.034000
v -0.150000 0.304500 0.040000
v -0.150000 0.304500 0.080000
v -0.138000 0.293500 0.092000
v 0.138000 0.293500 0.092000
v 0.150000 0.293500 0.080000
v 0.150000 0.293500 0.040000
v 0.146000 0.293500 0.034000
v 0.132000 0.293500 -0.070000
v 0.100000 0.293500 0.004000
v 0.068000 0.293500 -0.046000
v 0.034000 0.293500 -0.002000
v 0.000000 0.293500 -0.090000
v -0.034000 0.293500 -0.002000
v -0.068000 0.293500 -0.046000
v -0.100000 0.293500 0.004000
v -0.132000 0.293500 -0.070000
v -0.146000 0.293500 0.034000
v -0.150000 0.293500 0.040000
v -0.150000 0.293500 0.080000
v -0.137697 0.291732 0.091268
v 0.137697 0.291732 0.091268
v 0.149268 0.291732 0.079697
v 0.149268 0.291732 0.040222
v 0.145297 0.291732 0.034265
v 0.131626 0.291732 -0.067290
v 0.100126 0.291732 0.005555
v 0.067944 0.291732 -0.044730
v 0.033785 0.291732 -0.000524
v 0.000000 0.291732 -0.087968
v -0.033785 0.291732 -0.000524
v -0.067944 0.291732 -0.044730
v -0.100126 0.291732 0.005555
v -0.131626 0.291732 -0.067290
v -0.145297 0.291732 0.034265
v -0.149268 0.291732 0.040222
v -0.149268 0.291732 0.079697
v -0.136964 0.291000 0.089500
v 0.136964 0.291000 0.089500
v 0.147500 0.291000 0.078964
v 0.147500 0.291000 0.040757
v 0.143599 0.291000 0.034906
v 0.130723 0.291000 -0.060748
v 0.100429 0.291000 0.009307
v 0.067808 0.291000 -0.041663
v 0.033266 0.291000 0.003038
v 0.000000 0.291000 -0.083063
v -0.033266 0.291000 0.003038
v -0.067808 0.291000 -0.041663
v -0.100429 0.291000 0.009307
v -0.130723 0.291000 -0.060748
v -0.143599 0.291000 0.034906
v -0.147500 0.291000 0.040757
v -0.147500 0.291000 0.078964
v 0.132000 0.290000 -0.070000
v 0.141192 0.293808 -0.070000
v 0.138500 0.293808 -0.076500
v 0.132000 0.293808 -0.079192
v 0.125500 0.293808 -0.076500
v 0.122808 0.293808 -0.070000
v 0.125500 0.293808 -0.063500
v 0.132000 0.293808 -0.060808
v 0.138500 0.293808 -0.063500
v 0.145000 0.303000 -0.070000
v 0.141192 0.303000 -0.079192
v 0.132000 0.303000 -0.083000
v 0.122808 0.303000 -0.079192
v 0.119000 0.303000 -0.070000
v 0.122808 0.303000 -0.060808
v 0.132000 0.303000 -0.057000
v 0.141192 0.303000 -0.060808
v 0.141192 0.312192 -0.070000
v 0.138500 0.312192 -0.076500
v 0.132000 0.312192 -0.079192
v 0.125500 0.312192 -0.076500
v 0.122808 0.312192 -0.070000
v 0.125500 0.312192 -0.063500
v 0.132000 0.312192 -0.060808
v 0.138500 0.312192 -0.063500
v 0.132000 0.316000 -0.070000
v 0.068000 0.290000 -0.046000
v 0.077192 0.293808 -0.046000
v 0.074500 0.293808 -0.052500
v 0.068000 0.293808 -0.055192
v 0.061500 0.293808 -0.052500
v 0.058808 0.293808 -0.046000
v 0.061500 0.293808 -0.039500
v 0.068000 0.293808 -0.036808
v 0.074500 0.293808 -0.039500
v 0.081000 0.303000 -0.046000
v 0.077192 0.303000 -0.055192
v 0.068000 0.303000 -0.059000
v 0.058808 0.303000 -0.055192
v 0.055000 0.303000 -0.046000
v 0.058808 0.303000 -0.036808
v 0.068000 0.303000 -0.033000
v 0.077192 0.303000 -0.036808
v 0.077192 0.312192 -0.046000
v 0.074500 0.312192 -0.052500
v 0.068000 0.312192 -0.055192
v 0.061500 0.312192 -0.052500
v 0.058808 0.312192 -0.046000
v 0.061500 0.312192 -0.039500
v 0.068000 0.312192 -0.036808
v 0.074500 0.312192 -0.039500
v 0.068000 0.316000 -0.046000
v 0.000000 0.290000 -0.090000
v 0.009192 0.293808 -0.090000
v 0.006500 0.293808 -0.096500
v 0.000000 0.293808 -0.099192
v -0.006500 0.293808 -0.096500
v -0.009192 0.293808 -0.090000
v -0.006500 0.293808 -0.083500
v -0.000000 0.293808 -0.080808
v 0.006500 0.293808 -0.083500
v 0.013000 0.303000 -0.090000
v 0.009192 0.303000 -0.099192
v 0.000000 0.303000 -0.103000
v -0.009192 0.303000 -0.099192
v -0.013000 0.303000 -0.090000
v -0.009192 0.303000 -0.080808
v -0.000000 0.303000 -0.077000
v 0.009192 0.303000 -0.080808
v 0.009192 0.312192 -0.090000
v 0.006500 0.312192 -0.096500
v 0.000000 0.312192 -0.099192
v -0.006500 0.312192 -0.096500
v -0.009192 0.312192 -0.090000
v -0.006500 0.312192 -0.083500
v -0.000000 0.312192 -0.080808
v 0.006500 0.312192 -0.083500
v 0.000000 0.316000 -0.090000
v -0.068000 0.290000 -0.046000
v -0.058808 0.293808 -0.046000
v -0.061500 0.293808 -0.052500
v -0.068000 0.293808 -0.055192
v -0.074500 0.293808 -0.052500
v -0.077192 0.293808 -0.046000
v -0.074500 0.293808 -0.039500
v -0.068000 0.293808 -0.036808
v -0.061500 0.293808 -0.039500
v -0.055000 0.303000 -0.046000
v -0.058808 0.303000 -0.055192
v -0.068000 0.303000 -0.059000
v -0.077192 0.303000 -0.055192
v -0.081000 0.303000 -0.046000
v -0.077192 0.303000 -0.036808
v -0.068000 0.303000 -0.033000
v -0.058808 0.303000 -0.036808
v -0.058808 0.312192 -0.046000
v -0.061500 0.312192 -0.052500
v -0.068000 0.312192 -0.055192
v -0.074500 0.312192 -0.052500
v -0.077192 0.312192 -0.046000
v -0.074500 0.312192 -0.039500
v -0.068000 0.312192 -0.036808
v -0.061500 0.312192 -0.039500
v -0.068000 0.316000 -0.046000
v -0.132000 0.290000 -0.070000
v -0.122808 0.293808 -0.070000
v -0.125500 0.293808 -0.076500
v -0.132000 0.293808 -0.079192
v -0.138500 0.293808 -0.076500
v -0.141192 0.293808 -0.070000
v -0.138500 0.293808 -0.063500
v -0.132000 0.293808 -0.060808
v -0.125500 0.293808 -0.063500
v -0.119000 0.303000 -0.070000
v -0.122808 0.303000 -0.079192
v -0.132000 0.303000 -0.083000
v -0.141192 0.303000 -0.079192
v -0.145000 0.303000 -0.070000
v -0.141192 0.303000 -0.060808
v -0.132000 0.303000 -0.057000
v -0.122808 0.303000 -0.060808
v -0.122808 0.312192 -0.070000
v -0.125500 0.312192 -0.076500
v -0.132000 0.312192 -0.079192
v -0.138500 0.312192 -0.076500
v -0.141192 0.312192 -0.070000
v -0.138500 0.312192 -0.063500
v -0.132000 0.312192 -0.060808
v -0.125500 0.312192 -0.063500
v -0.132000 0.316000 -0.070000
v -0.085000 0.293000 0.066000
v -0.077222 0.296222 0.066000
v -0.079500 0.296222 0.060500
v -0.085000 0.296222 0.058222
v -0.090500 0.296222 0.060500
v -0.092778 0.296222 0.066000
v -0.090500 0.296222 0.071500
v -0.085000 0.296222 0.073778
v -0.079500 0.296222 0.071500
v -0.074000 0.304000 0.066000
v -0.077222 0.304000 0.058222
v -0.085000 0.304000 0.055000
v -0.092778 0.304000 0.058222
v -0.096000 0.304000 0.066000
v -0.092778 0.304000 0.073778
v -0.085000 0.304000 0.077000
v -0.077222 0.304000 0.073778
v -0.077222 0.311778 0.066000
v -0.079500 0.311778 0.060500
v -0.085000 0.311778 0.058222
v -0.090500 0.311778 0.060500
v -0.092778 0.311778 0.066000
v -0.090500 0.311778 0.071500
v -0.085000 0.311778 0.073778
v -0.079500 0.311778 0.071500
v -0.085000 0.315000 0.066000
v 0.000000 0.293000 0.066000
v 0.007778 0.296222 0.066000
v 0.005500 0.296222 0.060500
v 0.000000 0.296222 0.058222
v -0.005500 0.296222 0.060500
v -0.007778 0.296222 0.066000
v -0.005500 0.296222 0.071500
v -0.000000 0.296222 0.073778
v 0.005500 0.296222 0.071500
v 0.011000 0.304000 0.066000
v 0.007778 0.304000 0.058222
v 0.000000 0.304000 0.055000
v -0.007778 0.304000 0.058222
v -0.011000 0.304000 0.066000
v -0.007778 0.304000 0.073778
v -0.000000 0.304000 0.077000
v 0.007778 0.304000 0.073778
v 0.007778 0.311778 0.066000
v 0.005500 0.311778 0.060500
v 0.000000 0.311778 0.058222
v -0.005500 0.311778 0.060500
v -0.007778 0.311778 0.066000
v -0.005500 0.311778 0.071500
v -0.000000 0.311778 0.073778
v 0.005500 0.311778 0.071500
v 0.000000 0.315000 0.066000
v 0.085000 0.293000 0.066000
v 0.092778 0.296222 0.066000
v 0.090500 0.296222 0.060500
v 0.085000 0.296222 0.058222
v 0.079500 0.296222 0.060500
v 0.077222 0.296222 0.066000
v 0.079500 0.296222 0.071500
v 0.085000 0.296222 0.073778
v 0.090500 0.296222 0.071500
v 0.096000 0.304000 0.066000
v 0.092778 0.304000 0.058222
v 0.085000 0.304000 0.055000
v 0.077222 0.304000 0.058222
v 0.074000 0.304000 0.066000
v 0.077222 0.304000 0.073778
v 0.085000 0.304000 0.077000
v 0.092778 0.304000 0.073778
v 0.092778 0.311778 0.066000
v 0.090500 0.311778 0.060500
v 0.085000 0.311778 0.058222
v 0.079500 0.311778 0.060500
v 0.077222 0.311778 0.066000
v 0.079500 0.311778 0.071500
v 0.085000 0.311778 0.073778
v 0.090500 0.311778 0.071500
v 0.085000 0.315000 0.066000
vn -0.5947 0.3774 0.7098
vn -0.4242 0.5205 0.7411
vn -0.2502 0.8800 0.4036
vn -0.0000 -1.0000 -0.0000
vn 0.2588 -0.9659 -0.0000
vn 0.2580 -0.9659 -0.0203
vn 0.5015 -0.8643 -0.0395
vn 0.5030 -0.8643 -0.0000
vn 0.2556 -0.9659 -0.0405
vn 0.4968 -0.8643 -0.0787
vn 0.2517 -0.9659 -0.0604
vn 0.4891 -0.8643 -0.1174
vn 0.2462 -0.9659 -0.0800
vn 0.4784 -0.8643 -0.1554
vn 0.2391 -0.9659 -0.0990
vn 0.4647 -0.8643 -0.1925
vn 0.2306 -0.9659 -0.1175
vn 0.4482 -0.8643 -0.2284
vn 0.2207 -0.9659 -0.1352
vn 0.4289 -0.8643 -0.2628
vn 0.2094 -0.9659 -0.1521
vn 0.4069 -0.8643 -0.2957
vn 0.1968 -0.9659 -0.1681
vn 0.3825 -0.8643 -0.3267
vn 0.1830 -0.9659 -0.1830
vn 0.3557 -0.8643 -0.3557
vn 0.1681 -0.9659 -0.1968
vn 0.3267 -0.8643 -0.3825
vn 0.1521 -0.9659 -0.2094
vn 0.2957 -0.8643 -0.4069
vn 0.1352 -0.9659 -0.2207
vn 0.2628 -0.8643 -0.4289
vn 0.1175 -0.9659 -0.2306
vn 0.2284 -0.8643 -0.4482
vn 0.0990 -0.9659 -0.2391
vn 0.1925 -0.8643 -0.4647
vn 0.0800 -0.9659 -0.2462
vn 0.1554 -0.8643 -0.4784
vn 0.0604 -0.9659 -0.2517
vn 0.1174 -0.8643 -0.4891
vn 0.0405 -0.9659 -0.2556
vn 0.0787 -0.8643 -0.4968
vn 0.0203 -0.9659 -0.2580
vn 0.0395 -0.8643 -0.5015
vn -0.0000 -0.9659 -0.2588
vn -0.0000 -0.8643 -0.5030
vn -0.0203 -0.9659 -0.2580
vn -0.0395 -0.8643 -0.5015
vn -0.0405 -0.9659 -0.2556
vn -0.0787 -0.8643 -0.4968
vn -0.0604 -0.9659 -0.2517
vn -0.1174 -0.8643 -0.4891
vn -0.0800 -0.9659 -0.2462
vn -0.1554 -0.8643 -0.4784
vn -0.0990 -0.9659 -0.2391
vn -0.1925 -0.8643 -0.4647
vn -0.1175 -0.9659 -0.2306
vn -0.2284 -0.8643 -0.4482
vn -0.1352 -0.9659 -0.2207
vn -0.2628 -0.8643 -0.4289
vn -0.1521 -0.9659 -0.2094
vn -0.2957 -0.8643 -0.4069
vn -0.1681 -0.9659 -0.1968
vn -0.3267 -0.8643 -0.3825
vn -0.1830 -0.9659 -0.1830
vn -0.3557 -0.8643 -0.3557
vn -0.1968 -0.9659 -0.1681
vn -0.3825 -0.8643 -0.3267
vn -0.2094 -0.9659 -0.1521
vn -0.4069 -0.8643 -0.2957
vn -0.2207 -0.9659 -0.1352
vn -0.4289 -0.8643 -0.2628
vn -0.2306 -0.9659 -0.1175
vn -0.4482 -0.8643 -0.2284
vn -0.2391 -0.9659 -0.0990
vn -0.4647 -0.8643 -0.1925
vn -0.2462 -0.9659 -0.0800
vn -0.4784 -0.8643 -0.1554
vn -0.2517 -0.9659 -0.0604
vn -0.4891 -0.8643 -0.1174
vn -0.2556 -0.9659 -0.0405
vn -0.4968 -0.8643 -0.0787
vn -0.2580 -0.9659 -0.0203
vn -0.5015 -0.8643 -0.0395
vn -0.2588 -0.9659 -0.0000
vn -0.5030 -0.8643 -0.0000
vn -0.2580 -0.9659 0.0203
vn -0.5015 -0.8643 0.0395
vn -0.2556 -0.9659 0.0405
vn -0.4968 -0.8643 0.0787
vn -0.2517 -0.9659 0.0604
vn -0.4891 -0.8643 0.1174
vn -0.2462 -0.9659 0.0800
vn -0.4784 -0.8643 0.1554
vn -0.2391 -0.9659 0.0990
vn -0.4647 -0.8643 0.1925
vn -0.2306 -0.9659 0.1175
vn -0.4482 -0.8643 0.2284
vn -0.2207 -0.9659 0.1352
vn -0.4289 -0.8643 0.2628
vn -0.2094 -0.9659 0.1521
vn -0.4069 -0.8643 0.2957
vn -0.1968 -0.9659 0.1681
vn -0.3825 -0.8643 0.3267
vn -0.1830 -0.9659 0.1830
vn -0.3557 -0.8643 0.3557
vn -0.1681 -0.9659 0.1968
vn -0.3267 -0.8643 0.3825
vn -0.1521 -0.9659 0.2094
vn -0.2957 -0.8643 0.4069
vn -0.1352 -0.9659 0.2207
vn -0.2628 -0.8643 0.4289
vn -0.1175 -0.9659 0.2306
vn -0.2284 -0.8643 0.4482
vn -0.0990 -0.9659 0.2391
vn -0.1925 -0.8643 0.4647
vn -0.0800 -0.9659 0.2462
vn -0.1554 -0.8643 0.4784
vn -0.0604 -0.9659 0.2517
vn -0.1174 -0.8643 0.4891
vn -0.0405 -0.9659 0.2556
vn -0.0787 -0.8643 0.4968
vn -0.0203 -0.9659 0.2580
vn -0.0395 -0.8643 0.5015
vn -0.0000 -0.9659 0.2588
vn -0.0000 -0.8643 0.5030
vn 0.0203 -0.9659 0.2580
vn 0.0395 -0.8643 0.5015
vn 0.0405 -0.9659 0.2556
vn 0.0787 -0.8643 0.4968
vn 0.0604 -0.9659 0.2517
vn 0.1174 -0.8643 0.4891
vn 0.0800 -0.9659 0.2462
vn 0.1554 -0.8643 0.4784
vn 0.0990 -0.9659 0.2391
vn 0.1925 -0.8643 0.4647
vn 0.1175 -0.9659 0.2306
vn 0.2284 -0.8643 0.4482
vn 0.1352 -0.9659 0.2207
vn 0.2628 -0.8643 0.4289
vn 0.1521 -0.9659 0.2094
vn 0.2957 -0.8643 0.4069
vn 0.1681 -0.9659 0.1968
vn 0.3267 -0.8643 0.3825
vn 0.1830 -0.9659 0.1830
vn 0.3557 -0.8643 0.3557
vn 0.1968 -0.9659 0.1681
vn 0.3825 -0.8643 0.3267
vn 0.2094 -0.9659 0.1521
vn 0.4069 -0.8643 0.2957
vn 0.2207 -0.9659 0.1352
vn 0.4289 -0.8643 0.2628
vn 0.2306 -0.9659 0.1175
vn 0.4482 -0.8643 0.2284
vn 0.2391 -0.9659 0.0990
vn 0.4647 -0.8643 0.1925
vn 0.2462 -0.9659 0.0800
vn 0.4784 -0.8643 0.1554
vn 0.2517 -0.9659 0.0604
vn 0.4891 -0.8643 0.1174
vn 0.2556 -0.9659 0.0405
vn 0.4968 -0.8643 0.0787
vn 0.2580 -0.9659 0.0203
vn 0.5015 -0.8643 0.0395
vn 0.8409 -0.5395 -0.0431
vn 0.8126 -0.5825 0.0175
vn 0.8563 -0.4981 -0.1367
vn 0.8460 -0.4852 -0.2212
vn 0.7783 -0.5825 -0.2345
vn 0.7864 -0.5395 -0.3008
vn 0.7721 -0.4981 -0.3946
vn 0.7362 -0.4852 -0.4718
vn 0.6677 -0.5825 -0.4635
vn 0.6549 -0.5395 -0.5291
vn 0.6124 -0.4981 -0.6139
vn 0.5544 -0.4852 -0.6762
vn 0.4918 -0.5825 -0.6471
vn 0.4594 -0.5395 -0.7056
vn 0.3927 -0.4981 -0.7731
vn 0.3183 -0.4852 -0.8144
vn 0.2678 -0.5825 -0.7674
vn 0.2188 -0.5395 -0.8130
vn 0.1346 -0.4981 -0.8566
vn 0.0511 -0.4852 -0.8729
vn 0.0175 -0.5825 -0.8126
vn -0.0431 -0.5395 -0.8409
vn -0.1367 -0.4981 -0.8563
vn -0.2212 -0.4852 -0.8460
vn -0.2345 -0.5825 -0.7783
vn -0.3008 -0.5395 -0.7864
vn -0.3946 -0.4981 -0.7721
vn -0.4718 -0.4852 -0.7362
vn -0.4635 -0.5825 -0.6677
vn -0.5291 -0.5395 -0.6549
vn -0.6139 -0.4981 -0.6124
vn -0.6762 -0.4852 -0.5544
vn -0.6471 -0.5825 -0.4918
vn -0.7056 -0.5395 -0.4594
vn -0.7731 -0.4981 -0.3927
vn -0.8144 -0.4852 -0.3183
vn -0.7674 -0.5825 -0.2678
vn -0.8130 -0.5395 -0.2188
vn -0.8566 -0.4981 -0.1346
vn -0.8729 -0.4852 -0.0511
vn -0.8126 -0.5825 -0.0175
vn -0.8409 -0.5395 0.0431
vn -0.8563 -0.4981 0.1367
vn -0.8460 -0.4852 0.2212
vn -0.7783 -0.5825 0.2345
vn -0.7864 -0.5395 0.3008
vn -0.7721 -0.4981 0.3946
vn -0.7362 -0.4852 0.4718
vn -0.6677 -0.5825 0.4635
vn -0.6549 -0.5395 0.5291
vn -0.6124 -0.4981 0.6139
vn -0.5544 -0.4852 0.6762
vn -0.4918 -0.5825 0.6471
vn -0.4594 -0.5395 0.7056
vn -0.3927 -0.4981 0.7731
vn -0.3183 -0.4852 0.8144
vn -0.2678 -0.5825 0.7674
vn -0.2188 -0.5395 0.8130
vn -0.1346 -0.4981 0.8566
vn -0.0511 -0.4852 0.8729
vn -0.0175 -0.5825 0.8126
vn 0.0431 -0.5395 0.8409
vn 0.1367 -0.4981 0.8563
vn 0.2212 -0.4852 0.8460
vn 0.2345 -0.5825 0.7783
vn 0.3008 -0.5395 0.7864
vn 0.3946 -0.4981 0.7721
vn 0.4718 -0.4852 0.7362
vn 0.4635 -0.5825 0.6677
vn 0.5291 -0.5395 0.6549
vn 0.6139 -0.4981 0.6124
vn 0.6762 -0.4852 0.5544
vn 0.6471 -0.5825 0.4918
vn 0.7056 -0.5395 0.4594
vn 0.7731 -0.4981 0.3927
vn 0.8144 -0.4852 0.3183
vn 0.7674 -0.5825 0.2678
vn 0.8130 -0.5395 0.2188
vn 0.8566 -0.4981 0.1346
vn 0.8729 -0.4852 0.0511
vn 0.9724 -0.0118 -0.2331
vn 0.9999 -0.0137 -0.0000
vn 0.8379 0.4021 -0.3691
vn 0.9149 0.0225 -0.4030
vn 0.9894 -0.0106 0.1446
vn 0.9522 -0.0101 0.3052
vn 0.9940 -0.0301 -0.1054
vn 0.9378 -0.0010 -0.3472
vn 0.8680 0.0068 -0.4966
vn 0.9995 -0.0213 0.0241
vn 0.9789 0.0068 0.2040
vn 0.9780 -0.0143 -0.2079
vn 0.8963 -0.0106 -0.4433
vn 0.8357 0.0059 -0.5491
vn 0.9559 0.1168 -0.2696
vn 0.9977 -0.0214 -0.0642
vn 0.9945 -0.0281 0.1005
vn 0.9510 -0.0137 -0.3090
vn 0.8528 -0.0118 -0.5222
vn 0.6828 0.4021 -0.6099
vn 0.7456 0.0225 -0.6660
vn 0.9857 -0.0106 -0.1682
vn 0.9999 -0.0101 -0.0040
vn 0.9128 -0.0301 -0.4074
vn 0.7846 -0.0010 -0.6200
vn 0.6721 0.0068 -0.7405
vn 0.9580 -0.0213 -0.2860
vn 0.9941 0.0068 -0.1085
vn 0.8659 -0.0143 -0.4999
vn 0.7155 -0.0106 -0.6986
vn 0.6251 0.0059 -0.7805
vn 0.8258 0.1168 -0.5518
vn 0.9290 -0.0215 -0.3694
vn 0.9769 -0.0281 -0.2117
vn 0.8089 -0.0137 -0.5877
vn 0.6497 -0.0118 -0.7601
vn 0.4609 0.4021 -0.7911
vn 0.5033 0.0225 -0.8638
vn 0.8855 -0.0106 -0.4646
vn 0.9498 -0.0101 -0.3128
vn 0.7422 -0.0301 -0.6695
vn 0.5546 -0.0010 -0.8321
vn 0.4104 0.0068 -0.9119
vn 0.8227 -0.0213 -0.5680
vn 0.9119 0.0068 -0.4104
vn 0.6691 -0.0143 -0.7431
vn 0.4646 -0.0106 -0.8855
vn 0.3534 0.0059 -0.9355
vn 0.6149 0.1168 -0.7799
vn 0.7694 -0.0215 -0.6384
vn 0.8637 -0.0281 -0.5032
vn 0.5877 -0.0137 -0.8089
vn 0.3830 -0.0118 -0.9237
vn 0.1939 0.4021 -0.8948
vn 0.2118 0.0225 -0.9771
vn 0.6986 -0.0106 -0.7155
vn 0.8066 -0.0101 -0.5910
vn 0.4990 -0.0301 -0.8661
vn 0.2704 -0.0010 -0.9628
vn 0.1085 0.0068 -0.9941
vn 0.6069 -0.0213 -0.7945
vn 0.7405 0.0068 -0.6721
vn 0.4067 -0.0143 -0.9134
vn 0.1682 -0.0106 -0.9857
vn 0.0470 0.0059 -0.9989
vn 0.3437 0.1168 -0.9318
vn 0.5344 -0.0215 -0.8449
vn 0.6659 -0.0281 -0.7455
vn 0.3090 -0.0137 -0.9510
vn 0.0788 -0.0118 -0.9968
vn -0.0921 0.4021 -0.9109
vn -0.1005 0.0225 -0.9947
vn 0.4433 -0.0106 -0.8963
vn 0.5845 -0.0101 -0.8113
vn 0.2069 -0.0301 -0.9779
vn -0.0404 -0.0010 -0.9992
vn -0.2040 0.0068 -0.9789
vn 0.3317 -0.0213 -0.9431
vn 0.4965 0.0068 -0.8680
vn 0.1045 -0.0144 -0.9944
vn -0.1446 -0.0106 -0.9894
vn -0.2640 0.0059 -0.9645
vn 0.0390 0.1168 -0.9924
vn 0.2472 -0.0215 -0.9687
vn 0.4029 -0.0281 -0.9148
vn -0.0000 -0.0137 -0.9999
vn -0.2331 -0.0118 -0.9724
vn -0.3691 0.4021 -0.8379
vn -0.4030 0.0225 -0.9149
vn 0.1446 -0.0106 -0.9894
vn 0.3052 -0.0101 -0.9522
vn -0.1054 -0.0301 -0.9940
vn -0.3472 -0.0010 -0.9378
vn -0.4965 0.0068 -0.8680
vn 0.0241 -0.0213 -0.9995
vn 0.2040 0.0068 -0.9789
vn -0.2079 -0.0143 -0.9780
vn -0.4433 -0.0106 -0.8963
vn -0.5491 0.0059 -0.8357
vn -0.2696 0.1168 -0.9559
vn -0.0643 -0.0215 -0.9977
vn 0.1005 -0.0281 -0.9945
vn -0.3090 -0.0137 -0.9510
vn -0.5222 -0.0118 -0.8528
vn -0.6099 0.4021 -0.6828
vn -0.6660 0.0225 -0.7456
vn -0.1682 -0.0106 -0.9857
vn -0.0040 -0.0101 -0.9999
vn -0.4074 -0.0301 -0.9128
vn -0.6200 -0.0010 -0.7846
vn -0.7405 0.0068 -0.6721
vn -0.2860 -0.0213 -0.9580
vn -0.1085 0.0068 -0.9941
vn -0.4999 -0.0143 -0.8659
vn -0.6986 -0.0106 -0.7155
vn -0.7805 0.0059 -0.6251
vn -0.5518 0.1168 -0.8258
vn -0.3694 -0.0215 -0.9290
vn -0.2117 -0.0281 -0.9769
vn -0.5877 -0.0137 -0.8089
vn -0.7601 -0.0118 -0.6497
vn -0.7911 0.4021 -0.4609
vn -0.8638 0.0225 -0.5033
vn -0.4646 -0.0106 -0.8855
vn -0.3128 -0.0101 -0.9498
vn -0.6695 -0.0301 -0.7422
vn -0.8321 -0.0010 -0.5546
vn -0.9119 0.0068 -0.4104
vn -0.5680 -0.0213 -0.8227
vn -0.4104 0.0068 -0.9119
vn -0.7431 -0.0143 -0.6691
vn -0.8855 -0.0106 -0.4646
vn -0.9355 0.0059 -0.3534
vn -0.7799 0.1168 -0.6149
vn -0.6384 -0.0215 -0.7694
vn -0.5032 -0.0281 -0.8637
vn -0.8089 -0.0137 -0.5877
vn -0.9237 -0.0118 -0.3830
vn -0.8948 0.4021 -0.1939
vn -0.9770 0.0225 -0.2118
vn -0.7155 -0.0106 -0.6986
vn -0.5910 -0.0101 -0.8066
vn -0.8661 -0.0301 -0.4990
vn -0.9628 -0.0010 -0.2704
vn -0.9941 0.0068 -0.1085
vn -0.7945 -0.0213 -0.6069
vn -0.6721 0.0068 -0.7405
vn -0.9134 -0.0143 -0.4067
vn -0.9857 -0.0106 -0.1682
vn -0.9989 0.0059 -0.0470
vn -0.9318 0.1168 -0.3437
vn -0.8449 -0.0215 -0.5344
vn -0.7455 -0.0281 -0.6659
vn -0.9510 -0.0137 -0.3090
vn -0.9968 -0.0118 -0.0788
vn -0.9109 0.4021 0.0921
vn -0.9947 0.0225 0.1006
vn -0.8963 -0.0106 -0.4433
vn -0.8113 -0.0101 -0.5845
vn -0.9779 -0.0301 -0.2069
vn -0.9992 -0.0010 0.0404
vn -0.9789 0.0068 0.2040
vn -0.9431 -0.0213 -0.3317
vn -0.8680 0.0068 -0.4965
vn -0.9944 -0.0143 -0.1045
vn -0.9894 -0.0106 0.1446
vn -0.9645 0.0059 0.2640
vn -0.9924 0.1168 -0.0390
vn -0.9687 -0.0215 -0.2472
vn -0.9148 -0.0281 -0.4029
vn -0.9999 -0.0137 -0.0000
vn -0.9724 -0.0118 0.2331
vn -0.8379 0.4021 0.3691
vn -0.9149 0.0225 0.4030
vn -0.9894 -0.0106 -0.1446
vn -0.9522 -0.0101 -0.3052
vn -0.9940 -0.0301 0.1054
vn -0.9378 -0.0010 0.3472
vn -0.8680 0.0068 0.4966
vn -0.9995 -0.0213 -0.0241
vn -0.9789 0.0068 -0.2040
vn -0.9780 -0.0143 0.2079
vn -0.8963 -0.0106 0.4433
vn -0.8357 0.0059 0.5491
vn -0.9559 0.1168 0.2696
vn -0.9977 -0.0214 0.0642
vn -0.9945 -0.0281 -0.1005
vn -0.9510 -0.0137 0.3090
vn -0.8528 -0.0118 0.5222
vn -0.6828 0.4021 0.6099
vn -0.7456 0.0225 0.6660
vn -0.9857 -0.0106 0.1682
vn -0.9999 -0.0101 0.0040
vn -0.9128 -0.0301 0.4074
vn -0.7846 -0.0010 0.6200
vn -0.6721 0.0068 0.7405
vn -0.9580 -0.0213 0.2860
vn -0.9941 0.0068 0.1085
vn -0.8659 -0.0143 0.4999
vn -0.7155 -0.0106 0.6986
vn -0.6251 0.0059 0.7805
vn -0.8258 0.1168 0.5518
vn -0.9290 -0.0215 0.3694
vn -0.9769 -0.0281 0.2117
vn -0.8089 -0.0137 0.5877
vn -0.6497 -0.0118 0.7601
vn -0.4609 0.4021 0.7911
vn -0.5033 0.0225 0.8638
vn -0.8855 -0.0106 0.4646
vn -0.9498 -0.0101 0.3128
vn -0.7422 -0.0301 0.6695
vn -0.5546 -0.0010 0.8321
vn -0.4104 0.0068 0.9119
vn -0.8227 -0.0213 0.5680
vn -0.9119 0.0068 0.4104
vn -0.6691 -0.0143 0.7431
vn -0.4646 -0.0106 0.8855
vn -0.3534 0.0059 0.9355
vn -0.6149 0.1168 0.7799
vn -0.7694 -0.0214 0.6384
vn -0.8637 -0.0281 0.5032
vn -0.5877 -0.0137 0.8089
vn -0.3830 -0.0118 0.9237
vn -0.1939 0.4021 0.8948
vn -0.2118 0.0225 0.9771
vn -0.6986 -0.0106 0.7155
vn -0.8066 -0.0101 0.5910
vn -0.4990 -0.0301 0.8661
vn -0.2704 -0.0010 0.9628
vn -0.1085 0.0068 0.9941
vn -0.6069 -0.0213 0.7945
vn -0.7405 0.0068 0.6721
vn -0.4067 -0.0143 0.9134
vn -0.1682 -0.0106 0.9857
vn -0.0470 0.0059 0.9989
vn -0.3437 0.1168 0.9318
vn -0.5344 -0.0215 0.8449
vn -0.6659 -0.0281 0.7455
vn -0.3090 -0.0137 0.9510
vn -0.0788 -0.0118 0.9968
vn 0.0921 0.4021 0.9109
vn 0.1005 0.0225 0.9947
vn -0.4433 -0.0106 0.8963
vn -0.5845 -0.0101 0.8113
vn -0.2069 -0.0301 0.9779
vn 0.0404 -0.0010 0.9992
vn 0.2040 0.0068 0.9789
vn -0.3317 -0.0213 0.9431
vn -0.4965 0.0068 0.8680
vn -0.1045 -0.0144 0.9944
vn 0.1446 -0.0106 0.9894
vn 0.2640 0.0059 0.9645
vn -0.0390 0.1168 0.9924
vn -0.2472 -0.0215 0.9687
vn -0.4029 -0.0281 0.9148
vn -0.0000 -0.0137 0.9999
vn 0.2331 -0.0118 0.9724
vn 0.3691 0.4021 0.8379
vn 0.4030 0.0225 0.9149
vn -0.1446 -0.0106 0.9894
vn -0.3052 -0.0101 0.9522
vn 0.1054 -0.0301 0.9940
vn 0.3472 -0.0010 0.9378
vn 0.4965 0.0068 0.8680
vn -0.0241 -0.0213 0.9995
vn -0.2040 0.0068 0.9789
vn 0.2079 -0.0143 0.9780
vn 0.4433 -0.0106 0.8963
vn 0.5491 0.0059 0.8357
vn 0.2696 0.1168 0.9559
vn 0.0643 -0.0215 0.9977
vn -0.1005 -0.0281 0.9945
vn 0.3090 -0.0137 0.9510
vn 0.5222 -0.0118 0.8528
vn 0.6099 0.4021 0.6828
vn 0.6660 0.0225 0.7456
vn 0.1682 -0.0106 0.9857
vn 0.0040 -0.0101 0.9999
vn 0.4074 -0.0301 0.9128
vn 0.6200 -0.0010 0.7846
vn 0.7405 0.0068 0.6721
vn 0.2860 -0.0213 0.9580
vn 0.1085 0.0068 0.9941
vn 0.4999 -0.0143 0.8659
vn 0.6986 -0.0106 0.7155
vn 0.7805 0.0059 0.6251
vn 0.5518 0.1168 0.8258
vn 0.3694 -0.0215 0.9290
vn 0.2117 -0.0281 0.9769
vn 0.5877 -0.0137 0.8089
vn 0.7601 -0.0118 0.6497
vn 0.7911 0.4021 0.4609
vn 0.8638 0.0225 0.5033
vn 0.4646 -0.0106 0.8855
vn 0.3128 -0.0101 0.9498
vn 0.6695 -0.0301 0.7422
vn 0.8321 -0.0010 0.5546
vn 0.9119 0.0068 0.4104
vn 0.5680 -0.0213 0.8227
vn 0.4104 0.0068 0.9119
vn 0.7431 -0.0143 0.6691
vn 0.8855 -0.0106 0.4646
vn 0.9355 0.0059 0.3534
vn 0.7799 0.1168 0.6149
vn 0.6384 -0.0215 0.7694
vn 0.5032 -0.0281 0.8637
vn 0.8089 -0.0137 0.5877
vn 0.9237 -0.0118 0.3830
vn 0.8948 0.4021 0.1939
vn 0.9770 0.0225 0.2118
vn 0.7155 -0.0106 0.6986
vn 0.5910 -0.0101 0.8066
vn 0.8661 -0.0301 0.4990
vn 0.9628 -0.0010 0.2704
vn 0.9941 0.0068 0.1085
vn 0.7945 -0.0213 0.6069
vn 0.6721 0.0068 0.7405
vn 0.9134 -0.0143 0.4067
vn 0.9857 -0.0106 0.1682
vn 0.9989 0.0059 0.0470
vn 0.9318 0.1168 0.3437
vn 0.8449 -0.0215 0.5344
vn 0.7455 -0.0281 0.6659
vn 0.9510 -0.0137 0.3090
vn 0.9968 -0.0118 0.0788
vn 0.9109 0.4021 -0.0921
vn 0.9947 0.0225 -0.1006
vn 0.8963 -0.0106 0.4433
vn 0.8113 -0.0101 0.5845
vn 0.9779 -0.0301 0.2069
vn 0.9992 -0.0010 -0.0404
vn 0.9789 0.0068 -0.2040
vn 0.9431 -0.0213 0.3317
vn 0.8680 0.0068 0.4965
vn 0.9944 -0.0143 0.1045
vn 0.9894 -0.0106 -0.1446
vn 0.9645 0.0059 -0.2640
vn 0.9924 0.1168 0.0390
vn 0.9687 -0.0215 0.2472
vn 0.9148 -0.0281 0.4029
vn 0.9703 0.0229 -0.2407
vn 0.9996 0.0288 -0.0000
vn 0.9985 0.0179 -0.0523
vn 0.9902 0.0229 0.1380
vn 0.9941 0.0288 -0.1045
vn 0.9398 0.0229 -0.3408
vn 0.9875 0.0179 -0.1564
vn 0.9992 0.0229 0.0337
vn 0.9777 0.0288 -0.2078
vn 0.8991 0.0229 -0.4372
vn 0.9658 0.0179 -0.2588
vn 0.9972 0.0229 -0.0709
vn 0.9507 0.0288 -0.3089
vn 0.8484 0.0229 -0.5288
vn 0.9334 0.0179 -0.3583
vn 0.9843 0.0229 -0.1748
vn 0.9132 0.0288 -0.4066
vn 0.7885 0.0229 -0.6146
vn 0.8909 0.0179 -0.4539
vn 0.9607 0.0229 -0.2767
vn 0.8657 0.0288 -0.4998
vn 0.7200 0.0229 -0.6936
vn 0.8385 0.0179 -0.5446
vn 0.9265 0.0229 -0.3756
vn 0.8087 0.0288 -0.5875
vn 0.6435 0.0229 -0.7651
vn 0.7770 0.0179 -0.6292
vn 0.8822 0.0229 -0.4704
vn 0.7428 0.0288 -0.6688
vn 0.5600 0.0229 -0.8282
vn 0.7070 0.0179 -0.7070
vn 0.8282 0.0229 -0.5600
vn 0.6689 0.0288 -0.7428
vn 0.4704 0.0229 -0.8822
vn 0.6292 0.0179 -0.7770
vn 0.7651 0.0229 -0.6435
vn 0.5875 0.0288 -0.8087
vn 0.3756 0.0229 -0.9265
vn 0.5446 0.0179 -0.8385
vn 0.6936 0.0229 -0.7200
vn 0.4998 0.0288 -0.8657
vn 0.2767 0.0229 -0.9607
vn 0.4539 0.0179 -0.8909
vn 0.6146 0.0229 -0.7885
vn 0.4066 0.0288 -0.9132
vn 0.1748 0.0229 -0.9843
vn 0.3583 0.0180 -0.9334
vn 0.5288 0.0229 -0.8484
vn 0.3089 0.0288 -0.9507
vn 0.0709 0.0229 -0.9972
vn 0.2588 0.0179 -0.9658
vn 0.4372 0.0229 -0.8991
vn 0.2078 0.0288 -0.9777
vn -0.0337 0.0229 -0.9992
vn 0.1564 0.0180 -0.9875
vn 0.3408 0.0229 -0.9398
vn 0.1045 0.0288 -0.9941
vn -0.1380 0.0229 -0.9902
vn 0.0523 0.0179 -0.9985
vn 0.2407 0.0229 -0.9703
vn -0.0000 0.0288 -0.9996
vn -0.2407 0.0229 -0.9703
vn -0.0523 0.0179 -0.9985
vn 0.1380 0.0229 -0.9902
vn -0.1045 0.0288 -0.9941
vn -0.3408 0.0229 -0.9398
vn -0.1564 0.0179 -0.9875
vn 0.0337 0.0229 -0.9992
vn -0.2078 0.0288 -0.9777
vn -0.4372 0.0229 -0.8991
vn -0.2588 0.0179 -0.9658
vn -0.0709 0.0229 -0.9972
vn -0.3089 0.0288 -0.9507
vn -0.5288 0.0229 -0.8484
vn -0.3583 0.0180 -0.9334
vn -0.1748 0.0229 -0.9843
vn -0.4066 0.0288 -0.9132
vn -0.6146 0.0229 -0.7885
vn -0.4539 0.0179 -0.8909
vn -0.2767 0.0229 -0.9607
vn -0.4998 0.0288 -0.8657
vn -0.6936 0.0229 -0.7200
vn -0.5446 0.0179 -0.8385
vn -0.3756 0.0229 -0.9265
vn -0.5875 0.0288 -0.8087
vn -0.7651 0.0229 -0.6435
vn -0.6292 0.0179 -0.7770
vn -0.4704 0.0229 -0.8822
vn -0.6688 0.0288 -0.7428
vn -0.8282 0.0229 -0.5600
vn -0.7070 0.0179 -0.7070
vn -0.5600 0.0229 -0.8282
vn -0.7428 0.0288 -0.6689
vn -0.8822 0.0229 -0.4704
vn -0.7770 0.0179 -0.6292
vn -0.6435 0.0229 -0.7651
vn -0.8087 0.0288 -0.5875
vn -0.9265 0.0229 -0.3756
vn -0.8385 0.0179 -0.5446
vn -0.7200 0.0229 -0.6936
vn -0.8657 0.0288 -0.4998
vn -0.9607 0.0229 -0.2767
vn -0.8909 0.0179 -0.4539
vn -0.7885 0.0229 -0.6146
vn -0.9132 0.0288 -0.4066
vn -0.9843 0.0229 -0.1748
vn -0.9334 0.0179 -0.3583
vn -0.8484 0.0229 -0.5288
vn -0.9507 0.0288 -0.3089
vn -0.9972 0.0229 -0.0709
vn -0.9658 0.0179 -0.2588
vn -0.8991 0.0229 -0.4372
vn -0.9777 0.0288 -0.2078
vn -0.9992 0.0229 0.0337
vn -0.9875 0.0179 -0.1564
vn -0.9398 0.0229 -0.3408
vn -0.9941 0.0288 -0.1045
vn -0.9902 0.0229 0.1380
vn -0.9985 0.0179 -0.0523
vn -0.9703 0.0229 -0.2407
vn -0.9996 0.0288 -0.0000
vn -0.9703 0.0229 0.2407
vn -0.9985 0.0179 0.0523
vn -0.9902 0.0229 -0.1380
vn -0.9941 0.0288 0.1045
vn -0.9398 0.0229 0.3408
vn -0.9875 0.0179 0.1564
vn -0.9992 0.0229 -0.0337
vn -0.9777 0.0288 0.2078
vn -0.8991 0.0229 0.4372
vn -0.9658 0.0179 0.2588
vn -0.9972 0.0229 0.0709
vn -0.9507 0.0288 0.3089
vn -0.8484 0.0229 0.5288
vn -0.9334 0.0179 0.3583
vn -0.9843 0.0229 0.1748
vn -0.9132 0.0288 0.4066
vn -0.7885 0.0229 0.6146
vn -0.8909 0.0179 0.4539
vn -0.9607 0.0229 0.2767
vn -0.8657 0.0288 0.4998
vn -0.7200 0.0229 0.6936
vn -0.8385 0.0179 0.5446
vn -0.9265 0.0229 0.3756
vn -0.8087 0.0288 0.5875
vn -0.6435 0.0229 0.7651
vn -0.7770 0.0179 0.6292
vn -0.8822 0.0229 0.4704
vn -0.7428 0.0288 0.6688
vn -0.5600 0.0229 0.8282
vn -0.7070 0.0179 0.7070
vn -0.8282 0.0229 0.5600
vn -0.6689 0.0288 0.7428
vn -0.4704 0.0229 0.8822
vn -0.6292 0.0179 0.7770
vn -0.7651 0.0229 0.6435
vn -0.5875 0.0288 0.8087
vn -0.3756 0.0229 0.9265
vn -0.5446 0.0179 0.8385
vn -0.6936 0.0229 0.7200
vn -0.4998 0.0288 0.8657
vn -0.2767 0.0229 0.9607
vn -0.4539 0.0179 0.8909
vn -0.6146 0.0229 0.7885
vn -0.4066 0.0288 0.9132
vn -0.1748 0.0229 0.9843
vn -0.3583 0.0180 0.9334
vn -0.5288 0.0229 0.8484
vn -0.3089 0.0288 0.9507
vn -0.0709 0.0229 0.9972
vn -0.2588 0.0179 0.9658
vn -0.4372 0.0229 0.8991
vn -0.2078 0.0288 0.9777
vn 0.0337 0.0229 0.9992
vn -0.1564 0.0180 0.9875
vn -0.3408 0.0229 0.9398
vn -0.1045 0.0288 0.9941
vn 0.1380 0.0229 0.9902
vn -0.0523 0.0179 0.9985
vn -0.2407 0.0229 0.9703
vn -0.0000 0.0288 0.9996
vn 0.2407 0.0229 0.9703
vn 0.0523 0.0179 0.9985
vn -0.1380 0.0229 0.9902
vn 0.1045 0.0288 0.9941
vn 0.3408 0.0229 0.9398
vn 0.1564 0.0179 0.9875
vn -0.0337 0.0229 0.9992
vn 0.2078 0.0288 0.9777
vn 0.4372 0.0229 0.8991
vn 0.2588 0.0179 0.9658
vn 0.0709 0.0229 0.9972
vn 0.3089 0.0288 0.9507
vn 0.5288 0.0229 0.8484
vn 0.3583 0.0180 0.9334
vn 0.1748 0.0229 0.9843
vn 0.4066 0.0288 0.9132
vn 0.6146 0.0229 0.7885
vn 0.4539 0.0179 0.8909
vn 0.2767 0.0229 0.9607
vn 0.4998 0.0288 0.8657
vn 0.6936 0.0229 0.7200
vn 0.5446 0.0179 0.8385
vn 0.3756 0.0229 0.9265
vn 0.5875 0.0288 0.8087
vn 0.7651 0.0229 0.6435
vn 0.6292 0.0179 0.7770
vn 0.4704 0.0229 0.8822
vn 0.6688 0.0288 0.7428
vn 0.8282 0.0229 0.5600
vn 0.7070 0.0179 0.7070
vn 0.5600 0.0229 0.8282
vn 0.7428 0.0288 0.6689
vn 0.8822 0.0229 0.4704
vn 0.7770 0.0179 0.6292
vn 0.6435 0.0229 0.7651
vn 0.8087 0.0288 0.5875
vn 0.9265 0.0229 0.3756
vn 0.8385 0.0179 0.5446
vn 0.7200 0.0229 0.6936
vn 0.8657 0.0288 0.4998
vn 0.9607 0.0229 0.2767
vn 0.8909 0.0179 0.4539
vn 0.7885 0.0229 0.6146
vn 0.9132 0.0288 0.4066
vn 0.9843 0.0229 0.1748
vn 0.9334 0.0179 0.3583
vn 0.8484 0.0229 0.5288
vn 0.9507 0.0288 0.3089
vn 0.9972 0.0229 0.0709
vn 0.9658 0.0179 0.2588
vn 0.8991 0.0229 0.4372
vn 0.9777 0.0288 0.2078
vn 0.9992 0.0229 -0.0337
vn 0.9875 0.0179 0.1564
vn 0.9398 0.0229 0.3408
vn 0.9941 0.0288 0.1045
vn 0.9902 0.0229 -0.1380
vn 0.9985 0.0179 0.0523
vn 0.9703 0.0229 0.2407
vn 0.8702 0.4781 -0.1193
vn 0.9105 0.4136 -0.0000
vn 0.9482 0.3138 -0.0497
vn 0.9238 0.3774 0.0639
vn 0.8489 0.5205 -0.0924
vn 0.8977 0.3582 -0.2567
vn 0.9388 0.3107 -0.1487
vn 0.8680 0.4916 -0.0700
vn 0.8894 0.4163 -0.1890
vn 0.8589 0.3774 -0.3463
vn 0.9539 0.1571 -0.2556
vn 0.9068 0.4017 -0.1281
vn 0.8659 0.4136 -0.2813
vn 0.7907 0.4781 -0.3824
vn 0.8864 0.3138 -0.3403
vn 0.8984 0.3774 -0.2247
vn 0.7788 0.5205 -0.3502
vn 0.7744 0.3581 -0.5215
vn 0.8469 0.3107 -0.4315
vn 0.8039 0.4916 -0.3348
vn 0.7874 0.4163 -0.4546
vn 0.7098 0.3774 -0.5947
vn 0.8283 0.1571 -0.5379
vn 0.8228 0.4017 -0.4020
vn 0.7366 0.4136 -0.5352
vn 0.6339 0.4781 -0.6080
vn 0.7379 0.3138 -0.5975
vn 0.7850 0.3775 -0.4913
vn 0.6325 0.5205 -0.5737
vn 0.5754 0.3582 -0.7353
vn 0.6721 0.3107 -0.6721
vn 0.6611 0.4916 -0.5668
vn 0.6084 0.4163 -0.6757
vn 0.4913 0.3775 -0.7850
vn 0.6215 0.1571 -0.7675
vn 0.6583 0.4017 -0.6366
vn 0.5352 0.4136 -0.7366
vn 0.4150 0.4781 -0.7741
vn 0.5171 0.3138 -0.7963
vn 0.5947 0.3774 -0.7098
vn 0.4242 0.5205 -0.7411
vn 0.3200 0.3582 -0.8771
vn 0.4315 0.3107 -0.8469
vn 0.4536 0.4917 -0.7434
vn 0.3698 0.4163 -0.8306
vn 0.2247 0.3774 -0.8984
vn 0.3539 0.1571 -0.9220
vn 0.4294 0.4017 -0.8089
vn 0.2813 0.4136 -0.8659
vn 0.1554 0.4781 -0.8645
vn 0.2457 0.3138 -0.9171
vn 0.3463 0.3774 -0.8589
vn 0.1745 0.5205 -0.8359
vn 0.0333 0.3581 -0.9331
vn 0.1487 0.3107 -0.9388
vn 0.2016 0.4917 -0.8471
vn 0.0950 0.4163 -0.9043
vn -0.0639 0.3774 -0.9238
vn 0.0517 0.1571 -0.9862
vn 0.1584 0.4017 -0.9020
vn -0.0000 0.4136 -0.9105
vn -0.1193 0.4781 -0.8702
vn -0.0497 0.3138 -0.9482
vn 0.0639 0.3774 -0.9238
vn -0.0924 0.5205 -0.8489
vn -0.2567 0.3582 -0.8977
vn -0.1487 0.3107 -0.9388
vn -0.0700 0.4916 -0.8680
vn -0.1890 0.4163 -0.8894
vn -0.3463 0.3774 -0.8589
vn -0.2556 0.1571 -0.9539
vn -0.1281 0.4017 -0.9068
vn -0.2813 0.4136 -0.8659
vn -0.3824 0.4781 -0.7907
vn -0.3403 0.3138 -0.8864
vn -0.2247 0.3774 -0.8984
vn -0.3502 0.5205 -0.7788
vn -0.5215 0.3582 -0.7744
vn -0.4315 0.3107 -0.8469
vn -0.3348 0.4916 -0.8039
vn -0.4546 0.4163 -0.7874
vn -0.5947 0.3774 -0.7098
vn -0.5379 0.1571 -0.8283
vn -0.4020 0.4017 -0.8228
vn -0.5352 0.4136 -0.7366
vn -0.6080 0.4781 -0.6339
vn -0.5975 0.3138 -0.7379
vn -0.4913 0.3775 -0.7850
vn -0.5737 0.5205 -0.6325
vn -0.7353 0.3582 -0.5754
vn -0.6721 0.3107 -0.6721
vn -0.5668 0.4916 -0.6611
vn -0.6757 0.4163 -0.6084
vn -0.7850 0.3775 -0.4913
vn -0.7675 0.1571 -0.6215
vn -0.6366 0.4017 -0.6583
vn -0.7366 0.4136 -0.5352
vn -0.7741 0.4781 -0.4150
vn -0.7963 0.3138 -0.5171
vn -0.7098 0.3774 -0.5947
vn -0.7411 0.5205 -0.4242
vn -0.8771 0.3582 -0.3200
vn -0.8469 0.3107 -0.4315
vn -0.7434 0.4916 -0.4536
vn -0.8306 0.4163 -0.3698
vn -0.8984 0.3775 -0.2247
vn -0.9220 0.1571 -0.3539
vn -0.8089 0.4017 -0.4294
vn -0.8659 0.4136 -0.2813
vn -0.8645 0.4781 -0.1554
vn -0.9171 0.3138 -0.2457
vn -0.8589 0.3774 -0.3463
vn -0.8359 0.5205 -0.1745
vn -0.9331 0.3582 -0.0333
vn -0.9388 0.3107 -0.1487
vn -0.8471 0.4916 -0.2016
vn -0.9043 0.4163 -0.0950
vn -0.9238 0.3774 0.0639
vn -0.9862 0.1571 -0.0517
vn -0.9020 0.4017 -0.1584
vn -0.9105 0.4136 -0.0000
vn -0.8702 0.4781 0.1193
vn -0.9482 0.3138 0.0497
vn -0.9238 0.3774 -0.0639
vn -0.8489 0.5205 0.0924
vn -0.8977 0.3582 0.2567
vn -0.9388 0.3107 0.1487
vn -0.8680 0.4916 0.0700
vn -0.8894 0.4163 0.1890
vn -0.8589 0.3774 0.3463
vn -0.9539 0.1571 0.2556
vn -0.9068 0.4017 0.1281
vn -0.8659 0.4136 0.2813
vn -0.7907 0.4781 0.3824
vn -0.8864 0.3138 0.3403
vn -0.8984 0.3774 0.2247
vn -0.7788 0.5205 0.3502
vn -0.7744 0.3581 0.5215
vn -0.8469 0.3107 0.4315
vn -0.8039 0.4916 0.3348
vn -0.7874 0.4163 0.4546
vn -0.7098 0.3774 0.5947
vn -0.8283 0.1571 0.5379
vn -0.8228 0.4017 0.4020
vn -0.7366 0.4136 0.5352
vn -0.6339 0.4781 0.6080
vn -0.7379 0.3138 0.5975
vn -0.7850 0.3775 0.4913
vn -0.6325 0.5205 0.5737
vn -0.5754 0.3582 0.7353
vn -0.6721 0.3107 0.6721
vn -0.6611 0.4916 0.5668
vn -0.6084 0.4163 0.6757
vn -0.4913 0.3774 0.7850
vn -0.6215 0.1571 0.7675
vn -0.6583 0.4017 0.6366
vn -0.5352 0.4136 0.7366
vn -0.4150 0.4781 0.7741
vn -0.5171 0.3138 0.7963
vn -0.3200 0.3582 0.8771
vn -0.4315 0.3107 0.8469
vn -0.4536 0.4917 0.7434
vn -0.3698 0.4163 0.8306
vn -0.2247 0.3774 0.8984
vn -0.3539 0.1571 0.9220
vn -0.4294 0.4017 0.8089
vn -0.2813 0.4136 0.8659
vn -0.1554 0.4781 0.8645
vn -0.2457 0.3138 0.9171
vn -0.3463 0.3774 0.8589
vn -0.1745 0.5205 0.8359
vn -0.0333 0.3581 0.9331
vn -0.1487 0.3107 0.9388
vn -0.2016 0.4917 0.8471
vn -0.0950 0.4163 0.9043
vn 0.0639 0.3774 0.9238
vn -0.0517 0.1571 0.9862
vn -0.1584 0.4017 0.9020
vn -0.0000 0.4136 0.9105
vn 0.1193 0.4781 0.8702
vn 0.0497 0.3138 0.9482
vn -0.0639 0.3774 0.9238
vn 0.0924 0.5205 0.8489
vn 0.2567 0.3582 0.8977
vn 0.1487 0.3107 0.9388
vn 0.0700 0.4916 0.8680
vn 0.1890 0.4163 0.8894
vn 0.3463 0.3774 0.8589
vn 0.2556 0.1571 0.9539
vn 0.1281 0.4017 0.9068
vn 0.2813 0.4136 0.8659
vn 0.3824 0.4781 0.7907
vn 0.3403 0.3138 0.8864
vn 0.2247 0.3774 0.8984
vn 0.3502 0.5205 0.7788
vn 0.5215 0.3582 0.7744
vn 0.4315 0.3107 0.8469
vn 0.3348 0.4916 0.8039
vn 0.4546 0.4163 0.7874
vn 0.5947 0.3774 0.7098
vn 0.5379 0.1571 0.8283
vn 0.4020 0.4017 0.8228
vn 0.5352 0.4136 0.7366
vn 0.6080 0.4781 0.6339
vn 0.5975 0.3138 0.7379
vn 0.4913 0.3775 0.7850
vn 0.5737 0.5205 0.6325
vn 0.7353 0.3582 0.5754
vn 0.6721 0.3107 0.6721
vn 0.5668 0.4916 0.6611
vn 0.6757 0.4163 0.6084
vn 0.7850 0.3775 0.4913
vn 0.7675 0.1571 0.6215
vn 0.6366 0.4017 0.6583
vn 0.7366 0.4136 0.5352
vn 0.7741 0.4781 0.4150
vn 0.7963 0.3138 0.5171
vn 0.7098 0.3774 0.5947
vn 0.7411 0.5205 0.4242
vn 0.8771 0.3582 0.3200
vn 0.8469 0.3107 0.4315
vn 0.7434 0.4916 0.4536
vn 0.8306 0.4163 0.3698
vn 0.8984 0.3775 0.2247
vn 0.9220 0.1571 0.3539
vn 0.8089 0.4017 0.4294
vn 0.8659 0.4136 0.2813
vn 0.8645 0.4781 0.1554
vn 0.9171 0.3138 0.2457
vn 0.8589 0.3774 0.3463
vn 0.8359 0.5205 0.1745
vn 0.9331 0.3582 0.0333
vn 0.9388 0.3107 0.1487
vn 0.8471 0.4916 0.2016
vn 0.9043 0.4163 0.0950
vn 0.9238 0.3774 -0.0639
vn 0.9862 0.1571 0.0517
vn 0.9020 0.4017 0.1584
vn 0.4749 0.8800 0.0079
vn 0.4736 0.8800 -0.0348
vn 0.4696 0.8798 -0.0739
vn 0.4634 0.8784 -0.1165
vn 0.7102 0.6761 -0.1962
vn 0.4541 0.8800 -0.1392
vn 0.4397 0.8800 -0.1795
vn 0.4237 0.8798 -0.2154
vn 0.4048 0.8784 -0.2540
vn 0.6148 0.6761 -0.4061
vn 0.3889 0.8800 -0.2728
vn 0.3627 0.8800 -0.3066
vn 0.3364 0.8798 -0.3358
vn 0.3065 0.8784 -0.3666
vn 0.4592 0.6761 -0.5762
vn 0.2855 0.8800 -0.3796
vn 0.2502 0.8800 -0.4036
vn 0.2162 0.8798 -0.4234
vn 0.1782 0.8784 -0.4434
vn 0.2587 0.6761 -0.6899
vn 0.1543 0.8800 -0.4492
vn 0.1132 0.8800 -0.4612
vn 0.0748 0.8798 -0.4694
vn 0.0324 0.8784 -0.4768
vn 0.0328 0.6761 -0.7360
vn 0.0079 0.8800 -0.4749
vn -0.0348 0.8800 -0.4736
vn -0.0739 0.8798 -0.4696
vn -0.1165 0.8784 -0.4634
vn -0.1962 0.6761 -0.7102
vn -0.1392 0.8800 -0.4541
vn -0.1795 0.8800 -0.4397
vn -0.2154 0.8798 -0.4237
vn -0.2540 0.8784 -0.4048
vn -0.4061 0.6761 -0.6148
vn -0.2728 0.8800 -0.3889
vn -0.3066 0.8800 -0.3627
vn -0.3358 0.8798 -0.3364
vn -0.3666 0.8784 -0.3065
vn -0.5762 0.6761 -0.4592
vn -0.3796 0.8800 -0.2855
vn -0.4036 0.8800 -0.2502
vn -0.4234 0.8798 -0.2162
vn -0.4434 0.8784 -0.1782
vn -0.6899 0.6761 -0.2587
vn -0.4492 0.8800 -0.1543
vn -0.4612 0.8800 -0.1132
vn -0.4694 0.8798 -0.0748
vn -0.4768 0.8784 -0.0324
vn -0.7360 0.6761 -0.0328
vn -0.4749 0.8800 -0.0079
vn -0.4736 0.8800 0.0348
vn -0.4696 0.8798 0.0739
vn -0.4634 0.8784 0.1165
vn -0.7102 0.6761 0.1962
vn -0.4541 0.8800 0.1392
vn -0.4397 0.8800 0.1795
vn -0.4237 0.8798 0.2154
vn -0.4048 0.8784 0.2540
vn -0.6148 0.6761 0.4061
vn -0.3889 0.8800 0.2728
vn -0.3627 0.8800 0.3066
vn -0.3364 0.8798 0.3358
vn -0.3065 0.8784 0.3666
vn -0.4592 0.6761 0.5762
vn -0.2855 0.8800 0.3796
vn -0.2162 0.8798 0.4234
vn -0.1782 0.8784 0.4434
vn -0.2587 0.6761 0.6899
vn -0.1543 0.8800 0.4492
vn -0.1132 0.8800 0.4612
vn -0.0748 0.8798 0.4694
vn -0.0324 0.8784 0.4768
vn -0.0328 0.6761 0.7360
vn -0.0079 0.8800 0.4749
vn 0.0348 0.8800 0.4736
vn 0.0739 0.8798 0.4696
vn 0.1165 0.8784 0.4634
vn 0.1962 0.6761 0.7102
vn 0.1392 0.8800 0.4541
vn 0.1795 0.8800 0.4397
vn 0.2154 0.8798 0.4237
vn 0.2540 0.8784 0.4048
vn 0.4061 0.6761 0.6148
vn 0.2728 0.8800 0.3889
vn 0.3066 0.8800 0.3627
vn 0.3358 0.8798 0.3364
vn 0.3666 0.8784 0.3065
vn 0.5762 0.6761 0.4592
vn 0.3796 0.8800 0.2855
vn 0.4036 0.8800 0.2502
vn 0.4234 0.8798 0.2162
vn 0.4434 0.8784 0.1782
vn 0.6899 0.6761 0.2587
vn 0.4492 0.8800 0.1543
vn 0.4612 0.8800 0.1132
vn 0.4694 0.8798 0.0748
vn 0.4768 0.8784 0.0324
vn 0.7360 0.6761 0.0328
vn 0.1695 0.9854 -0.0133
vn 0.1700 0.9854 -0.0000
vn 0.1679 0.9854 -0.0266
vn 0.1653 0.9854 -0.0397
vn 0.1617 0.9854 -0.0525
vn 0.1571 0.9854 -0.0651
vn 0.1515 0.9854 -0.0772
vn 0.1450 0.9854 -0.0888
vn 0.1375 0.9854 -0.0999
vn 0.1293 0.9854 -0.1104
vn 0.1202 0.9854 -0.1202
vn 0.1104 0.9854 -0.1293
vn 0.0999 0.9854 -0.1375
vn 0.0888 0.9854 -0.1450
vn 0.0772 0.9854 -0.1515
vn 0.0651 0.9854 -0.1571
vn 0.0525 0.9854 -0.1617
vn 0.0397 0.9854 -0.1653
vn 0.0266 0.9854 -0.1679
vn 0.0133 0.9854 -0.1695
vn -0.0000 0.9854 -0.1700
vn -0.0133 0.9854 -0.1695
vn -0.0266 0.9854 -0.1679
vn -0.0397 0.9854 -0.1653
vn -0.0525 0.9854 -0.1617
vn -0.0651 0.9854 -0.1571
vn -0.0772 0.9854 -0.1515
vn -0.0888 0.9854 -0.1450
vn -0.0999 0.9854 -0.1375
vn -0.1104 0.9854 -0.1293
vn -0.1202 0.9854 -0.1202
vn -0.1293 0.9854 -0.1104
vn -0.1375 0.9854 -0.0999
vn -0.1450 0.9854 -0.0888
vn -0.1515 0.9854 -0.0772
vn -0.1571 0.9854 -0.0651
vn -0.1617 0.9854 -0.0525
vn -0.1653 0.9854 -0.0397
vn -0.1679 0.9854 -0.0266
vn -0.1695 0.9854 -0.0133
vn -0.1700 0.9854 -0.0000
vn -0.1695 0.9854 0.0133
vn -0.1679 0.9854 0.0266
vn -0.1653 0.9854 0.0397
vn -0.1617 0.9854 0.0525
vn -0.1571 0.9854 0.0651
vn -0.1515 0.9854 0.0772
vn -0.1450 0.9854 0.0888
vn -0.1375 0.9854 0.0999
vn -0.1293 0.9854 0.1104
vn -0.1202 0.9854 0.1202
vn -0.1104 0.9854 0.1293
vn -0.0999 0.9854 0.1375
vn -0.0888 0.9854 0.1450
vn -0.0772 0.9854 0.1515
vn -0.0651 0.9854 0.1571
vn -0.0525 0.9854 0.1617
vn -0.0397 0.9854 0.1653
vn -0.0266 0.9854 0.1679
vn -0.0133 0.9854 0.1695
vn -0.0000 0.9854 0.1700
vn 0.0133 0.9854 0.1695
vn 0.0266 0.9854 0.1679
vn 0.0397 0.9854 0.1653
vn 0.0525 0.9854 0.1617
vn 0.0651 0.9854 0.1571
vn 0.0772 0.9854 0.1515
vn 0.0888 0.9854 0.1450
vn 0.0999 0.9854 0.1375
vn 0.1104 0.9854 0.1293
vn 0.1202 0.9854 0.1202
vn 0.1293 0.9854 0.1104
vn 0.1375 0.9854 0.0999
vn 0.1450 0.9854 0.0888
vn 0.1515 0.9854 0.0772
vn 0.1571 0.9854 0.0651
vn 0.1617 0.9854 0.0525
vn 0.1653 0.9854 0.0397
vn 0.1679 0.9854 0.0266
vn 0.1695 0.9854 0.0133
vn -0.0000 1.0000 -0.0000
vn 0.5031 -0.8642 -0.0000
vn 0.4969 -0.8643 -0.0787
vn 0.4892 -0.8642 -0.1175
vn 0.4785 -0.8642 -0.1555
vn 0.4648 -0.8642 -0.1925
vn 0.4483 -0.8642 -0.2284
vn 0.4070 -0.8642 -0.2957
vn 0.3826 -0.8642 -0.3268
vn 0.3267 -0.8642 -0.3826
vn 0.2957 -0.8642 -0.4071
vn 0.2629 -0.8642 -0.4290
vn 0.2284 -0.8642 -0.4483
vn 0.1925 -0.8642 -0.4648
vn 0.1555 -0.8642 -0.4785
vn 0.1174 -0.8642 -0.4892
vn 0.0787 -0.8643 -0.4969
vn 0.0395 -0.8642 -0.5016
vn -0.0000 -0.8643 -0.5031
vn -0.0395 -0.8642 -0.5016
vn -0.0787 -0.8642 -0.4970
vn -0.1174 -0.8642 -0.4892
vn -0.1555 -0.8642 -0.4785
vn -0.1925 -0.8642 -0.4648
vn -0.2284 -0.8642 -0.4483
vn -0.2629 -0.8642 -0.4290
vn -0.2957 -0.8642 -0.4071
vn -0.3268 -0.8642 -0.3826
vn -0.3557 -0.8642 -0.3557
vn -0.4070 -0.8643 -0.2957
vn -0.4290 -0.8642 -0.2629
vn -0.4483 -0.8642 -0.2284
vn -0.4648 -0.8642 -0.1925
vn -0.4785 -0.8642 -0.1555
vn -0.4892 -0.8642 -0.1175
vn -0.4969 -0.8643 -0.0787
vn -0.5016 -0.8642 -0.0395
vn -0.5031 -0.8642 -0.0000
vn -0.4969 -0.8643 0.0787
vn -0.4892 -0.8642 0.1175
vn -0.4785 -0.8642 0.1555
vn -0.4648 -0.8642 0.1925
vn -0.4483 -0.8642 0.2284
vn -0.4070 -0.8642 0.2957
vn -0.3826 -0.8642 0.3268
vn -0.3267 -0.8642 0.3826
vn -0.2957 -0.8642 0.4071
vn -0.2629 -0.8642 0.4290
vn -0.2284 -0.8642 0.4483
vn -0.1925 -0.8642 0.4648
vn -0.1555 -0.8642 0.4785
vn -0.1174 -0.8642 0.4892
vn -0.0787 -0.8643 0.4969
vn -0.0395 -0.8642 0.5016
vn -0.0000 -0.8643 0.5031
vn 0.0395 -0.8642 0.5016
vn 0.0787 -0.8642 0.4970
vn 0.1174 -0.8642 0.4892
vn 0.1555 -0.8642 0.4785
vn 0.1925 -0.8642 0.4648
vn 0.2284 -0.8642 0.4483
vn 0.2629 -0.8642 0.4290
vn 0.2957 -0.8642 0.4071
vn 0.3268 -0.8642 0.3826
vn 0.3557 -0.8642 0.3557
vn 0.4070 -0.8643 0.2957
vn 0.4290 -0.8642 0.2629
vn 0.4483 -0.8642 0.2284
vn 0.4648 -0.8642 0.1925
vn 0.4785 -0.8642 0.1555
vn 0.4892 -0.8642 0.1175
vn 0.4969 -0.8643 0.0787
vn 0.5016 -0.8642 0.0395
vn 0.8410 -0.5394 -0.0424
vn 0.8127 -0.5824 0.0182
vn 0.8564 -0.4978 -0.1368
vn 0.8460 -0.4849 -0.2218
vn 0.7786 -0.5824 -0.2338
vn 0.7867 -0.5394 -0.3002
vn 0.7722 -0.4978 -0.3948
vn 0.7360 -0.4849 -0.4723
vn 0.6682 -0.5824 -0.4630
vn 0.6555 -0.5394 -0.5286
vn 0.6125 -0.4978 -0.6141
vn 0.5540 -0.4849 -0.6767
vn 0.4924 -0.5824 -0.6468
vn 0.4600 -0.5394 -0.7053
vn 0.3927 -0.4978 -0.7733
vn 0.3178 -0.4849 -0.8148
vn 0.2684 -0.5824 -0.7673
vn 0.2196 -0.5394 -0.8130
vn 0.1345 -0.4978 -0.8568
vn 0.0505 -0.4849 -0.8731
vn 0.0182 -0.5824 -0.8127
vn -0.0424 -0.5394 -0.8410
vn -0.1368 -0.4978 -0.8564
vn -0.2218 -0.4849 -0.8460
vn -0.2338 -0.5824 -0.7786
vn -0.3002 -0.5394 -0.7868
vn -0.3948 -0.4978 -0.7722
vn -0.4723 -0.4849 -0.7360
vn -0.4630 -0.5824 -0.6682
vn -0.5286 -0.5394 -0.6555
vn -0.6141 -0.4978 -0.6125
vn -0.6767 -0.4849 -0.5540
vn -0.6468 -0.5824 -0.4924
vn -0.7053 -0.5394 -0.4600
vn -0.7733 -0.4978 -0.3927
vn -0.8148 -0.4849 -0.3178
vn -0.7673 -0.5824 -0.2684
vn -0.8130 -0.5394 -0.2196
vn -0.8568 -0.4978 -0.1345
vn -0.8731 -0.4849 -0.0505
vn -0.8127 -0.5824 -0.0182
vn -0.8410 -0.5394 0.0424
vn -0.8564 -0.4978 0.1368
vn -0.8460 -0.4849 0.2218
vn -0.7786 -0.5824 0.2338
vn -0.7867 -0.5394 0.3002
vn -0.7722 -0.4978 0.3948
vn -0.7360 -0.4849 0.4723
vn -0.6682 -0.5824 0.4630
vn -0.6555 -0.5394 0.5286
vn -0.6125 -0.4978 0.6141
vn -0.5540 -0.4849 0.6767
vn -0.4924 -0.5824 0.6468
vn -0.4600 -0.5394 0.7053
vn -0.3927 -0.4978 0.7733
vn -0.3178 -0.4849 0.8148
vn -0.2684 -0.5824 0.7673
vn -0.2196 -0.5394 0.8130
vn -0.1345 -0.4978 0.8568
vn -0.0505 -0.4849 0.8731
vn -0.0182 -0.5824 0.8127
vn 0.0424 -0.5394 0.8410
vn 0.1368 -0.4978 0.8564
vn 0.2218 -0.4849 0.8460
vn 0.2338 -0.5824 0.7786
vn 0.3002 -0.5394 0.7868
vn 0.3948 -0.4978 0.7722
vn 0.4723 -0.4849 0.7360
vn 0.4630 -0.5824 0.6682
vn 0.5286 -0.5394 0.6555
vn 0.6141 -0.4978 0.6125
vn 0.6767 -0.4849 0.5540
vn 0.6468 -0.5824 0.4924
vn 0.7053 -0.5394 0.4600
vn 0.7733 -0.4978 0.3927
vn 0.8148 -0.4849 0.3178
vn 0.7673 -0.5824 0.2684
vn 0.8130 -0.5394 0.2196
vn 0.8568 -0.4978 0.1345
vn 0.8731 -0.4849 0.0505
vn 0.9709 -0.0117 -0.2392
vn 0.8343 0.4012 -0.3781
vn 0.9106 0.0225 -0.4127
vn 0.9884 -0.0106 0.1512
vn 0.9489 -0.0101 0.3153
vn 0.9940 -0.0300 -0.1054
vn 0.9355 -0.0010 -0.3534
vn 0.8627 0.0067 -0.5057
vn 0.9993 -0.0212 0.0303
vn 0.9767 0.0067 0.2144
vn 0.8933 -0.0106 -0.4493
vn 0.8305 0.0060 -0.5570
vn 0.9558 0.1175 -0.2696
vn 0.9981 -0.0214 -0.0575
vn 0.9934 -0.0279 0.1111
vn 0.8495 -0.0117 -0.5275
vn 0.6766 0.4012 -0.6174
vn 0.7385 0.0225 -0.6739
vn 0.9868 -0.0106 -0.1616
vn 0.9999 -0.0101 0.0066
vn 0.9128 -0.0300 -0.4074
vn 0.7805 -0.0010 -0.6252
vn 0.6642 0.0067 -0.7475
vn 0.9598 -0.0212 -0.2799
vn 0.9952 0.0067 -0.0980
vn 0.8659 -0.0143 -0.5000
vn 0.7108 -0.0106 -0.7033
vn 0.6177 0.0060 -0.7864
vn 0.8257 0.1175 -0.5517
vn 0.9315 -0.0214 -0.3632
vn 0.9791 -0.0279 -0.2014
vn 0.6449 -0.0117 -0.7642
vn 0.4527 0.4012 -0.7963
vn 0.4941 0.0225 -0.8691
vn 0.8886 -0.0106 -0.4586
vn 0.9530 -0.0101 -0.3027
vn 0.7422 -0.0300 -0.6695
vn 0.5491 -0.0010 -0.8358
vn 0.4007 0.0067 -0.9162
vn 0.8263 -0.0212 -0.5628
vn 0.9162 0.0067 -0.4007
vn 0.4586 -0.0106 -0.8886
vn 0.3445 0.0060 -0.9388
vn 0.6148 0.1175 -0.7799
vn 0.7737 -0.0214 -0.6332
vn 0.8690 -0.0279 -0.4941
vn 0.3772 -0.0117 -0.9261
vn 0.1845 0.4012 -0.8972
vn 0.2015 0.0225 -0.9792
vn 0.7034 -0.0106 -0.7108
vn 0.8128 -0.0101 -0.5824
vn 0.4990 -0.0300 -0.8661
vn 0.2639 -0.0010 -0.9645
vn 0.0980 0.0067 -0.9952
vn 0.6119 -0.0212 -0.7906
vn 0.7475 0.0067 -0.6642
vn 0.4067 -0.0143 -0.9135
vn 0.1616 -0.0106 -0.9868
vn 0.0376 0.0060 -0.9993
vn 0.3437 0.1175 -0.9317
vn 0.5401 -0.0214 -0.8413
vn 0.6738 -0.0279 -0.7384
vn 0.0725 -0.0117 -0.9973
vn -0.1018 0.4012 -0.9103
vn -0.1110 0.0225 -0.9936
vn 0.4493 -0.0106 -0.8933
vn 0.5931 -0.0101 -0.8051
vn 0.2069 -0.0300 -0.9779
vn -0.0471 -0.0010 -0.9989
vn -0.2144 0.0067 -0.9767
vn 0.3377 -0.0212 -0.9410
vn 0.5057 0.0067 -0.8627
vn 0.1045 -0.0143 -0.9944
vn -0.1512 -0.0106 -0.9884
vn -0.2731 0.0060 -0.9620
vn 0.0390 0.1175 -0.9923
vn 0.2537 -0.0214 -0.9670
vn 0.4126 -0.0279 -0.9105
vn -0.2392 -0.0117 -0.9709
vn -0.3781 0.4012 -0.8343
vn -0.4127 0.0225 -0.9106
vn 0.1512 -0.0106 -0.9884
vn 0.3153 -0.0101 -0.9489
vn -0.1054 -0.0300 -0.9940
vn -0.3534 -0.0010 -0.9355
vn -0.5057 0.0067 -0.8627
vn 0.0303 -0.0212 -0.9993
vn 0.2144 0.0067 -0.9767
vn -0.4493 -0.0106 -0.8933
vn -0.5570 0.0060 -0.8305
vn -0.2696 0.1175 -0.9558
vn -0.0575 -0.0214 -0.9981
vn 0.1111 -0.0279 -0.9934
vn -0.5275 -0.0117 -0.8495
vn -0.6174 0.4012 -0.6766
vn -0.6739 0.0225 -0.7385
vn -0.1616 -0.0106 -0.9868
vn 0.0066 -0.0101 -0.9999
vn -0.4074 -0.0300 -0.9128
vn -0.6252 -0.0010 -0.7805
vn -0.7475 0.0067 -0.6642
vn -0.2799 -0.0212 -0.9598
vn -0.0980 0.0067 -0.9952
vn -0.5000 -0.0143 -0.8659
vn -0.7033 -0.0106 -0.7108
vn -0.7864 0.0060 -0.6177
vn -0.5517 0.1175 -0.8257
vn -0.3632 -0.0214 -0.9315
vn -0.2014 -0.0279 -0.9791
vn -0.7642 -0.0117 -0.6449
vn -0.7963 0.4012 -0.4527
vn -0.8691 0.0225 -0.4941
vn -0.4586 -0.0106 -0.8886
vn -0.3027 -0.0101 -0.9530
vn -0.6695 -0.0300 -0.7422
vn -0.8358 -0.0010 -0.5491
vn -0.9162 0.0067 -0.4007
vn -0.5628 -0.0212 -0.8263
vn -0.4007 0.0067 -0.9162
vn -0.8886 -0.0106 -0.4586
vn -0.9388 0.0060 -0.3445
vn -0.7799 0.1175 -0.6148
vn -0.6332 -0.0214 -0.7737
vn -0.4941 -0.0279 -0.8690
vn -0.9261 -0.0117 -0.3772
vn -0.8972 0.4012 -0.1845
vn -0.9792 0.0225 -0.2015
vn -0.7108 -0.0106 -0.7034
vn -0.5824 -0.0101 -0.8128
vn -0.8661 -0.0300 -0.4990
vn -0.9645 -0.0010 -0.2639
vn -0.9952 0.0067 -0.0980
vn -0.7906 -0.0212 -0.6119
vn -0.6642 0.0067 -0.7475
vn -0.9135 -0.0143 -0.4067
vn -0.9868 -0.0106 -0.1616
vn -0.9993 0.0060 -0.0376
vn -0.9317 0.1175 -0.3437
vn -0.8413 -0.0214 -0.5401
vn -0.7384 -0.0279 -0.6738
vn -0.9973 -0.0117 -0.0725
vn -0.9103 0.4012 0.1018
vn -0.9936 0.0225 0.1111
vn -0.8933 -0.0106 -0.4493
vn -0.8051 -0.0101 -0.5931
vn -0.9779 -0.0300 -0.2069
vn -0.9989 -0.0010 0.0471
vn -0.9767 0.0067 0.2144
vn -0.9410 -0.0212 -0.3377
vn -0.8627 0.0067 -0.5057
vn -0.9884 -0.0106 0.1512
vn -0.9620 0.0060 0.2731
vn -0.9923 0.1175 -0.0390
vn -0.9670 -0.0214 -0.2537
vn -0.9105 -0.0279 -0.4126
vn -0.9709 -0.0117 0.2392
vn -0.8343 0.4012 0.3781
vn -0.9106 0.0225 0.4127
vn -0.9884 -0.0106 -0.1512
vn -0.9489 -0.0101 -0.3153
vn -0.9940 -0.0300 0.1054
vn -0.9355 -0.0010 0.3534
vn -0.8627 0.0067 0.5057
vn -0.9993 -0.0212 -0.0303
vn -0.9767 0.0067 -0.2144
vn -0.8933 -0.0106 0.4493
vn -0.8305 0.0060 0.5570
vn -0.9558 0.1175 0.2696
vn -0.9981 -0.0214 0.0575
vn -0.9934 -0.0279 -0.1111
vn -0.8495 -0.0117 0.5275
vn -0.6766 0.4012 0.6174
vn -0.7385 0.0225 0.6739
vn -0.9868 -0.0106 0.1616
vn -0.9999 -0.0101 -0.0066
vn -0.9128 -0.0300 0.4074
vn -0.7805 -0.0010 0.6252
vn -0.6642 0.0067 0.7475
vn -0.9598 -0.0212 0.2799
vn -0.9952 0.0067 0.0980
vn -0.8659 -0.0143 0.5000
vn -0.7108 -0.0106 0.7033
vn -0.6177 0.0060 0.7864
vn -0.8257 0.1175 0.5517
vn -0.9315 -0.0214 0.3632
vn -0.9791 -0.0279 0.2014
vn -0.6449 -0.0117 0.7642
vn -0.4527 0.4012 0.7963
vn -0.4941 0.0225 0.8691
vn -0.8886 -0.0106 0.4586
vn -0.9530 -0.0101 0.3027
vn -0.7422 -0.0300 0.6695
vn -0.5491 -0.0010 0.8358
vn -0.4007 0.0067 0.9162
vn -0.8263 -0.0212 0.5628
vn -0.9162 0.0067 0.4007
vn -0.4586 -0.0106 0.8886
vn -0.3445 0.0060 0.9388
vn -0.6148 0.1175 0.7799
vn -0.7737 -0.0214 0.6332
vn -0.8690 -0.0279 0.4941
vn -0.3772 -0.0117 0.9261
vn -0.1845 0.4012 0.8972
vn -0.2015 0.0225 0.9792
vn -0.7034 -0.0106 0.7108
vn -0.8128 -0.0101 0.5824
vn -0.4990 -0.0300 0.8661
vn -0.2639 -0.0010 0.9645
vn -0.0980 0.0067 0.9952
vn -0.6119 -0.0212 0.7906
vn -0.7475 0.0067 0.6642
vn -0.4067 -0.0143 0.9135
vn -0.1616 -0.0106 0.9868
vn -0.0376 0.0060 0.9993
vn -0.3437 0.1175 0.9317
vn -0.5401 -0.0214 0.8413
vn -0.6738 -0.0279 0.7384
vn -0.0725 -0.0117 0.9973
vn 0.1018 0.4012 0.9103
vn 0.1110 0.0225 0.9936
vn -0.4493 -0.0106 0.8933
vn -0.5931 -0.0101 0.8051
vn -0.2069 -0.0300 0.9779
vn 0.0471 -0.0010 0.9989
vn 0.2144 0.0067 0.9767
vn -0.3377 -0.0212 0.9410
vn -0.5057 0.0067 0.8627
vn -0.1045 -0.0143 0.9944
vn 0.1512 -0.0106 0.9884
vn 0.2731 0.0060 0.9620
vn -0.0390 0.1175 0.9923
vn -0.2537 -0.0214 0.9670
vn -0.4126 -0.0279 0.9105
vn 0.2392 -0.0117 0.9709
vn 0.3781 0.4012 0.8343
vn 0.4127 0.0225 0.9106
vn -0.1512 -0.0106 0.9884
vn -0.3153 -0.0101 0.9489
vn 0.1054 -0.0300 0.9940
vn 0.3534 -0.0010 0.9355
vn 0.5057 0.0067 0.8627
vn -0.0303 -0.0212 0.9993
vn -0.2144 0.0067 0.9767
vn 0.4493 -0.0106 0.8933
vn 0.5570 0.0060 0.8305
vn 0.2696 0.1175 0.9558
vn 0.0575 -0.0214 0.9981
vn -0.1111 -0.0279 0.9934
vn 0.5275 -0.0117 0.8495
vn 0.6174 0.4012 0.6766
vn 0.6739 0.0225 0.7385
vn 0.1616 -0.0106 0.9868
vn -0.0066 -0.0101 0.9999
vn 0.4074 -0.0300 0.9128
vn 0.6252 -0.0010 0.7805
vn 0.7475 0.0067 0.6642
vn 0.2799 -0.0212 0.9598
vn 0.0980 0.0067 0.9952
vn 0.5000 -0.0143 0.8659
vn 0.7033 -0.0106 0.7108
vn 0.7864 0.0060 0.6177
vn 0.5517 0.1175 0.8257
vn 0.3632 -0.0214 0.9315
vn 0.2014 -0.0279 0.9791
vn 0.7642 -0.0117 0.6449
vn 0.7963 0.4012 0.4527
vn 0.8691 0.0225 0.4941
vn 0.4586 -0.0106 0.8886
vn 0.3027 -0.0101 0.9530
vn 0.6695 -0.0300 0.7422
vn 0.8358 -0.0010 0.5491
vn 0.9162 0.0067 0.4007
vn 0.5628 -0.0212 0.8263
vn 0.4007 0.0067 0.9162
vn 0.8886 -0.0106 0.4586
vn 0.9388 0.0060 0.3445
vn 0.7799 0.1175 0.6148
vn 0.6332 -0.0214 0.7737
vn 0.4941 -0.0279 0.8690
vn 0.9261 -0.0117 0.3772
vn 0.8972 0.4012 0.1845
vn 0.9792 0.0225 0.2015
vn 0.7108 -0.0106 0.7034
vn 0.5824 -0.0101 0.8128
vn 0.8661 -0.0300 0.4990
vn 0.9645 -0.0010 0.2639
vn 0.9952 0.0067 0.0980
vn 0.7906 -0.0212 0.6119
vn 0.6642 0.0067 0.7475
vn 0.9135 -0.0143 0.4067
vn 0.9868 -0.0106 0.1616
vn 0.9993 0.0060 0.0376
vn 0.9317 0.1175 0.3437
vn 0.8413 -0.0214 0.5401
vn 0.7384 -0.0279 0.6738
vn 0.9973 -0.0117 0.0725
vn 0.9103 0.4012 -0.1018
vn 0.9936 0.0225 -0.1111
vn 0.8933 -0.0106 0.4493
vn 0.8051 -0.0101 0.5931
vn 0.9779 -0.0300 0.2069
vn 0.9989 -0.0010 -0.0471
vn 0.9767 0.0067 -0.2144
vn 0.9410 -0.0212 0.3377
vn 0.8627 0.0067 0.5057
vn 0.9884 -0.0106 -0.1512
vn 0.9620 0.0060 -0.2731
vn 0.9923 0.1175 0.0390
vn 0.9670 -0.0214 0.2537
vn 0.9105 -0.0279 0.4126
vn 0.9687 0.0229 -0.2470
vn 0.9892 0.0229 0.1444
vn 0.9376 0.0229 -0.3470
vn 0.9989 0.0229 0.0402
vn 0.8962 0.0229 -0.4431
vn 0.9977 0.0229 -0.0644
vn 0.8450 0.0229 -0.5343
vn 0.9855 0.0229 -0.1683
vn 0.7845 0.0229 -0.6197
vn 0.9625 0.0229 -0.2704
vn 0.7154 0.0229 -0.6983
vn 0.9289 0.0229 -0.3695
vn 0.6385 0.0229 -0.7693
vn 0.8852 0.0229 -0.4646
vn 0.7428 0.0288 -0.6689
vn 0.5546 0.0229 -0.8318
vn 0.8318 0.0229 -0.5546
vn 0.6688 0.0288 -0.7428
vn 0.4646 0.0229 -0.8852
vn 0.7693 0.0229 -0.6385
vn 0.3695 0.0229 -0.9289
vn 0.6983 0.0229 -0.7154
vn 0.2704 0.0229 -0.9625
vn 0.6197 0.0229 -0.7845
vn 0.1683 0.0229 -0.9855
vn 0.3583 0.0179 -0.9334
vn 0.5343 0.0229 -0.8450
vn 0.0644 0.0229 -0.9977
vn 0.4431 0.0229 -0.8962
vn -0.0402 0.0229 -0.9989
vn 0.1564 0.0179 -0.9875
vn 0.3470 0.0229 -0.9376
vn -0.1444 0.0229 -0.9893
vn 0.2471 0.0229 -0.9687
vn -0.2470 0.0229 -0.9687
vn 0.1444 0.0229 -0.9892
vn -0.3470 0.0229 -0.9376
vn 0.0402 0.0229 -0.9989
vn -0.4431 0.0229 -0.8962
vn -0.0644 0.0229 -0.9977
vn -0.5343 0.0229 -0.8450
vn -0.3583 0.0179 -0.9334
vn -0.1683 0.0229 -0.9855
vn -0.6197 0.0229 -0.7845
vn -0.2704 0.0229 -0.9625
vn -0.6983 0.0229 -0.7154
vn -0.3695 0.0229 -0.9289
vn -0.7693 0.0229 -0.6385
vn -0.4646 0.0229 -0.8852
vn -0.6689 0.0288 -0.7428
vn -0.8318 0.0229 -0.5546
vn -0.5546 0.0229 -0.8318
vn -0.7428 0.0288 -0.6688
vn -0.8852 0.0229 -0.4646
vn -0.6385 0.0229 -0.7693
vn -0.9289 0.0229 -0.3695
vn -0.7154 0.0229 -0.6983
vn -0.9625 0.0229 -0.2704
vn -0.7845 0.0229 -0.6197
vn -0.9855 0.0229 -0.1683
vn -0.8450 0.0229 -0.5343
vn -0.9977 0.0229 -0.0644
vn -0.8962 0.0229 -0.4431
vn -0.9989 0.0229 0.0402
vn -0.9376 0.0229 -0.3470
vn -0.9893 0.0229 0.1444
vn -0.9687 0.0229 -0.2471
vn -0.9687 0.0229 0.2470
vn -0.9892 0.0229 -0.1444
vn -0.9376 0.0229 0.3470
vn -0.9989 0.0229 -0.0402
vn -0.8962 0.0229 0.4431
vn -0.9977 0.0229 0.0644
vn -0.8450 0.0229 0.5343
vn -0.9855 0.0229 0.1683
vn -0.7845 0.0229 0.6197
vn -0.9625 0.0229 0.2704
vn -0.7154 0.0229 0.6983
vn -0.9289 0.0229 0.3695
vn -0.6385 0.0229 0.7693
vn -0.8852 0.0229 0.4646
vn -0.7428 0.0288 0.6689
vn -0.5546 0.0229 0.8318
vn -0.8318 0.0229 0.5546
vn -0.6688 0.0288 0.7428
vn -0.4646 0.0229 0.8852
vn -0.7693 0.0229 0.6385
vn -0.3695 0.0229 0.9289
vn -0.6983 0.0229 0.7154
vn -0.2704 0.0229 0.9625
vn -0.6197 0.0229 0.7845
vn -0.1683 0.0229 0.9855
vn -0.3583 0.0179 0.9334
vn -0.5343 0.0229 0.8450
vn -0.0644 0.0229 0.9977
vn -0.4431 0.0229 0.8962
vn 0.0402 0.0229 0.9989
vn -0.1564 0.0179 0.9875
vn -0.3470 0.0229 0.9376
vn 0.1444 0.0229 0.9893
vn -0.2471 0.0229 0.9687
vn 0.2470 0.0229 0.9687
vn -0.1444 0.0229 0.9892
vn 0.3470 0.0229 0.9376
vn -0.0402 0.0229 0.9989
vn 0.4431 0.0229 0.8962
vn 0.0644 0.0229 0.9977
vn 0.5343 0.0229 0.8450
vn 0.3583 0.0179 0.9334
vn 0.1683 0.0229 0.9855
vn 0.6197 0.0229 0.7845
vn 0.2704 0.0229 0.9625
vn 0.6983 0.0229 0.7154
vn 0.3695 0.0229 0.9289
vn 0.7693 0.0229 0.6385
vn 0.4646 0.0229 0.8852
vn 0.6689 0.0288 0.7428
vn 0.8318 0.0229 0.5546
vn 0.5546 0.0229 0.8318
vn 0.7428 0.0288 0.6688
vn 0.8852 0.0229 0.4646
vn 0.6385 0.0229 0.7693
vn 0.9289 0.0229 0.3695
vn 0.7154 0.0229 0.6983
vn 0.9625 0.0229 0.2704
vn 0.7845 0.0229 0.6197
vn 0.9855 0.0229 0.1683
vn 0.8450 0.0229 0.5343
vn 0.9977 0.0229 0.0644
vn 0.8962 0.0229 0.4431
vn 0.9989 0.0229 -0.0402
vn 0.9376 0.0229 0.3470
vn 0.9893 0.0229 -0.1444
vn 0.9687 0.0229 0.2471
vn 0.8810 0.4548 -0.1306
vn 0.9492 0.3107 -0.0498
vn 0.8898 0.4548 0.0378
vn 0.9055 0.4136 -0.0952
vn 0.8625 0.4548 -0.2220
vn 0.8889 0.4548 -0.0554
vn 0.8906 0.4136 -0.1893
vn 0.8346 0.4548 -0.3109
vn 0.9181 0.3107 -0.2460
vn 0.8782 0.4548 -0.1480
vn 0.7975 0.4548 -0.3965
vn 0.8874 0.3107 -0.3406
vn 0.8579 0.4548 -0.2390
vn 0.8318 0.4136 -0.3703
vn 0.7517 0.4548 -0.4776
vn 0.8283 0.4548 -0.3274
vn 0.7885 0.4136 -0.4552
vn 0.6976 0.4548 -0.5536
vn 0.7972 0.3107 -0.5177
vn 0.7895 0.4547 -0.4121
vn 0.6360 0.4548 -0.6235
vn 0.7387 0.3107 -0.5982
vn 0.7421 0.4548 -0.4924
vn 0.6766 0.4136 -0.6092
vn 0.5673 0.4548 -0.6866
vn 0.6866 0.4548 -0.5673
vn 0.6092 0.4136 -0.6766
vn 0.4924 0.4547 -0.7421
vn 0.5982 0.3107 -0.7387
vn 0.6235 0.4547 -0.6359
vn 0.4122 0.4548 -0.7895
vn 0.5177 0.3107 -0.7972
vn 0.5536 0.4548 -0.6976
vn 0.4552 0.4136 -0.7885
vn 0.3274 0.4548 -0.8283
vn 0.4776 0.4548 -0.7517
vn 0.3703 0.4136 -0.8318
vn 0.2390 0.4548 -0.8579
vn 0.3406 0.3107 -0.8874
vn 0.3965 0.4547 -0.7975
vn 0.2814 0.4136 -0.8659
vn 0.1480 0.4548 -0.8782
vn 0.2460 0.3107 -0.9181
vn 0.3109 0.4548 -0.8346
vn 0.1893 0.4136 -0.8906
vn 0.0554 0.4547 -0.8889
vn 0.2220 0.4548 -0.8625
vn 0.0952 0.4136 -0.9055
vn -0.0378 0.4548 -0.8898
vn 0.0498 0.3107 -0.9492
vn 0.1306 0.4548 -0.8810
vn -0.1306 0.4548 -0.8810
vn -0.0498 0.3107 -0.9492
vn 0.0378 0.4548 -0.8898
vn -0.0952 0.4136 -0.9055
vn -0.2220 0.4548 -0.8625
vn -0.0554 0.4548 -0.8889
vn -0.1893 0.4136 -0.8906
vn -0.3110 0.4547 -0.8346
vn -0.2460 0.3107 -0.9181
vn -0.1480 0.4548 -0.8782
vn -0.3965 0.4548 -0.7975
vn -0.3406 0.3107 -0.8874
vn -0.2390 0.4548 -0.8579
vn -0.3703 0.4136 -0.8318
vn -0.4776 0.4548 -0.7517
vn -0.3274 0.4548 -0.8283
vn -0.4552 0.4136 -0.7885
vn -0.5536 0.4548 -0.6976
vn -0.5177 0.3107 -0.7972
vn -0.4121 0.4547 -0.7895
vn -0.6235 0.4548 -0.6360
vn -0.5982 0.3107 -0.7387
vn -0.4924 0.4548 -0.7421
vn -0.6092 0.4136 -0.6766
vn -0.6866 0.4548 -0.5673
vn -0.5673 0.4548 -0.6866
vn -0.6766 0.4136 -0.6092
vn -0.7421 0.4548 -0.4924
vn -0.7387 0.3107 -0.5982
vn -0.6360 0.4548 -0.6235
vn -0.7895 0.4547 -0.4121
vn -0.7972 0.3107 -0.5177
vn -0.6976 0.4547 -0.5536
vn -0.7885 0.4136 -0.4552
vn -0.8283 0.4547 -0.3273
vn -0.7517 0.4548 -0.4776
vn -0.8318 0.4136 -0.3703
vn -0.8579 0.4548 -0.2390
vn -0.8874 0.3107 -0.3406
vn -0.7975 0.4548 -0.3965
vn -0.8659 0.4136 -0.2814
vn -0.8782 0.4548 -0.1480
vn -0.9181 0.3107 -0.2460
vn -0.8346 0.4548 -0.3109
vn -0.8906 0.4136 -0.1893
vn -0.8889 0.4548 -0.0554
vn -0.8625 0.4548 -0.2220
vn -0.9055 0.4136 -0.0952
vn -0.8898 0.4548 0.0378
vn -0.9492 0.3107 -0.0497
vn -0.8810 0.4547 -0.1307
vn -0.8810 0.4548 0.1306
vn -0.9492 0.3107 0.0498
vn -0.8898 0.4548 -0.0378
vn -0.9055 0.4136 0.0952
vn -0.8625 0.4548 0.2220
vn -0.8889 0.4548 0.0554
vn -0.8906 0.4136 0.1893
vn -0.8346 0.4548 0.3109
vn -0.9181 0.3107 0.2460
vn -0.8782 0.4548 0.1480
vn -0.7975 0.4548 0.3965
vn -0.8874 0.3107 0.3406
vn -0.8579 0.4548 0.2390
vn -0.8318 0.4136 0.3703
vn -0.7517 0.4548 0.4776
vn -0.8283 0.4548 0.3274
vn -0.7885 0.4136 0.4552
vn -0.6976 0.4548 0.5536
vn -0.7972 0.3107 0.5177
vn -0.7895 0.4547 0.4121
vn -0.6360 0.4548 0.6235
vn -0.7387 0.3107 0.5982
vn -0.7421 0.4548 0.4924
vn -0.6766 0.4136 0.6092
vn -0.5673 0.4548 0.6866
vn -0.6866 0.4548 0.5673
vn -0.6092 0.4136 0.6766
vn -0.4924 0.4547 0.7421
vn -0.5982 0.3107 0.7387
vn -0.6235 0.4547 0.6359
vn -0.4122 0.4548 0.7895
vn -0.5177 0.3107 0.7972
vn -0.5536 0.4548 0.6976
vn -0.4552 0.4136 0.7885
vn -0.3274 0.4548 0.8283
vn -0.4776 0.4548 0.7517
vn -0.3703 0.4136 0.8318
vn -0.2390 0.4548 0.8579
vn -0.3406 0.3107 0.8874
vn -0.3965 0.4547 0.7975
vn -0.2814 0.4136 0.8659
vn -0.1480 0.4548 0.8782
vn -0.2460 0.3107 0.9181
vn -0.3109 0.4548 0.8346
vn -0.1893 0.4136 0.8906
vn -0.0554 0.4547 0.8889
vn -0.2220 0.4548 0.8625
vn -0.0952 0.4136 0.9055
vn 0.0378 0.4548 0.8898
vn -0.0498 0.3107 0.9492
vn -0.1306 0.4548 0.8810
vn 0.1306 0.4548 0.8810
vn 0.0498 0.3107 0.9492
vn -0.0378 0.4548 0.8898
vn 0.0952 0.4136 0.9055
vn 0.2220 0.4548 0.8625
vn 0.0554 0.4548 0.8889
vn 0.1893 0.4136 0.8906
vn 0.3110 0.4547 0.8346
vn 0.2460 0.3107 0.9181
vn 0.1480 0.4548 0.8782
vn 0.3965 0.4548 0.7975
vn 0.3406 0.3107 0.8874
vn 0.2390 0.4548 0.8579
vn 0.3703 0.4136 0.8318
vn 0.4776 0.4548 0.7517
vn 0.3274 0.4548 0.8283
vn 0.4552 0.4136 0.7885
vn 0.5536 0.4548 0.6976
vn 0.5177 0.3107 0.7972
vn 0.4121 0.4547 0.7895
vn 0.6235 0.4548 0.6360
vn 0.5982 0.3107 0.7387
vn 0.4924 0.4548 0.7421
vn 0.6092 0.4136 0.6766
vn 0.6866 0.4548 0.5673
vn 0.5673 0.4548 0.6866
vn 0.6766 0.4136 0.6092
vn 0.7421 0.4548 0.4924
vn 0.7387 0.3107 0.5982
vn 0.6360 0.4548 0.6235
vn 0.7895 0.4547 0.4121
vn 0.7972 0.3107 0.5177
vn 0.6976 0.4547 0.5536
vn 0.7885 0.4136 0.4552
vn 0.8283 0.4547 0.3273
vn 0.7517 0.4548 0.4776
vn 0.8318 0.4136 0.3703
vn 0.8579 0.4548 0.2390
vn 0.8874 0.3107 0.3406
vn 0.7975 0.4548 0.3965
vn 0.8659 0.4136 0.2814
vn 0.8782 0.4548 0.1480
vn 0.9181 0.3107 0.2460
vn 0.8346 0.4548 0.3109
vn 0.8906 0.4136 0.1893
vn 0.8889 0.4548 0.0554
vn 0.8625 0.4548 0.2220
vn 0.9055 0.4136 0.0952
vn 0.8898 0.4548 -0.0378
vn 0.9492 0.3107 0.0497
vn 0.8810 0.4547 0.1307
vn 0.4710 0.8821 -0.0000
vn 0.4801 0.8768 -0.0252
vn 0.4685 0.8821 -0.0492
vn 0.4748 0.8768 -0.0752
vn 0.4607 0.8821 -0.0979
vn 0.4644 0.8768 -0.1244
vn 0.4480 0.8821 -0.1456
vn 0.4488 0.8768 -0.1723
vn 0.4303 0.8821 -0.1916
vn 0.4284 0.8768 -0.2183
vn 0.4079 0.8821 -0.2355
vn 0.4032 0.8768 -0.2618
vn 0.3811 0.8821 -0.2769
vn 0.3736 0.8768 -0.3026
vn 0.3500 0.8821 -0.3152
vn 0.3400 0.8768 -0.3400
vn 0.3152 0.8821 -0.3500
vn 0.3026 0.8768 -0.3736
vn 0.2769 0.8821 -0.3811
vn 0.2618 0.8768 -0.4032
vn 0.2355 0.8821 -0.4079
vn 0.2183 0.8768 -0.4284
vn 0.1916 0.8821 -0.4303
vn 0.1723 0.8768 -0.4488
vn 0.1456 0.8821 -0.4480
vn 0.1244 0.8768 -0.4644
vn 0.0979 0.8821 -0.4607
vn 0.0752 0.8768 -0.4749
vn 0.0492 0.8821 -0.4685
vn 0.0252 0.8768 -0.4801
vn -0.0000 0.8821 -0.4710
vn -0.0252 0.8768 -0.4801
vn -0.0492 0.8821 -0.4685
vn -0.0752 0.8768 -0.4748
vn -0.0979 0.8821 -0.4607
vn -0.1244 0.8768 -0.4644
vn -0.1456 0.8821 -0.4480
vn -0.1723 0.8768 -0.4488
vn -0.1916 0.8821 -0.4303
vn -0.2183 0.8768 -0.4284
vn -0.2355 0.8821 -0.4079
vn -0.2618 0.8768 -0.4032
vn -0.2769 0.8821 -0.3811
vn -0.3026 0.8768 -0.3736
vn -0.3152 0.8821 -0.3500
vn -0.3400 0.8768 -0.3400
vn -0.3500 0.8821 -0.3152
vn -0.3736 0.8768 -0.3026
vn -0.3811 0.8821 -0.2769
vn -0.4032 0.8768 -0.2618
vn -0.4079 0.8821 -0.2355
vn -0.4284 0.8768 -0.2183
vn -0.4303 0.8821 -0.1916
vn -0.4488 0.8768 -0.1723
vn -0.4480 0.8821 -0.1456
vn -0.4644 0.8768 -0.1244
vn -0.4607 0.8821 -0.0979
vn -0.4749 0.8768 -0.0752
vn -0.4685 0.8821 -0.0492
vn -0.4801 0.8768 -0.0252
vn -0.4710 0.8821 -0.0000
vn -0.4801 0.8768 0.0252
vn -0.4685 0.8821 0.0492
vn -0.4748 0.8768 0.0752
vn -0.4607 0.8821 0.0979
vn -0.4644 0.8768 0.1244
vn -0.4480 0.8821 0.1456
vn -0.4488 0.8768 0.1723
vn -0.4303 0.8821 0.1916
vn -0.4284 0.8768 0.2183
vn -0.4079 0.8821 0.2355
vn -0.4032 0.8768 0.2618
vn -0.3811 0.8821 0.2769
vn -0.3736 0.8768 0.3026
vn -0.3500 0.8821 0.3152
vn -0.3400 0.8768 0.3400
vn -0.3152 0.8821 0.3500
vn -0.3026 0.8768 0.3736
vn -0.2769 0.8821 0.3811
vn -0.2618 0.8768 0.4032
vn -0.2355 0.8821 0.4079
vn -0.2183 0.8768 0.4284
vn -0.1916 0.8821 0.4303
vn -0.1723 0.8768 0.4488
vn -0.1456 0.8821 0.4480
vn -0.1244 0.8768 0.4644
vn -0.0979 0.8821 0.4607
vn -0.0752 0.8768 0.4749
vn -0.0492 0.8821 0.4685
vn -0.0252 0.8768 0.4801
vn -0.0000 0.8821 0.4710
vn 0.0252 0.8768 0.4801
vn 0.0492 0.8821 0.4685
vn 0.0752 0.8768 0.4748
vn 0.0979 0.8821 0.4607
vn 0.1244 0.8768 0.4644
vn 0.1456 0.8821 0.4480
vn 0.1723 0.8768 0.4488
vn 0.1916 0.8821 0.4303
vn 0.2183 0.8768 0.4284
vn 0.2355 0.8821 0.4079
vn 0.2618 0.8768 0.4032
vn 0.2769 0.8821 0.3811
vn 0.3026 0.8768 0.3736
vn 0.3152 0.8821 0.3500
vn 0.3400 0.8768 0.3400
vn 0.3500 0.8821 0.3152
vn 0.3736 0.8768 0.3026
vn 0.3811 0.8821 0.2769
vn 0.4032 0.8768 0.2618
vn 0.4079 0.8821 0.2355
vn 0.4284 0.8768 0.2183
vn 0.4303 0.8821 0.1916
vn 0.4488 0.8768 0.1723
vn 0.4480 0.8821 0.1456
vn 0.4644 0.8768 0.1244
vn 0.4607 0.8821 0.0979
vn 0.4749 0.8768 0.0752
vn 0.4685 0.8821 0.0492
vn 0.4801 0.8768 0.0252
vn 0.0686 0.9976 -0.0036
vn 0.0687 0.9976 -0.0000
vn 0.0683 0.9976 -0.0072
vn 0.0678 0.9976 -0.0107
vn 0.0672 0.9976 -0.0143
vn 0.0663 0.9976 -0.0178
vn 0.0653 0.9976 -0.0212
vn 0.0641 0.9976 -0.0246
vn 0.0627 0.9976 -0.0279
vn 0.0612 0.9976 -0.0312
vn 0.0595 0.9976 -0.0343
vn 0.0576 0.9976 -0.0374
vn 0.0555 0.9976 -0.0404
vn 0.0534 0.9976 -0.0432
vn 0.0510 0.9976 -0.0460
vn 0.0485 0.9976 -0.0486
vn 0.0459 0.9976 -0.0510
vn 0.0432 0.9976 -0.0534
vn 0.0404 0.9976 -0.0556
vn 0.0374 0.9976 -0.0576
vn 0.0343 0.9976 -0.0595
vn 0.0312 0.9976 -0.0612
vn 0.0279 0.9976 -0.0627
vn 0.0246 0.9976 -0.0641
vn 0.0212 0.9976 -0.0653
vn 0.0178 0.9976 -0.0663
vn 0.0143 0.9976 -0.0672
vn 0.0107 0.9976 -0.0678
vn 0.0072 0.9976 -0.0683
vn 0.0036 0.9976 -0.0686
vn -0.0000 0.9976 -0.0687
vn -0.0036 0.9976 -0.0686
vn -0.0072 0.9976 -0.0683
vn -0.0107 0.9976 -0.0678
vn -0.0143 0.9976 -0.0672
vn -0.0178 0.9976 -0.0663
vn -0.0212 0.9976 -0.0653
vn -0.0246 0.9976 -0.0641
vn -0.0279 0.9976 -0.0627
vn -0.0312 0.9976 -0.0612
vn -0.0343 0.9976 -0.0595
vn -0.0374 0.9976 -0.0576
vn -0.0404 0.9976 -0.0555
vn -0.0432 0.9976 -0.0534
vn -0.0460 0.9976 -0.0510
vn -0.0486 0.9976 -0.0485
vn -0.0510 0.9976 -0.0459
vn -0.0534 0.9976 -0.0432
vn -0.0556 0.9976 -0.0404
vn -0.0576 0.9976 -0.0374
vn -0.0595 0.9976 -0.0343
vn -0.0612 0.9976 -0.0312
vn -0.0627 0.9976 -0.0279
vn -0.0641 0.9976 -0.0246
vn -0.0653 0.9976 -0.0212
vn -0.0663 0.9976 -0.0178
vn -0.0672 0.9976 -0.0143
vn -0.0678 0.9976 -0.0107
vn -0.0683 0.9976 -0.0072
vn -0.0686 0.9976 -0.0036
vn -0.0687 0.9976 -0.0000
vn -0.0686 0.9976 0.0036
vn -0.0683 0.9976 0.0072
vn -0.0678 0.9976 0.0107
vn -0.0672 0.9976 0.0143
vn -0.0663 0.9976 0.0178
vn -0.0653 0.9976 0.0212
vn -0.0641 0.9976 0.0246
vn -0.0627 0.9976 0.0279
vn -0.0612 0.9976 0.0312
vn -0.0595 0.9976 0.0343
vn -0.0576 0.9976 0.0374
vn -0.0555 0.9976 0.0404
vn -0.0534 0.9976 0.0432
vn -0.0510 0.9976 0.0460
vn -0.0485 0.9976 0.0486
vn -0.0459 0.9976 0.0510
vn -0.0432 0.9976 0.0534
vn -0.0404 0.9976 0.0556
vn -0.0374 0.9976 0.0576
vn -0.0343 0.9976 0.0595
vn -0.0312 0.9976 0.0612
vn -0.0279 0.9976 0.0627
vn -0.0246 0.9976 0.0641
vn -0.0212 0.9976 0.0653
vn -0.0178 0.9976 0.0663
vn -0.0143 0.9976 0.0672
vn -0.0107 0.9976 0.0678
vn -0.0072 0.9976 0.0683
vn -0.0036 0.9976 0.0686
vn -0.0000 0.9976 0.0687
vn 0.0036 0.9976 0.0686
vn 0.0072 0.9976 0.0683
vn 0.0107 0.9976 0.0678
vn 0.0143 0.9976 0.0672
vn 0.0178 0.9976 0.0663
vn 0.0212 0.9976 0.0653
vn 0.0246 0.9976 0.0641
vn 0.0279 0.9976 0.0627
vn 0.0312 0.9976 0.0612
vn 0.0343 0.9976 0.0595
vn 0.0374 0.9976 0.0576
vn 0.0404 0.9976 0.0555
vn 0.0432 0.9976 0.0534
vn 0.0460 0.9976 0.0510
vn 0.0486 0.9976 0.0485
vn 0.0510 0.9976 0.0459
vn 0.0534 0.9976 0.0432
vn 0.0556 0.9976 0.0404
vn 0.0576 0.9976 0.0374
vn 0.0595 0.9976 0.0343
vn 0.0612 0.9976 0.0312
vn 0.0627 0.9976 0.0279
vn 0.0641 0.9976 0.0246
vn 0.0653 0.9976 0.0212
vn 0.0663 0.9976 0.0178
vn 0.0672 0.9976 0.0143
vn 0.0678 0.9976 0.0107
vn 0.0683 0.9976 0.0072
vn 0.0686 0.9976 0.0036
vn -0.6408 0.7677 -0.0000
vn -0.6399 0.7677 0.0335
vn -0.4477 0.8939 0.0235
vn -0.4483 0.8939 -0.0000
vn -0.6372 0.7678 0.0670
vn -0.4459 0.8939 0.0469
vn -0.6329 0.7677 0.1002
vn -0.4427 0.8939 0.0701
vn -0.6267 0.7678 0.1332
vn -0.4385 0.8939 0.0932
vn -0.6189 0.7678 0.1658
vn -0.4330 0.8939 0.1160
vn -0.6094 0.7678 0.1980
vn -0.4263 0.8939 0.1385
vn -0.5982 0.7678 0.2296
vn -0.4185 0.8939 0.1606
vn -0.5854 0.7677 0.2606
vn -0.4095 0.8939 0.1823
vn -0.5709 0.7677 0.2909
vn -0.3994 0.8939 0.2035
vn -0.5549 0.7677 0.3204
vn -0.3882 0.8939 0.2241
vn -0.5374 0.7678 0.3490
vn -0.3759 0.8939 0.2441
vn -0.5184 0.7678 0.3766
vn -0.3626 0.8939 0.2635
vn -0.4980 0.7678 0.4032
vn -0.3484 0.8939 0.2821
vn -0.4762 0.7678 0.4287
vn -0.3331 0.8939 0.2999
vn -0.4531 0.7678 0.4531
vn -0.3170 0.8939 0.3170
vn -0.4287 0.7678 0.4762
vn -0.3000 0.8939 0.3331
vn -0.4032 0.7677 0.4980
vn -0.2821 0.8939 0.3484
vn -0.3766 0.7677 0.5184
vn -0.2635 0.8939 0.3626
vn -0.3490 0.7677 0.5374
vn -0.2441 0.8939 0.3759
vn -0.3204 0.7678 0.5549
vn -0.2241 0.8939 0.3882
vn -0.2909 0.7677 0.5709
vn -0.2035 0.8939 0.3994
vn -0.2606 0.7677 0.5854
vn -0.1823 0.8939 0.4095
vn -0.2296 0.7678 0.5982
vn -0.1607 0.8939 0.4186
vn -0.1980 0.7678 0.6094
vn -0.1385 0.8939 0.4263
vn -0.1658 0.7678 0.6189
vn -0.1160 0.8939 0.4331
vn -0.1332 0.7678 0.6267
vn -0.0932 0.8939 0.4385
vn -0.1002 0.7678 0.6329
vn -0.0701 0.8939 0.4427
vn -0.0670 0.7677 0.6372
vn -0.0469 0.8939 0.4458
vn -0.0335 0.7677 0.6399
vn -0.0235 0.8939 0.4477
vn -0.0000 0.7677 0.6408
vn -0.0000 0.8939 0.4483
vn 0.0335 0.7677 0.6399
vn 0.0235 0.8939 0.4477
vn 0.0670 0.7677 0.6372
vn 0.0469 0.8939 0.4458
vn 0.1002 0.7678 0.6329
vn 0.0701 0.8939 0.4427
vn 0.1332 0.7678 0.6267
vn 0.0932 0.8939 0.4385
vn 0.1658 0.7678 0.6189
vn 0.1160 0.8939 0.4330
vn 0.1980 0.7678 0.6094
vn 0.1385 0.8939 0.4263
vn 0.2296 0.7678 0.5982
vn 0.1606 0.8939 0.4185
vn 0.2606 0.7677 0.5854
vn 0.1823 0.8939 0.4095
vn 0.2909 0.7678 0.5709
vn 0.2035 0.8939 0.3994
vn 0.3204 0.7678 0.5549
vn 0.2241 0.8939 0.3882
vn 0.3490 0.7678 0.5374
vn 0.2441 0.8939 0.3759
vn 0.3766 0.7677 0.5184
vn 0.2635 0.8939 0.3627
vn 0.4032 0.7677 0.4980
vn 0.2821 0.8939 0.3484
vn 0.4287 0.7678 0.4762
vn 0.2999 0.8939 0.3331
vn 0.4531 0.7678 0.4531
vn 0.3170 0.8939 0.3170
vn 0.4762 0.7678 0.4287
vn 0.3331 0.8939 0.3000
vn 0.4980 0.7677 0.4032
vn 0.3484 0.8939 0.2821
vn 0.5184 0.7677 0.3766
vn 0.3626 0.8939 0.2635
vn 0.5374 0.7678 0.3490
vn 0.3760 0.8939 0.2442
vn 0.5549 0.7678 0.3204
vn 0.3883 0.8939 0.2242
vn 0.5709 0.7677 0.2909
vn 0.3995 0.8939 0.2035
vn 0.5854 0.7677 0.2606
vn 0.4095 0.8939 0.1823
vn 0.5982 0.7678 0.2296
vn 0.4186 0.8939 0.1607
vn 0.6094 0.7678 0.1980
vn 0.4264 0.8939 0.1385
vn 0.6189 0.7678 0.1658
vn 0.4331 0.8939 0.1160
vn 0.6267 0.7678 0.1332
vn 0.4385 0.8939 0.0932
vn 0.6329 0.7677 0.1002
vn 0.4428 0.8939 0.0701
vn 0.6372 0.7678 0.0670
vn 0.4459 0.8939 0.0469
vn 0.6399 0.7677 0.0335
vn 0.4477 0.8939 0.0235
vn 0.6408 0.7677 -0.0000
vn 0.4483 0.8939 -0.0000
vn 0.6399 0.7677 -0.0335
vn 0.4477 0.8939 -0.0235
vn 0.6372 0.7678 -0.0670
vn 0.4459 0.8939 -0.0469
vn 0.6329 0.7677 -0.1002
vn 0.4427 0.8939 -0.0701
vn 0.6267 0.7678 -0.1332
vn 0.4385 0.8939 -0.0932
vn 0.6189 0.7678 -0.1658
vn 0.4330 0.8939 -0.1160
vn 0.6094 0.7678 -0.1980
vn 0.4263 0.8939 -0.1385
vn 0.5982 0.7678 -0.2296
vn 0.4185 0.8939 -0.1606
vn 0.5854 0.7677 -0.2606
vn 0.4095 0.8939 -0.1823
vn 0.5709 0.7677 -0.2909
vn 0.3994 0.8939 -0.2035
vn 0.5549 0.7677 -0.3204
vn 0.3882 0.8939 -0.2241
vn 0.5374 0.7678 -0.3490
vn 0.3759 0.8939 -0.2441
vn 0.5184 0.7678 -0.3766
vn 0.3626 0.8939 -0.2635
vn 0.4980 0.7678 -0.4032
vn 0.3484 0.8939 -0.2821
vn 0.4762 0.7678 -0.4287
vn 0.3331 0.8939 -0.2999
vn 0.4531 0.7678 -0.4531
vn 0.3170 0.8939 -0.3170
vn 0.4287 0.7678 -0.4762
vn 0.3000 0.8939 -0.3331
vn 0.4032 0.7677 -0.4980
vn 0.2821 0.8939 -0.3484
vn 0.3766 0.7677 -0.5184
vn 0.2635 0.8939 -0.3626
vn 0.3490 0.7677 -0.5374
vn 0.2441 0.8939 -0.3759
vn 0.3204 0.7678 -0.5549
vn 0.2241 0.8939 -0.3882
vn 0.2909 0.7677 -0.5709
vn 0.2035 0.8939 -0.3994
vn 0.2606 0.7677 -0.5854
vn 0.1823 0.8939 -0.4095
vn 0.2296 0.7678 -0.5982
vn 0.1607 0.8939 -0.4186
vn 0.1980 0.7678 -0.6094
vn 0.1385 0.8939 -0.4263
vn 0.1658 0.7678 -0.6189
vn 0.1160 0.8939 -0.4331
vn 0.1332 0.7678 -0.6267
vn 0.0932 0.8939 -0.4385
vn 0.1002 0.7678 -0.6329
vn 0.0701 0.8939 -0.4427
vn 0.0670 0.7677 -0.6372
vn 0.0469 0.8939 -0.4458
vn 0.0335 0.7677 -0.6399
vn 0.0235 0.8939 -0.4477
vn -0.0000 0.7677 -0.6408
vn -0.0000 0.8939 -0.4483
vn -0.0335 0.7677 -0.6399
vn -0.0235 0.8939 -0.4477
vn -0.0670 0.7677 -0.6372
vn -0.0469 0.8939 -0.4458
vn -0.1002 0.7678 -0.6329
vn -0.0701 0.8939 -0.4427
vn -0.1332 0.7678 -0.6267
vn -0.0932 0.8939 -0.4385
vn -0.1658 0.7678 -0.6189
vn -0.1160 0.8939 -0.4330
vn -0.1980 0.7678 -0.6094
vn -0.1385 0.8939 -0.4263
vn -0.2296 0.7678 -0.5982
vn -0.1606 0.8939 -0.4185
vn -0.2606 0.7677 -0.5854
vn -0.1823 0.8939 -0.4095
vn -0.2909 0.7678 -0.5709
vn -0.2035 0.8939 -0.3994
vn -0.3204 0.7678 -0.5549
vn -0.2241 0.8939 -0.3882
vn -0.3490 0.7678 -0.5374
vn -0.2441 0.8939 -0.3759
vn -0.3766 0.7677 -0.5184
vn -0.2635 0.8939 -0.3627
vn -0.4032 0.7677 -0.4980
vn -0.2821 0.8939 -0.3484
vn -0.4287 0.7678 -0.4762
vn -0.2999 0.8939 -0.3331
vn -0.4531 0.7678 -0.4531
vn -0.3170 0.8939 -0.3170
vn -0.4762 0.7678 -0.4287
vn -0.3331 0.8939 -0.3000
vn -0.4980 0.7677 -0.4032
vn -0.3484 0.8939 -0.2821
vn -0.5184 0.7677 -0.3766
vn -0.3626 0.8939 -0.2635
vn -0.5374 0.7678 -0.3490
vn -0.3760 0.8939 -0.2442
vn -0.5549 0.7678 -0.3204
vn -0.3883 0.8939 -0.2242
vn -0.5709 0.7677 -0.2909
vn -0.3995 0.8939 -0.2035
vn -0.5854 0.7677 -0.2606
vn -0.4095 0.8939 -0.1823
vn -0.5982 0.7678 -0.2296
vn -0.4186 0.8939 -0.1607
vn -0.6094 0.7678 -0.1980
vn -0.4264 0.8939 -0.1385
vn -0.6189 0.7678 -0.1658
vn -0.4331 0.8939 -0.1160
vn -0.6267 0.7678 -0.1332
vn -0.4385 0.8939 -0.0932
vn -0.6329 0.7677 -0.1002
vn -0.4428 0.8939 -0.0701
vn -0.6372 0.7678 -0.0670
vn -0.4459 0.8939 -0.0469
vn -0.6399 0.7677 -0.0335
vn -0.4477 0.8939 -0.0235
vn -0.0013 1.0000 0.0001
vn -0.0013 1.0000 -0.0000
vn -0.0014 1.0000 0.0002
vn -0.0013 1.0000 0.0003
vn -0.0013 1.0000 0.0004
vn -0.0013 1.0000 0.0005
vn -0.0012 1.0000 0.0005
vn -0.0012 1.0000 0.0006
vn -0.0012 1.0000 0.0007
vn -0.0011 1.0000 0.0007
vn -0.0011 1.0000 0.0008
vn -0.0010 1.0000 0.0008
vn -0.0010 1.0000 0.0009
vn -0.0009 1.0000 0.0009
vn -0.0009 1.0000 0.0010
vn -0.0008 1.0000 0.0010
vn -0.0008 1.0000 0.0011
vn -0.0007 1.0000 0.0011
vn -0.0007 1.0000 0.0012
vn -0.0006 1.0000 0.0012
vn -0.0005 1.0000 0.0012
vn -0.0005 1.0000 0.0013
vn -0.0004 1.0000 0.0013
vn -0.0003 1.0000 0.0013
vn -0.0002 1.0000 0.0013
vn -0.0001 1.0000 0.0013
vn -0.0000 1.0000 0.0013
vn 0.0001 1.0000 0.0013
vn 0.0002 1.0000 0.0013
vn 0.0003 1.0000 0.0013
vn 0.0004 1.0000 0.0013
vn 0.0005 1.0000 0.0012
vn 0.0006 1.0000 0.0012
vn 0.0007 1.0000 0.0012
vn 0.0007 1.0000 0.0011
vn 0.0008 1.0000 0.0011
vn 0.0008 1.0000 0.0010
vn 0.0009 1.0000 0.0010
vn 0.0009 1.0000 0.0009
vn 0.0010 1.0000 0.0009
vn 0.0010 1.0000 0.0008
vn 0.0011 1.0000 0.0008
vn 0.0011 1.0000 0.0007
vn 0.0012 1.0000 0.0007
vn 0.0012 1.0000 0.0006
vn 0.0012 1.0000 0.0005
vn 0.0013 1.0000 0.0005
vn 0.0013 1.0000 0.0004
vn 0.0013 1.0000 0.0003
vn 0.0013 1.0000 0.0002
vn 0.0013 1.0000 0.0001
vn 0.0014 1.0000 -0.0000
vn 0.0013 1.0000 -0.0001
vn 0.0014 1.0000 -0.0002
vn 0.0013 1.0000 -0.0003
vn 0.0013 1.0000 -0.0004
vn 0.0013 1.0000 -0.0005
vn 0.0012 1.0000 -0.0005
vn 0.0012 1.0000 -0.0006
vn 0.0012 1.0000 -0.0007
vn 0.0011 1.0000 -0.0007
vn 0.0011 1.0000 -0.0008
vn 0.0010 1.0000 -0.0008
vn 0.0010 1.0000 -0.0009
vn 0.0009 1.0000 -0.0009
vn 0.0009 1.0000 -0.0010
vn 0.0008 1.0000 -0.0010
vn 0.0008 1.0000 -0.0011
vn 0.0007 1.0000 -0.0011
vn 0.0007 1.0000 -0.0012
vn 0.0006 1.0000 -0.0012
vn 0.0005 1.0000 -0.0012
vn 0.0005 1.0000 -0.0013
vn 0.0004 1.0000 -0.0013
vn 0.0003 1.0000 -0.0013
vn 0.0002 1.0000 -0.0013
vn 0.0001 1.0000 -0.0013
vn -0.0000 1.0000 -0.0013
vn -0.0001 1.0000 -0.0013
vn -0.0002 1.0000 -0.0013
vn -0.0003 1.0000 -0.0013
vn -0.0004 1.0000 -0.0013
vn -0.0005 1.0000 -0.0012
vn -0.0006 1.0000 -0.0012
vn -0.0007 1.0000 -0.0012
vn -0.0007 1.0000 -0.0011
vn -0.0008 1.0000 -0.0011
vn -0.0008 1.0000 -0.0010
vn -0.0009 1.0000 -0.0010
vn -0.0009 1.0000 -0.0009
vn -0.0010 1.0000 -0.0009
vn -0.0010 1.0000 -0.0008
vn -0.0011 1.0000 -0.0008
vn -0.0011 1.0000 -0.0007
vn -0.0012 1.0000 -0.0007
vn -0.0012 1.0000 -0.0006
vn -0.0012 1.0000 -0.0005
vn -0.0013 1.0000 -0.0005
vn -0.0013 1.0000 -0.0004
vn -0.0013 1.0000 -0.0003
vn -0.0013 1.0000 -0.0002
vn -0.0013 1.0000 -0.0001
vn 0.4455 0.8950 -0.0233
vn 0.4461 0.8950 -0.0000
vn 0.4437 0.8950 -0.0466
vn 0.4406 0.8950 -0.0698
vn 0.4364 0.8950 -0.0927
vn 0.4309 0.8950 -0.1155
vn 0.4243 0.8950 -0.1379
vn 0.4165 0.8950 -0.1599
vn 0.4075 0.8950 -0.1814
vn 0.3975 0.8950 -0.2025
vn 0.3863 0.8950 -0.2230
vn 0.3742 0.8950 -0.2430
vn 0.3609 0.8950 -0.2622
vn 0.3467 0.8950 -0.2808
vn 0.3315 0.8950 -0.2985
vn 0.3155 0.8950 -0.3155
vn 0.2985 0.8950 -0.3315
vn 0.2807 0.8950 -0.3467
vn 0.2622 0.8950 -0.3609
vn 0.2430 0.8950 -0.3742
vn 0.2231 0.8949 -0.3864
vn 0.2025 0.8950 -0.3975
vn 0.1815 0.8950 -0.4076
vn 0.1599 0.8950 -0.4165
vn 0.1379 0.8950 -0.4243
vn 0.1155 0.8950 -0.4309
vn 0.0927 0.8950 -0.4364
vn 0.0698 0.8950 -0.4406
vn 0.0466 0.8950 -0.4437
vn 0.0233 0.8950 -0.4455
vn -0.0000 0.8950 -0.4461
vn -0.0233 0.8950 -0.4455
vn -0.0466 0.8950 -0.4437
vn -0.0698 0.8950 -0.4406
vn -0.0928 0.8950 -0.4364
vn -0.1155 0.8950 -0.4309
vn -0.1379 0.8950 -0.4243
vn -0.1599 0.8950 -0.4165
vn -0.1815 0.8950 -0.4076
vn -0.2025 0.8950 -0.3975
vn -0.2231 0.8950 -0.3864
vn -0.2430 0.8950 -0.3741
vn -0.2622 0.8950 -0.3609
vn -0.2807 0.8950 -0.3467
vn -0.2985 0.8950 -0.3315
vn -0.3155 0.8950 -0.3155
vn -0.3315 0.8950 -0.2985
vn -0.3467 0.8950 -0.2807
vn -0.3609 0.8950 -0.2622
vn -0.3742 0.8950 -0.2430
vn -0.3864 0.8950 -0.2231
vn -0.3975 0.8950 -0.2025
vn -0.4075 0.8950 -0.1814
vn -0.4165 0.8950 -0.1599
vn -0.4243 0.8950 -0.1379
vn -0.4309 0.8950 -0.1155
vn -0.4364 0.8950 -0.0928
vn -0.4406 0.8950 -0.0698
vn -0.4437 0.8950 -0.0466
vn -0.4455 0.8950 -0.0233
vn -0.4461 0.8950 -0.0000
vn -0.4455 0.8950 0.0233
vn -0.4437 0.8950 0.0466
vn -0.4406 0.8950 0.0698
vn -0.4364 0.8950 0.0927
vn -0.4309 0.8950 0.1155
vn -0.4243 0.8950 0.1379
vn -0.4165 0.8950 0.1599
vn -0.4075 0.8950 0.1814
vn -0.3975 0.8950 0.2025
vn -0.3863 0.8950 0.2230
vn -0.3742 0.8950 0.2430
vn -0.3609 0.8950 0.2622
vn -0.3467 0.8950 0.2808
vn -0.3315 0.8950 0.2985
vn -0.3155 0.8950 0.3155
vn -0.2985 0.8950 0.3315
vn -0.2807 0.8950 0.3467
vn -0.2622 0.8950 0.3609
vn -0.2430 0.8950 0.3742
vn -0.2231 0.8949 0.3864
vn -0.2025 0.8950 0.3975
vn -0.1815 0.8950 0.4076
vn -0.1599 0.8950 0.4165
vn -0.1379 0.8950 0.4243
vn -0.1155 0.8950 0.4309
vn -0.0927 0.8950 0.4364
vn -0.0698 0.8950 0.4406
vn -0.0466 0.8950 0.4437
vn -0.0233 0.8950 0.4455
vn -0.0000 0.8950 0.4461
vn 0.0233 0.8950 0.4455
vn 0.0466 0.8950 0.4437
vn 0.0698 0.8950 0.4406
vn 0.0928 0.8950 0.4364
vn 0.1155 0.8950 0.4309
vn 0.1379 0.8950 0.4243
vn 0.1599 0.8950 0.4165
vn 0.1815 0.8950 0.4076
vn 0.2025 0.8950 0.3975
vn 0.2231 0.8950 0.3864
vn 0.2430 0.8950 0.3741
vn 0.2622 0.8950 0.3609
vn 0.2807 0.8950 0.3467
vn 0.2985 0.8950 0.3315
vn 0.3155 0.8950 0.3155
vn 0.3315 0.8950 0.2985
vn 0.3467 0.8950 0.2807
vn 0.3609 0.8950 0.2622
vn 0.3742 0.8950 0.2430
vn 0.3864 0.8950 0.2231
vn 0.3975 0.8950 0.2025
vn 0.4075 0.8950 0.1814
vn 0.4165 0.8950 0.1599
vn 0.4243 0.8950 0.1379
vn 0.4309 0.8950 0.1155
vn 0.4364 0.8950 0.0928
vn 0.4406 0.8950 0.0698
vn 0.4437 0.8950 0.0466
vn 0.4455 0.8950 0.0233
vn 0.6399 0.7678 -0.0335
vn 0.6407 0.7678 -0.0000
vn 0.6329 0.7678 -0.1002
vn 0.5854 0.7678 -0.2606
vn 0.5709 0.7678 -0.2909
vn 0.5549 0.7678 -0.3204
vn 0.4032 0.7678 -0.4980
vn 0.3766 0.7678 -0.5184
vn 0.3490 0.7678 -0.5374
vn 0.2909 0.7678 -0.5709
vn 0.2606 0.7678 -0.5854
vn 0.0670 0.7678 -0.6372
vn 0.0335 0.7678 -0.6399
vn -0.0000 0.7678 -0.6407
vn -0.0335 0.7678 -0.6399
vn -0.0670 0.7678 -0.6372
vn -0.2606 0.7678 -0.5853
vn -0.3766 0.7678 -0.5184
vn -0.4032 0.7678 -0.4980
vn -0.4980 0.7678 -0.4032
vn -0.5184 0.7678 -0.3766
vn -0.5709 0.7678 -0.2909
vn -0.5853 0.7678 -0.2606
vn -0.6329 0.7678 -0.1002
vn -0.6399 0.7678 -0.0335
vn -0.6407 0.7678 -0.0000
vn -0.6399 0.7678 0.0335
vn -0.6329 0.7678 0.1002
vn -0.5854 0.7678 0.2606
vn -0.5709 0.7678 0.2909
vn -0.5549 0.7678 0.3204
vn -0.4032 0.7678 0.4980
vn -0.3766 0.7678 0.5184
vn -0.3490 0.7678 0.5374
vn -0.2909 0.7678 0.5709
vn -0.2606 0.7678 0.5854
vn -0.0670 0.7678 0.6372
vn -0.0335 0.7678 0.6399
vn -0.0000 0.7678 0.6407
vn 0.0335 0.7678 0.6399
vn 0.0670 0.7678 0.6372
vn 0.2606 0.7678 0.5853
vn 0.3766 0.7678 0.5184
vn 0.4032 0.7678 0.4980
vn 0.4980 0.7678 0.4032
vn 0.5184 0.7678 0.3766
vn 0.5709 0.7678 0.2909
vn 0.5853 0.7678 0.2606
vn 0.6329 0.7678 0.1002
vn 0.6399 0.7678 0.0335
vn -0.3926 0.9197 -0.0000
vn -0.3920 0.9197 0.0205
vn -0.5477 0.8362 0.0287
vn -0.5484 0.8362 -0.0000
vn -0.3904 0.9197 0.0410
vn -0.5454 0.8362 0.0573
vn -0.3877 0.9197 0.0614
vn -0.5417 0.8362 0.0858
vn -0.3840 0.9197 0.0816
vn -0.5365 0.8362 0.1140
vn -0.3792 0.9197 0.1016
vn -0.5298 0.8362 0.1419
vn -0.3734 0.9197 0.1213
vn -0.5216 0.8362 0.1695
vn -0.3665 0.9197 0.1407
vn -0.5120 0.8362 0.1965
vn -0.3586 0.9197 0.1597
vn -0.5010 0.8362 0.2231
vn -0.3498 0.9197 0.1782
vn -0.4887 0.8362 0.2490
vn -0.3400 0.9197 0.1963
vn -0.4750 0.8362 0.2742
vn -0.3292 0.9197 0.2138
vn -0.4600 0.8362 0.2987
vn -0.3176 0.9197 0.2307
vn -0.4437 0.8362 0.3224
vn -0.3051 0.9197 0.2471
vn -0.4262 0.8362 0.3451
vn -0.2917 0.9197 0.2627
vn -0.4076 0.8362 0.3670
vn -0.2776 0.9197 0.2776
vn -0.3878 0.8362 0.3878
vn -0.2627 0.9197 0.2917
vn -0.3670 0.8362 0.4076
vn -0.2471 0.9197 0.3051
vn -0.3451 0.8362 0.4262
vn -0.2307 0.9197 0.3176
vn -0.3224 0.8362 0.4437
vn -0.2138 0.9197 0.3292
vn -0.2987 0.8362 0.4600
vn -0.1963 0.9197 0.3400
vn -0.2742 0.8362 0.4750
vn -0.1782 0.9197 0.3498
vn -0.2490 0.8362 0.4887
vn -0.1597 0.9197 0.3586
vn -0.2231 0.8362 0.5010
vn -0.1407 0.9197 0.3665
vn -0.1965 0.8362 0.5120
vn -0.1213 0.9197 0.3734
vn -0.1695 0.8362 0.5216
vn -0.1016 0.9197 0.3792
vn -0.1419 0.8362 0.5298
vn -0.0816 0.9197 0.3840
vn -0.1140 0.8362 0.5365
vn -0.0614 0.9197 0.3877
vn -0.0858 0.8362 0.5417
vn -0.0410 0.9197 0.3904
vn -0.0573 0.8362 0.5454
vn -0.0205 0.9197 0.3920
vn -0.0287 0.8362 0.5477
vn -0.0000 0.9197 0.3926
vn -0.0000 0.8362 0.5484
vn 0.0205 0.9197 0.3920
vn 0.0287 0.8362 0.5477
vn 0.0410 0.9197 0.3904
vn 0.0573 0.8362 0.5454
vn 0.0614 0.9197 0.3877
vn 0.0858 0.8362 0.5417
vn 0.0816 0.9197 0.3840
vn 0.1140 0.8362 0.5365
vn 0.1016 0.9197 0.3792
vn 0.1419 0.8362 0.5298
vn 0.1213 0.9197 0.3734
vn 0.1695 0.8362 0.5216
vn 0.1407 0.9197 0.3665
vn 0.1965 0.8362 0.5120
vn 0.1597 0.9197 0.3586
vn 0.2231 0.8362 0.5011
vn 0.1782 0.9197 0.3498
vn 0.2490 0.8362 0.4887
vn 0.1963 0.9197 0.3400
vn 0.2742 0.8362 0.4750
vn 0.2138 0.9197 0.3292
vn 0.2987 0.8362 0.4600
vn 0.2307 0.9197 0.3176
vn 0.3224 0.8362 0.4437
vn 0.2471 0.9197 0.3051
vn 0.3451 0.8362 0.4262
vn 0.2627 0.9197 0.2917
vn 0.3670 0.8362 0.4076
vn 0.2776 0.9197 0.2776
vn 0.3878 0.8362 0.3878
vn 0.2917 0.9197 0.2627
vn 0.4076 0.8362 0.3670
vn 0.3051 0.9197 0.2471
vn 0.4262 0.8362 0.3451
vn 0.3176 0.9197 0.2307
vn 0.4437 0.8362 0.3224
vn 0.3292 0.9197 0.2138
vn 0.4600 0.8362 0.2987
vn 0.3400 0.9197 0.1963
vn 0.4750 0.8362 0.2742
vn 0.3498 0.9197 0.1782
vn 0.4887 0.8362 0.2490
vn 0.3586 0.9197 0.1597
vn 0.5010 0.8362 0.2231
vn 0.3665 0.9197 0.1407
vn 0.5120 0.8362 0.1965
vn 0.3734 0.9197 0.1213
vn 0.5216 0.8362 0.1695
vn 0.3792 0.9197 0.1016
vn 0.5297 0.8362 0.1419
vn 0.3840 0.9197 0.0816
vn 0.5365 0.8362 0.1140
vn 0.3877 0.9197 0.0614
vn 0.5417 0.8362 0.0858
vn 0.3904 0.9197 0.0410
vn 0.5454 0.8362 0.0573
vn 0.3920 0.9197 0.0205
vn 0.5477 0.8362 0.0287
vn 0.3926 0.9197 -0.0000
vn 0.5484 0.8362 -0.0000
vn 0.3920 0.9197 -0.0205
vn 0.5477 0.8362 -0.0287
vn 0.3904 0.9197 -0.0410
vn 0.5454 0.8362 -0.0573
vn 0.3877 0.9197 -0.0614
vn 0.5417 0.8362 -0.0858
vn 0.3840 0.9197 -0.0816
vn 0.5365 0.8362 -0.1140
vn 0.3792 0.9197 -0.1016
vn 0.5298 0.8362 -0.1419
vn 0.3734 0.9197 -0.1213
vn 0.5216 0.8362 -0.1695
vn 0.3665 0.9197 -0.1407
vn 0.5120 0.8362 -0.1965
vn 0.3586 0.9197 -0.1597
vn 0.5010 0.8362 -0.2231
vn 0.3498 0.9197 -0.1782
vn 0.4887 0.8362 -0.2490
vn 0.3400 0.9197 -0.1963
vn 0.4750 0.8362 -0.2742
vn 0.3292 0.9197 -0.2138
vn 0.4600 0.8362 -0.2987
vn 0.3176 0.9197 -0.2307
vn 0.4437 0.8362 -0.3224
vn 0.3051 0.9197 -0.2471
vn 0.4262 0.8362 -0.3451
vn 0.2917 0.9197 -0.2627
vn 0.4076 0.8362 -0.3670
vn 0.2776 0.9197 -0.2776
vn 0.3878 0.8362 -0.3878
vn 0.2627 0.9197 -0.2917
vn 0.3670 0.8362 -0.4076
vn 0.2471 0.9197 -0.3051
vn 0.3451 0.8362 -0.4262
vn 0.2307 0.9197 -0.3176
vn 0.3224 0.8362 -0.4437
vn 0.2138 0.9197 -0.3292
vn 0.2987 0.8362 -0.4600
vn 0.1963 0.9197 -0.3400
vn 0.2742 0.8362 -0.4750
vn 0.1782 0.9197 -0.3498
vn 0.2490 0.8362 -0.4887
vn 0.1597 0.9197 -0.3586
vn 0.2231 0.8362 -0.5010
vn 0.1407 0.9197 -0.3665
vn 0.1965 0.8362 -0.5120
vn 0.1213 0.9197 -0.3734
vn 0.1695 0.8362 -0.5216
vn 0.1016 0.9197 -0.3792
vn 0.1419 0.8362 -0.5298
vn 0.0816 0.9197 -0.3840
vn 0.1140 0.8362 -0.5365
vn 0.0614 0.9197 -0.3877
vn 0.0858 0.8362 -0.5417
vn 0.0410 0.9197 -0.3904
vn 0.0573 0.8362 -0.5454
vn 0.0205 0.9197 -0.3920
vn 0.0287 0.8362 -0.5477
vn -0.0000 0.9197 -0.3926
vn -0.0000 0.8362 -0.5484
vn -0.0205 0.9197 -0.3920
vn -0.0287 0.8362 -0.5477
vn -0.0410 0.9197 -0.3904
vn -0.0573 0.8362 -0.5454
vn -0.0614 0.9197 -0.3877
vn -0.0858 0.8362 -0.5417
vn -0.0816 0.9197 -0.3840
vn -0.1140 0.8362 -0.5365
vn -0.1016 0.9197 -0.3792
vn -0.1419 0.8362 -0.5298
vn -0.1213 0.9197 -0.3734
vn -0.1695 0.8362 -0.5216
vn -0.1407 0.9197 -0.3665
vn -0.1965 0.8362 -0.5120
vn -0.1597 0.9197 -0.3586
vn -0.2231 0.8362 -0.5011
vn -0.1782 0.9197 -0.3498
vn -0.2490 0.8362 -0.4887
vn -0.1963 0.9197 -0.3400
vn -0.2742 0.8362 -0.4750
vn -0.2138 0.9197 -0.3292
vn -0.2987 0.8362 -0.4600
vn -0.2307 0.9197 -0.3176
vn -0.3224 0.8362 -0.4437
vn -0.2471 0.9197 -0.3051
vn -0.3451 0.8362 -0.4262
vn -0.2627 0.9197 -0.2917
vn -0.3670 0.8362 -0.4076
vn -0.2776 0.9197 -0.2776
vn -0.3878 0.8362 -0.3878
vn -0.2917 0.9197 -0.2627
vn -0.4076 0.8362 -0.3670
vn -0.3051 0.9197 -0.2471
vn -0.4262 0.8362 -0.3451
vn -0.3176 0.9197 -0.2307
vn -0.4437 0.8362 -0.3224
vn -0.3292 0.9197 -0.2138
vn -0.4600 0.8362 -0.2987
vn -0.3400 0.9197 -0.1963
vn -0.4750 0.8362 -0.2742
vn -0.3498 0.9197 -0.1782
vn -0.4887 0.8362 -0.2490
vn -0.3586 0.9197 -0.1597
vn -0.5010 0.8362 -0.2231
vn -0.3665 0.9197 -0.1407
vn -0.5120 0.8362 -0.1965
vn -0.3734 0.9197 -0.1213
vn -0.5216 0.8362 -0.1695
vn -0.3792 0.9197 -0.1016
vn -0.5298 0.8362 -0.1419
vn -0.3840 0.9197 -0.0816
vn -0.5365 0.8362 -0.1140
vn -0.3877 0.9197 -0.0614
vn -0.5417 0.8362 -0.0858
vn -0.3904 0.9197 -0.0410
vn -0.5454 0.8362 -0.0573
vn -0.3920 0.9197 -0.0205
vn -0.5477 0.8362 -0.0287
vn -0.4710 0.8818 0.0247
vn -0.4717 0.8818 -0.0000
vn -0.4691 0.8818 0.0493
vn -0.4659 0.8818 0.0738
vn -0.4614 0.8818 0.0981
vn -0.4556 0.8818 0.1221
vn -0.4486 0.8818 0.1458
vn -0.4403 0.8818 0.1690
vn -0.4309 0.8818 0.1918
vn -0.4203 0.8818 0.2141
vn -0.4085 0.8818 0.2358
vn -0.3956 0.8818 0.2569
vn -0.3816 0.8818 0.2772
vn -0.3666 0.8818 0.2968
vn -0.3505 0.8818 0.3156
vn -0.3335 0.8818 0.3335
vn -0.3156 0.8818 0.3505
vn -0.2968 0.8818 0.3666
vn -0.2772 0.8818 0.3816
vn -0.2569 0.8818 0.3956
vn -0.2358 0.8818 0.4085
vn -0.2141 0.8818 0.4203
vn -0.1918 0.8818 0.4309
vn -0.1690 0.8818 0.4403
vn -0.1458 0.8818 0.4486
vn -0.1221 0.8818 0.4556
vn -0.0981 0.8818 0.4614
vn -0.0738 0.8818 0.4659
vn -0.0493 0.8818 0.4691
vn -0.0247 0.8818 0.4710
vn -0.0000 0.8818 0.4717
vn 0.0247 0.8818 0.4710
vn 0.0493 0.8818 0.4691
vn 0.0738 0.8818 0.4659
vn 0.0981 0.8818 0.4614
vn 0.1221 0.8818 0.4556
vn 0.1458 0.8818 0.4486
vn 0.1690 0.8818 0.4403
vn 0.1918 0.8818 0.4309
vn 0.2141 0.8818 0.4203
vn 0.2358 0.8818 0.4085
vn 0.2569 0.8818 0.3956
vn 0.2772 0.8818 0.3816
vn 0.2968 0.8818 0.3666
vn 0.3156 0.8818 0.3505
vn 0.3335 0.8818 0.3335
vn 0.3505 0.8818 0.3156
vn 0.3665 0.8818 0.2968
vn 0.3816 0.8818 0.2772
vn 0.3956 0.8818 0.2569
vn 0.4085 0.8818 0.2358
vn 0.4203 0.8818 0.2141
vn 0.4309 0.8818 0.1918
vn 0.4403 0.8818 0.1690
vn 0.4486 0.8818 0.1458
vn 0.4556 0.8818 0.1221
vn 0.4614 0.8818 0.0981
vn 0.4659 0.8818 0.0738
vn 0.4691 0.8818 0.0493
vn 0.4710 0.8818 0.0247
vn 0.4717 0.8818 -0.0000
vn 0.4710 0.8818 -0.0247
vn 0.4691 0.8818 -0.0493
vn 0.4659 0.8818 -0.0738
vn 0.4614 0.8818 -0.0981
vn 0.4556 0.8818 -0.1221
vn 0.4486 0.8818 -0.1458
vn 0.4403 0.8818 -0.1690
vn 0.4309 0.8818 -0.1918
vn 0.4203 0.8818 -0.2141
vn 0.4085 0.8818 -0.2358
vn 0.3956 0.8818 -0.2569
vn 0.3816 0.8818 -0.2772
vn 0.3666 0.8818 -0.2968
vn 0.3505 0.8818 -0.3156
vn 0.3335 0.8818 -0.3335
vn 0.3156 0.8818 -0.3505
vn 0.2968 0.8818 -0.3666
vn 0.2772 0.8818 -0.3816
vn 0.2569 0.8818 -0.3956
vn 0.2358 0.8818 -0.4085
vn 0.2141 0.8818 -0.4203
vn 0.1918 0.8818 -0.4309
vn 0.1690 0.8818 -0.4403
vn 0.1458 0.8818 -0.4486
vn 0.1221 0.8818 -0.4556
vn 0.0981 0.8818 -0.4614
vn 0.0738 0.8818 -0.4659
vn 0.0493 0.8818 -0.4691
vn 0.0247 0.8818 -0.4710
vn -0.0000 0.8818 -0.4717
vn -0.0247 0.8818 -0.4710
vn -0.0493 0.8818 -0.4691
vn -0.0738 0.8818 -0.4659
vn -0.0981 0.8818 -0.4614
vn -0.1221 0.8818 -0.4556
vn -0.1458 0.8818 -0.4486
vn -0.1690 0.8818 -0.4403
vn -0.1918 0.8818 -0.4309
vn -0.2141 0.8818 -0.4203
vn -0.2358 0.8818 -0.4085
vn -0.2569 0.8818 -0.3956
vn -0.2772 0.8818 -0.3816
vn -0.2968 0.8818 -0.3666
vn -0.3156 0.8818 -0.3505
vn -0.3335 0.8818 -0.3335
vn -0.3505 0.8818 -0.3156
vn -0.3665 0.8818 -0.2968
vn -0.3816 0.8818 -0.2772
vn -0.3956 0.8818 -0.2569
vn -0.4085 0.8818 -0.2358
vn -0.4203 0.8818 -0.2141
vn -0.4309 0.8818 -0.1918
vn -0.4403 0.8818 -0.1690
vn -0.4486 0.8818 -0.1458
vn -0.4556 0.8818 -0.1221
vn -0.4614 0.8818 -0.0981
vn -0.4659 0.8818 -0.0738
vn -0.4691 0.8818 -0.0493
vn -0.4710 0.8818 -0.0247
vn -0.2840 0.9587 0.0149
vn -0.2844 0.9587 -0.0000
vn -0.2828 0.9587 0.0297
vn -0.2809 0.9587 0.0445
vn -0.2782 0.9587 0.0591
vn -0.2747 0.9587 0.0736
vn -0.2704 0.9587 0.0879
vn -0.2655 0.9587 0.1019
vn -0.2598 0.9587 0.1157
vn -0.2534 0.9587 0.1291
vn -0.2463 0.9587 0.1422
vn -0.2385 0.9587 0.1549
vn -0.2301 0.9587 0.1671
vn -0.2210 0.9587 0.1790
vn -0.2113 0.9587 0.1903
vn -0.2011 0.9587 0.2011
vn -0.1903 0.9587 0.2113
vn -0.1790 0.9587 0.2210
vn -0.1671 0.9587 0.2301
vn -0.1549 0.9587 0.2385
vn -0.1422 0.9587 0.2463
vn -0.1291 0.9587 0.2534
vn -0.1157 0.9587 0.2598
vn -0.1019 0.9587 0.2655
vn -0.0879 0.9587 0.2704
vn -0.0736 0.9587 0.2747
vn -0.0591 0.9587 0.2782
vn -0.0445 0.9587 0.2809
vn -0.0297 0.9587 0.2828
vn -0.0149 0.9587 0.2840
vn -0.0000 0.9587 0.2844
vn 0.0149 0.9587 0.2840
vn 0.0297 0.9587 0.2828
vn 0.0445 0.9587 0.2809
vn 0.0591 0.9587 0.2782
vn 0.0736 0.9587 0.2747
vn 0.0879 0.9587 0.2704
vn 0.1019 0.9587 0.2655
vn 0.1157 0.9587 0.2598
vn 0.1291 0.9587 0.2534
vn 0.1422 0.9587 0.2463
vn 0.1549 0.9587 0.2385
vn 0.1671 0.9587 0.2301
vn 0.1790 0.9587 0.2210
vn 0.1903 0.9587 0.2113
vn 0.2011 0.9587 0.2011
vn 0.2113 0.9587 0.1903
vn 0.2210 0.9587 0.1790
vn 0.2301 0.9587 0.1671
vn 0.2385 0.9587 0.1549
vn 0.2463 0.9587 0.1422
vn 0.2534 0.9587 0.1291
vn 0.2598 0.9587 0.1157
vn 0.2655 0.9587 0.1019
vn 0.2704 0.9587 0.0879
vn 0.2747 0.9587 0.0736
vn 0.2782 0.9587 0.0591
vn 0.2809 0.9587 0.0445
vn 0.2828 0.9587 0.0297
vn 0.2840 0.9587 0.0149
vn 0.2844 0.9587 -0.0000
vn 0.2840 0.9587 -0.0149
vn 0.2828 0.9587 -0.0297
vn 0.2809 0.9587 -0.0445
vn 0.2782 0.9587 -0.0591
vn 0.2747 0.9587 -0.0736
vn 0.2704 0.9587 -0.0879
vn 0.2655 0.9587 -0.1019
vn 0.2598 0.9587 -0.1157
vn 0.2534 0.9587 -0.1291
vn 0.2463 0.9587 -0.1422
vn 0.2385 0.9587 -0.1549
vn 0.2301 0.9587 -0.1671
vn 0.2210 0.9587 -0.1790
vn 0.2113 0.9587 -0.1903
vn 0.2011 0.9587 -0.2011
vn 0.1903 0.9587 -0.2113
vn 0.1790 0.9587 -0.2210
vn 0.1671 0.9587 -0.2301
vn 0.1549 0.9587 -0.2385
vn 0.1422 0.9587 -0.2463
vn 0.1291 0.9587 -0.2534
vn 0.1157 0.9587 -0.2598
vn 0.1019 0.9587 -0.2655
vn 0.0879 0.9587 -0.2704
vn 0.0736 0.9587 -0.2747
vn 0.0591 0.9587 -0.2782
vn 0.0445 0.9587 -0.2809
vn 0.0297 0.9587 -0.2828
vn 0.0149 0.9587 -0.2840
vn -0.0000 0.9587 -0.2844
vn -0.0149 0.9587 -0.2840
vn -0.0297 0.9587 -0.2828
vn -0.0445 0.9587 -0.2809
vn -0.0591 0.9587 -0.2782
vn -0.0736 0.9587 -0.2747
vn -0.0879 0.9587 -0.2704
vn -0.1019 0.9587 -0.2655
vn -0.1157 0.9587 -0.2598
vn -0.1291 0.9587 -0.2534
vn -0.1422 0.9587 -0.2463
vn -0.1549 0.9587 -0.2385
vn -0.1671 0.9587 -0.2301
vn -0.1790 0.9587 -0.2210
vn -0.1903 0.9587 -0.2113
vn -0.2011 0.9587 -0.2011
vn -0.2113 0.9587 -0.1903
vn -0.2210 0.9587 -0.1790
vn -0.2301 0.9587 -0.1671
vn -0.2385 0.9587 -0.1549
vn -0.2463 0.9587 -0.1422
vn -0.2534 0.9587 -0.1291
vn -0.2598 0.9587 -0.1157
vn -0.2655 0.9587 -0.1019
vn -0.2704 0.9587 -0.0879
vn -0.2747 0.9587 -0.0736
vn -0.2782 0.9587 -0.0591
vn -0.2809 0.9587 -0.0445
vn -0.2828 0.9587 -0.0297
vn -0.2840 0.9587 -0.0149
vn 0.2706 0.9239 0.2706
vn 0.3827 0.9239 -0.0000
vn 1.0000 -0.0000 -0.0000
vn 0.9986 -0.0000 -0.0523
vn 0.9945 -0.0000 -0.1045
vn 0.9877 -0.0000 -0.1564
vn 0.9781 -0.0000 -0.2079
vn 0.9659 -0.0000 -0.2588
vn 0.9511 -0.0000 -0.3090
vn 0.9336 -0.0000 -0.3584
vn 0.9135 -0.0000 -0.4067
vn 0.8910 -0.0000 -0.4540
vn 0.8660 -0.0000 -0.5000
vn 0.8387 -0.0000 -0.5446
vn 0.8090 -0.0000 -0.5878
vn 0.7771 -0.0000 -0.6293
vn 0.7431 -0.0000 -0.6691
vn 0.7071 -0.0000 -0.7071
vn 0.6691 -0.0000 -0.7431
vn 0.6293 -0.0000 -0.7771
vn 0.5878 -0.0000 -0.8090
vn 0.5446 -0.0000 -0.8387
vn 0.5000 -0.0000 -0.8660
vn 0.4540 -0.0000 -0.8910
vn 0.4067 -0.0000 -0.9135
vn 0.3584 -0.0000 -0.9336
vn 0.3090 -0.0000 -0.9511
vn 0.2588 -0.0000 -0.9659
vn 0.2079 -0.0000 -0.9781
vn 0.1564 -0.0000 -0.9877
vn 0.1045 -0.0000 -0.9945
vn 0.0523 -0.0000 -0.9986
vn -0.0000 -0.0000 -1.0000
vn -0.0523 -0.0000 -0.9986
vn -0.1045 -0.0000 -0.9945
vn -0.1564 -0.0000 -0.9877
vn -0.2079 -0.0000 -0.9781
vn -0.2588 -0.0000 -0.9659
vn -0.3090 -0.0000 -0.9511
vn -0.3584 -0.0000 -0.9336
vn -0.4067 -0.0000 -0.9135
vn -0.4540 -0.0000 -0.8910
vn -0.5000 -0.0000 -0.8660
vn -0.5446 -0.0000 -0.8387
vn -0.5878 -0.0000 -0.8090
vn -0.6293 -0.0000 -0.7771
vn -0.6691 -0.0000 -0.7431
vn -0.7071 -0.0000 -0.7071
vn -0.7431 -0.0000 -0.6691
vn -0.7771 -0.0000 -0.6293
vn -0.8090 -0.0000 -0.5878
vn -0.8387 -0.0000 -0.5446
vn -0.8660 -0.0000 -0.5000
vn -0.8910 -0.0000 -0.4540
vn -0.9135 -0.0000 -0.4067
vn -0.9336 -0.0000 -0.3584
vn -0.9511 -0.0000 -0.3090
vn -0.9659 -0.0000 -0.2588
vn -0.9781 -0.0000 -0.2079
vn -0.9877 -0.0000 -0.1564
vn -0.9945 -0.0000 -0.1045
vn -0.9986 -0.0000 -0.0523
vn -1.0000 -0.0000 -0.0000
vn -0.9986 -0.0000 0.0523
vn -0.9945 -0.0000 0.1045
vn -0.9877 -0.0000 0.1564
vn -0.9781 -0.0000 0.2079
vn -0.9659 -0.0000 0.2588
vn -0.9511 -0.0000 0.3090
vn -0.9336 -0.0000 0.3584
vn -0.9135 -0.0000 0.4067
vn -0.8910 -0.0000 0.4540
vn -0.8660 -0.0000 0.5000
vn -0.8387 -0.0000 0.5446
vn -0.8090 -0.0000 0.5878
vn -0.7771 -0.0000 0.6293
vn -0.7431 -0.0000 0.6691
vn -0.7071 -0.0000 0.7071
vn -0.6691 -0.0000 0.7431
vn -0.6293 -0.0000 0.7771
vn -0.5878 -0.0000 0.8090
vn -0.5446 -0.0000 0.8387
vn -0.5000 -0.0000 0.8660
vn -0.4540 -0.0000 0.8910
vn -0.4067 -0.0000 0.9135
vn -0.3584 -0.0000 0.9336
vn -0.3090 -0.0000 0.9511
vn -0.2588 -0.0000 0.9659
vn -0.2079 -0.0000 0.9781
vn -0.1564 -0.0000 0.9877
vn -0.1045 -0.0000 0.9945
vn -0.0523 -0.0000 0.9986
vn -0.0000 -0.0000 1.0000
vn 0.0523 -0.0000 0.9986
vn 0.1045 -0.0000 0.9945
vn 0.1564 -0.0000 0.9877
vn 0.2079 -0.0000 0.9781
vn 0.2588 -0.0000 0.9659
vn 0.3090 -0.0000 0.9511
vn 0.3584 -0.0000 0.9336
vn 0.4067 -0.0000 0.9135
vn 0.4540 -0.0000 0.8910
vn 0.5000 -0.0000 0.8660
vn 0.5446 -0.0000 0.8387
vn 0.5878 -0.0000 0.8090
vn 0.6293 -0.0000 0.7771
vn 0.6691 -0.0000 0.7431
vn 0.7071 -0.0000 0.7071
vn 0.7431 -0.0000 0.6691
vn 0.7771 -0.0000 0.6293
vn 0.8090 -0.0000 0.5878
vn 0.8387 -0.0000 0.5446
vn 0.8660 -0.0000 0.5000
vn 0.8910 -0.0000 0.4540
vn 0.9135 -0.0000 0.4067
vn 0.9336 -0.0000 0.3584
vn 0.9511 -0.0000 0.3090
vn 0.9659 -0.0000 0.2588
vn 0.9781 -0.0000 0.2079
vn 0.9877 -0.0000 0.1564
vn 0.9945 -0.0000 0.1045
vn 0.9986 -0.0000 0.0523
vn -0.0041 0.9943 0.1064
vn -0.0147 0.9259 0.3775
vn 0.0147 0.9259 0.3775
vn 0.0023 0.9982 0.0595
vn 0.3536 0.9321 0.0784
vn 0.0029 1.0000 0.0007
vn 0.3740 0.9269 -0.0329
vn 0.0045 1.0000 -0.0004
vn 0.3756 0.9247 -0.0618
vn 0.0084 1.0000 -0.0014
vn 0.3793 0.9239 -0.0511
vn 0.0090 0.9999 -0.0146
vn -0.3512 0.9239 -0.1519
vn -0.0021 1.0000 -0.0065
vn 0.3223 0.9239 -0.2063
vn 0.0025 0.9996 -0.0269
vn -0.3028 0.9239 -0.2340
vn 0.0063 0.9999 -0.0101
vn 0.3570 0.9239 -0.1379
vn -0.0000 0.9999 -0.0154
vn -0.3570 0.9239 -0.1379
vn -0.0056 0.9999 -0.0089
vn 0.3028 0.9239 -0.2340
vn -0.0025 0.9996 -0.0269
vn -0.3223 0.9239 -0.2063
vn 0.0014 1.0000 -0.0044
vn 0.3512 0.9239 -0.1519
vn -0.0090 0.9999 -0.0146
vn -0.3793 0.9239 -0.0511
vn -0.3756 0.9247 -0.0618
vn -0.0103 0.9999 -0.0017
vn -0.3739 0.9269 -0.0329
vn -0.0027 1.0000 -0.0003
vn -0.3536 0.9321 0.0784
vn -0.0042 1.0000 0.0009
vn -0.0000 0.3827 0.9239
vn -0.0000 0.0572 0.9984
vn 0.6533 0.3827 0.6533
vn 0.7060 0.0564 0.7060
vn 0.9239 0.3827 -0.0000
vn 0.9984 0.0570 -0.0000
vn 0.9945 0.0582 -0.0866
vn 0.9173 0.3900 -0.0800
vn 0.9853 0.0571 -0.1613
vn 0.9109 0.3847 -0.1493
vn 0.9895 0.0567 -0.1332
vn 0.9156 0.3827 -0.1233
vn -0.8480 0.3827 -0.3667
vn -0.9164 0.0569 -0.3963
vn 0.7782 0.3827 -0.4980
vn 0.8409 0.0574 -0.5382
vn -0.7311 0.3827 -0.5649
vn -0.7900 0.0574 -0.6104
vn 0.8618 0.3827 -0.3330
vn 0.9313 0.0572 -0.3598
vn 0.9313 0.0571 -0.3598
vn -0.8618 0.3827 -0.3330
vn -0.9313 0.0571 -0.3598
vn -0.9313 0.0572 -0.3598
vn 0.7311 0.3827 -0.5649
vn 0.7900 0.0574 -0.6104
vn -0.7782 0.3827 -0.4980
vn -0.8409 0.0574 -0.5382
vn 0.8480 0.3827 -0.3667
vn 0.9164 0.0569 -0.3963
vn -0.9156 0.3827 -0.1233
vn -0.9895 0.0567 -0.1332
vn -0.9853 0.0571 -0.1613
vn -0.9109 0.3847 -0.1493
vn -0.9945 0.0582 -0.0866
vn -0.9173 0.3900 -0.0800
vn -0.9984 0.0570 -0.0000
vn -0.9239 0.3827 -0.0000
vn -0.6533 0.3827 0.6533
vn -0.7060 0.0564 0.7060
vn -0.0000 -0.0572 0.9984
vn 0.7060 -0.0564 0.7060
vn 0.9984 -0.0570 -0.0000
vn 0.9945 -0.0583 -0.0865
vn 0.9853 -0.0571 -0.1613
vn 0.9895 -0.0567 -0.1332
vn -0.9164 -0.0569 -0.3963
vn 0.8409 -0.0574 -0.5382
vn -0.7900 -0.0574 -0.6104
vn 0.9313 -0.0572 -0.3598
vn 0.9313 -0.0571 -0.3598
vn -0.9313 -0.0571 -0.3598
vn -0.9313 -0.0572 -0.3598
vn 0.7900 -0.0574 -0.6104
vn -0.8409 -0.0574 -0.5382
vn 0.9164 -0.0569 -0.3963
vn -0.9895 -0.0567 -0.1332
vn -0.9853 -0.0571 -0.1613
vn -0.9945 -0.0583 -0.0865
vn -0.9984 -0.0570 -0.0000
vn -0.7060 -0.0564 0.7060
vn -0.0000 -0.3827 0.9239
vn 0.6533 -0.3827 0.6533
vn 0.9239 -0.3827 -0.0000
vn 0.9173 -0.3900 -0.0800
vn 0.9109 -0.3847 -0.1493
vn 0.9156 -0.3827 -0.1233
vn -0.8480 -0.3827 -0.3667
vn 0.7782 -0.3827 -0.4980
vn -0.7311 -0.3827 -0.5649
vn 0.8618 -0.3827 -0.3330
vn -0.8618 -0.3827 -0.3330
vn 0.7311 -0.3827 -0.5649
vn -0.7782 -0.3827 -0.4980
vn 0.8480 -0.3827 -0.3667
vn -0.9156 -0.3827 -0.1233
vn -0.9109 -0.3847 -0.1493
vn -0.9173 -0.3900 -0.0800
vn -0.9239 -0.3827 -0.0000
vn -0.6533 -0.3827 0.6533
vn -0.0146 -0.9259 0.3775
vn -0.0041 -0.9943 0.1064
vn 0.0023 -0.9982 0.0595
vn 0.0146 -0.9259 0.3774
vn 0.0029 -1.0000 0.0007
vn 0.3536 -0.9321 0.0784
vn 0.0045 -1.0000 -0.0004
vn 0.3739 -0.9269 -0.0329
vn 0.0084 -1.0000 -0.0014
vn 0.3755 -0.9247 -0.0619
vn 0.0090 -0.9999 -0.0146
vn 0.3793 -0.9239 -0.0511
vn -0.3513 -0.9239 -0.1519
vn -0.0021 -1.0000 -0.0065
vn 0.3223 -0.9239 -0.2063
vn 0.0025 -0.9996 -0.0270
vn -0.3028 -0.9239 -0.2340
vn 0.0063 -0.9999 -0.0101
vn 0.3570 -0.9239 -0.1379
vn -0.0000 -0.9999 -0.0154
vn -0.3570 -0.9239 -0.1379
vn -0.0056 -0.9999 -0.0089
vn 0.3028 -0.9239 -0.2340
vn -0.0025 -0.9996 -0.0270
vn -0.3223 -0.9239 -0.2063
vn 0.0014 -1.0000 -0.0044
vn 0.3512 -0.9239 -0.1519
vn -0.0090 -0.9999 -0.0146
vn -0.3793 -0.9239 -0.0511
vn -0.0103 -0.9999 -0.0017
vn -0.3755 -0.9247 -0.0619
vn -0.0027 -1.0000 -0.0002
vn -0.3739 -0.9269 -0.0329
vn -0.0042 -1.0000 0.0009
vn -0.3536 -0.9321 0.0784
vn 0.2706 -0.9239 -0.2706
vn 0.3827 -0.9239 -0.0000
vn -0.0000 -0.9239 -0.3827
vn -0.2706 -0.9239 -0.2706
vn -0.3827 -0.9239 -0.0000
vn -0.2706 -0.9239 0.2706
vn -0.0000 -0.9239 0.3827
vn 0.2706 -0.9239 0.2706
vn 0.8629 -0.3574 -0.3574
vn 0.3574 -0.3574 -0.8629
vn -0.3574 -0.3574 -0.8629
vn -0.8629 -0.3574 -0.3574
vn -0.8629 -0.3574 0.3574
vn -0.3574 -0.3574 0.8629
vn 0.3574 -0.3574 0.8629
vn 0.8629 -0.3574 0.3574
vn 0.8629 0.3574 -0.3574
vn 0.3574 0.3574 -0.8629
vn -0.3574 0.3574 -0.8629
vn -0.8629 0.3574 -0.3574
vn -0.8629 0.3574 0.3574
vn -0.3574 0.3574 0.8629
vn 0.3574 0.3574 0.8629
vn 0.8629 0.3574 0.3574
vn 0.2706 0.9239 -0.2706
vn -0.0000 0.9239 -0.3827
vn -0.2706 0.9239 -0.2706
vn -0.3827 0.9239 -0.0000
vn -0.2706 0.9239 0.2706
vn -0.0000 0.9239 0.3827
vt 0.662500 0.507623
vt 0.666667 0.507623
vt 0.662500 0.521081
vt 0.018750 0.000000
vt 0.025000 0.358000
vt 0.012500 0.358000
vt 0.031250 0.000000
vt 0.037500 0.358000
vt 0.043750 0.000000
vt 0.050000 0.358000
vt 0.056250 0.000000
vt 0.062500 0.358000
vt 0.068750 0.000000
vt 0.075000 0.358000
vt 0.081250 0.000000
vt 0.087500 0.358000
vt 0.093750 0.000000
vt 0.100000 0.358000
vt 0.106250 0.000000
vt 0.112500 0.358000
vt 0.118750 0.000000
vt 0.125000 0.358000
vt 0.131250 0.000000
vt 0.137500 0.358000
vt 0.143750 0.000000
vt 0.150000 0.358000
vt 0.156250 0.000000
vt 0.162500 0.358000
vt 0.168750 0.000000
vt 0.175000 0.358000
vt 0.181250 0.000000
vt 0.187500 0.358000
vt 0.193750 0.000000
vt 0.200000 0.358000
vt 0.206250 0.000000
vt 0.212500 0.358000
vt 0.218750 0.000000
vt 0.225000 0.358000
vt 0.231250 0.000000
vt 0.237500 0.358000
vt 0.243750 0.000000
vt 0.250000 0.358000
vt 0.256250 0.000000
vt 0.262500 0.358000
vt 0.268750 0.000000
vt 0.275000 0.358000
vt 0.281250 0.000000
vt 0.287500 0.358000
vt 0.293750 0.000000
vt 0.300000 0.358000
vt 0.306250 0.000000
vt 0.312500 0.358000
vt 0.318750 0.000000
vt 0.325000 0.358000
vt 0.331250 0.000000
vt 0.337500 0.358000
vt 0.343750 0.000000
vt 0.350000 0.358000
vt 0.356250 0.000000
vt 0.362500 0.358000
vt 0.368750 0.000000
vt 0.375000 0.358000
vt 0.381250 0.000000
vt 0.387500 0.358000
vt 0.393750 0.000000
vt 0.400000 0.358000
vt 0.406250 0.000000
vt 0.412500 0.358000
vt 0.418750 0.000000
vt 0.425000 0.358000
vt 0.431250 0.000000
vt 0.437500 0.358000
vt 0.443750 0.000000
vt 0.450000 0.358000
vt 0.456250 0.000000
vt 0.462500 0.358000
vt 0.468750 0.000000
vt 0.475000 0.358000
vt 0.481250 0.000000
vt 0.487500 0.358000
vt 0.493750 0.000000
vt 0.500000 0.358000
vt 0.506250 0.000000
vt 0.512500 0.358000
vt 0.518750 0.000000
vt 0.525000 0.358000
vt 0.531250 0.000000
vt 0.537500 0.358000
vt 0.543750 0.000000
vt 0.550000 0.358000
vt 0.556250 0.000000
vt 0.562500 0.358000
vt 0.568750 0.000000
vt 0.575000 0.358000
vt 0.581250 0.000000
vt 0.587500 0.358000
vt 0.593750 0.000000
vt 0.600000 0.358000
vt 0.606250 0.000000
vt 0.612500 0.358000
vt 0.618750 0.000000
vt 0.625000 0.358000
vt 0.631250 0.000000
vt 0.637500 0.358000
vt 0.643750 0.000000
vt 0.650000 0.358000
vt 0.656250 0.000000
vt 0.662500 0.358000
vt 0.668750 0.000000
vt 0.675000 0.358000
vt 0.681250 0.000000
vt 0.687500 0.358000
vt 0.693750 0.000000
vt 0.700000 0.358000
vt 0.706250 0.000000
vt 0.712500 0.358000
vt 0.718750 0.000000
vt 0.725000 0.358000
vt 0.731250 0.000000
vt 0.737500 0.358000
vt 0.743750 0.000000
vt 0.750000 0.358000
vt 0.756250 0.000000
vt 0.762500 0.358000
vt 0.768750 0.000000
vt 0.775000 0.358000
vt 0.781250 0.000000
vt 0.787500 0.358000
vt 0.793750 0.000000
vt 0.800000 0.358000
vt 0.806250 0.000000
vt 0.812500 0.358000
vt 0.818750 0.000000
vt 0.825000 0.358000
vt 0.831250 0.000000
vt 0.837500 0.358000
vt 0.843750 0.000000
vt 0.850000 0.358000
vt 0.856250 0.000000
vt 0.862500 0.358000
vt 0.868750 0.000000
vt 0.875000 0.358000
vt 0.881250 0.000000
vt 0.887500 0.358000
vt 0.893750 0.000000
vt 0.900000 0.358000
vt 0.906250 0.000000
vt 0.912500 0.358000
vt 0.918750 0.000000
vt 0.925000 0.358000
vt 0.931250 0.000000
vt 0.937500 0.358000
vt 0.943750 0.000000
vt 0.950000 0.358000
vt 0.956250 0.000000
vt 0.962500 0.358000
vt 0.968750 0.000000
vt 0.975000 0.358000
vt 0.981250 0.000000
vt 0.987500 0.358000
vt 0.993750 0.000000
vt 1.000000 0.358000
vt 0.000000 0.358000
vt 0.012500 0.369388
vt 0.000000 0.369388
vt 0.025000 0.369388
vt 0.037500 0.369388
vt 0.050000 0.369388
vt 0.062500 0.369388
vt 0.075000 0.369388
vt 0.087500 0.369388
vt 0.100000 0.369388
vt 0.112500 0.369388
vt 0.125000 0.369388
vt 0.137500 0.369388
vt 0.150000 0.369388
vt 0.162500 0.369388
vt 0.175000 0.369388
vt 0.187500 0.369388
vt 0.200000 0.369388
vt 0.212500 0.369388
vt 0.225000 0.369388
vt 0.237500 0.369388
vt 0.250000 0.369388
vt 0.262500 0.369388
vt 0.275000 0.369388
vt 0.287500 0.369388
vt 0.300000 0.369388
vt 0.312500 0.369388
vt 0.325000 0.369388
vt 0.337500 0.369388
vt 0.350000 0.369388
vt 0.362500 0.369388
vt 0.375000 0.369388
vt 0.387500 0.369388
vt 0.400000 0.369388
vt 0.412500 0.369388
vt 0.425000 0.369388
vt 0.437500 0.369388
vt 0.450000 0.369388
vt 0.462500 0.369388
vt 0.475000 0.369388
vt 0.487500 0.369388
vt 0.500000 0.369388
vt 0.512500 0.369388
vt 0.525000 0.369388
vt 0.537500 0.369388
vt 0.550000 0.369388
vt 0.562500 0.369388
vt 0.575000 0.369388
vt 0.587500 0.369388
vt 0.600000 0.369388
vt 0.612500 0.369388
vt 0.625000 0.369388
vt 0.637500 0.369388
vt 0.650000 0.369388
vt 0.662500 0.369388
vt 0.675000 0.369388
vt 0.687500 0.369388
vt 0.700000 0.369388
vt 0.712500 0.369388
vt 0.725000 0.369388
vt 0.737500 0.369388
vt 0.750000 0.369388
vt 0.762500 0.369388
vt 0.775000 0.369388
vt 0.787500 0.369388
vt 0.800000 0.369388
vt 0.812500 0.369388
vt 0.825000 0.369388
vt 0.837500 0.369388
vt 0.850000 0.369388
vt 0.862500 0.369388
vt 0.875000 0.369388
vt 0.887500 0.369388
vt 0.900000 0.369388
vt 0.912500 0.369388
vt 0.925000 0.369388
vt 0.937500 0.369388
vt 0.950000 0.369388
vt 0.962500 0.369388
vt 0.975000 0.369388
vt 0.987500 0.369388
vt 1.000000 0.369388
vt 0.012500 0.380776
vt 0.000000 0.380776
vt 0.025000 0.380776
vt 0.037500 0.380776
vt 0.050000 0.380776
vt 0.062500 0.380776
vt 0.075000 0.380776
vt 0.087500 0.380776
vt 0.100000 0.380776
vt 0.112500 0.380776
vt 0.125000 0.380776
vt 0.137500 0.380776
vt 0.150000 0.380776
vt 0.162500 0.380776
vt 0.175000 0.380776
vt 0.187500 0.380776
vt 0.200000 0.380776
vt 0.212500 0.380776
vt 0.225000 0.380776
vt 0.237500 0.380776
vt 0.250000 0.380776
vt 0.262500 0.380776
vt 0.275000 0.380776
vt 0.287500 0.380776
vt 0.300000 0.380776
vt 0.312500 0.380776
vt 0.325000 0.380776
vt 0.337500 0.380776
vt 0.350000 0.380776
vt 0.362500 0.380776
vt 0.375000 0.380776
vt 0.387500 0.380776
vt 0.400000 0.380776
vt 0.412500 0.380776
vt 0.425000 0.380776
vt 0.437500 0.380776
vt 0.450000 0.380776
vt 0.462500 0.380776
vt 0.475000 0.380776
vt 0.487500 0.380776
vt 0.500000 0.380776
vt 0.512500 0.380776
vt 0.525000 0.380776
vt 0.537500 0.380776
vt 0.550000 0.380776
vt 0.562500 0.380776
vt 0.575000 0.380776
vt 0.587500 0.380776
vt 0.600000 0.380776
vt 0.612500 0.380776
vt 0.625000 0.380776
vt 0.637500 0.380776
vt 0.650000 0.380776
vt 0.662500 0.380776
vt 0.675000 0.380776
vt 0.687500 0.380776
vt 0.700000 0.380776
vt 0.712500 0.380776
vt 0.725000 0.380776
vt 0.737500 0.380776
vt 0.750000 0.380776
vt 0.762500 0.380776
vt 0.775000 0.380776
vt 0.787500 0.380776
vt 0.800000 0.380776
vt 0.812500 0.380776
vt 0.825000 0.380776
vt 0.837500 0.380776
vt 0.850000 0.380776
vt 0.862500 0.380776
vt 0.875000 0.380776
vt 0.887500 0.380776
vt 0.900000 0.380776
vt 0.912500 0.380776
vt 0.925000 0.380776
vt 0.937500 0.380776
vt 0.950000 0.380776
vt 0.962500 0.380776
vt 0.975000 0.380776
vt 0.987500 0.380776
vt 1.000000 0.380776
vt 0.004167 0.392164
vt 0.000000 0.392164
vt 0.008333 0.392164
vt 0.012500 0.392164
vt 0.016667 0.392164
vt 0.020833 0.392164
vt 0.025000 0.392164
vt 0.029167 0.392164
vt 0.033333 0.392164
vt 0.037500 0.392164
vt 0.041667 0.392164
vt 0.045833 0.392164
vt 0.050000 0.392164
vt 0.054167 0.392164
vt 0.058333 0.392164
vt 0.062500 0.392164
vt 0.066667 0.392164
vt 0.070833 0.392164
vt 0.075000 0.392164
vt 0.079167 0.392164
vt 0.083333 0.392164
vt 0.087500 0.392164
vt 0.091667 0.392164
vt 0.095833 0.392164
vt 0.100000 0.392164
vt 0.104167 0.392164
vt 0.108333 0.392164
vt 0.112500 0.392164
vt 0.116667 0.392164
vt 0.120833 0.392164
vt 0.125000 0.392164
vt 0.129167 0.392164
vt 0.133333 0.392164
vt 0.137500 0.392164
vt 0.141667 0.392164
vt 0.145833 0.392164
vt 0.150000 0.392164
vt 0.154167 0.392164
vt 0.158333 0.392164
vt 0.162500 0.392164
vt 0.166667 0.392164
vt 0.170833 0.392164
vt 0.175000 0.392164
vt 0.179167 0.392164
vt 0.183333 0.392164
vt 0.187500 0.392164
vt 0.191667 0.392164
vt 0.195833 0.392164
vt 0.200000 0.392164
vt 0.204167 0.392164
vt 0.208333 0.392164
vt 0.212500 0.392164
vt 0.216667 0.392164
vt 0.220833 0.392164
vt 0.225000 0.392164
vt 0.229167 0.392164
vt 0.233333 0.392164
vt 0.237500 0.392164
vt 0.241667 0.392164
vt 0.245833 0.392164
vt 0.250000 0.392164
vt 0.254167 0.392164
vt 0.258333 0.392164
vt 0.262500 0.392164
vt 0.266667 0.392164
vt 0.270833 0.392164
vt 0.275000 0.392164
vt 0.279167 0.392164
vt 0.283333 0.392164
vt 0.287500 0.392164
vt 0.291667 0.392164
vt 0.295833 0.392164
vt 0.300000 0.392164
vt 0.304167 0.392164
vt 0.308333 0.392164
vt 0.312500 0.392164
vt 0.316667 0.392164
vt 0.320833 0.392164
vt 0.325000 0.392164
vt 0.329167 0.392164
vt 0.333333 0.392164
vt 0.337500 0.392164
vt 0.341667 0.392164
vt 0.345833 0.392164
vt 0.350000 0.392164
vt 0.354167 0.392164
vt 0.358333 0.392164
vt 0.362500 0.392164
vt 0.366667 0.392164
vt 0.370833 0.392164
vt 0.375000 0.392164
vt 0.379167 0.392164
vt 0.383333 0.392164
vt 0.387500 0.392164
vt 0.391667 0.392164
vt 0.395833 0.392164
vt 0.400000 0.392164
vt 0.404167 0.392164
vt 0.408333 0.392164
vt 0.412500 0.392164
vt 0.416667 0.392164
vt 0.420833 0.392164
vt 0.425000 0.392164
vt 0.429167 0.392164
vt 0.433333 0.392164
vt 0.437500 0.392164
vt 0.441667 0.392164
vt 0.445833 0.392164
vt 0.450000 0.392164
vt 0.454167 0.392164
vt 0.458333 0.392164
vt 0.462500 0.392164
vt 0.466667 0.392164
vt 0.470833 0.392164
vt 0.475000 0.392164
vt 0.479167 0.392164
vt 0.483333 0.392164
vt 0.487500 0.392164
vt 0.491667 0.392164
vt 0.495833 0.392164
vt 0.500000 0.392164
vt 0.504167 0.392164
vt 0.508333 0.392164
vt 0.512500 0.392164
vt 0.516667 0.392164
vt 0.520833 0.392164
vt 0.525000 0.392164
vt 0.529167 0.392164
vt 0.533333 0.392164
vt 0.537500 0.392164
vt 0.541667 0.392164
vt 0.545833 0.392164
vt 0.550000 0.392164
vt 0.554167 0.392164
vt 0.558333 0.392164
vt 0.562500 0.392164
vt 0.566667 0.392164
vt 0.570833 0.392164
vt 0.575000 0.392164
vt 0.579167 0.392164
vt 0.583333 0.392164
vt 0.587500 0.392164
vt 0.591667 0.392164
vt 0.595833 0.392164
vt 0.600000 0.392164
vt 0.604167 0.392164
vt 0.608333 0.392164
vt 0.612500 0.392164
vt 0.616667 0.392164
vt 0.620833 0.392164
vt 0.625000 0.392164
vt 0.629167 0.392164
vt 0.633333 0.392164
vt 0.637500 0.392164
vt 0.641667 0.392164
vt 0.645833 0.392164
vt 0.650000 0.392164
vt 0.654167 0.392164
vt 0.658333 0.392164
vt 0.662500 0.392164
vt 0.666667 0.392164
vt 0.670833 0.392164
vt 0.675000 0.392164
vt 0.679167 0.392164
vt 0.683333 0.392164
vt 0.687500 0.392164
vt 0.691667 0.392164
vt 0.695833 0.392164
vt 0.700000 0.392164
vt 0.704167 0.392164
vt 0.708333 0.392164
vt 0.712500 0.392164
vt 0.716667 0.392164
vt 0.720833 0.392164
vt 0.725000 0.392164
vt 0.729167 0.392164
vt 0.733333 0.392164
vt 0.737500 0.392164
vt 0.741667 0.392164
vt 0.745833 0.392164
vt 0.750000 0.392164
vt 0.754167 0.392164
vt 0.758333 0.392164
vt 0.762500 0.392164
vt 0.766667 0.392164
vt 0.770833 0.392164
vt 0.775000 0.392164
vt 0.779167 0.392164
vt 0.783333 0.392164
vt 0.787500 0.392164
vt 0.791667 0.392164
vt 0.795833 0.392164
vt 0.800000 0.392164
vt 0.804167 0.392164
vt 0.808333 0.392164
vt 0.812500 0.392164
vt 0.816667 0.392164
vt 0.820833 0.392164
vt 0.825000 0.392164
vt 0.829167 0.392164
vt 0.833333 0.392164
vt 0.837500 0.392164
vt 0.841667 0.392164
vt 0.845833 0.392164
vt 0.850000 0.392164
vt 0.854167 0.392164
vt 0.858333 0.392164
vt 0.862500 0.392164
vt 0.866667 0.392164
vt 0.870833 0.392164
vt 0.875000 0.392164
vt 0.879167 0.392164
vt 0.883333 0.392164
vt 0.887500 0.392164
vt 0.891667 0.392164
vt 0.895833 0.392164
vt 0.900000 0.392164
vt 0.904167 0.392164
vt 0.908333 0.392164
vt 0.912500 0.392164
vt 0.916667 0.392164
vt 0.920833 0.392164
vt 0.925000 0.392164
vt 0.929167 0.392164
vt 0.933333 0.392164
vt 0.937500 0.392164
vt 0.941667 0.392164
vt 0.945833 0.392164
vt 0.950000 0.392164
vt 0.954167 0.392164
vt 0.958333 0.392164
vt 0.962500 0.392164
vt 0.966667 0.392164
vt 0.970833 0.392164
vt 0.975000 0.392164
vt 0.979167 0.392164
vt 0.983333 0.392164
vt 0.987500 0.392164
vt 0.991667 0.392164
vt 0.995833 0.392164
vt 1.000000 0.392164
vt 0.004167 0.494164
vt 0.000000 0.494164
vt 0.008333 0.494164
vt 0.012500 0.494164
vt 0.016667 0.494164
vt 0.020833 0.494164
vt 0.025000 0.494164
vt 0.029167 0.494164
vt 0.033333 0.494164
vt 0.037500 0.494164
vt 0.041667 0.494164
vt 0.045833 0.494164
vt 0.050000 0.494164
vt 0.054167 0.494164
vt 0.058333 0.494164
vt 0.062500 0.494164
vt 0.066667 0.494164
vt 0.070833 0.494164
vt 0.075000 0.494164
vt 0.079167 0.494164
vt 0.083333 0.494164
vt 0.087500 0.494164
vt 0.091667 0.494164
vt 0.095833 0.494164
vt 0.100000 0.494164
vt 0.104167 0.494164
vt 0.108333 0.494164
vt 0.112500 0.494164
vt 0.116667 0.494164
vt 0.120833 0.494164
vt 0.125000 0.494164
vt 0.129167 0.494164
vt 0.133333 0.494164
vt 0.137500 0.494164
vt 0.141667 0.494164
vt 0.145833 0.494164
vt 0.150000 0.494164
vt 0.154167 0.494164
vt 0.158333 0.494164
vt 0.162500 0.494164
vt 0.166667 0.494164
vt 0.170833 0.494164
vt 0.175000 0.494164
vt 0.179167 0.494164
vt 0.183333 0.494164
vt 0.187500 0.494164
vt 0.191667 0.494164
vt 0.195833 0.494164
vt 0.200000 0.494164
vt 0.204167 0.494164
vt 0.208333 0.494164
vt 0.212500 0.494164
vt 0.216667 0.494164
vt 0.220833 0.494164
vt 0.225000 0.494164
vt 0.229167 0.494164
vt 0.233333 0.494164
vt 0.237500 0.494164
vt 0.241667 0.494164
vt 0.245833 0.494164
vt 0.250000 0.494164
vt 0.254167 0.494164
vt 0.258333 0.494164
vt 0.262500 0.494164
vt 0.266667 0.494164
vt 0.270833 0.494164
vt 0.275000 0.494164
vt 0.279167 0.494164
vt 0.283333 0.494164
vt 0.287500 0.494164
vt 0.291667 0.494164
vt 0.295833 0.494164
vt 0.300000 0.494164
vt 0.304167 0.494164
vt 0.308333 0.494164
vt 0.312500 0.494164
vt 0.316667 0.494164
vt 0.320833 0.494164
vt 0.325000 0.494164
vt 0.329167 0.494164
vt 0.333333 0.494164
vt 0.337500 0.494164
vt 0.341667 0.494164
vt 0.345833 0.494164
vt 0.350000 0.494164
vt 0.354167 0.494164
vt 0.358333 0.494164
vt 0.362500 0.494164
vt 0.366667 0.494164
vt 0.370833 0.494164
vt 0.375000 0.494164
vt 0.379167 0.494164
vt 0.383333 0.494164
vt 0.387500 0.494164
vt 0.391667 0.494164
vt 0.395833 0.494164
vt 0.400000 0.494164
vt 0.404167 0.494164
vt 0.408333 0.494164
vt 0.412500 0.494164
vt 0.416667 0.494164
vt 0.420833 0.494164
vt 0.425000 0.494164
vt 0.429167 0.494164
vt 0.433333 0.494164
vt 0.437500 0.494164
vt 0.441667 0.494164
vt 0.445833 0.494164
vt 0.450000 0.494164
vt 0.454167 0.494164
vt 0.458333 0.494164
vt 0.462500 0.494164
vt 0.466667 0.494164
vt 0.470833 0.494164
vt 0.475000 0.494164
vt 0.479167 0.494164
vt 0.483333 0.494164
vt 0.487500 0.494164
vt 0.491667 0.494164
vt 0.495833 0.494164
vt 0.500000 0.494164
vt 0.504167 0.494164
vt 0.508333 0.494164
vt 0.512500 0.494164
vt 0.516667 0.494164
vt 0.520833 0.494164
vt 0.525000 0.494164
vt 0.529167 0.494164
vt 0.533333 0.494164
vt 0.537500 0.494164
vt 0.541667 0.494164
vt 0.545833 0.494164
vt 0.550000 0.494164
vt 0.554167 0.494164
vt 0.558333 0.494164
vt 0.562500 0.494164
vt 0.566667 0.494164
vt 0.570833 0.494164
vt 0.575000 0.494164
vt 0.579167 0.494164
vt 0.583333 0.494164
vt 0.587500 0.494164
vt 0.591667 0.494164
vt 0.595833 0.494164
vt 0.600000 0.494164
vt 0.604167 0.494164
vt 0.608333 0.494164
vt 0.612500 0.494164
vt 0.616667 0.494164
vt 0.620833 0.494164
vt 0.625000 0.494164
vt 0.629167 0.494164
vt 0.633333 0.494164
vt 0.637500 0.494164
vt 0.641667 0.494164
vt 0.645833 0.494164
vt 0.650000 0.494164
vt 0.654167 0.494164
vt 0.658333 0.494164
vt 0.662500 0.494164
vt 0.666667 0.494164
vt 0.670833 0.494164
vt 0.675000 0.494164
vt 0.679167 0.494164
vt 0.683333 0.494164
vt 0.687500 0.494164
vt 0.691667 0.494164
vt 0.695833 0.494164
vt 0.700000 0.494164
vt 0.704167 0.494164
vt 0.708333 0.494164
vt 0.712500 0.494164
vt 0.716667 0.494164
vt 0.720833 0.494164
vt 0.725000 0.494164
vt 0.729167 0.494164
vt 0.733333 0.494164
vt 0.737500 0.494164
vt 0.741667 0.494164
vt 0.745833 0.494164
vt 0.750000 0.494164
vt 0.754167 0.494164
vt 0.758333 0.494164
vt 0.762500 0.494164
vt 0.766667 0.494164
vt 0.770833 0.494164
vt 0.775000 0.494164
vt 0.779167 0.494164
vt 0.783333 0.494164
vt 0.787500 0.494164
vt 0.791667 0.494164
vt 0.795833 0.494164
vt 0.800000 0.494164
vt 0.804167 0.494164
vt 0.808333 0.494164
vt 0.812500 0.494164
vt 0.816667 0.494164
vt 0.820833 0.494164
vt 0.825000 0.494164
vt 0.829167 0.494164
vt 0.833333 0.494164
vt 0.837500 0.494164
vt 0.841667 0.494164
vt 0.845833 0.494164
vt 0.850000 0.494164
vt 0.854167 0.494164
vt 0.858333 0.494164
vt 0.862500 0.494164
vt 0.866667 0.494164
vt 0.870833 0.494164
vt 0.875000 0.494164
vt 0.879167 0.494164
vt 0.883333 0.494164
vt 0.887500 0.494164
vt 0.891667 0.494164
vt 0.895833 0.494164
vt 0.900000 0.494164
vt 0.904167 0.494164
vt 0.908333 0.494164
vt 0.912500 0.494164
vt 0.916667 0.494164
vt 0.920833 0.494164
vt 0.925000 0.494164
vt 0.929167 0.494164
vt 0.933333 0.494164
vt 0.937500 0.494164
vt 0.941667 0.494164
vt 0.945833 0.494164
vt 0.950000 0.494164
vt 0.954167 0.494164
vt 0.958333 0.494164
vt 0.962500 0.494164
vt 0.966667 0.494164
vt 0.970833 0.494164
vt 0.975000 0.494164
vt 0.979167 0.494164
vt 0.983333 0.494164
vt 0.987500 0.494164
vt 0.991667 0.494164
vt 0.995833 0.494164
vt 1.000000 0.494164
vt 0.004167 0.507623
vt 0.000000 0.507623
vt 0.008333 0.507623
vt 0.012500 0.507623
vt 0.016667 0.507623
vt 0.020833 0.507623
vt 0.025000 0.507623
vt 0.029167 0.507623
vt 0.033333 0.507623
vt 0.037500 0.507623
vt 0.041667 0.507623
vt 0.045833 0.507623
vt 0.050000 0.507623
vt 0.054167 0.507623
vt 0.058333 0.507623
vt 0.062500 0.507623
vt 0.066667 0.507623
vt 0.070833 0.507623
vt 0.075000 0.507623
vt 0.079167 0.507623
vt 0.083333 0.507623
vt 0.087500 0.507623
vt 0.091667 0.507623
vt 0.095833 0.507623
vt 0.100000 0.507623
vt 0.104167 0.507623
vt 0.108333 0.507623
vt 0.112500 0.507623
vt 0.116667 0.507623
vt 0.120833 0.507623
vt 0.125000 0.507623
vt 0.129167 0.507623
vt 0.133333 0.507623
vt 0.137500 0.507623
vt 0.141667 0.507623
vt 0.145833 0.507623
vt 0.150000 0.507623
vt 0.154167 0.507623
vt 0.158333 0.507623
vt 0.162500 0.507623
vt 0.166667 0.507623
vt 0.170833 0.507623
vt 0.175000 0.507623
vt 0.179167 0.507623
vt 0.183333 0.507623
vt 0.187500 0.507623
vt 0.191667 0.507623
vt 0.195833 0.507623
vt 0.200000 0.507623
vt 0.204167 0.507623
vt 0.208333 0.507623
vt 0.212500 0.507623
vt 0.216667 0.507623
vt 0.220833 0.507623
vt 0.225000 0.507623
vt 0.229167 0.507623
vt 0.233333 0.507623
vt 0.237500 0.507623
vt 0.241667 0.507623
vt 0.245833 0.507623
vt 0.250000 0.507623
vt 0.254167 0.507623
vt 0.258333 0.507623
vt 0.262500 0.507623
vt 0.266667 0.507623
vt 0.270833 0.507623
vt 0.275000 0.507623
vt 0.279167 0.507623
vt 0.283333 0.507623
vt 0.287500 0.507623
vt 0.291667 0.507623
vt 0.295833 0.507623
vt 0.300000 0.507623
vt 0.304167 0.507623
vt 0.308333 0.507623
vt 0.312500 0.507623
vt 0.316667 0.507623
vt 0.320833 0.507623
vt 0.325000 0.507623
vt 0.329167 0.507623
vt 0.333333 0.507623
vt 0.337500 0.507623
vt 0.341667 0.507623
vt 0.345833 0.507623
vt 0.350000 0.507623
vt 0.354167 0.507623
vt 0.358333 0.507623
vt 0.362500 0.507623
vt 0.366667 0.507623
vt 0.370833 0.507623
vt 0.375000 0.507623
vt 0.379167 0.507623
vt 0.383333 0.507623
vt 0.387500 0.507623
vt 0.391667 0.507623
vt 0.395833 0.507623
vt 0.400000 0.507623
vt 0.404167 0.507623
vt 0.408333 0.507623
vt 0.412500 0.507623
vt 0.416667 0.507623
vt 0.420833 0.507623
vt 0.425000 0.507623
vt 0.429167 0.507623
vt 0.433333 0.507623
vt 0.437500 0.507623
vt 0.441667 0.507623
vt 0.445833 0.507623
vt 0.450000 0.507623
vt 0.454167 0.507623
vt 0.458333 0.507623
vt 0.462500 0.507623
vt 0.466667 0.507623
vt 0.470833 0.507623
vt 0.475000 0.507623
vt 0.479167 0.507623
vt 0.483333 0.507623
vt 0.487500 0.507623
vt 0.491667 0.507623
vt 0.495833 0.507623
vt 0.500000 0.507623
vt 0.504167 0.507623
vt 0.508333 0.507623
vt 0.512500 0.507623
vt 0.516667 0.507623
vt 0.520833 0.507623
vt 0.525000 0.507623
vt 0.529167 0.507623
vt 0.533333 0.507623
vt 0.537500 0.507623
vt 0.541667 0.507623
vt 0.545833 0.507623
vt 0.550000 0.507623
vt 0.554167 0.507623
vt 0.558333 0.507623
vt 0.562500 0.507623
vt 0.566667 0.507623
vt 0.570833 0.507623
vt 0.575000 0.507623
vt 0.579167 0.507623
vt 0.583333 0.507623
vt 0.587500 0.507623
vt 0.591667 0.507623
vt 0.595833 0.507623
vt 0.600000 0.507623
vt 0.604167 0.507623
vt 0.608333 0.507623
vt 0.612500 0.507623
vt 0.616667 0.507623
vt 0.620833 0.507623
vt 0.625000 0.507623
vt 0.629167 0.507623
vt 0.633333 0.507623
vt 0.637500 0.507623
vt 0.641667 0.507623
vt 0.645833 0.507623
vt 0.650000 0.507623
vt 0.654167 0.507623
vt 0.658333 0.507623
vt 0.670833 0.507623
vt 0.675000 0.507623
vt 0.679167 0.507623
vt 0.683333 0.507623
vt 0.687500 0.507623
vt 0.691667 0.507623
vt 0.695833 0.507623
vt 0.700000 0.507623
vt 0.704167 0.507623
vt 0.708333 0.507623
vt 0.712500 0.507623
vt 0.716667 0.507623
vt 0.720833 0.507623
vt 0.725000 0.507623
vt 0.729167 0.507623
vt 0.733333 0.507623
vt 0.737500 0.507623
vt 0.741667 0.507623
vt 0.745833 0.507623
vt 0.750000 0.507623
vt 0.754167 0.507623
vt 0.758333 0.507623
vt 0.762500 0.507623
vt 0.766667 0.507623
vt 0.770833 0.507623
vt 0.775000 0.507623
vt 0.779167 0.507623
vt 0.783333 0.507623
vt 0.787500 0.507623
vt 0.791667 0.507623
vt 0.795833 0.507623
vt 0.800000 0.507623
vt 0.804167 0.507623
vt 0.808333 0.507623
vt 0.812500 0.507623
vt 0.816667 0.507623
vt 0.820833 0.507623
vt 0.825000 0.507623
vt 0.829167 0.507623
vt 0.833333 0.507623
vt 0.837500 0.507623
vt 0.841667 0.507623
vt 0.845833 0.507623
vt 0.850000 0.507623
vt 0.854167 0.507623
vt 0.858333 0.507623
vt 0.862500 0.507623
vt 0.866667 0.507623
vt 0.870833 0.507623
vt 0.875000 0.507623
vt 0.879167 0.507623
vt 0.883333 0.507623
vt 0.887500 0.507623
vt 0.891667 0.507623
vt 0.895833 0.507623
vt 0.900000 0.507623
vt 0.904167 0.507623
vt 0.908333 0.507623
vt 0.912500 0.507623
vt 0.916667 0.507623
vt 0.920833 0.507623
vt 0.925000 0.507623
vt 0.929167 0.507623
vt 0.933333 0.507623
vt 0.937500 0.507623
vt 0.941667 0.507623
vt 0.945833 0.507623
vt 0.950000 0.507623
vt 0.954167 0.507623
vt 0.958333 0.507623
vt 0.962500 0.507623
vt 0.966667 0.507623
vt 0.970833 0.507623
vt 0.975000 0.507623
vt 0.979167 0.507623
vt 0.983333 0.507623
vt 0.987500 0.507623
vt 0.991667 0.507623
vt 0.995833 0.507623
vt 1.000000 0.507623
vt 0.000000 0.521081
vt 0.012500 0.521081
vt 0.025000 0.521081
vt 0.037500 0.521081
vt 0.050000 0.521081
vt 0.062500 0.521081
vt 0.075000 0.521081
vt 0.087500 0.521081
vt 0.100000 0.521081
vt 0.112500 0.521081
vt 0.125000 0.521081
vt 0.137500 0.521081
vt 0.150000 0.521081
vt 0.162500 0.521081
vt 0.175000 0.521081
vt 0.187500 0.521081
vt 0.200000 0.521081
vt 0.212500 0.521081
vt 0.225000 0.521081
vt 0.237500 0.521081
vt 0.250000 0.521081
vt 0.262500 0.521081
vt 0.275000 0.521081
vt 0.287500 0.521081
vt 0.300000 0.521081
vt 0.312500 0.521081
vt 0.325000 0.521081
vt 0.337500 0.521081
vt 0.350000 0.521081
vt 0.362500 0.521081
vt 0.375000 0.521081
vt 0.387500 0.521081
vt 0.400000 0.521081
vt 0.412500 0.521081
vt 0.425000 0.521081
vt 0.437500 0.521081
vt 0.450000 0.521081
vt 0.462500 0.521081
vt 0.475000 0.521081
vt 0.487500 0.521081
vt 0.500000 0.521081
vt 0.512500 0.521081
vt 0.525000 0.521081
vt 0.537500 0.521081
vt 0.550000 0.521081
vt 0.562500 0.521081
vt 0.575000 0.521081
vt 0.587500 0.521081
vt 0.600000 0.521081
vt 0.612500 0.521081
vt 0.625000 0.521081
vt 0.637500 0.521081
vt 0.650000 0.521081
vt 0.006250 0.000000
vt 0.675000 0.521081
vt 0.687500 0.521081
vt 0.700000 0.521081
vt 0.712500 0.521081
vt 0.725000 0.521081
vt 0.737500 0.521081
vt 0.750000 0.521081
vt 0.762500 0.521081
vt 0.775000 0.521081
vt 0.787500 0.521081
vt 0.800000 0.521081
vt 0.812500 0.521081
vt 0.825000 0.521081
vt 0.837500 0.521081
vt 0.850000 0.521081
vt 0.862500 0.521081
vt 0.875000 0.521081
vt 0.887500 0.521081
vt 0.900000 0.521081
vt 0.912500 0.521081
vt 0.925000 0.521081
vt 0.937500 0.521081
vt 0.950000 0.521081
vt 0.962500 0.521081
vt 0.975000 0.521081
vt 0.987500 0.521081
vt 1.000000 0.521081
vt 0.012500 0.534540
vt 0.000000 0.534540
vt 0.025000 0.534540
vt 0.037500 0.534540
vt 0.050000 0.534540
vt 0.062500 0.534540
vt 0.075000 0.534540
vt 0.087500 0.534540
vt 0.100000 0.534540
vt 0.112500 0.534540
vt 0.125000 0.534540
vt 0.137500 0.534540
vt 0.150000 0.534540
vt 0.162500 0.534540
vt 0.175000 0.534540
vt 0.187500 0.534540
vt 0.200000 0.534540
vt 0.212500 0.534540
vt 0.225000 0.534540
vt 0.237500 0.534540
vt 0.250000 0.534540
vt 0.262500 0.534540
vt 0.275000 0.534540
vt 0.287500 0.534540
vt 0.300000 0.534540
vt 0.312500 0.534540
vt 0.325000 0.534540
vt 0.337500 0.534540
vt 0.350000 0.534540
vt 0.362500 0.534540
vt 0.375000 0.534540
vt 0.387500 0.534540
vt 0.400000 0.534540
vt 0.412500 0.534540
vt 0.425000 0.534540
vt 0.437500 0.534540
vt 0.450000 0.534540
vt 0.462500 0.534540
vt 0.475000 0.534540
vt 0.487500 0.534540
vt 0.500000 0.534540
vt 0.512500 0.534540
vt 0.525000 0.534540
vt 0.537500 0.534540
vt 0.550000 0.534540
vt 0.562500 0.534540
vt 0.575000 0.534540
vt 0.587500 0.534540
vt 0.600000 0.534540
vt 0.612500 0.534540
vt 0.625000 0.534540
vt 0.637500 0.534540
vt 0.650000 0.534540
vt 0.662500 0.534540
vt 0.675000 0.534540
vt 0.687500 0.534540
vt 0.700000 0.534540
vt 0.712500 0.534540
vt 0.725000 0.534540
vt 0.737500 0.534540
vt 0.750000 0.534540
vt 0.762500 0.534540
vt 0.775000 0.534540
vt 0.787500 0.534540
vt 0.800000 0.534540
vt 0.812500 0.534540
vt 0.825000 0.534540
vt 0.837500 0.534540
vt 0.850000 0.534540
vt 0.862500 0.534540
vt 0.875000 0.534540
vt 0.887500 0.534540
vt 0.900000 0.534540
vt 0.912500 0.534540
vt 0.925000 0.534540
vt 0.937500 0.534540
vt 0.950000 0.534540
vt 0.962500 0.534540
vt 0.975000 0.534540
vt 0.987500 0.534540
vt 1.000000 0.534540
vt 0.012500 0.541940
vt 0.000000 0.541940
vt 0.025000 0.541940
vt 0.037500 0.541940
vt 0.050000 0.541940
vt 0.062500 0.541940
vt 0.075000 0.541940
vt 0.087500 0.541940
vt 0.100000 0.541940
vt 0.112500 0.541940
vt 0.125000 0.541940
vt 0.137500 0.541940
vt 0.150000 0.541940
vt 0.162500 0.541940
vt 0.175000 0.541940
vt 0.187500 0.541940
vt 0.200000 0.541940
vt 0.212500 0.541940
vt 0.225000 0.541940
vt 0.237500 0.541940
vt 0.250000 0.541940
vt 0.262500 0.541940
vt 0.275000 0.541940
vt 0.287500 0.541940
vt 0.300000 0.541940
vt 0.312500 0.541940
vt 0.325000 0.541940
vt 0.337500 0.541940
vt 0.350000 0.541940
vt 0.362500 0.541940
vt 0.375000 0.541940
vt 0.387500 0.541940
vt 0.400000 0.541940
vt 0.412500 0.541940
vt 0.425000 0.541940
vt 0.437500 0.541940
vt 0.450000 0.541940
vt 0.462500 0.541940
vt 0.475000 0.541940
vt 0.487500 0.541940
vt 0.500000 0.541940
vt 0.512500 0.541940
vt 0.525000 0.541940
vt 0.537500 0.541940
vt 0.550000 0.541940
vt 0.562500 0.541940
vt 0.575000 0.541940
vt 0.587500 0.541940
vt 0.600000 0.541940
vt 0.612500 0.541940
vt 0.625000 0.541940
vt 0.637500 0.541940
vt 0.650000 0.541940
vt 0.662500 0.541940
vt 0.675000 0.541940
vt 0.687500 0.541940
vt 0.700000 0.541940
vt 0.712500 0.541940
vt 0.725000 0.541940
vt 0.737500 0.541940
vt 0.750000 0.541940
vt 0.762500 0.541940
vt 0.775000 0.541940
vt 0.787500 0.541940
vt 0.800000 0.541940
vt 0.812500 0.541940
vt 0.825000 0.541940
vt 0.837500 0.541940
vt 0.850000 0.541940
vt 0.862500 0.541940
vt 0.875000 0.541940
vt 0.887500 0.541940
vt 0.900000 0.541940
vt 0.912500 0.541940
vt 0.925000 0.541940
vt 0.937500 0.541940
vt 0.950000 0.541940
vt 0.962500 0.541940
vt 0.975000 0.541940
vt 0.987500 0.541940
vt 1.000000 0.541940
vt 0.012500 0.553328
vt 0.000000 0.553328
vt 0.025000 0.553328
vt 0.037500 0.553328
vt 0.050000 0.553328
vt 0.062500 0.553328
vt 0.075000 0.553328
vt 0.087500 0.553328
vt 0.100000 0.553328
vt 0.112500 0.553328
vt 0.125000 0.553328
vt 0.137500 0.553328
vt 0.150000 0.553328
vt 0.162500 0.553328
vt 0.175000 0.553328
vt 0.187500 0.553328
vt 0.200000 0.553328
vt 0.212500 0.553328
vt 0.225000 0.553328
vt 0.237500 0.553328
vt 0.250000 0.553328
vt 0.262500 0.553328
vt 0.275000 0.553328
vt 0.287500 0.553328
vt 0.300000 0.553328
vt 0.312500 0.553328
vt 0.325000 0.553328
vt 0.337500 0.553328
vt 0.350000 0.553328
vt 0.362500 0.553328
vt 0.375000 0.553328
vt 0.387500 0.553328
vt 0.400000 0.553328
vt 0.412500 0.553328
vt 0.425000 0.553328
vt 0.437500 0.553328
vt 0.450000 0.553328
vt 0.462500 0.553328
vt 0.475000 0.553328
vt 0.487500 0.553328
vt 0.500000 0.553328
vt 0.512500 0.553328
vt 0.525000 0.553328
vt 0.537500 0.553328
vt 0.550000 0.553328
vt 0.562500 0.553328
vt 0.575000 0.553328
vt 0.587500 0.553328
vt 0.600000 0.553328
vt 0.612500 0.553328
vt 0.625000 0.553328
vt 0.637500 0.553328
vt 0.650000 0.553328
vt 0.662500 0.553328
vt 0.675000 0.553328
vt 0.687500 0.553328
vt 0.700000 0.553328
vt 0.712500 0.553328
vt 0.725000 0.553328
vt 0.737500 0.553328
vt 0.750000 0.553328
vt 0.762500 0.553328
vt 0.775000 0.553328
vt 0.787500 0.553328
vt 0.800000 0.553328
vt 0.812500 0.553328
vt 0.825000 0.553328
vt 0.837500 0.553328
vt 0.850000 0.553328
vt 0.862500 0.553328
vt 0.875000 0.553328
vt 0.887500 0.553328
vt 0.900000 0.553328
vt 0.912500 0.553328
vt 0.925000 0.553328
vt 0.937500 0.553328
vt 0.950000 0.553328
vt 0.962500 0.553328
vt 0.975000 0.553328
vt 0.987500 0.553328
vt 1.000000 0.553328
vt 0.012500 0.564716
vt 0.000000 0.564716
vt 0.025000 0.564716
vt 0.037500 0.564716
vt 0.050000 0.564716
vt 0.062500 0.564716
vt 0.075000 0.564716
vt 0.087500 0.564716
vt 0.100000 0.564716
vt 0.112500 0.564716
vt 0.125000 0.564716
vt 0.137500 0.564716
vt 0.150000 0.564716
vt 0.162500 0.564716
vt 0.175000 0.564716
vt 0.187500 0.564716
vt 0.200000 0.564716
vt 0.212500 0.564716
vt 0.225000 0.564716
vt 0.237500 0.564716
vt 0.250000 0.564716
vt 0.262500 0.564716
vt 0.275000 0.564716
vt 0.287500 0.564716
vt 0.300000 0.564716
vt 0.312500 0.564716
vt 0.325000 0.564716
vt 0.337500 0.564716
vt 0.350000 0.564716
vt 0.362500 0.564716
vt 0.375000 0.564716
vt 0.387500 0.564716
vt 0.400000 0.564716
vt 0.412500 0.564716
vt 0.425000 0.564716
vt 0.437500 0.564716
vt 0.450000 0.564716
vt 0.462500 0.564716
vt 0.475000 0.564716
vt 0.487500 0.564716
vt 0.500000 0.564716
vt 0.512500 0.564716
vt 0.525000 0.564716
vt 0.537500 0.564716
vt 0.550000 0.564716
vt 0.562500 0.564716
vt 0.575000 0.564716
vt 0.587500 0.564716
vt 0.600000 0.564716
vt 0.612500 0.564716
vt 0.625000 0.564716
vt 0.637500 0.564716
vt 0.650000 0.564716
vt 0.662500 0.564716
vt 0.675000 0.564716
vt 0.687500 0.564716
vt 0.700000 0.564716
vt 0.712500 0.564716
vt 0.725000 0.564716
vt 0.737500 0.564716
vt 0.750000 0.564716
vt 0.762500 0.564716
vt 0.775000 0.564716
vt 0.787500 0.564716
vt 0.800000 0.564716
vt 0.812500 0.564716
vt 0.825000 0.564716
vt 0.837500 0.564716
vt 0.850000 0.564716
vt 0.862500 0.564716
vt 0.875000 0.564716
vt 0.887500 0.564716
vt 0.900000 0.564716
vt 0.912500 0.564716
vt 0.925000 0.564716
vt 0.937500 0.564716
vt 0.950000 0.564716
vt 0.962500 0.564716
vt 0.975000 0.564716
vt 0.987500 0.564716
vt 1.000000 0.564716
vt 0.004167 0.576104
vt 0.000000 0.576104
vt 0.008333 0.576104
vt 0.012500 0.576104
vt 0.016667 0.576104
vt 0.020833 0.576104
vt 0.025000 0.576104
vt 0.029167 0.576104
vt 0.033333 0.576104
vt 0.037500 0.576104
vt 0.041667 0.576104
vt 0.045833 0.576104
vt 0.050000 0.576104
vt 0.054167 0.576104
vt 0.058333 0.576104
vt 0.062500 0.576104
vt 0.066667 0.576104
vt 0.070833 0.576104
vt 0.075000 0.576104
vt 0.079167 0.576104
vt 0.083333 0.576104
vt 0.087500 0.576104
vt 0.091667 0.576104
vt 0.095833 0.576104
vt 0.100000 0.576104
vt 0.104167 0.576104
vt 0.108333 0.576104
vt 0.112500 0.576104
vt 0.116667 0.576104
vt 0.120833 0.576104
vt 0.125000 0.576104
vt 0.129167 0.576104
vt 0.133333 0.576104
vt 0.137500 0.576104
vt 0.141667 0.576104
vt 0.145833 0.576104
vt 0.150000 0.576104
vt 0.154167 0.576104
vt 0.158333 0.576104
vt 0.162500 0.576104
vt 0.166667 0.576104
vt 0.170833 0.576104
vt 0.175000 0.576104
vt 0.179167 0.576104
vt 0.183333 0.576104
vt 0.187500 0.576104
vt 0.191667 0.576104
vt 0.195833 0.576104
vt 0.200000 0.576104
vt 0.204167 0.576104
vt 0.208333 0.576104
vt 0.212500 0.576104
vt 0.216667 0.576104
vt 0.220833 0.576104
vt 0.225000 0.576104
vt 0.229167 0.576104
vt 0.233333 0.576104
vt 0.237500 0.576104
vt 0.241667 0.576104
vt 0.245833 0.576104
vt 0.250000 0.576104
vt 0.254167 0.576104
vt 0.258333 0.576104
vt 0.262500 0.576104
vt 0.266667 0.576104
vt 0.270833 0.576104
vt 0.275000 0.576104
vt 0.279167 0.576104
vt 0.283333 0.576104
vt 0.287500 0.576104
vt 0.291667 0.576104
vt 0.295833 0.576104
vt 0.300000 0.576104
vt 0.304167 0.576104
vt 0.308333 0.576104
vt 0.312500 0.576104
vt 0.316667 0.576104
vt 0.320833 0.576104
vt 0.325000 0.576104
vt 0.329167 0.576104
vt 0.333333 0.576104
vt 0.337500 0.576104
vt 0.341667 0.576104
vt 0.345833 0.576104
vt 0.350000 0.576104
vt 0.354167 0.576104
vt 0.358333 0.576104
vt 0.362500 0.576104
vt 0.366667 0.576104
vt 0.370833 0.576104
vt 0.375000 0.576104
vt 0.379167 0.576104
vt 0.383333 0.576104
vt 0.387500 0.576104
vt 0.391667 0.576104
vt 0.395833 0.576104
vt 0.400000 0.576104
vt 0.404167 0.576104
vt 0.408333 0.576104
vt 0.412500 0.576104
vt 0.416667 0.576104
vt 0.420833 0.576104
vt 0.425000 0.576104
vt 0.429167 0.576104
vt 0.433333 0.576104
vt 0.437500 0.576104
vt 0.441667 0.576104
vt 0.445833 0.576104
vt 0.450000 0.576104
vt 0.454167 0.576104
vt 0.458333 0.576104
vt 0.462500 0.576104
vt 0.466667 0.576104
vt 0.470833 0.576104
vt 0.475000 0.576104
vt 0.479167 0.576104
vt 0.483333 0.576104
vt 0.487500 0.576104
vt 0.491667 0.576104
vt 0.495833 0.576104
vt 0.500000 0.576104
vt 0.504167 0.576104
vt 0.508333 0.576104
vt 0.512500 0.576104
vt 0.516667 0.576104
vt 0.520833 0.576104
vt 0.525000 0.576104
vt 0.529167 0.576104
vt 0.533333 0.576104
vt 0.537500 0.576104
vt 0.541667 0.576104
vt 0.545833 0.576104
vt 0.550000 0.576104
vt 0.554167 0.576104
vt 0.558333 0.576104
vt 0.562500 0.576104
vt 0.566667 0.576104
vt 0.570833 0.576104
vt 0.575000 0.576104
vt 0.579167 0.576104
vt 0.583333 0.576104
vt 0.587500 0.576104
vt 0.591667 0.576104
vt 0.595833 0.576104
vt 0.600000 0.576104
vt 0.604167 0.576104
vt 0.608333 0.576104
vt 0.612500 0.576104
vt 0.616667 0.576104
vt 0.620833 0.576104
vt 0.625000 0.576104
vt 0.629167 0.576104
vt 0.633333 0.576104
vt 0.637500 0.576104
vt 0.641667 0.576104
vt 0.645833 0.576104
vt 0.650000 0.576104
vt 0.654167 0.576104
vt 0.658333 0.576104
vt 0.662500 0.576104
vt 0.666667 0.576104
vt 0.670833 0.576104
vt 0.675000 0.576104
vt 0.679167 0.576104
vt 0.683333 0.576104
vt 0.687500 0.576104
vt 0.691667 0.576104
vt 0.695833 0.576104
vt 0.700000 0.576104
vt 0.704167 0.576104
vt 0.708333 0.576104
vt 0.712500 0.576104
vt 0.716667 0.576104
vt 0.720833 0.576104
vt 0.725000 0.576104
vt 0.729167 0.576104
vt 0.733333 0.576104
vt 0.737500 0.576104
vt 0.741667 0.576104
vt 0.745833 0.576104
vt 0.750000 0.576104
vt 0.754167 0.576104
vt 0.758333 0.576104
vt 0.762500 0.576104
vt 0.766667 0.576104
vt 0.770833 0.576104
vt 0.775000 0.576104
vt 0.779167 0.576104
vt 0.783333 0.576104
vt 0.787500 0.576104
vt 0.791667 0.576104
vt 0.795833 0.576104
vt 0.800000 0.576104
vt 0.804167 0.576104
vt 0.808333 0.576104
vt 0.812500 0.576104
vt 0.816667 0.576104
vt 0.820833 0.576104
vt 0.825000 0.576104
vt 0.829167 0.576104
vt 0.833333 0.576104
vt 0.837500 0.576104
vt 0.841667 0.576104
vt 0.845833 0.576104
vt 0.850000 0.576104
vt 0.854167 0.576104
vt 0.858333 0.576104
vt 0.862500 0.576104
vt 0.866667 0.576104
vt 0.870833 0.576104
vt 0.875000 0.576104
vt 0.879167 0.576104
vt 0.883333 0.576104
vt 0.887500 0.576104
vt 0.891667 0.576104
vt 0.895833 0.576104
vt 0.900000 0.576104
vt 0.904167 0.576104
vt 0.908333 0.576104
vt 0.912500 0.576104
vt 0.916667 0.576104
vt 0.920833 0.576104
vt 0.925000 0.576104
vt 0.929167 0.576104
vt 0.933333 0.576104
vt 0.937500 0.576104
vt 0.941667 0.576104
vt 0.945833 0.576104
vt 0.950000 0.576104
vt 0.954167 0.576104
vt 0.958333 0.576104
vt 0.962500 0.576104
vt 0.966667 0.576104
vt 0.970833 0.576104
vt 0.975000 0.576104
vt 0.979167 0.576104
vt 0.983333 0.576104
vt 0.987500 0.576104
vt 0.991667 0.576104
vt 0.995833 0.576104
vt 1.000000 0.576104
vt 0.004167 0.678104
vt 0.000000 0.678104
vt 0.008333 0.678104
vt 0.012500 0.678104
vt 0.016667 0.678104
vt 0.020833 0.678104
vt 0.025000 0.678104
vt 0.029167 0.678104
vt 0.033333 0.678104
vt 0.037500 0.678104
vt 0.041667 0.678104
vt 0.045833 0.678104
vt 0.050000 0.678104
vt 0.054167 0.678104
vt 0.058333 0.678104
vt 0.062500 0.678104
vt 0.066667 0.678104
vt 0.070833 0.678104
vt 0.075000 0.678104
vt 0.079167 0.678104
vt 0.083333 0.678104
vt 0.087500 0.678104
vt 0.091667 0.678104
vt 0.095833 0.678104
vt 0.100000 0.678104
vt 0.104167 0.678104
vt 0.108333 0.678104
vt 0.112500 0.678104
vt 0.116667 0.678104
vt 0.120833 0.678104
vt 0.125000 0.678104
vt 0.129167 0.678104
vt 0.133333 0.678104
vt 0.137500 0.678104
vt 0.141667 0.678104
vt 0.145833 0.678104
vt 0.150000 0.678104
vt 0.154167 0.678104
vt 0.158333 0.678104
vt 0.162500 0.678104
vt 0.166667 0.678104
vt 0.170833 0.678104
vt 0.175000 0.678104
vt 0.179167 0.678104
vt 0.183333 0.678104
vt 0.187500 0.678104
vt 0.191667 0.678104
vt 0.195833 0.678104
vt 0.200000 0.678104
vt 0.204167 0.678104
vt 0.208333 0.678104
vt 0.212500 0.678104
vt 0.216667 0.678104
vt 0.220833 0.678104
vt 0.225000 0.678104
vt 0.229167 0.678104
vt 0.233333 0.678104
vt 0.237500 0.678104
vt 0.241667 0.678104
vt 0.245833 0.678104
vt 0.250000 0.678104
vt 0.254167 0.678104
vt 0.258333 0.678104
vt 0.262500 0.678104
vt 0.266667 0.678104
vt 0.270833 0.678104
vt 0.275000 0.678104
vt 0.279167 0.678104
vt 0.283333 0.678104
vt 0.287500 0.678104
vt 0.291667 0.678104
vt 0.295833 0.678104
vt 0.300000 0.678104
vt 0.304167 0.678104
vt 0.308333 0.678104
vt 0.312500 0.678104
vt 0.316667 0.678104
vt 0.320833 0.678104
vt 0.325000 0.678104
vt 0.329167 0.678104
vt 0.333333 0.678104
vt 0.337500 0.678104
vt 0.341667 0.678104
vt 0.345833 0.678104
vt 0.350000 0.678104
vt 0.354167 0.678104
vt 0.358333 0.678104
vt 0.362500 0.678104
vt 0.366667 0.678104
vt 0.370833 0.678104
vt 0.375000 0.678104
vt 0.379167 0.678104
vt 0.383333 0.678104
vt 0.387500 0.678104
vt 0.391667 0.678104
vt 0.395833 0.678104
vt 0.400000 0.678104
vt 0.404167 0.678104
vt 0.408333 0.678104
vt 0.412500 0.678104
vt 0.416667 0.678104
vt 0.420833 0.678104
vt 0.425000 0.678104
vt 0.429167 0.678104
vt 0.433333 0.678104
vt 0.437500 0.678104
vt 0.441667 0.678104
vt 0.445833 0.678104
vt 0.450000 0.678104
vt 0.454167 0.678104
vt 0.458333 0.678104
vt 0.462500 0.678104
vt 0.466667 0.678104
vt 0.470833 0.678104
vt 0.475000 0.678104
vt 0.479167 0.678104
vt 0.483333 0.678104
vt 0.487500 0.678104
vt 0.491667 0.678104
vt 0.495833 0.678104
vt 0.500000 0.678104
vt 0.504167 0.678104
vt 0.508333 0.678104
vt 0.512500 0.678104
vt 0.516667 0.678104
vt 0.520833 0.678104
vt 0.525000 0.678104
vt 0.529167 0.678104
vt 0.533333 0.678104
vt 0.537500 0.678104
vt 0.541667 0.678104
vt 0.545833 0.678104
vt 0.550000 0.678104
vt 0.554167 0.678104
vt 0.558333 0.678104
vt 0.562500 0.678104
vt 0.566667 0.678104
vt 0.570833 0.678104
vt 0.575000 0.678104
vt 0.579167 0.678104
vt 0.583333 0.678104
vt 0.587500 0.678104
vt 0.591667 0.678104
vt 0.595833 0.678104
vt 0.600000 0.678104
vt 0.604167 0.678104
vt 0.608333 0.678104
vt 0.612500 0.678104
vt 0.616667 0.678104
vt 0.620833 0.678104
vt 0.625000 0.678104
vt 0.629167 0.678104
vt 0.633333 0.678104
vt 0.637500 0.678104
vt 0.641667 0.678104
vt 0.645833 0.678104
vt 0.650000 0.678104
vt 0.654167 0.678104
vt 0.658333 0.678104
vt 0.662500 0.678104
vt 0.666667 0.678104
vt 0.670833 0.678104
vt 0.675000 0.678104
vt 0.679167 0.678104
vt 0.683333 0.678104
vt 0.687500 0.678104
vt 0.691667 0.678104
vt 0.695833 0.678104
vt 0.700000 0.678104
vt 0.704167 0.678104
vt 0.708333 0.678104
vt 0.712500 0.678104
vt 0.716667 0.678104
vt 0.720833 0.678104
vt 0.725000 0.678104
vt 0.729167 0.678104
vt 0.733333 0.678104
vt 0.737500 0.678104
vt 0.741667 0.678104
vt 0.745833 0.678104
vt 0.750000 0.678104
vt 0.754167 0.678104
vt 0.758333 0.678104
vt 0.762500 0.678104
vt 0.766667 0.678104
vt 0.770833 0.678104
vt 0.775000 0.678104
vt 0.779167 0.678104
vt 0.783333 0.678104
vt 0.787500 0.678104
vt 0.791667 0.678104
vt 0.795833 0.678104
vt 0.800000 0.678104
vt 0.804167 0.678104
vt 0.808333 0.678104
vt 0.812500 0.678104
vt 0.816667 0.678104
vt 0.820833 0.678104
vt 0.825000 0.678104
vt 0.829167 0.678104
vt 0.833333 0.678104
vt 0.837500 0.678104
vt 0.841667 0.678104
vt 0.845833 0.678104
vt 0.850000 0.678104
vt 0.854167 0.678104
vt 0.858333 0.678104
vt 0.862500 0.678104
vt 0.866667 0.678104
vt 0.870833 0.678104
vt 0.875000 0.678104
vt 0.879167 0.678104
vt 0.883333 0.678104
vt 0.887500 0.678104
vt 0.891667 0.678104
vt 0.895833 0.678104
vt 0.900000 0.678104
vt 0.904167 0.678104
vt 0.908333 0.678104
vt 0.912500 0.678104
vt 0.916667 0.678104
vt 0.920833 0.678104
vt 0.925000 0.678104
vt 0.929167 0.678104
vt 0.933333 0.678104
vt 0.937500 0.678104
vt 0.941667 0.678104
vt 0.945833 0.678104
vt 0.950000 0.678104
vt 0.954167 0.678104
vt 0.958333 0.678104
vt 0.962500 0.678104
vt 0.966667 0.678104
vt 0.970833 0.678104
vt 0.975000 0.678104
vt 0.979167 0.678104
vt 0.983333 0.678104
vt 0.987500 0.678104
vt 0.991667 0.678104
vt 0.995833 0.678104
vt 1.000000 0.678104
vt 0.004167 0.691563
vt 0.000000 0.691563
vt 0.008333 0.691563
vt 0.012500 0.691563
vt 0.016667 0.691563
vt 0.020833 0.691563
vt 0.025000 0.691563
vt 0.029167 0.691563
vt 0.033333 0.691563
vt 0.037500 0.691563
vt 0.041667 0.691563
vt 0.045833 0.691563
vt 0.050000 0.691563
vt 0.054167 0.691563
vt 0.058333 0.691563
vt 0.062500 0.691563
vt 0.066667 0.691563
vt 0.070833 0.691563
vt 0.075000 0.691563
vt 0.079167 0.691563
vt 0.083333 0.691563
vt 0.087500 0.691563
vt 0.091667 0.691563
vt 0.095833 0.691563
vt 0.100000 0.691563
vt 0.104167 0.691563
vt 0.108333 0.691563
vt 0.112500 0.691563
vt 0.116667 0.691563
vt 0.120833 0.691563
vt 0.125000 0.691563
vt 0.129167 0.691563
vt 0.133333 0.691563
vt 0.137500 0.691563
vt 0.141667 0.691563
vt 0.145833 0.691563
vt 0.150000 0.691563
vt 0.154167 0.691563
vt 0.158333 0.691563
vt 0.162500 0.691563
vt 0.166667 0.691563
vt 0.170833 0.691563
vt 0.175000 0.691563
vt 0.179167 0.691563
vt 0.183333 0.691563
vt 0.187500 0.691563
vt 0.191667 0.691563
vt 0.195833 0.691563
vt 0.200000 0.691563
vt 0.204167 0.691563
vt 0.208333 0.691563
vt 0.212500 0.691563
vt 0.216667 0.691563
vt 0.220833 0.691563
vt 0.225000 0.691563
vt 0.229167 0.691563
vt 0.233333 0.691563
vt 0.237500 0.691563
vt 0.241667 0.691563
vt 0.245833 0.691563
vt 0.250000 0.691563
vt 0.254167 0.691563
vt 0.258333 0.691563
vt 0.262500 0.691563
vt 0.266667 0.691563
vt 0.270833 0.691563
vt 0.275000 0.691563
vt 0.279167 0.691563
vt 0.283333 0.691563
vt 0.287500 0.691563
vt 0.291667 0.691563
vt 0.295833 0.691563
vt 0.300000 0.691563
vt 0.304167 0.691563
vt 0.308333 0.691563
vt 0.312500 0.691563
vt 0.316667 0.691563
vt 0.320833 0.691563
vt 0.325000 0.691563
vt 0.329167 0.691563
vt 0.333333 0.691563
vt 0.337500 0.691563
vt 0.341667 0.691563
vt 0.345833 0.691563
vt 0.350000 0.691563
vt 0.354167 0.691563
vt 0.358333 0.691563
vt 0.362500 0.691563
vt 0.366667 0.691563
vt 0.370833 0.691563
vt 0.375000 0.691563
vt 0.379167 0.691563
vt 0.383333 0.691563
vt 0.387500 0.691563
vt 0.391667 0.691563
vt 0.395833 0.691563
vt 0.400000 0.691563
vt 0.404167 0.691563
vt 0.408333 0.691563
vt 0.412500 0.691563
vt 0.416667 0.691563
vt 0.420833 0.691563
vt 0.425000 0.691563
vt 0.429167 0.691563
vt 0.433333 0.691563
vt 0.437500 0.691563
vt 0.441667 0.691563
vt 0.445833 0.691563
vt 0.450000 0.691563
vt 0.454167 0.691563
vt 0.458333 0.691563
vt 0.462500 0.691563
vt 0.466667 0.691563
vt 0.470833 0.691563
vt 0.475000 0.691563
vt 0.479167 0.691563
vt 0.483333 0.691563
vt 0.487500 0.691563
vt 0.491667 0.691563
vt 0.495833 0.691563
vt 0.500000 0.691563
vt 0.504167 0.691563
vt 0.508333 0.691563
vt 0.512500 0.691563
vt 0.516667 0.691563
vt 0.520833 0.691563
vt 0.525000 0.691563
vt 0.529167 0.691563
vt 0.533333 0.691563
vt 0.537500 0.691563
vt 0.541667 0.691563
vt 0.545833 0.691563
vt 0.550000 0.691563
vt 0.554167 0.691563
vt 0.558333 0.691563
vt 0.562500 0.691563
vt 0.566667 0.691563
vt 0.570833 0.691563
vt 0.575000 0.691563
vt 0.579167 0.691563
vt 0.583333 0.691563
vt 0.587500 0.691563
vt 0.591667 0.691563
vt 0.595833 0.691563
vt 0.600000 0.691563
vt 0.604167 0.691563
vt 0.608333 0.691563
vt 0.612500 0.691563
vt 0.616667 0.691563
vt 0.620833 0.691563
vt 0.625000 0.691563
vt 0.629167 0.691563
vt 0.633333 0.691563
vt 0.637500 0.691563
vt 0.641667 0.691563
vt 0.645833 0.691563
vt 0.650000 0.691563
vt 0.654167 0.691563
vt 0.658333 0.691563
vt 0.662500 0.691563
vt 0.666667 0.691563
vt 0.670833 0.691563
vt 0.675000 0.691563
vt 0.679167 0.691563
vt 0.683333 0.691563
vt 0.687500 0.691563
vt 0.691667 0.691563
vt 0.695833 0.691563
vt 0.700000 0.691563
vt 0.704167 0.691563
vt 0.708333 0.691563
vt 0.712500 0.691563
vt 0.716667 0.691563
vt 0.720833 0.691563
vt 0.725000 0.691563
vt 0.729167 0.691563
vt 0.733333 0.691563
vt 0.737500 0.691563
vt 0.741667 0.691563
vt 0.745833 0.691563
vt 0.750000 0.691563
vt 0.754167 0.691563
vt 0.758333 0.691563
vt 0.762500 0.691563
vt 0.766667 0.691563
vt 0.770833 0.691563
vt 0.775000 0.691563
vt 0.779167 0.691563
vt 0.783333 0.691563
vt 0.787500 0.691563
vt 0.791667 0.691563
vt 0.795833 0.691563
vt 0.800000 0.691563
vt 0.804167 0.691563
vt 0.808333 0.691563
vt 0.812500 0.691563
vt 0.816667 0.691563
vt 0.820833 0.691563
vt 0.825000 0.691563
vt 0.829167 0.691563
vt 0.833333 0.691563
vt 0.837500 0.691563
vt 0.841667 0.691563
vt 0.845833 0.691563
vt 0.850000 0.691563
vt 0.854167 0.691563
vt 0.858333 0.691563
vt 0.862500 0.691563
vt 0.866667 0.691563
vt 0.870833 0.691563
vt 0.875000 0.691563
vt 0.879167 0.691563
vt 0.883333 0.691563
vt 0.887500 0.691563
vt 0.891667 0.691563
vt 0.895833 0.691563
vt 0.900000 0.691563
vt 0.904167 0.691563
vt 0.908333 0.691563
vt 0.912500 0.691563
vt 0.916667 0.691563
vt 0.920833 0.691563
vt 0.925000 0.691563
vt 0.929167 0.691563
vt 0.933333 0.691563
vt 0.937500 0.691563
vt 0.941667 0.691563
vt 0.945833 0.691563
vt 0.950000 0.691563
vt 0.954167 0.691563
vt 0.958333 0.691563
vt 0.962500 0.691563
vt 0.966667 0.691563
vt 0.970833 0.691563
vt 0.975000 0.691563
vt 0.979167 0.691563
vt 0.983333 0.691563
vt 0.987500 0.691563
vt 0.991667 0.691563
vt 0.995833 0.691563
vt 1.000000 0.691563
vt 0.000000 0.705021
vt 0.008333 0.705021
vt 0.016667 0.705021
vt 0.025000 0.705021
vt 0.033333 0.705021
vt 0.041667 0.705021
vt 0.050000 0.705021
vt 0.058333 0.705021
vt 0.066667 0.705021
vt 0.075000 0.705021
vt 0.083333 0.705021
vt 0.091667 0.705021
vt 0.100000 0.705021
vt 0.108333 0.705021
vt 0.116667 0.705021
vt 0.125000 0.705021
vt 0.133333 0.705021
vt 0.141667 0.705021
vt 0.150000 0.705021
vt 0.158333 0.705021
vt 0.166667 0.705021
vt 0.175000 0.705021
vt 0.183333 0.705021
vt 0.191667 0.705021
vt 0.200000 0.705021
vt 0.208333 0.705021
vt 0.216667 0.705021
vt 0.225000 0.705021
vt 0.233333 0.705021
vt 0.241667 0.705021
vt 0.250000 0.705021
vt 0.258333 0.705021
vt 0.266667 0.705021
vt 0.275000 0.705021
vt 0.283333 0.705021
vt 0.291667 0.705021
vt 0.300000 0.705021
vt 0.308333 0.705021
vt 0.316667 0.705021
vt 0.325000 0.705021
vt 0.333333 0.705021
vt 0.341667 0.705021
vt 0.350000 0.705021
vt 0.358333 0.705021
vt 0.366667 0.705021
vt 0.375000 0.705021
vt 0.383333 0.705021
vt 0.391667 0.705021
vt 0.400000 0.705021
vt 0.408333 0.705021
vt 0.416667 0.705021
vt 0.425000 0.705021
vt 0.433333 0.705021
vt 0.441667 0.705021
vt 0.450000 0.705021
vt 0.458333 0.705021
vt 0.466667 0.705021
vt 0.475000 0.705021
vt 0.483333 0.705021
vt 0.491667 0.705021
vt 0.500000 0.705021
vt 0.508333 0.705021
vt 0.516667 0.705021
vt 0.525000 0.705021
vt 0.533333 0.705021
vt 0.541667 0.705021
vt 0.550000 0.705021
vt 0.558333 0.705021
vt 0.566667 0.705021
vt 0.575000 0.705021
vt 0.583333 0.705021
vt 0.591667 0.705021
vt 0.600000 0.705021
vt 0.608333 0.705021
vt 0.616667 0.705021
vt 0.625000 0.705021
vt 0.633333 0.705021
vt 0.641667 0.705021
vt 0.650000 0.705021
vt 0.658333 0.705021
vt 0.666667 0.705021
vt 0.675000 0.705021
vt 0.683333 0.705021
vt 0.691667 0.705021
vt 0.700000 0.705021
vt 0.708333 0.705021
vt 0.716667 0.705021
vt 0.725000 0.705021
vt 0.733333 0.705021
vt 0.741667 0.705021
vt 0.750000 0.705021
vt 0.758333 0.705021
vt 0.766667 0.705021
vt 0.775000 0.705021
vt 0.783333 0.705021
vt 0.791667 0.705021
vt 0.800000 0.705021
vt 0.808333 0.705021
vt 0.816667 0.705021
vt 0.825000 0.705021
vt 0.833333 0.705021
vt 0.841667 0.705021
vt 0.850000 0.705021
vt 0.858333 0.705021
vt 0.866667 0.705021
vt 0.875000 0.705021
vt 0.883333 0.705021
vt 0.891667 0.705021
vt 0.900000 0.705021
vt 0.908333 0.705021
vt 0.916667 0.705021
vt 0.925000 0.705021
vt 0.933333 0.705021
vt 0.941667 0.705021
vt 0.950000 0.705021
vt 0.958333 0.705021
vt 0.966667 0.705021
vt 0.975000 0.705021
vt 0.983333 0.705021
vt 0.991667 0.705021
vt 1.000000 0.705021
vt 0.008333 0.718480
vt 0.000000 0.718480
vt 0.016667 0.718480
vt 0.025000 0.718480
vt 0.033333 0.718480
vt 0.041667 0.718480
vt 0.050000 0.718480
vt 0.058333 0.718480
vt 0.066667 0.718480
vt 0.075000 0.718480
vt 0.083333 0.718480
vt 0.091667 0.718480
vt 0.100000 0.718480
vt 0.108333 0.718480
vt 0.116667 0.718480
vt 0.125000 0.718480
vt 0.133333 0.718480
vt 0.141667 0.718480
vt 0.150000 0.718480
vt 0.158333 0.718480
vt 0.166667 0.718480
vt 0.175000 0.718480
vt 0.183333 0.718480
vt 0.191667 0.718480
vt 0.200000 0.718480
vt 0.208333 0.718480
vt 0.216667 0.718480
vt 0.225000 0.718480
vt 0.233333 0.718480
vt 0.241667 0.718480
vt 0.250000 0.718480
vt 0.258333 0.718480
vt 0.266667 0.718480
vt 0.275000 0.718480
vt 0.283333 0.718480
vt 0.291667 0.718480
vt 0.300000 0.718480
vt 0.308333 0.718480
vt 0.316667 0.718480
vt 0.325000 0.718480
vt 0.333333 0.718480
vt 0.341667 0.718480
vt 0.350000 0.718480
vt 0.358333 0.718480
vt 0.366667 0.718480
vt 0.375000 0.718480
vt 0.383333 0.718480
vt 0.391667 0.718480
vt 0.400000 0.718480
vt 0.408333 0.718480
vt 0.416667 0.718480
vt 0.425000 0.718480
vt 0.433333 0.718480
vt 0.441667 0.718480
vt 0.450000 0.718480
vt 0.458333 0.718480
vt 0.466667 0.718480
vt 0.475000 0.718480
vt 0.483333 0.718480
vt 0.491667 0.718480
vt 0.500000 0.718480
vt 0.508333 0.718480
vt 0.516667 0.718480
vt 0.525000 0.718480
vt 0.533333 0.718480
vt 0.541667 0.718480
vt 0.550000 0.718480
vt 0.558333 0.718480
vt 0.566667 0.718480
vt 0.575000 0.718480
vt 0.583333 0.718480
vt 0.591667 0.718480
vt 0.600000 0.718480
vt 0.608333 0.718480
vt 0.616667 0.718480
vt 0.625000 0.718480
vt 0.633333 0.718480
vt 0.641667 0.718480
vt 0.650000 0.718480
vt 0.658333 0.718480
vt 0.666667 0.718480
vt 0.675000 0.718480
vt 0.683333 0.718480
vt 0.691667 0.718480
vt 0.700000 0.718480
vt 0.708333 0.718480
vt 0.716667 0.718480
vt 0.725000 0.718480
vt 0.733333 0.718480
vt 0.741667 0.718480
vt 0.750000 0.718480
vt 0.758333 0.718480
vt 0.766667 0.718480
vt 0.775000 0.718480
vt 0.783333 0.718480
vt 0.791667 0.718480
vt 0.800000 0.718480
vt 0.808333 0.718480
vt 0.816667 0.718480
vt 0.825000 0.718480
vt 0.833333 0.718480
vt 0.841667 0.718480
vt 0.850000 0.718480
vt 0.858333 0.718480
vt 0.866667 0.718480
vt 0.875000 0.718480
vt 0.883333 0.718480
vt 0.891667 0.718480
vt 0.900000 0.718480
vt 0.908333 0.718480
vt 0.916667 0.718480
vt 0.925000 0.718480
vt 0.933333 0.718480
vt 0.941667 0.718480
vt 0.950000 0.718480
vt 0.958333 0.718480
vt 0.966667 0.718480
vt 0.975000 0.718480
vt 0.983333 0.718480
vt 0.991667 0.718480
vt 1.000000 0.718480
vt 0.008333 0.759230
vt 0.000000 0.759230
vt 0.016667 0.759230
vt 0.025000 0.759230
vt 0.033333 0.759230
vt 0.041667 0.759230
vt 0.050000 0.759230
vt 0.058333 0.759230
vt 0.066667 0.759230
vt 0.075000 0.759230
vt 0.083333 0.759230
vt 0.091667 0.759230
vt 0.100000 0.759230
vt 0.108333 0.759230
vt 0.116667 0.759230
vt 0.125000 0.759230
vt 0.133333 0.759230
vt 0.141667 0.759230
vt 0.150000 0.759230
vt 0.158333 0.759230
vt 0.166667 0.759230
vt 0.175000 0.759230
vt 0.183333 0.759230
vt 0.191667 0.759230
vt 0.200000 0.759230
vt 0.208333 0.759230
vt 0.216667 0.759230
vt 0.225000 0.759230
vt 0.233333 0.759230
vt 0.241667 0.759230
vt 0.250000 0.759230
vt 0.258333 0.759230
vt 0.266667 0.759230
vt 0.275000 0.759230
vt 0.283333 0.759230
vt 0.291667 0.759230
vt 0.300000 0.759230
vt 0.308333 0.759230
vt 0.316667 0.759230
vt 0.325000 0.759230
vt 0.333333 0.759230
vt 0.341667 0.759230
vt 0.350000 0.759230
vt 0.358333 0.759230
vt 0.366667 0.759230
vt 0.375000 0.759230
vt 0.383333 0.759230
vt 0.391667 0.759230
vt 0.400000 0.759230
vt 0.408333 0.759230
vt 0.416667 0.759230
vt 0.425000 0.759230
vt 0.433333 0.759230
vt 0.441667 0.759230
vt 0.450000 0.759230
vt 0.458333 0.759230
vt 0.466667 0.759230
vt 0.475000 0.759230
vt 0.483333 0.759230
vt 0.491667 0.759230
vt 0.500000 0.759230
vt 0.508333 0.759230
vt 0.516667 0.759230
vt 0.525000 0.759230
vt 0.533333 0.759230
vt 0.541667 0.759230
vt 0.550000 0.759230
vt 0.558333 0.759230
vt 0.566667 0.759230
vt 0.575000 0.759230
vt 0.583333 0.759230
vt 0.591667 0.759230
vt 0.600000 0.759230
vt 0.608333 0.759230
vt 0.616667 0.759230
vt 0.625000 0.759230
vt 0.633333 0.759230
vt 0.641667 0.759230
vt 0.650000 0.759230
vt 0.658333 0.759230
vt 0.666667 0.759230
vt 0.675000 0.759230
vt 0.683333 0.759230
vt 0.691667 0.759230
vt 0.700000 0.759230
vt 0.708333 0.759230
vt 0.716667 0.759230
vt 0.725000 0.759230
vt 0.733333 0.759230
vt 0.741667 0.759230
vt 0.750000 0.759230
vt 0.758333 0.759230
vt 0.766667 0.759230
vt 0.775000 0.759230
vt 0.783333 0.759230
vt 0.791667 0.759230
vt 0.800000 0.759230
vt 0.808333 0.759230
vt 0.816667 0.759230
vt 0.825000 0.759230
vt 0.833333 0.759230
vt 0.841667 0.759230
vt 0.850000 0.759230
vt 0.858333 0.759230
vt 0.866667 0.759230
vt 0.875000 0.759230
vt 0.883333 0.759230
vt 0.891667 0.759230
vt 0.900000 0.759230
vt 0.908333 0.759230
vt 0.916667 0.759230
vt 0.925000 0.759230
vt 0.933333 0.759230
vt 0.941667 0.759230
vt 0.950000 0.759230
vt 0.958333 0.759230
vt 0.966667 0.759230
vt 0.975000 0.759230
vt 0.983333 0.759230
vt 0.991667 0.759230
vt 1.000000 0.759230
vt 0.008333 0.762676
vt 0.000000 0.762676
vt 0.016667 0.762676
vt 0.025000 0.762676
vt 0.033333 0.762676
vt 0.041667 0.762676
vt 0.050000 0.762676
vt 0.058333 0.762676
vt 0.066667 0.762676
vt 0.075000 0.762676
vt 0.083333 0.762676
vt 0.091667 0.762676
vt 0.100000 0.762676
vt 0.108333 0.762676
vt 0.116667 0.762676
vt 0.125000 0.762676
vt 0.133333 0.762676
vt 0.141667 0.762676
vt 0.150000 0.762676
vt 0.158333 0.762676
vt 0.166667 0.762676
vt 0.175000 0.762676
vt 0.183333 0.762676
vt 0.191667 0.762676
vt 0.200000 0.762676
vt 0.208333 0.762676
vt 0.216667 0.762676
vt 0.225000 0.762676
vt 0.233333 0.762676
vt 0.241667 0.762676
vt 0.250000 0.762676
vt 0.258333 0.762676
vt 0.266667 0.762676
vt 0.275000 0.762676
vt 0.283333 0.762676
vt 0.291667 0.762676
vt 0.300000 0.762676
vt 0.308333 0.762676
vt 0.316667 0.762676
vt 0.325000 0.762676
vt 0.333333 0.762676
vt 0.341667 0.762676
vt 0.350000 0.762676
vt 0.358333 0.762676
vt 0.366667 0.762676
vt 0.375000 0.762676
vt 0.383333 0.762676
vt 0.391667 0.762676
vt 0.400000 0.762676
vt 0.408333 0.762676
vt 0.416667 0.762676
vt 0.425000 0.762676
vt 0.433333 0.762676
vt 0.441667 0.762676
vt 0.450000 0.762676
vt 0.458333 0.762676
vt 0.466667 0.762676
vt 0.475000 0.762676
vt 0.483333 0.762676
vt 0.491667 0.762676
vt 0.500000 0.762676
vt 0.508333 0.762676
vt 0.516667 0.762676
vt 0.525000 0.762676
vt 0.533333 0.762676
vt 0.541667 0.762676
vt 0.550000 0.762676
vt 0.558333 0.762676
vt 0.566667 0.762676
vt 0.575000 0.762676
vt 0.583333 0.762676
vt 0.591667 0.762676
vt 0.600000 0.762676
vt 0.608333 0.762676
vt 0.616667 0.762676
vt 0.625000 0.762676
vt 0.633333 0.762676
vt 0.641667 0.762676
vt 0.650000 0.762676
vt 0.658333 0.762676
vt 0.666667 0.762676
vt 0.675000 0.762676
vt 0.683333 0.762676
vt 0.691667 0.762676
vt 0.700000 0.762676
vt 0.708333 0.762676
vt 0.716667 0.762676
vt 0.725000 0.762676
vt 0.733333 0.762676
vt 0.741667 0.762676
vt 0.750000 0.762676
vt 0.758333 0.762676
vt 0.766667 0.762676
vt 0.775000 0.762676
vt 0.783333 0.762676
vt 0.791667 0.762676
vt 0.800000 0.762676
vt 0.808333 0.762676
vt 0.816667 0.762676
vt 0.825000 0.762676
vt 0.833333 0.762676
vt 0.841667 0.762676
vt 0.850000 0.762676
vt 0.858333 0.762676
vt 0.866667 0.762676
vt 0.875000 0.762676
vt 0.883333 0.762676
vt 0.891667 0.762676
vt 0.900000 0.762676
vt 0.908333 0.762676
vt 0.916667 0.762676
vt 0.925000 0.762676
vt 0.933333 0.762676
vt 0.941667 0.762676
vt 0.950000 0.762676
vt 0.958333 0.762676
vt 0.966667 0.762676
vt 0.975000 0.762676
vt 0.983333 0.762676
vt 0.991667 0.762676
vt 1.000000 0.762676
vt 0.008333 0.766122
vt 0.000000 0.766122
vt 0.016667 0.766122
vt 0.025000 0.766122
vt 0.033333 0.766122
vt 0.041667 0.766122
vt 0.050000 0.766122
vt 0.058333 0.766122
vt 0.066667 0.766122
vt 0.075000 0.766122
vt 0.083333 0.766122
vt 0.091667 0.766122
vt 0.100000 0.766122
vt 0.108333 0.766122
vt 0.116667 0.766122
vt 0.125000 0.766122
vt 0.133333 0.766122
vt 0.141667 0.766122
vt 0.150000 0.766122
vt 0.158333 0.766122
vt 0.166667 0.766122
vt 0.175000 0.766122
vt 0.183333 0.766122
vt 0.191667 0.766122
vt 0.200000 0.766122
vt 0.208333 0.766122
vt 0.216667 0.766122
vt 0.225000 0.766122
vt 0.233333 0.766122
vt 0.241667 0.766122
vt 0.250000 0.766122
vt 0.258333 0.766122
vt 0.266667 0.766122
vt 0.275000 0.766122
vt 0.283333 0.766122
vt 0.291667 0.766122
vt 0.300000 0.766122
vt 0.308333 0.766122
vt 0.316667 0.766122
vt 0.325000 0.766122
vt 0.333333 0.766122
vt 0.341667 0.766122
vt 0.350000 0.766122
vt 0.358333 0.766122
vt 0.366667 0.766122
vt 0.375000 0.766122
vt 0.383333 0.766122
vt 0.391667 0.766122
vt 0.400000 0.766122
vt 0.408333 0.766122
vt 0.416667 0.766122
vt 0.425000 0.766122
vt 0.433333 0.766122
vt 0.441667 0.766122
vt 0.450000 0.766122
vt 0.458333 0.766122
vt 0.466667 0.766122
vt 0.475000 0.766122
vt 0.483333 0.766122
vt 0.491667 0.766122
vt 0.500000 0.766122
vt 0.508333 0.766122
vt 0.516667 0.766122
vt 0.525000 0.766122
vt 0.533333 0.766122
vt 0.541667 0.766122
vt 0.550000 0.766122
vt 0.558333 0.766122
vt 0.566667 0.766122
vt 0.575000 0.766122
vt 0.583333 0.766122
vt 0.591667 0.766122
vt 0.600000 0.766122
vt 0.608333 0.766122
vt 0.616667 0.766122
vt 0.625000 0.766122
vt 0.633333 0.766122
vt 0.641667 0.766122
vt 0.650000 0.766122
vt 0.658333 0.766122
vt 0.666667 0.766122
vt 0.675000 0.766122
vt 0.683333 0.766122
vt 0.691667 0.766122
vt 0.700000 0.766122
vt 0.708333 0.766122
vt 0.716667 0.766122
vt 0.725000 0.766122
vt 0.733333 0.766122
vt 0.741667 0.766122
vt 0.750000 0.766122
vt 0.758333 0.766122
vt 0.766667 0.766122
vt 0.775000 0.766122
vt 0.783333 0.766122
vt 0.791667 0.766122
vt 0.800000 0.766122
vt 0.808333 0.766122
vt 0.816667 0.766122
vt 0.825000 0.766122
vt 0.833333 0.766122
vt 0.841667 0.766122
vt 0.850000 0.766122
vt 0.858333 0.766122
vt 0.866667 0.766122
vt 0.875000 0.766122
vt 0.883333 0.766122
vt 0.891667 0.766122
vt 0.900000 0.766122
vt 0.908333 0.766122
vt 0.916667 0.766122
vt 0.925000 0.766122
vt 0.933333 0.766122
vt 0.941667 0.766122
vt 0.950000 0.766122
vt 0.958333 0.766122
vt 0.966667 0.766122
vt 0.975000 0.766122
vt 0.983333 0.766122
vt 0.991667 0.766122
vt 1.000000 0.766122
vt 0.008333 0.769569
vt 0.000000 0.769569
vt 0.016667 0.769569
vt 0.025000 0.769569
vt 0.033333 0.769569
vt 0.041667 0.769569
vt 0.050000 0.769569
vt 0.058333 0.769569
vt 0.066667 0.769569
vt 0.075000 0.769569
vt 0.083333 0.769569
vt 0.091667 0.769569
vt 0.100000 0.769569
vt 0.108333 0.769569
vt 0.116667 0.769569
vt 0.125000 0.769569
vt 0.133333 0.769569
vt 0.141667 0.769569
vt 0.150000 0.769569
vt 0.158333 0.769569
vt 0.166667 0.769569
vt 0.175000 0.769569
vt 0.183333 0.769569
vt 0.191667 0.769569
vt 0.200000 0.769569
vt 0.208333 0.769569
vt 0.216667 0.769569
vt 0.225000 0.769569
vt 0.233333 0.769569
vt 0.241667 0.769569
vt 0.250000 0.769569
vt 0.258333 0.769569
vt 0.266667 0.769569
vt 0.275000 0.769569
vt 0.283333 0.769569
vt 0.291667 0.769569
vt 0.300000 0.769569
vt 0.308333 0.769569
vt 0.316667 0.769569
vt 0.325000 0.769569
vt 0.333333 0.769569
vt 0.341667 0.769569
vt 0.350000 0.769569
vt 0.358333 0.769569
vt 0.366667 0.769569
vt 0.375000 0.769569
vt 0.383333 0.769569
vt 0.391667 0.769569
vt 0.400000 0.769569
vt 0.408333 0.769569
vt 0.416667 0.769569
vt 0.425000 0.769569
vt 0.433333 0.769569
vt 0.441667 0.769569
vt 0.450000 0.769569
vt 0.458333 0.769569
vt 0.466667 0.769569
vt 0.475000 0.769569
vt 0.483333 0.769569
vt 0.491667 0.769569
vt 0.500000 0.769569
vt 0.508333 0.769569
vt 0.516667 0.769569
vt 0.525000 0.769569
vt 0.533333 0.769569
vt 0.541667 0.769569
vt 0.550000 0.769569
vt 0.558333 0.769569
vt 0.566667 0.769569
vt 0.575000 0.769569
vt 0.583333 0.769569
vt 0.591667 0.769569
vt 0.600000 0.769569
vt 0.608333 0.769569
vt 0.616667 0.769569
vt 0.625000 0.769569
vt 0.633333 0.769569
vt 0.641667 0.769569
vt 0.650000 0.769569
vt 0.658333 0.769569
vt 0.666667 0.769569
vt 0.675000 0.769569
vt 0.683333 0.769569
vt 0.691667 0.769569
vt 0.700000 0.769569
vt 0.708333 0.769569
vt 0.716667 0.769569
vt 0.725000 0.769569
vt 0.733333 0.769569
vt 0.741667 0.769569
vt 0.750000 0.769569
vt 0.758333 0.769569
vt 0.766667 0.769569
vt 0.775000 0.769569
vt 0.783333 0.769569
vt 0.791667 0.769569
vt 0.800000 0.769569
vt 0.808333 0.769569
vt 0.816667 0.769569
vt 0.825000 0.769569
vt 0.833333 0.769569
vt 0.841667 0.769569
vt 0.850000 0.769569
vt 0.858333 0.769569
vt 0.866667 0.769569
vt 0.875000 0.769569
vt 0.883333 0.769569
vt 0.891667 0.769569
vt 0.900000 0.769569
vt 0.908333 0.769569
vt 0.916667 0.769569
vt 0.925000 0.769569
vt 0.933333 0.769569
vt 0.941667 0.769569
vt 0.950000 0.769569
vt 0.958333 0.769569
vt 0.966667 0.769569
vt 0.975000 0.769569
vt 0.983333 0.769569
vt 0.991667 0.769569
vt 1.000000 0.769569
vt 0.008333 0.773015
vt 0.000000 0.773015
vt 0.016667 0.773015
vt 0.025000 0.773015
vt 0.033333 0.773015
vt 0.041667 0.773015
vt 0.050000 0.773015
vt 0.058333 0.773015
vt 0.066667 0.773015
vt 0.075000 0.773015
vt 0.083333 0.773015
vt 0.091667 0.773015
vt 0.100000 0.773015
vt 0.108333 0.773015
vt 0.116667 0.773015
vt 0.125000 0.773015
vt 0.133333 0.773015
vt 0.141667 0.773015
vt 0.150000 0.773015
vt 0.158333 0.773015
vt 0.166667 0.773015
vt 0.175000 0.773015
vt 0.183333 0.773015
vt 0.191667 0.773015
vt 0.200000 0.773015
vt 0.208333 0.773015
vt 0.216667 0.773015
vt 0.225000 0.773015
vt 0.233333 0.773015
vt 0.241667 0.773015
vt 0.250000 0.773015
vt 0.258333 0.773015
vt 0.266667 0.773015
vt 0.275000 0.773015
vt 0.283333 0.773015
vt 0.291667 0.773015
vt 0.300000 0.773015
vt 0.308333 0.773015
vt 0.316667 0.773015
vt 0.325000 0.773015
vt 0.333333 0.773015
vt 0.341667 0.773015
vt 0.350000 0.773015
vt 0.358333 0.773015
vt 0.366667 0.773015
vt 0.375000 0.773015
vt 0.383333 0.773015
vt 0.391667 0.773015
vt 0.400000 0.773015
vt 0.408333 0.773015
vt 0.416667 0.773015
vt 0.425000 0.773015
vt 0.433333 0.773015
vt 0.441667 0.773015
vt 0.450000 0.773015
vt 0.458333 0.773015
vt 0.466667 0.773015
vt 0.475000 0.773015
vt 0.483333 0.773015
vt 0.491667 0.773015
vt 0.500000 0.773015
vt 0.508333 0.773015
vt 0.516667 0.773015
vt 0.525000 0.773015
vt 0.533333 0.773015
vt 0.541667 0.773015
vt 0.550000 0.773015
vt 0.558333 0.773015
vt 0.566667 0.773015
vt 0.575000 0.773015
vt 0.583333 0.773015
vt 0.591667 0.773015
vt 0.600000 0.773015
vt 0.608333 0.773015
vt 0.616667 0.773015
vt 0.625000 0.773015
vt 0.633333 0.773015
vt 0.641667 0.773015
vt 0.650000 0.773015
vt 0.658333 0.773015
vt 0.666667 0.773015
vt 0.675000 0.773015
vt 0.683333 0.773015
vt 0.691667 0.773015
vt 0.700000 0.773015
vt 0.708333 0.773015
vt 0.716667 0.773015
vt 0.725000 0.773015
vt 0.733333 0.773015
vt 0.741667 0.773015
vt 0.750000 0.773015
vt 0.758333 0.773015
vt 0.766667 0.773015
vt 0.775000 0.773015
vt 0.783333 0.773015
vt 0.791667 0.773015
vt 0.800000 0.773015
vt 0.808333 0.773015
vt 0.816667 0.773015
vt 0.825000 0.773015
vt 0.833333 0.773015
vt 0.841667 0.773015
vt 0.850000 0.773015
vt 0.858333 0.773015
vt 0.866667 0.773015
vt 0.875000 0.773015
vt 0.883333 0.773015
vt 0.891667 0.773015
vt 0.900000 0.773015
vt 0.908333 0.773015
vt 0.916667 0.773015
vt 0.925000 0.773015
vt 0.933333 0.773015
vt 0.941667 0.773015
vt 0.950000 0.773015
vt 0.958333 0.773015
vt 0.966667 0.773015
vt 0.975000 0.773015
vt 0.983333 0.773015
vt 0.991667 0.773015
vt 1.000000 0.773015
vt 0.008333 0.883415
vt 0.000000 0.883415
vt 0.016667 0.883415
vt 0.025000 0.883415
vt 0.033333 0.883415
vt 0.041667 0.883415
vt 0.050000 0.883415
vt 0.058333 0.883415
vt 0.066667 0.883415
vt 0.075000 0.883415
vt 0.083333 0.883415
vt 0.091667 0.883415
vt 0.100000 0.883415
vt 0.108333 0.883415
vt 0.116667 0.883415
vt 0.125000 0.883415
vt 0.133333 0.883415
vt 0.141667 0.883415
vt 0.150000 0.883415
vt 0.158333 0.883415
vt 0.166667 0.883415
vt 0.175000 0.883415
vt 0.183333 0.883415
vt 0.191667 0.883415
vt 0.200000 0.883415
vt 0.208333 0.883415
vt 0.216667 0.883415
vt 0.225000 0.883415
vt 0.233333 0.883415
vt 0.241667 0.883415
vt 0.250000 0.883415
vt 0.258333 0.883415
vt 0.266667 0.883415
vt 0.275000 0.883415
vt 0.283333 0.883415
vt 0.291667 0.883415
vt 0.300000 0.883415
vt 0.308333 0.883415
vt 0.316667 0.883415
vt 0.325000 0.883415
vt 0.333333 0.883415
vt 0.341667 0.883415
vt 0.350000 0.883415
vt 0.358333 0.883415
vt 0.366667 0.883415
vt 0.375000 0.883415
vt 0.383333 0.883415
vt 0.391667 0.883415
vt 0.400000 0.883415
vt 0.408333 0.883415
vt 0.416667 0.883415
vt 0.425000 0.883415
vt 0.433333 0.883415
vt 0.441667 0.883415
vt 0.450000 0.883415
vt 0.458333 0.883415
vt 0.466667 0.883415
vt 0.475000 0.883415
vt 0.483333 0.883415
vt 0.491667 0.883415
vt 0.500000 0.883415
vt 0.508333 0.883415
vt 0.516667 0.883415
vt 0.525000 0.883415
vt 0.533333 0.883415
vt 0.541667 0.883415
vt 0.550000 0.883415
vt 0.558333 0.883415
vt 0.566667 0.883415
vt 0.575000 0.883415
vt 0.583333 0.883415
vt 0.591667 0.883415
vt 0.600000 0.883415
vt 0.608333 0.883415
vt 0.616667 0.883415
vt 0.625000 0.883415
vt 0.633333 0.883415
vt 0.641667 0.883415
vt 0.650000 0.883415
vt 0.658333 0.883415
vt 0.666667 0.883415
vt 0.675000 0.883415
vt 0.683333 0.883415
vt 0.691667 0.883415
vt 0.700000 0.883415
vt 0.708333 0.883415
vt 0.716667 0.883415
vt 0.725000 0.883415
vt 0.733333 0.883415
vt 0.741667 0.883415
vt 0.750000 0.883415
vt 0.758333 0.883415
vt 0.766667 0.883415
vt 0.775000 0.883415
vt 0.783333 0.883415
vt 0.791667 0.883415
vt 0.800000 0.883415
vt 0.808333 0.883415
vt 0.816667 0.883415
vt 0.825000 0.883415
vt 0.833333 0.883415
vt 0.841667 0.883415
vt 0.850000 0.883415
vt 0.858333 0.883415
vt 0.866667 0.883415
vt 0.875000 0.883415
vt 0.883333 0.883415
vt 0.891667 0.883415
vt 0.900000 0.883415
vt 0.908333 0.883415
vt 0.916667 0.883415
vt 0.925000 0.883415
vt 0.933333 0.883415
vt 0.941667 0.883415
vt 0.950000 0.883415
vt 0.958333 0.883415
vt 0.966667 0.883415
vt 0.975000 0.883415
vt 0.983333 0.883415
vt 0.991667 0.883415
vt 1.000000 0.883415
vt 0.008333 0.886717
vt 0.000000 0.886717
vt 0.016667 0.886717
vt 0.025000 0.886717
vt 0.033333 0.886717
vt 0.041667 0.886717
vt 0.050000 0.886717
vt 0.058333 0.886717
vt 0.066667 0.886717
vt 0.075000 0.886717
vt 0.083333 0.886717
vt 0.091667 0.886717
vt 0.100000 0.886717
vt 0.108333 0.886717
vt 0.116667 0.886717
vt 0.125000 0.886717
vt 0.133333 0.886717
vt 0.141667 0.886717
vt 0.150000 0.886717
vt 0.158333 0.886717
vt 0.166667 0.886717
vt 0.175000 0.886717
vt 0.183333 0.886717
vt 0.191667 0.886717
vt 0.200000 0.886717
vt 0.208333 0.886717
vt 0.216667 0.886717
vt 0.225000 0.886717
vt 0.233333 0.886717
vt 0.241667 0.886717
vt 0.250000 0.886717
vt 0.258333 0.886717
vt 0.266667 0.886717
vt 0.275000 0.886717
vt 0.283333 0.886717
vt 0.291667 0.886717
vt 0.300000 0.886717
vt 0.308333 0.886717
vt 0.316667 0.886717
vt 0.325000 0.886717
vt 0.333333 0.886717
vt 0.341667 0.886717
vt 0.350000 0.886717
vt 0.358333 0.886717
vt 0.366667 0.886717
vt 0.375000 0.886717
vt 0.383333 0.886717
vt 0.391667 0.886717
vt 0.400000 0.886717
vt 0.408333 0.886717
vt 0.416667 0.886717
vt 0.425000 0.886717
vt 0.433333 0.886717
vt 0.441667 0.886717
vt 0.450000 0.886717
vt 0.458333 0.886717
vt 0.466667 0.886717
vt 0.475000 0.886717
vt 0.483333 0.886717
vt 0.491667 0.886717
vt 0.500000 0.886717
vt 0.508333 0.886717
vt 0.516667 0.886717
vt 0.525000 0.886717
vt 0.533333 0.886717
vt 0.541667 0.886717
vt 0.550000 0.886717
vt 0.558333 0.886717
vt 0.566667 0.886717
vt 0.575000 0.886717
vt 0.583333 0.886717
vt 0.591667 0.886717
vt 0.600000 0.886717
vt 0.608333 0.886717
vt 0.616667 0.886717
vt 0.625000 0.886717
vt 0.633333 0.886717
vt 0.641667 0.886717
vt 0.650000 0.886717
vt 0.658333 0.886717
vt 0.666667 0.886717
vt 0.675000 0.886717
vt 0.683333 0.886717
vt 0.691667 0.886717
vt 0.700000 0.886717
vt 0.708333 0.886717
vt 0.716667 0.886717
vt 0.725000 0.886717
vt 0.733333 0.886717
vt 0.741667 0.886717
vt 0.750000 0.886717
vt 0.758333 0.886717
vt 0.766667 0.886717
vt 0.775000 0.886717
vt 0.783333 0.886717
vt 0.791667 0.886717
vt 0.800000 0.886717
vt 0.808333 0.886717
vt 0.816667 0.886717
vt 0.825000 0.886717
vt 0.833333 0.886717
vt 0.841667 0.886717
vt 0.850000 0.886717
vt 0.858333 0.886717
vt 0.866667 0.886717
vt 0.875000 0.886717
vt 0.883333 0.886717
vt 0.891667 0.886717
vt 0.900000 0.886717
vt 0.908333 0.886717
vt 0.916667 0.886717
vt 0.925000 0.886717
vt 0.933333 0.886717
vt 0.941667 0.886717
vt 0.950000 0.886717
vt 0.958333 0.886717
vt 0.966667 0.886717
vt 0.975000 0.886717
vt 0.983333 0.886717
vt 0.991667 0.886717
vt 1.000000 0.886717
vt 0.008333 0.890255
vt 0.000000 0.890255
vt 0.016667 0.890255
vt 0.025000 0.890255
vt 0.033333 0.890255
vt 0.041667 0.890255
vt 0.050000 0.890255
vt 0.058333 0.890255
vt 0.066667 0.890255
vt 0.075000 0.890255
vt 0.083333 0.890255
vt 0.091667 0.890255
vt 0.100000 0.890255
vt 0.108333 0.890255
vt 0.116667 0.890255
vt 0.125000 0.890255
vt 0.133333 0.890255
vt 0.141667 0.890255
vt 0.150000 0.890255
vt 0.158333 0.890255
vt 0.166667 0.890255
vt 0.175000 0.890255
vt 0.183333 0.890255
vt 0.191667 0.890255
vt 0.200000 0.890255
vt 0.208333 0.890255
vt 0.216667 0.890255
vt 0.225000 0.890255
vt 0.233333 0.890255
vt 0.241667 0.890255
vt 0.250000 0.890255
vt 0.258333 0.890255
vt 0.266667 0.890255
vt 0.275000 0.890255
vt 0.283333 0.890255
vt 0.291667 0.890255
vt 0.300000 0.890255
vt 0.308333 0.890255
vt 0.316667 0.890255
vt 0.325000 0.890255
vt 0.333333 0.890255
vt 0.341667 0.890255
vt 0.350000 0.890255
vt 0.358333 0.890255
vt 0.366667 0.890255
vt 0.375000 0.890255
vt 0.383333 0.890255
vt 0.391667 0.890255
vt 0.400000 0.890255
vt 0.408333 0.890255
vt 0.416667 0.890255
vt 0.425000 0.890255
vt 0.433333 0.890255
vt 0.441667 0.890255
vt 0.450000 0.890255
vt 0.458333 0.890255
vt 0.466667 0.890255
vt 0.475000 0.890255
vt 0.483333 0.890255
vt 0.491667 0.890255
vt 0.500000 0.890255
vt 0.508333 0.890255
vt 0.516667 0.890255
vt 0.525000 0.890255
vt 0.533333 0.890255
vt 0.541667 0.890255
vt 0.550000 0.890255
vt 0.558333 0.890255
vt 0.566667 0.890255
vt 0.575000 0.890255
vt 0.583333 0.890255
vt 0.591667 0.890255
vt 0.600000 0.890255
vt 0.608333 0.890255
vt 0.616667 0.890255
vt 0.625000 0.890255
vt 0.633333 0.890255
vt 0.641667 0.890255
vt 0.650000 0.890255
vt 0.658333 0.890255
vt 0.666667 0.890255
vt 0.675000 0.890255
vt 0.683333 0.890255
vt 0.691667 0.890255
vt 0.700000 0.890255
vt 0.708333 0.890255
vt 0.716667 0.890255
vt 0.725000 0.890255
vt 0.733333 0.890255
vt 0.741667 0.890255
vt 0.750000 0.890255
vt 0.758333 0.890255
vt 0.766667 0.890255
vt 0.775000 0.890255
vt 0.783333 0.890255
vt 0.791667 0.890255
vt 0.800000 0.890255
vt 0.808333 0.890255
vt 0.816667 0.890255
vt 0.825000 0.890255
vt 0.833333 0.890255
vt 0.841667 0.890255
vt 0.850000 0.890255
vt 0.858333 0.890255
vt 0.866667 0.890255
vt 0.875000 0.890255
vt 0.883333 0.890255
vt 0.891667 0.890255
vt 0.900000 0.890255
vt 0.908333 0.890255
vt 0.916667 0.890255
vt 0.925000 0.890255
vt 0.933333 0.890255
vt 0.941667 0.890255
vt 0.950000 0.890255
vt 0.958333 0.890255
vt 0.966667 0.890255
vt 0.975000 0.890255
vt 0.983333 0.890255
vt 0.991667 0.890255
vt 1.000000 0.890255
vt 0.008333 0.894814
vt 0.000000 0.894814
vt 0.016667 0.894814
vt 0.025000 0.894814
vt 0.033333 0.894814
vt 0.041667 0.894814
vt 0.050000 0.894814
vt 0.058333 0.894814
vt 0.066667 0.894814
vt 0.075000 0.894814
vt 0.083333 0.894814
vt 0.091667 0.894814
vt 0.100000 0.894814
vt 0.108333 0.894814
vt 0.116667 0.894814
vt 0.125000 0.894814
vt 0.133333 0.894814
vt 0.141667 0.894814
vt 0.150000 0.894814
vt 0.158333 0.894814
vt 0.166667 0.894814
vt 0.175000 0.894814
vt 0.183333 0.894814
vt 0.191667 0.894814
vt 0.200000 0.894814
vt 0.208333 0.894814
vt 0.216667 0.894814
vt 0.225000 0.894814
vt 0.233333 0.894814
vt 0.241667 0.894814
vt 0.250000 0.894814
vt 0.258333 0.894814
vt 0.266667 0.894814
vt 0.275000 0.894814
vt 0.283333 0.894814
vt 0.291667 0.894814
vt 0.300000 0.894814
vt 0.308333 0.894814
vt 0.316667 0.894814
vt 0.325000 0.894814
vt 0.333333 0.894814
vt 0.341667 0.894814
vt 0.350000 0.894814
vt 0.358333 0.894814
vt 0.366667 0.894814
vt 0.375000 0.894814
vt 0.383333 0.894814
vt 0.391667 0.894814
vt 0.400000 0.894814
vt 0.408333 0.894814
vt 0.416667 0.894814
vt 0.425000 0.894814
vt 0.433333 0.894814
vt 0.441667 0.894814
vt 0.450000 0.894814
vt 0.458333 0.894814
vt 0.466667 0.894814
vt 0.475000 0.894814
vt 0.483333 0.894814
vt 0.491667 0.894814
vt 0.500000 0.894814
vt 0.508333 0.894814
vt 0.516667 0.894814
vt 0.525000 0.894814
vt 0.533333 0.894814
vt 0.541667 0.894814
vt 0.550000 0.894814
vt 0.558333 0.894814
vt 0.566667 0.894814
vt 0.575000 0.894814
vt 0.583333 0.894814
vt 0.591667 0.894814
vt 0.600000 0.894814
vt 0.608333 0.894814
vt 0.616667 0.894814
vt 0.625000 0.894814
vt 0.633333 0.894814
vt 0.641667 0.894814
vt 0.650000 0.894814
vt 0.658333 0.894814
vt 0.666667 0.894814
vt 0.675000 0.894814
vt 0.683333 0.894814
vt 0.691667 0.894814
vt 0.700000 0.894814
vt 0.708333 0.894814
vt 0.716667 0.894814
vt 0.725000 0.894814
vt 0.733333 0.894814
vt 0.741667 0.894814
vt 0.750000 0.894814
vt 0.758333 0.894814
vt 0.766667 0.894814
vt 0.775000 0.894814
vt 0.783333 0.894814
vt 0.791667 0.894814
vt 0.800000 0.894814
vt 0.808333 0.894814
vt 0.816667 0.894814
vt 0.825000 0.894814
vt 0.833333 0.894814
vt 0.841667 0.894814
vt 0.850000 0.894814
vt 0.858333 0.894814
vt 0.866667 0.894814
vt 0.875000 0.894814
vt 0.883333 0.894814
vt 0.891667 0.894814
vt 0.900000 0.894814
vt 0.908333 0.894814
vt 0.916667 0.894814
vt 0.925000 0.894814
vt 0.933333 0.894814
vt 0.941667 0.894814
vt 0.950000 0.894814
vt 0.958333 0.894814
vt 0.966667 0.894814
vt 0.975000 0.894814
vt 0.983333 0.894814
vt 0.991667 0.894814
vt 1.000000 0.894814
vt 0.004167 1.064264
vt 0.012500 1.064264
vt 0.020833 1.064264
vt 0.029167 1.064264
vt 0.037500 1.064264
vt 0.045833 1.064264
vt 0.054167 1.064264
vt 0.062500 1.064264
vt 0.070833 1.064264
vt 0.079167 1.064264
vt 0.087500 1.064264
vt 0.095833 1.064264
vt 0.104167 1.064264
vt 0.112500 1.064264
vt 0.120833 1.064264
vt 0.129167 1.064264
vt 0.137500 1.064264
vt 0.145833 1.064264
vt 0.154167 1.064264
vt 0.162500 1.064264
vt 0.170833 1.064264
vt 0.179167 1.064264
vt 0.187500 1.064264
vt 0.195833 1.064264
vt 0.204167 1.064264
vt 0.212500 1.064264
vt 0.220833 1.064264
vt 0.229167 1.064264
vt 0.237500 1.064264
vt 0.245833 1.064264
vt 0.254167 1.064264
vt 0.262500 1.064264
vt 0.270833 1.064264
vt 0.279167 1.064264
vt 0.287500 1.064264
vt 0.295833 1.064264
vt 0.304167 1.064264
vt 0.312500 1.064264
vt 0.320833 1.064264
vt 0.329167 1.064264
vt 0.337500 1.064264
vt 0.345833 1.064264
vt 0.354167 1.064264
vt 0.362500 1.064264
vt 0.370833 1.064264
vt 0.379167 1.064264
vt 0.387500 1.064264
vt 0.395833 1.064264
vt 0.404167 1.064264
vt 0.412500 1.064264
vt 0.420833 1.064264
vt 0.429167 1.064264
vt 0.437500 1.064264
vt 0.445833 1.064264
vt 0.454167 1.064264
vt 0.462500 1.064264
vt 0.470833 1.064264
vt 0.479167 1.064264
vt 0.487500 1.064264
vt 0.495833 1.064264
vt 0.504167 1.064264
vt 0.512500 1.064264
vt 0.520833 1.064264
vt 0.529167 1.064264
vt 0.537500 1.064264
vt 0.545833 1.064264
vt 0.554167 1.064264
vt 0.562500 1.064264
vt 0.570833 1.064264
vt 0.579167 1.064264
vt 0.587500 1.064264
vt 0.595833 1.064264
vt 0.604167 1.064264
vt 0.612500 1.064264
vt 0.620833 1.064264
vt 0.629167 1.064264
vt 0.637500 1.064264
vt 0.645833 1.064264
vt 0.654167 1.064264
vt 0.662500 1.064264
vt 0.670833 1.064264
vt 0.679167 1.064264
vt 0.687500 1.064264
vt 0.695833 1.064264
vt 0.704167 1.064264
vt 0.712500 1.064264
vt 0.720833 1.064264
vt 0.729167 1.064264
vt 0.737500 1.064264
vt 0.745833 1.064264
vt 0.754167 1.064264
vt 0.762500 1.064264
vt 0.770833 1.064264
vt 0.779167 1.064264
vt 0.787500 1.064264
vt 0.795833 1.064264
vt 0.804167 1.064264
vt 0.812500 1.064264
vt 0.820833 1.064264
vt 0.829167 1.064264
vt 0.837500 1.064264
vt 0.845833 1.064264
vt 0.854167 1.064264
vt 0.862500 1.064264
vt 0.870833 1.064264
vt 0.879167 1.064264
vt 0.887500 1.064264
vt 0.895833 1.064264
vt 0.904167 1.064264
vt 0.912500 1.064264
vt 0.920833 1.064264
vt 0.929167 1.064264
vt 0.937500 1.064264
vt 0.945833 1.064264
vt 0.954167 1.064264
vt 0.962500 1.064264
vt 0.970833 1.064264
vt 0.979167 1.064264
vt 0.987500 1.064264
vt 0.995833 1.064264
vt 0.875000 0.025257
vt 1.000000 0.025257
vt 0.937500 0.033676
vt 0.008333 0.000000
vt 0.016667 0.000000
vt 0.016667 0.008245
vt 0.008333 0.008245
vt 0.025000 0.000000
vt 0.025000 0.008245
vt 0.033333 0.000000
vt 0.033333 0.008245
vt 0.041667 0.000000
vt 0.041667 0.008245
vt 0.050000 0.000000
vt 0.050000 0.008245
vt 0.058333 0.000000
vt 0.058333 0.008245
vt 0.066667 0.000000
vt 0.066667 0.008245
vt 0.075000 0.000000
vt 0.075000 0.008245
vt 0.083333 0.000000
vt 0.083333 0.008245
vt 0.091667 0.000000
vt 0.091667 0.008245
vt 0.100000 0.000000
vt 0.100000 0.008245
vt 0.108333 0.000000
vt 0.108333 0.008245
vt 0.116667 0.000000
vt 0.116667 0.008245
vt 0.125000 0.000000
vt 0.125000 0.008245
vt 0.133333 0.000000
vt 0.133333 0.008245
vt 0.141667 0.000000
vt 0.141667 0.008245
vt 0.150000 0.000000
vt 0.150000 0.008245
vt 0.158333 0.000000
vt 0.158333 0.008245
vt 0.166667 0.000000
vt 0.166667 0.008245
vt 0.175000 0.000000
vt 0.175000 0.008245
vt 0.183333 0.000000
vt 0.183333 0.008245
vt 0.191667 0.000000
vt 0.191667 0.008245
vt 0.200000 0.000000
vt 0.200000 0.008245
vt 0.208333 0.000000
vt 0.208333 0.008245
vt 0.216667 0.000000
vt 0.216667 0.008245
vt 0.225000 0.000000
vt 0.225000 0.008245
vt 0.233333 0.000000
vt 0.233333 0.008245
vt 0.241667 0.000000
vt 0.241667 0.008245
vt 0.250000 0.000000
vt 0.250000 0.008245
vt 0.258333 0.000000
vt 0.258333 0.008245
vt 0.266667 0.000000
vt 0.266667 0.008245
vt 0.275000 0.000000
vt 0.275000 0.008245
vt 0.283333 0.000000
vt 0.283333 0.008245
vt 0.291667 0.000000
vt 0.291667 0.008245
vt 0.300000 0.000000
vt 0.300000 0.008245
vt 0.308333 0.000000
vt 0.308333 0.008245
vt 0.316667 0.000000
vt 0.316667 0.008245
vt 0.325000 0.000000
vt 0.325000 0.008245
vt 0.333333 0.000000
vt 0.333333 0.008245
vt 0.341667 0.000000
vt 0.341667 0.008245
vt 0.350000 0.000000
vt 0.350000 0.008245
vt 0.358333 0.000000
vt 0.358333 0.008245
vt 0.366667 0.000000
vt 0.366667 0.008245
vt 0.375000 0.000000
vt 0.375000 0.008245
vt 0.383333 0.000000
vt 0.383333 0.008245
vt 0.391667 0.000000
vt 0.391667 0.008245
vt 0.400000 0.000000
vt 0.400000 0.008245
vt 0.408333 0.000000
vt 0.408333 0.008245
vt 0.416667 0.000000
vt 0.416667 0.008245
vt 0.425000 0.000000
vt 0.425000 0.008245
vt 0.433333 0.000000
vt 0.433333 0.008245
vt 0.441667 0.000000
vt 0.441667 0.008245
vt 0.450000 0.000000
vt 0.450000 0.008245
vt 0.458333 0.000000
vt 0.458333 0.008245
vt 0.466667 0.000000
vt 0.466667 0.008245
vt 0.475000 0.000000
vt 0.475000 0.008245
vt 0.483333 0.000000
vt 0.483333 0.008245
vt 0.491667 0.000000
vt 0.491667 0.008245
vt 0.500000 0.000000
vt 0.500000 0.008245
vt 0.508333 0.000000
vt 0.508333 0.008245
vt 0.516667 0.000000
vt 0.516667 0.008245
vt 0.525000 0.000000
vt 0.525000 0.008245
vt 0.533333 0.000000
vt 0.533333 0.008245
vt 0.541667 0.000000
vt 0.541667 0.008245
vt 0.550000 0.000000
vt 0.550000 0.008245
vt 0.558333 0.000000
vt 0.558333 0.008245
vt 0.566667 0.000000
vt 0.566667 0.008245
vt 0.575000 0.000000
vt 0.575000 0.008245
vt 0.583333 0.000000
vt 0.583333 0.008245
vt 0.591667 0.000000
vt 0.591667 0.008245
vt 0.600000 0.000000
vt 0.600000 0.008245
vt 0.608333 0.000000
vt 0.608333 0.008245
vt 0.616667 0.000000
vt 0.616667 0.008245
vt 0.625000 0.000000
vt 0.625000 0.008245
vt 0.633333 0.000000
vt 0.633333 0.008245
vt 0.641667 0.000000
vt 0.641667 0.008245
vt 0.650000 0.000000
vt 0.650000 0.008245
vt 0.658333 0.000000
vt 0.658333 0.008245
vt 0.666667 0.000000
vt 0.666667 0.008245
vt 0.675000 0.000000
vt 0.675000 0.008245
vt 0.683333 0.000000
vt 0.683333 0.008245
vt 0.691667 0.000000
vt 0.691667 0.008245
vt 0.700000 0.000000
vt 0.700000 0.008245
vt 0.708333 0.000000
vt 0.708333 0.008245
vt 0.716667 0.000000
vt 0.716667 0.008245
vt 0.725000 0.000000
vt 0.725000 0.008245
vt 0.733333 0.000000
vt 0.733333 0.008245
vt 0.741667 0.000000
vt 0.741667 0.008245
vt 0.750000 0.000000
vt 0.750000 0.008245
vt 0.758333 0.000000
vt 0.758333 0.008245
vt 0.766667 0.000000
vt 0.766667 0.008245
vt 0.775000 0.000000
vt 0.775000 0.008245
vt 0.783333 0.000000
vt 0.783333 0.008245
vt 0.791667 0.000000
vt 0.791667 0.008245
vt 0.800000 0.000000
vt 0.800000 0.008245
vt 0.808333 0.000000
vt 0.808333 0.008245
vt 0.816667 0.000000
vt 0.816667 0.008245
vt 0.825000 0.000000
vt 0.825000 0.008245
vt 0.833333 0.000000
vt 0.833333 0.008245
vt 0.841667 0.000000
vt 0.841667 0.008245
vt 0.850000 0.000000
vt 0.850000 0.008245
vt 0.858333 0.000000
vt 0.858333 0.008245
vt 0.866667 0.000000
vt 0.866667 0.008245
vt 0.875000 0.000000
vt 0.875000 0.008245
vt 0.883333 0.000000
vt 0.883333 0.008245
vt 0.891667 0.000000
vt 0.891667 0.008245
vt 0.900000 0.000000
vt 0.900000 0.008245
vt 0.908333 0.000000
vt 0.908333 0.008245
vt 0.916667 0.000000
vt 0.916667 0.008245
vt 0.925000 0.000000
vt 0.925000 0.008245
vt 0.933333 0.000000
vt 0.933333 0.008245
vt 0.941667 0.000000
vt 0.941667 0.008245
vt 0.950000 0.000000
vt 0.950000 0.008245
vt 0.958333 0.000000
vt 0.958333 0.008245
vt 0.966667 0.000000
vt 0.966667 0.008245
vt 0.975000 0.000000
vt 0.975000 0.008245
vt 0.983333 0.000000
vt 0.983333 0.008245
vt 0.991667 0.000000
vt 0.991667 0.008245
vt 1.000000 0.000000
vt 1.000000 0.008245
vt 0.000000 0.008245
vt 0.008333 0.017245
vt 0.000000 0.017245
vt 0.016667 0.017245
vt 0.025000 0.017245
vt 0.033333 0.017245
vt 0.041667 0.017245
vt 0.050000 0.017245
vt 0.058333 0.017245
vt 0.066667 0.017245
vt 0.075000 0.017245
vt 0.083333 0.017245
vt 0.091667 0.017245
vt 0.100000 0.017245
vt 0.108333 0.017245
vt 0.116667 0.017245
vt 0.125000 0.017245
vt 0.133333 0.017245
vt 0.141667 0.017245
vt 0.150000 0.017245
vt 0.158333 0.017245
vt 0.166667 0.017245
vt 0.175000 0.017245
vt 0.183333 0.017245
vt 0.191667 0.017245
vt 0.200000 0.017245
vt 0.208333 0.017245
vt 0.216667 0.017245
vt 0.225000 0.017245
vt 0.233333 0.017245
vt 0.241667 0.017245
vt 0.250000 0.017245
vt 0.258333 0.017245
vt 0.266667 0.017245
vt 0.275000 0.017245
vt 0.283333 0.017245
vt 0.291667 0.017245
vt 0.300000 0.017245
vt 0.308333 0.017245
vt 0.316667 0.017245
vt 0.325000 0.017245
vt 0.333333 0.017245
vt 0.341667 0.017245
vt 0.350000 0.017245
vt 0.358333 0.017245
vt 0.366667 0.017245
vt 0.375000 0.017245
vt 0.383333 0.017245
vt 0.391667 0.017245
vt 0.400000 0.017245
vt 0.408333 0.017245
vt 0.416667 0.017245
vt 0.425000 0.017245
vt 0.433333 0.017245
vt 0.441667 0.017245
vt 0.450000 0.017245
vt 0.458333 0.017245
vt 0.466667 0.017245
vt 0.475000 0.017245
vt 0.483333 0.017245
vt 0.491667 0.017245
vt 0.500000 0.017245
vt 0.508333 0.017245
vt 0.516667 0.017245
vt 0.525000 0.017245
vt 0.533333 0.017245
vt 0.541667 0.017245
vt 0.550000 0.017245
vt 0.558333 0.017245
vt 0.566667 0.017245
vt 0.575000 0.017245
vt 0.583333 0.017245
vt 0.591667 0.017245
vt 0.600000 0.017245
vt 0.608333 0.017245
vt 0.616667 0.017245
vt 0.625000 0.017245
vt 0.633333 0.017245
vt 0.641667 0.017245
vt 0.650000 0.017245
vt 0.658333 0.017245
vt 0.666667 0.017245
vt 0.675000 0.017245
vt 0.683333 0.017245
vt 0.691667 0.017245
vt 0.700000 0.017245
vt 0.708333 0.017245
vt 0.716667 0.017245
vt 0.725000 0.017245
vt 0.733333 0.017245
vt 0.741667 0.017245
vt 0.750000 0.017245
vt 0.758333 0.017245
vt 0.766667 0.017245
vt 0.775000 0.017245
vt 0.783333 0.017245
vt 0.791667 0.017245
vt 0.800000 0.017245
vt 0.808333 0.017245
vt 0.816667 0.017245
vt 0.825000 0.017245
vt 0.833333 0.017245
vt 0.841667 0.017245
vt 0.850000 0.017245
vt 0.858333 0.017245
vt 0.866667 0.017245
vt 0.875000 0.017245
vt 0.883333 0.017245
vt 0.891667 0.017245
vt 0.900000 0.017245
vt 0.908333 0.017245
vt 0.916667 0.017245
vt 0.925000 0.017245
vt 0.933333 0.017245
vt 0.941667 0.017245
vt 0.950000 0.017245
vt 0.958333 0.017245
vt 0.966667 0.017245
vt 0.975000 0.017245
vt 0.983333 0.017245
vt 0.991667 0.017245
vt 1.000000 0.017245
vt 0.008333 0.025490
vt 0.000000 0.025490
vt 0.016667 0.025490
vt 0.025000 0.025490
vt 0.033333 0.025490
vt 0.041667 0.025490
vt 0.050000 0.025490
vt 0.058333 0.025490
vt 0.066667 0.025490
vt 0.075000 0.025490
vt 0.083333 0.025490
vt 0.091667 0.025490
vt 0.100000 0.025490
vt 0.108333 0.025490
vt 0.116667 0.025490
vt 0.125000 0.025490
vt 0.133333 0.025490
vt 0.141667 0.025490
vt 0.150000 0.025490
vt 0.158333 0.025490
vt 0.166667 0.025490
vt 0.175000 0.025490
vt 0.183333 0.025490
vt 0.191667 0.025490
vt 0.200000 0.025490
vt 0.208333 0.025490
vt 0.216667 0.025490
vt 0.225000 0.025490
vt 0.233333 0.025490
vt 0.241667 0.025490
vt 0.250000 0.025490
vt 0.258333 0.025490
vt 0.266667 0.025490
vt 0.275000 0.025490
vt 0.283333 0.025490
vt 0.291667 0.025490
vt 0.300000 0.025490
vt 0.308333 0.025490
vt 0.316667 0.025490
vt 0.325000 0.025490
vt 0.333333 0.025490
vt 0.341667 0.025490
vt 0.350000 0.025490
vt 0.358333 0.025490
vt 0.366667 0.025490
vt 0.375000 0.025490
vt 0.383333 0.025490
vt 0.391667 0.025490
vt 0.400000 0.025490
vt 0.408333 0.025490
vt 0.416667 0.025490
vt 0.425000 0.025490
vt 0.433333 0.025490
vt 0.441667 0.025490
vt 0.450000 0.025490
vt 0.458333 0.025490
vt 0.466667 0.025490
vt 0.475000 0.025490
vt 0.483333 0.025490
vt 0.491667 0.025490
vt 0.500000 0.025490
vt 0.508333 0.025490
vt 0.516667 0.025490
vt 0.525000 0.025490
vt 0.533333 0.025490
vt 0.541667 0.025490
vt 0.550000 0.025490
vt 0.558333 0.025490
vt 0.566667 0.025490
vt 0.575000 0.025490
vt 0.583333 0.025490
vt 0.591667 0.025490
vt 0.600000 0.025490
vt 0.608333 0.025490
vt 0.616667 0.025490
vt 0.625000 0.025490
vt 0.633333 0.025490
vt 0.641667 0.025490
vt 0.650000 0.025490
vt 0.658333 0.025490
vt 0.666667 0.025490
vt 0.675000 0.025490
vt 0.683333 0.025490
vt 0.691667 0.025490
vt 0.700000 0.025490
vt 0.708333 0.025490
vt 0.716667 0.025490
vt 0.725000 0.025490
vt 0.733333 0.025490
vt 0.741667 0.025490
vt 0.750000 0.025490
vt 0.758333 0.025490
vt 0.766667 0.025490
vt 0.775000 0.025490
vt 0.783333 0.025490
vt 0.791667 0.025490
vt 0.800000 0.025490
vt 0.808333 0.025490
vt 0.816667 0.025490
vt 0.825000 0.025490
vt 0.833333 0.025490
vt 0.841667 0.025490
vt 0.850000 0.025490
vt 0.858333 0.025490
vt 0.866667 0.025490
vt 0.875000 0.025490
vt 0.883333 0.025490
vt 0.891667 0.025490
vt 0.900000 0.025490
vt 0.908333 0.025490
vt 0.916667 0.025490
vt 0.925000 0.025490
vt 0.933333 0.025490
vt 0.941667 0.025490
vt 0.950000 0.025490
vt 0.958333 0.025490
vt 0.966667 0.025490
vt 0.975000 0.025490
vt 0.983333 0.025490
vt 0.991667 0.025490
vt 1.000000 0.025490
vt 0.008333 0.034490
vt 0.000000 0.034490
vt 0.016667 0.034490
vt 0.025000 0.034490
vt 0.033333 0.034490
vt 0.041667 0.034490
vt 0.050000 0.034490
vt 0.058333 0.034490
vt 0.066667 0.034490
vt 0.075000 0.034490
vt 0.083333 0.034490
vt 0.091667 0.034490
vt 0.100000 0.034490
vt 0.108333 0.034490
vt 0.116667 0.034490
vt 0.125000 0.034490
vt 0.133333 0.034490
vt 0.141667 0.034490
vt 0.150000 0.034490
vt 0.158333 0.034490
vt 0.166667 0.034490
vt 0.175000 0.034490
vt 0.183333 0.034490
vt 0.191667 0.034490
vt 0.200000 0.034490
vt 0.208333 0.034490
vt 0.216667 0.034490
vt 0.225000 0.034490
vt 0.233333 0.034490
vt 0.241667 0.034490
vt 0.250000 0.034490
vt 0.258333 0.034490
vt 0.266667 0.034490
vt 0.275000 0.034490
vt 0.283333 0.034490
vt 0.291667 0.034490
vt 0.300000 0.034490
vt 0.308333 0.034490
vt 0.316667 0.034490
vt 0.325000 0.034490
vt 0.333333 0.034490
vt 0.341667 0.034490
vt 0.350000 0.034490
vt 0.358333 0.034490
vt 0.366667 0.034490
vt 0.375000 0.034490
vt 0.383333 0.034490
vt 0.391667 0.034490
vt 0.400000 0.034490
vt 0.408333 0.034490
vt 0.416667 0.034490
vt 0.425000 0.034490
vt 0.433333 0.034490
vt 0.441667 0.034490
vt 0.450000 0.034490
vt 0.458333 0.034490
vt 0.466667 0.034490
vt 0.475000 0.034490
vt 0.483333 0.034490
vt 0.491667 0.034490
vt 0.500000 0.034490
vt 0.508333 0.034490
vt 0.516667 0.034490
vt 0.525000 0.034490
vt 0.533333 0.034490
vt 0.541667 0.034490
vt 0.550000 0.034490
vt 0.558333 0.034490
vt 0.566667 0.034490
vt 0.575000 0.034490
vt 0.583333 0.034490
vt 0.591667 0.034490
vt 0.600000 0.034490
vt 0.608333 0.034490
vt 0.616667 0.034490
vt 0.625000 0.034490
vt 0.633333 0.034490
vt 0.641667 0.034490
vt 0.650000 0.034490
vt 0.658333 0.034490
vt 0.666667 0.034490
vt 0.675000 0.034490
vt 0.683333 0.034490
vt 0.691667 0.034490
vt 0.700000 0.034490
vt 0.708333 0.034490
vt 0.716667 0.034490
vt 0.725000 0.034490
vt 0.733333 0.034490
vt 0.741667 0.034490
vt 0.750000 0.034490
vt 0.758333 0.034490
vt 0.766667 0.034490
vt 0.775000 0.034490
vt 0.783333 0.034490
vt 0.791667 0.034490
vt 0.800000 0.034490
vt 0.808333 0.034490
vt 0.816667 0.034490
vt 0.825000 0.034490
vt 0.833333 0.034490
vt 0.841667 0.034490
vt 0.850000 0.034490
vt 0.858333 0.034490
vt 0.866667 0.034490
vt 0.875000 0.034490
vt 0.883333 0.034490
vt 0.891667 0.034490
vt 0.900000 0.034490
vt 0.908333 0.034490
vt 0.916667 0.034490
vt 0.925000 0.034490
vt 0.933333 0.034490
vt 0.941667 0.034490
vt 0.950000 0.034490
vt 0.958333 0.034490
vt 0.966667 0.034490
vt 0.975000 0.034490
vt 0.983333 0.034490
vt 0.991667 0.034490
vt 1.000000 0.034490
vt 0.363036 -0.089500
vt 0.362303 -0.091268
vt 0.637697 -0.091268
vt 0.636964 -0.089500
vt 0.649268 -0.079697
vt 0.647500 -0.078964
vt 0.649268 -0.040222
vt 0.647500 -0.040757
vt 0.645297 -0.034265
vt 0.643599 -0.034906
vt 0.631626 0.067290
vt 0.630723 0.060748
vt 0.600126 -0.005555
vt 0.600429 -0.009307
vt 0.567944 0.044730
vt 0.567808 0.041663
vt 0.533785 0.000524
vt 0.533266 -0.003038
vt 0.500000 0.087968
vt 0.500000 0.083063
vt 0.466215 0.000524
vt 0.466734 -0.003038
vt 0.432056 0.044730
vt 0.432192 0.041663
vt 0.399874 -0.005555
vt 0.399571 -0.009307
vt 0.368374 0.067290
vt 0.369277 0.060748
vt 0.354703 -0.034265
vt 0.356401 -0.034906
vt 0.350732 -0.040222
vt 0.352500 -0.040757
vt 0.350732 -0.079697
vt 0.352500 -0.078964
vt 0.362000 -0.092000
vt 0.638000 -0.092000
vt 0.650000 -0.080000
vt 0.650000 -0.040000
vt 0.646000 -0.034000
vt 0.632000 0.070000
vt 0.600000 -0.004000
vt 0.568000 0.046000
vt 0.534000 0.002000
vt 0.500000 0.090000
vt 0.466000 0.002000
vt 0.432000 0.046000
vt 0.400000 -0.004000
vt 0.368000 0.070000
vt 0.354000 -0.034000
vt 0.350000 -0.040000
vt 0.350000 -0.080000
vt 0.062500 0.000000
vt 0.125000 0.009950
vt 0.000000 0.009950
vt 0.187500 0.000000
vt 0.250000 0.009950
vt 0.312500 0.000000
vt 0.375000 0.009950
vt 0.437500 0.000000
vt 0.500000 0.009950
vt 0.562500 0.000000
vt 0.625000 0.009950
vt 0.687500 0.000000
vt 0.750000 0.009950
vt 0.812500 0.000000
vt 0.875000 0.009950
vt 0.937500 0.000000
vt 1.000000 0.009950
vt 0.125000 0.019900
vt 0.000000 0.019900
vt 0.250000 0.019900
vt 0.375000 0.019900
vt 0.500000 0.019900
vt 0.625000 0.019900
vt 0.750000 0.019900
vt 0.875000 0.019900
vt 1.000000 0.019900
vt 0.125000 0.029849
vt 0.000000 0.029849
vt 0.250000 0.029849
vt 0.375000 0.029849
vt 0.500000 0.029849
vt 0.625000 0.029849
vt 0.750000 0.029849
vt 0.875000 0.029849
vt 1.000000 0.029849
vt 0.062500 0.039799
vt 0.187500 0.039799
vt 0.312500 0.039799
vt 0.437500 0.039799
vt 0.562500 0.039799
vt 0.687500 0.039799
vt 0.812500 0.039799
vt 0.937500 0.039799
vt 0.125000 0.008419
vt 0.000000 0.008419
vt 0.250000 0.008419
vt 0.375000 0.008419
vt 0.500000 0.008419
vt 0.625000 0.008419
vt 0.750000 0.008419
vt 0.875000 0.008419
vt 1.000000 0.008419
vt 0.125000 0.016838
vt 0.000000 0.016838
vt 0.250000 0.016838
vt 0.375000 0.016838
vt 0.500000 0.016838
vt 0.625000 0.016838
vt 0.750000 0.016838
vt 0.875000 0.016838
vt 1.000000 0.016838
vt 0.125000 0.025257
vt 0.000000 0.025257
vt 0.250000 0.025257
vt 0.375000 0.025257
vt 0.500000 0.025257
vt 0.625000 0.025257
vt 0.750000 0.025257
vt 0.062500 0.033676
vt 0.187500 0.033676
vt 0.312500 0.033676
vt 0.437500 0.033676
vt 0.562500 0.033676
vt 0.687500 0.033676
vt 0.812500 0.033676
vt 0.000000 0.000000
s 1
usemtl body
f 881/1/1 882/2/2 1015/3/3
f 1/4/4 4/5/4 3/6/4
f 1/7/4 5/8/4 4/5/4
f 1/9/4 6/10/4 5/8/4
f 1/11/4 7/12/4 6/10/4
f 1/13/4 8/14/4 7/12/4
f 1/15/4 9/16/4 8/14/4
f 1/17/4 10/18/4 9/16/4
f 1/19/4 11/20/4 10/18/4
f 1/21/4 12/22/4 11/20/4
f 1/23/4 13/24/4 12/22/4
f 1/25/4 14/26/4 13/24/4
f 1/27/4 15/28/4 14/26/4
f 1/29/4 16/30/4 15/28/4
f 1/31/4 17/32/4 16/30/4
f 1/33/4 18/34/4 17/32/4
f 1/35/4 19/36/4 18/34/4
f 1/37/4 20/38/4 19/36/4
f 1/39/4 21/40/4 20/38/4
f 1/41/4 22/42/4 21/40/4
f 1/43/4 23/44/4 22/42/4
f 1/45/4 24/46/4 23/44/4
f 1/47/4 25/48/4 24/46/4
f 1/49/4 26/50/4 25/48/4
f 1/51/4 27/52/4 26/50/4
f 1/53/4 28/54/4 27/52/4
f 1/55/4 29/56/4 28/54/4
f 1/57/4 30/58/4 29/56/4
f 1/59/4 31/60/4 30/58/4
f 1/61/4 32/62/4 31/60/4
f 1/63/4 33/64/4 32/62/4
f 1/65/4 34/66/4 33/64/4
f 1/67/4 35/68/4 34/66/4
f 1/69/4 36/70/4 35/68/4
f 1/71/4 37/72/4 36/70/4
f 1/73/4 38/74/4 37/72/4
f 1/75/4 39/76/4 38/74/4
f 1/77/4 40/78/4 39/76/4
f 1/79/4 41/80/4 40/78/4
f 1/81/4 42/82/4 41/80/4
f 1/83/4 43/84/4 42/82/4
f 1/85/4 44/86/4 43/84/4
f 1/87/4 45/88/4 44/86/4
f 1/89/4 46/90/4 45/88/4
f 1/91/4 47/92/4 46/90/4
f 1/93/4 48/94/4 47/92/4
f 1/95/4 49/96/4 48/94/4
f 1/97/4 50/98/4 49/96/4
f 1/99/4 51/100/4 50/98/4
f 1/101/4 52/102/4 51/100/4
f 1/103/4 53/104/4 52/102/4
f 1/105/4 54/106/4 53/104/4
f 1/107/4 55/108/4 54/106/4
f 1/109/4 56/110/4 55/108/4
f 1/111/4 57/112/4 56/110/4
f 1/113/4 58/114/4 57/112/4
f 1/115/4 59/116/4 58/114/4
f 1/117/4 60/118/4 59/116/4
f 1/119/4 61/120/4 60/118/4
f 1/121/4 62/122/4 61/120/4
f 1/123/4 63/124/4 62/122/4
f 1/125/4 64/126/4 63/124/4
f 1/127/4 65/128/4 64/126/4
f 1/129/4 66/130/4 65/128/4
f 1/131/4 67/132/4 66/130/4
f 1/133/4 68/134/4 67/132/4
f 1/135/4 69/136/4 68/134/4
f 1/137/4 70/138/4 69/136/4
f 1/139/4 71/140/4 70/138/4
f 1/141/4 72/142/4 71/140/4
f 1/143/4 73/144/4 72/142/4
f 1/145/4 74/146/4 73/144/4
f 1/147/4 75/148/4 74/146/4
f 1/149/4 76/150/4 75/148/4
f 1/151/4 77/152/4 76/150/4
f 1/153/4 78/154/4 77/152/4
f 1/155/4 79/156/4 78/154/4
f 1/157/4 80/158/4 79/156/4
f 1/159/4 81/160/4 80/158/4
f 1/161/4 2/162/4 81/160/4
f 2/163/5 3/6/6 83/164/7 82/165/8
f 3/6/6 4/5/9 84/166/10 83/164/7
f 4/5/9 5/8/11 85/167/12 84/166/10
f 5/8/11 6/10/13 86/168/14 85/167/12
f 6/10/13 7/12/15 87/169/16 86/168/14
f 7/12/15 8/14/17 88/170/18 87/169/16
f 8/14/17 9/16/19 89/171/20 88/170/18
f 9/16/19 10/18/21 90/172/22 89/171/20
f 10/18/21 11/20/23 91/173/24 90/172/22
f 11/20/23 12/22/25 92/174/26 91/173/24
f 12/22/25 13/24/27 93/175/28 92/174/26
f 13/24/27 14/26/29 94/176/30 93/175/28
f 14/26/29 15/28/31 95/177/32 94/176/30
f 15/28/31 16/30/33 96/178/34 95/177/32
f 16/30/33 17/32/35 97/179/36 96/178/34
f 17/32/35 18/34/37 98/180/38 97/179/36
f 18/34/37 19/36/39 99/181/40 98/180/38
f 19/36/39 20/38/41 100/182/42 99/181/40
f 20/38/41 21/40/43 101/183/44 100/182/42
f 21/40/43 22/42/45 102/184/46 101/183/44
f 22/42/45 23/44/47 103/185/48 102/184/46
f 23/44/47 24/46/49 104/186/50 103/185/48
f 24/46/49 25/48/51 105/187/52 104/186/50
f 25/48/51 26/50/53 106/188/54 105/187/52
f 26/50/53 27/52/55 107/189/56 106/188/54
f 27/52/55 28/54/57 108/190/58 107/189/56
f 28/54/57 29/56/59 109/191/60 108/190/58
f 29/56/59 30/58/61 110/192/62 109/191/60
f 30/58/61 31/60/63 111/193/64 110/192/62
f 31/60/63 32/62/65 112/194/66 111/193/64
f 32/62/65 33/64/67 113/195/68 112/194/66
f 33/64/67 34/66/69 114/196/70 113/195/68
f 34/66/69 35/68/71 115/197/72 114/196/70
f 35/68/71 36/70/73 116/198/74 115/197/72
f 36/70/73 37/72/75 117/199/76 116/198/74
f 37/72/75 38/74/77 118/200/78 117/199/76
f 38/74/77 39/76/79 119/201/80 118/200/78
f 39/76/79 40/78/81 120/202/82 119/201/80
f 40/78/81 41/80/83 121/203/84 120/202/82
f 41/80/83 42/82/85 122/204/86 121/203/84
f 42/82/85 43/84/87 123/205/88 122/204/86
f 43/84/87 44/86/89 124/206/90 123/205/88
f 44/86/89 45/88/91 125/207/92 124/206/90
f 45/88/91 46/90/93 126/208/94 125/207/92
f 46/90/93 47/92/95 127/209/96 126/208/94
f 47/92/95 48/94/97 128/210/98 127/209/96
f 48/94/97 49/96/99 129/211/100 128/210/98
f 49/96/99 50/98/101 130/212/102 129/211/100
f 50/98/101 51/100/103 131/213/104 130/212/102
f 51/100/103 52/102/105 132/214/106 131/213/104
f 52/102/105 53/104/107 133/215/108 132/214/106
f 53/104/107 54/106/109 134/216/110 133/215/108
f 54/106/109 55/108/111 135/217/112 134/216/110
f 55/108/111 56/110/113 136/218/114 135/217/112
f 56/110/113 57/112/115 137/219/116 136/218/114
f 57/112/115 58/114/117 138/220/118 137/219/116
f 58/114/117 59/116/119 139/221/120 138/220/118
f 59/116/119 60/118/121 140/222/122 139/221/120
f 60/118/121 61/120/123 141/223/124 140/222/122
f 61/120/123 62/122/125 142/224/126 141/223/124
f 62/122/125 63/124/127 143/225/128 142/224/126
f 63/124/127 64/126/129 144/226/130 143/225/128
f 64/126/129 65/128/131 145/227/132 144/226/130
f 65/128/131 66/130/133 146/228/134 145/227/132
f 66/130/133 67/132/135 147/229/136 146/228/134
f 67/132/135 68/134/137 148/230/138 147/229/136
f 68/134/137 69/136/139 149/231/140 148/230/138
f 69/136/139 70/138/141 150/232/142 149/231/140
f 70/138/141 71/140/143 151/233/144 150/232/142
f 71/140/143 72/142/145 152/234/146 151/233/144
f 72/142/145 73/144/147 153/235/148 152/234/146
f 73/144/147 74/146/149 154/236/150 153/235/148
f 74/146/149 75/148/151 155/237/152 154/236/150
f 75/148/151 76/150/153 156/238/154 155/237/152
f 76/150/153 77/152/155 157/239/156 156/238/154
f 77/152/155 78/154/157 158/240/158 157/239/156
f 78/154/157 79/156/159 159/241/160 158/240/158
f 79/156/159 80/158/161 160/242/162 159/241/160
f 80/158/161 81/160/163 161/243/164 160/242/162
f 81/160/163 2/162/5 82/244/8 161/243/164
f 82/165/8 83/164/7 163/245/165 162/246/166
f 83/164/7 84/166/10 164/247/167 163/245/165
f 84/166/10 85/167/12 165/248/168 164/247/167
f 85/167/12 86/168/14 166/249/169 165/248/168
f 86/168/14 87/169/16 167/250/170 166/249/169
f 87/169/16 88/170/18 168/251/171 167/250/170
f 88/170/18 89/171/20 169/252/172 168/251/171
f 89/171/20 90/172/22 170/253/173 169/252/172
f 90/172/22 91/173/24 171/254/174 170/253/173
f 91/173/24 92/174/26 172/255/175 171/254/174
f 92/174/26 93/175/28 173/256/176 172/255/175
f 93/175/28 94/176/30 174/257/177 173/256/176
f 94/176/30 95/177/32 175/258/178 174/257/177
f 95/177/32 96/178/34 176/259/179 175/258/178
f 96/178/34 97/179/36 177/260/180 176/259/179
f 97/179/36 98/180/38 178/261/181 177/260/180
f 98/180/38 99/181/40 179/262/182 178/261/181
f 99/181/40 100/182/42 180/263/183 179/262/182
f 100/182/42 101/183/44 181/264/184 180/263/183
f 101/183/44 102/184/46 182/265/185 181/264/184
f 102/184/46 103/185/48 183/266/186 182/265/185
f 103/185/48 104/186/50 184/267/187 183/266/186
f 104/186/50 105/187/52 185/268/188 184/267/187
f 105/187/52 106/188/54 186/269/189 185/268/188
f 106/188/54 107/189/56 187/270/190 186/269/189
f 107/189/56 108/190/58 188/271/191 187/270/190
f 108/190/58 109/191/60 189/272/192 188/271/191
f 109/191/60 110/192/62 190/273/193 189/272/192
f 110/192/62 111/193/64 191/274/194 190/273/193
f 111/193/64 112/194/66 192/275/195 191/274/194
f 112/194/66 113/195/68 193/276/196 192/275/195
f 113/195/68 114/196/70 194/277/197 193/276/196
f 114/196/70 115/197/72 195/278/198 194/277/197
f 115/197/72 116/198/74 196/279/199 195/278/198
f 116/198/74 117/199/76 197/280/200 196/279/199
f 117/199/76 118/200/78 198/281/201 197/280/200
f 118/200/78 119/201/80 199/282/202 198/281/201
f 119/201/80 120/202/82 200/283/203 199/282/202
f 120/202/82 121/203/84 201/284/204 200/283/203
f 121/203/84 122/204/86 202/285/205 201/284/204
f 122/204/86 123/205/88 203/286/206 202/285/205
f 123/205/88 124/206/90 204/287/207 203/286/206
f 124/206/90 125/207/92 205/288/208 204/287/207
f 125/207/92 126/208/94 206/289/209 205/288/208
f 126/208/94 127/209/96 207/290/210 206/289/209
f 127/209/96 128/210/98 208/291/211 207/290/210
f 128/210/98 129/211/100 209/292/212 208/291/211
f 129/211/100 130/212/102 210/293/213 209/292/212
f 130/212/102 131/213/104 211/294/214 210/293/213
f 131/213/104 132/214/106 212/295/215 211/294/214
f 132/214/106 133/215/108 213/296/216 212/295/215
f 133/215/108 134/216/110 214/297/217 213/296/216
f 134/216/110 135/217/112 215/298/218 214/297/217
f 135/217/112 136/218/114 216/299/219 215/298/218
f 136/218/114 137/219/116 217/300/220 216/299/219
f 137/219/116 138/220/118 218/301/221 217/300/220
f 138/220/118 139/221/120 219/302/222 218/301/221
f 139/221/120 140/222/122 220/303/223 219/302/222
f 140/222/122 141/223/124 221/304/224 220/303/223
f 141/223/124 142/224/126 222/305/225 221/304/224
f 142/224/126 143/225/128 223/306/226 222/305/225
f 143/225/128 144/226/130 224/307/227 223/306/226
f 144/226/130 145/227/132 225/308/228 224/307/227
f 145/227/132 146/228/134 226/309/229 225/308/228
f 146/228/134 147/229/136 227/310/230 226/309/229
f 147/229/136 148/230/138 228/311/231 227/310/230
f 148/230/138 149/231/140 229/312/232 228/311/231
f 149/231/140 150/232/142 230/313/233 229/312/232
f 150/232/142 151/233/144 231/314/234 230/313/233
f 151/233/144 152/234/146 232/315/235 231/314/234
f 152/234/146 153/235/148 233/316/236 232/315/235
f 153/235/148 154/236/150 234/317/237 233/316/236
f 154/236/150 155/237/152 235/318/238 234/317/237
f 155/237/152 156/238/154 236/319/239 235/318/238
f 156/238/154 157/239/156 237/320/240 236/319/239
f 157/239/156 158/240/158 238/321/241 237/320/240
f 158/240/158 159/241/160 239/322/242 238/321/241
f 159/241/160 160/242/162 240/323/243 239/322/242
f 160/242/162 161/243/164 241/324/244 240/323/243
f 161/243/164 82/244/8 162/325/166 241/324/244
f 162/246/166 243/326/245 242/327/246
f 162/246/166 163/245/165 243/326/245
f 163/245/247 244/328/248 243/326/245
f 163/245/165 245/329/249 244/328/250
f 163/245/165 246/330/251 245/329/249
f 163/245/165 164/247/167 246/330/251
f 164/247/167 247/331/252 246/330/251
f 164/247/167 248/332/253 247/331/252
f 164/247/167 249/333/254 248/332/255
f 164/247/167 165/248/168 249/333/254
f 165/248/168 250/334/256 249/333/254
f 165/248/168 251/335/257 250/334/256
f 165/248/168 252/336/258 251/335/257
f 165/248/168 166/249/259 252/336/258
f 166/249/169 253/337/260 252/336/261
f 166/249/169 254/338/262 253/337/260
f 166/249/169 255/339/263 254/338/262
f 166/249/169 167/250/170 255/339/263
f 167/250/264 256/340/265 255/339/263
f 167/250/170 257/341/266 256/340/267
f 167/250/170 258/342/268 257/341/266
f 167/250/170 168/251/171 258/342/268
f 168/251/171 259/343/269 258/342/268
f 168/251/171 260/344/270 259/343/269
f 168/251/171 261/345/271 260/344/272
f 168/251/171 169/252/172 261/345/271
f 169/252/172 262/346/273 261/345/271
f 169/252/172 263/347/274 262/346/273
f 169/252/172 264/348/275 263/347/274
f 169/252/172 170/253/276 264/348/275
f 170/253/173 265/349/277 264/348/278
f 170/253/173 266/350/279 265/349/277
f 170/253/173 267/351/280 266/350/279
f 170/253/173 171/254/174 267/351/280
f 171/254/281 268/352/282 267/351/280
f 171/254/174 269/353/283 268/352/284
f 171/254/174 270/354/285 269/353/283
f 171/254/174 172/255/175 270/354/285
f 172/255/175 271/355/286 270/354/285
f 172/255/175 272/356/287 271/355/286
f 172/255/175 273/357/288 272/356/289
f 172/255/175 173/256/176 273/357/288
f 173/256/176 274/358/290 273/357/288
f 173/256/176 275/359/291 274/358/290
f 173/256/176 276/360/292 275/359/291
f 173/256/176 174/257/293 276/360/292
f 174/257/177 277/361/294 276/360/295
f 174/257/177 278/362/296 277/361/294
f 174/257/177 279/363/297 278/362/296
f 174/257/177 175/258/178 279/363/297
f 175/258/298 280/364/299 279/363/297
f 175/258/178 281/365/300 280/364/301
f 175/258/178 282/366/302 281/365/300
f 175/258/178 176/259/179 282/366/302
f 176/259/179 283/367/303 282/366/302
f 176/259/179 284/368/304 283/367/303
f 176/259/179 285/369/305 284/368/306
f 176/259/179 177/260/180 285/369/305
f 177/260/180 286/370/307 285/369/305
f 177/260/180 287/371/308 286/370/307
f 177/260/180 288/372/309 287/371/308
f 177/260/180 178/261/310 288/372/309
f 178/261/181 289/373/311 288/372/312
f 178/261/181 290/374/313 289/373/311
f 178/261/181 291/375/314 290/374/313
f 178/261/181 179/262/182 291/375/314
f 179/262/315 292/376/316 291/375/314
f 179/262/182 293/377/317 292/376/318
f 179/262/182 294/378/319 293/377/317
f 179/262/182 180/263/183 294/378/319
f 180/263/183 295/379/320 294/378/319
f 180/263/183 296/380/321 295/379/320
f 180/263/183 297/381/322 296/380/323
f 180/263/183 181/264/184 297/381/322
f 181/264/184 298/382/324 297/381/322
f 181/264/184 299/383/325 298/382/324
f 181/264/184 300/384/326 299/383/325
f 181/264/184 182/265/327 300/384/326
f 182/265/185 301/385/328 300/384/329
f 182/265/185 302/386/330 301/385/328
f 182/265/185 303/387/331 302/386/330
f 182/265/185 183/266/186 303/387/331
f 183/266/332 304/388/333 303/387/331
f 183/266/186 305/389/334 304/388/335
f 183/266/186 306/390/336 305/389/334
f 183/266/186 184/267/187 306/390/336
f 184/267/187 307/391/337 306/390/336
f 184/267/187 308/392/338 307/391/337
f 184/267/187 309/393/339 308/392/340
f 184/267/187 185/268/188 309/393/339
f 185/268/188 310/394/341 309/393/339
f 185/268/188 311/395/342 310/394/341
f 185/268/188 312/396/343 311/395/342
f 185/268/188 186/269/344 312/396/343
f 186/269/189 313/397/345 312/396/346
f 186/269/189 314/398/347 313/397/345
f 186/269/189 315/399/348 314/398/347
f 186/269/189 187/270/190 315/399/348
f 187/270/349 316/400/350 315/399/348
f 187/270/190 317/401/351 316/400/352
f 187/270/190 318/402/353 317/401/351
f 187/270/190 188/271/191 318/402/353
f 188/271/191 319/403/354 318/402/353
f 188/271/191 320/404/355 319/403/354
f 188/271/191 321/405/356 320/404/357
f 188/271/191 189/272/192 321/405/356
f 189/272/192 322/406/358 321/405/356
f 189/272/192 323/407/359 322/406/358
f 189/272/192 324/408/360 323/407/359
f 189/272/192 190/273/361 324/408/360
f 190/273/193 325/409/362 324/408/363
f 190/273/193 326/410/364 325/409/362
f 190/273/193 327/411/365 326/410/364
f 190/273/193 191/274/194 327/411/365
f 191/274/366 328/412/367 327/411/365
f 191/274/194 329/413/368 328/412/369
f 191/274/194 330/414/370 329/413/368
f 191/274/194 192/275/195 330/414/370
f 192/275/195 331/415/371 330/414/370
f 192/275/195 332/416/372 331/415/371
f 192/275/195 333/417/373 332/416/374
f 192/275/195 193/276/196 333/417/373
f 193/276/196 334/418/375 333/417/373
f 193/276/196 335/419/376 334/418/375
f 193/276/196 336/420/377 335/419/376
f 193/276/196 194/277/378 336/420/377
f 194/277/197 337/421/379 336/420/380
f 194/277/197 338/422/381 337/421/379
f 194/277/197 339/423/382 338/422/381
f 194/277/197 195/278/198 339/423/382
f 195/278/383 340/424/384 339/423/382
f 195/278/198 341/425/385 340/424/386
f 195/278/198 342/426/387 341/425/385
f 195/278/198 196/279/199 342/426/387
f 196/279/199 343/427/388 342/426/387
f 196/279/199 344/428/389 343/427/388
f 196/279/199 345/429/390 344/428/391
f 196/279/199 197/280/200 345/429/390
f 197/280/200 346/430/392 345/429/390
f 197/280/200 347/431/393 346/430/392
f 197/280/200 348/432/394 347/431/393
f 197/280/200 198/281/395 348/432/394
f 198/281/201 349/433/396 348/432/397
f 198/281/201 350/434/398 349/433/396
f 198/281/201 351/435/399 350/434/398
f 198/281/201 199/282/202 351/435/399
f 199/282/400 352/436/401 351/435/399
f 199/282/202 353/437/402 352/436/403
f 199/282/202 354/438/404 353/437/402
f 199/282/202 200/283/203 354/438/404
f 200/283/203 355/439/405 354/438/404
f 200/283/203 356/440/406 355/439/405
f 200/283/203 357/441/407 356/440/408
f 200/283/203 201/284/204 357/441/407
f 201/284/204 358/442/409 357/441/407
f 201/284/204 359/443/410 358/442/409
f 201/284/204 360/444/411 359/443/410
f 201/284/204 202/285/412 360/444/411
f 202/285/205 361/445/413 360/444/414
f 202/285/205 362/446/415 361/445/413
f 202/285/205 363/447/416 362/446/415
f 202/285/205 203/286/206 363/447/416
f 203/286/417 364/448/418 363/447/416
f 203/286/206 365/449/419 364/448/420
f 203/286/206 366/450/421 365/449/419
f 203/286/206 204/287/207 366/450/421
f 204/287/207 367/451/422 366/450/421
f 204/287/207 368/452/423 367/451/422
f 204/287/207 369/453/424 368/452/425
f 204/287/207 205/288/208 369/453/424
f 205/288/208 370/454/426 369/453/424
f 205/288/208 371/455/427 370/454/426
f 205/288/208 372/456/428 371/455/427
f 205/288/208 206/289/429 372/456/428
f 206/289/209 373/457/430 372/456/431
f 206/289/209 374/458/432 373/457/430
f 206/289/209 375/459/433 374/458/432
f 206/289/209 207/290/210 375/459/433
f 207/290/434 376/460/435 375/459/433
f 207/290/210 377/461/436 376/460/437
f 207/290/210 378/462/438 377/461/436
f 207/290/210 208/291/211 378/462/438
f 208/291/211 379/463/439 378/462/438
f 208/291/211 380/464/440 379/463/439
f 208/291/211 381/465/441 380/464/442
f 208/291/211 209/292/212 381/465/441
f 209/292/212 382/466/443 381/465/441
f 209/292/212 383/467/444 382/466/443
f 209/292/212 384/468/445 383/467/444
f 209/292/212 210/293/446 384/468/445
f 210/293/213 385/469/447 384/468/448
f 210/293/213 386/470/449 385/469/447
f 210/293/213 387/471/450 386/470/449
f 210/293/213 211/294/214 387/471/450
f 211/294/451 388/472/452 387/471/450
f 211/294/214 389/473/453 388/472/454
f 211/294/214 390/474/455 389/473/453
f 211/294/214 212/295/215 390/474/455
f 212/295/215 391/475/456 390/474/455
f 212/295/215 392/476/457 391/475/456
f 212/295/215 393/477/458 392/476/459
f 212/295/215 213/296/216 393/477/458
f 213/296/216 394/478/460 393/477/458
f 213/296/216 395/479/461 394/478/460
f 213/296/216 396/480/462 395/479/461
f 213/296/216 214/297/463 396/480/462
f 214/297/217 397/481/464 396/480/465
f 214/297/217 398/482/466 397/481/464
f 214/297/217 399/483/467 398/482/466
f 214/297/217 215/298/218 399/483/467
f 215/298/468 400/484/469 399/483/467
f 215/298/218 401/485/470 400/484/471
f 215/298/218 402/486/472 401/485/470
f 215/298/218 216/299/219 402/486/472
f 216/299/219 403/487/473 402/486/472
f 216/299/219 404/488/474 403/487/473
f 216/299/219 405/489/475 404/488/476
f 216/299/219 217/300/220 405/489/475
f 217/300/220 406/490/477 405/489/475
f 217/300/220 407/491/478 406/490/477
f 217/300/220 408/492/479 407/491/478
f 217/300/220 218/301/480 408/492/479
f 218/301/221 409/493/481 408/492/482
f 218/301/221 410/494/483 409/493/481
f 218/301/221 411/495/484 410/494/483
f 218/301/221 219/302/222 411/495/484
f 219/302/485 412/496/486 411/495/484
f 219/302/222 413/497/487 412/496/488
f 219/302/222 414/498/489 413/497/487
f 219/302/222 220/303/223 414/498/489
f 220/303/223 415/499/490 414/498/489
f 220/303/223 416/500/491 415/499/490
f 220/303/223 417/501/492 416/500/493
f 220/303/223 221/304/224 417/501/492
f 221/304/224 418/502/494 417/501/492
f 221/304/224 419/503/495 418/502/494
f 221/304/224 420/504/496 419/503/495
f 221/304/224 222/305/497 420/504/496
f 222/305/225 421/505/498 420/504/499
f 222/305/225 422/506/500 421/505/498
f 222/305/225 423/507/501 422/506/500
f 222/305/225 223/306/226 423/507/501
f 223/306/502 424/508/503 423/507/501
f 223/306/226 425/509/504 424/508/505
f 223/306/226 426/510/506 425/509/504
f 223/306/226 224/307/227 426/510/506
f 224/307/227 427/511/507 426/510/506
f 224/307/227 428/512/508 427/511/507
f 224/307/227 429/513/509 428/512/510
f 224/307/227 225/308/228 429/513/509
f 225/308/228 430/514/511 429/513/509
f 225/308/228 431/515/512 430/514/511
f 225/308/228 432/516/513 431/515/512
f 225/308/228 226/309/514 432/516/513
f 226/309/229 433/517/515 432/516/516
f 226/309/229 434/518/517 433/517/515
f 226/309/229 435/519/518 434/518/517
f 226/309/229 227/310/230 435/519/518
f 227/310/519 436/520/520 435/519/518
f 227/310/230 437/521/521 436/520/522
f 227/310/230 438/522/523 437/521/521
f 227/310/230 228/311/231 438/522/523
f 228/311/231 439/523/524 438/522/523
f 228/311/231 440/524/525 439/523/524
f 228/311/231 441/525/526 440/524/527
f 228/311/231 229/312/232 441/525/526
f 229/312/232 442/526/528 441/525/526
f 229/312/232 443/527/529 442/526/528
f 229/312/232 444/528/530 443/527/529
f 229/312/232 230/313/531 444/528/530
f 230/313/233 445/529/532 444/528/533
f 230/313/233 446/530/534 445/529/532
f 230/313/233 447/531/535 446/530/534
f 230/313/233 231/314/234 447/531/535
f 231/314/536 448/532/537 447/531/535
f 231/314/234 449/533/538 448/532/539
f 231/314/234 450/534/540 449/533/538
f 231/314/234 232/315/235 450/534/540
f 232/315/235 451/535/541 450/534/540
f 232/315/235 452/536/542 451/535/541
f 232/315/235 453/537/543 452/536/544
f 232/315/235 233/316/236 453/537/543
f 233/316/236 454/538/545 453/537/543
f 233/316/236 455/539/546 454/538/545
f 233/316/236 456/540/547 455/539/546
f 233/316/236 234/317/548 456/540/547
f 234/317/237 457/541/549 456/540/550
f 234/317/237 458/542/551 457/541/549
f 234/317/237 459/543/552 458/542/551
f 234/317/237 235/318/238 459/543/552
f 235/318/553 460/544/554 459/543/552
f 235/318/238 461/545/555 460/544/556
f 235/318/238 462/546/557 461/545/555
f 235/318/238 236/319/239 462/546/557
f 236/319/239 463/547/558 462/546/557
f 236/319/239 464/548/559 463/547/558
f 236/319/239 465/549/560 464/548/561
f 236/319/239 237/320/240 465/549/560
f 237/320/240 466/550/562 465/549/560
f 237/320/240 467/551/563 466/550/562
f 237/320/240 468/552/564 467/551/563
f 237/320/240 238/321/565 468/552/564
f 238/321/241 469/553/566 468/552/567
f 238/321/241 470/554/568 469/553/566
f 238/321/241 471/555/569 470/554/568
f 238/321/241 239/322/242 471/555/569
f 239/322/570 472/556/571 471/555/569
f 239/322/242 473/557/572 472/556/573
f 239/322/242 474/558/574 473/557/572
f 239/322/242 240/323/243 474/558/574
f 240/323/243 475/559/575 474/558/574
f 240/323/243 476/560/576 475/559/575
f 240/323/243 477/561/577 476/560/578
f 240/323/243 241/324/244 477/561/577
f 241/324/244 478/562/579 477/561/577
f 241/324/244 479/563/580 478/562/579
f 241/324/244 480/564/581 479/563/580
f 241/324/244 162/325/582 480/564/581
f 162/325/166 481/565/583 480/564/584
f 162/325/166 242/566/246 481/565/583
f 242/327/246 243/326/245 483/567/585 482/568/586
f 243/326/245 244/328/248 484/569/587 483/567/585
f 244/328/250 245/329/249 485/570/588 484/569/587
f 245/329/249 246/330/251 486/571/589 485/570/588
f 246/330/251 247/331/252 487/572/590 486/571/589
f 247/331/252 248/332/253 488/573/591 487/572/590
f 248/332/255 249/333/254 489/574/592 488/573/591
f 249/333/254 250/334/256 490/575/593 489/574/592
f 250/334/256 251/335/257 491/576/594 490/575/593
f 251/335/257 252/336/258 492/577/595 491/576/594
f 252/336/261 253/337/260 493/578/596 492/577/595
f 253/337/260 254/338/262 494/579/597 493/578/596
f 254/338/262 255/339/263 495/580/598 494/579/597
f 255/339/263 256/340/265 496/581/599 495/580/598
f 256/340/267 257/341/266 497/582/600 496/581/599
f 257/341/266 258/342/268 498/583/601 497/582/600
f 258/342/268 259/343/269 499/584/602 498/583/601
f 259/343/269 260/344/270 500/585/603 499/584/602
f 260/344/272 261/345/271 501/586/604 500/585/603
f 261/345/271 262/346/273 502/587/605 501/586/604
f 262/346/273 263/347/274 503/588/606 502/587/605
f 263/347/274 264/348/275 504/589/607 503/588/606
f 264/348/278 265/349/277 505/590/608 504/589/607
f 265/349/277 266/350/279 506/591/609 505/590/608
f 266/350/279 267/351/280 507/592/610 506/591/609
f 267/351/280 268/352/282 508/593/611 507/592/610
f 268/352/284 269/353/283 509/594/612 508/593/611
f 269/353/283 270/354/285 510/595/613 509/594/612
f 270/354/285 271/355/286 511/596/614 510/595/613
f 271/355/286 272/356/287 512/597/615 511/596/614
f 272/356/289 273/357/288 513/598/616 512/597/615
f 273/357/288 274/358/290 514/599/617 513/598/616
f 274/358/290 275/359/291 515/600/618 514/599/617
f 275/359/291 276/360/292 516/601/619 515/600/618
f 276/360/295 277/361/294 517/602/620 516/601/619
f 277/361/294 278/362/296 518/603/621 517/602/620
f 278/362/296 279/363/297 519/604/622 518/603/621
f 279/363/297 280/364/299 520/605/623 519/604/622
f 280/364/301 281/365/300 521/606/624 520/605/623
f 281/365/300 282/366/302 522/607/625 521/606/624
f 282/366/302 283/367/303 523/608/626 522/607/625
f 283/367/303 284/368/304 524/609/627 523/608/626
f 284/368/306 285/369/305 525/610/628 524/609/627
f 285/369/305 286/370/307 526/611/629 525/610/628
f 286/370/307 287/371/308 527/612/630 526/611/629
f 287/371/308 288/372/309 528/613/631 527/612/630
f 288/372/312 289/373/311 529/614/632 528/613/631
f 289/373/311 290/374/313 530/615/633 529/614/632
f 290/374/313 291/375/314 531/616/634 530/615/633
f 291/375/314 292/376/316 532/617/635 531/616/634
f 292/376/318 293/377/317 533/618/636 532/617/635
f 293/377/317 294/378/319 534/619/637 533/618/636
f 294/378/319 295/379/320 535/620/638 534/619/637
f 295/379/320 296/380/321 536/621/639 535/620/638
f 296/380/323 297/381/322 537/622/640 536/621/639
f 297/381/322 298/382/324 538/623/641 537/622/640
f 298/382/324 299/383/325 539/624/642 538/623/641
f 299/383/325 300/384/326 540/625/643 539/624/642
f 300/384/329 301/385/328 541/626/644 540/625/643
f 301/385/328 302/386/330 542/627/645 541/626/644
f 302/386/330 303/387/331 543/628/646 542/627/645
f 303/387/331 304/388/333 544/629/647 543/628/646
f 304/388/335 305/389/334 545/630/648 544/629/647
f 305/389/334 306/390/336 546/631/649 545/630/648
f 306/390/336 307/391/337 547/632/650 546/631/649
f 307/391/337 308/392/338 548/633/651 547/632/650
f 308/392/340 309/393/339 549/634/652 548/633/651
f 309/393/339 310/394/341 550/635/653 549/634/652
f 310/394/341 311/395/342 551/636/654 550/635/653
f 311/395/342 312/396/343 552/637/655 551/636/654
f 312/396/346 313/397/345 553/638/656 552/637/655
f 313/397/345 314/398/347 554/639/657 553/638/656
f 314/398/347 315/399/348 555/640/658 554/639/657
f 315/399/348 316/400/350 556/641/659 555/640/658
f 316/400/352 317/401/351 557/642/660 556/641/659
f 317/401/351 318/402/353 558/643/661 557/642/660
f 318/402/353 319/403/354 559/644/662 558/643/661
f 319/403/354 320/404/355 560/645/663 559/644/662
f 320/404/357 321/405/356 561/646/664 560/645/663
f 321/405/356 322/406/358 562/647/665 561/646/664
f 322/406/358 323/407/359 563/648/666 562/647/665
f 323/407/359 324/408/360 564/649/667 563/648/666
f 324/408/363 325/409/362 565/650/668 564/649/667
f 325/409/362 326/410/364 566/651/669 565/650/668
f 326/410/364 327/411/365 567/652/670 566/651/669
f 327/411/365 328/412/367 568/653/671 567/652/670
f 328/412/369 329/413/368 569/654/672 568/653/671
f 329/413/368 330/414/370 570/655/673 569/654/672
f 330/414/370 331/415/371 571/656/674 570/655/673
f 331/415/371 332/416/372 572/657/675 571/656/674
f 332/416/374 333/417/373 573/658/676 572/657/675
f 333/417/373 334/418/375 574/659/677 573/658/676
f 334/418/375 335/419/376 575/660/678 574/659/677
f 335/419/376 336/420/377 576/661/679 575/660/678
f 336/420/380 337/421/379 577/662/680 576/661/679
f 337/421/379 338/422/381 578/663/681 577/662/680
f 338/422/381 339/423/382 579/664/682 578/663/681
f 339/423/382 340/424/384 580/665/683 579/664/682
f 340/424/386 341/425/385 581/666/684 580/665/683
f 341/425/385 342/426/387 582/667/685 581/666/684
f 342/426/387 343/427/388 583/668/686 582/667/685
f 343/427/388 344/428/389 584/669/687 583/668/686
f 344/428/391 345/429/390 585/670/688 584/669/687
f 345/429/390 346/430/392 586/671/689 585/670/688
f 346/430/392 347/431/393 587/672/690 586/671/689
f 347/431/393 348/432/394 588/673/691 587/672/690
f 348/432/397 349/433/396 589/674/692 588/673/691
f 349/433/396 350/434/398 590/675/693 589/674/692
f 350/434/398 351/435/399 591/676/694 590/675/693
f 351/435/399 352/436/401 592/677/695 591/676/694
f 352/436/403 353/437/402 593/678/696 592/677/695
f 353/437/402 354/438/404 594/679/697 593/678/696
f 354/438/404 355/439/405 595/680/698 594/679/697
f 355/439/405 356/440/406 596/681/699 595/680/698
f 356/440/408 357/441/407 597/682/700 596/681/699
f 357/441/407 358/442/409 598/683/701 597/682/700
f 358/442/409 359/443/410 599/684/702 598/683/701
f 359/443/410 360/444/411 600/685/703 599/684/702
f 360/444/414 361/445/413 601/686/704 600/685/703
f 361/445/413 362/446/415 602/687/705 601/686/704
f 362/446/415 363/447/416 603/688/706 602/687/705
f 363/447/416 364/448/418 604/689/707 603/688/706
f 364/448/420 365/449/419 605/690/708 604/689/707
f 365/449/419 366/450/421 606/691/709 605/690/708
f 366/450/421 367/451/422 607/692/710 606/691/709
f 367/451/422 368/452/423 608/693/711 607/692/710
f 368/452/425 369/453/424 609/694/712 608/693/711
f 369/453/424 370/454/426 610/695/713 609/694/712
f 370/454/426 371/455/427 611/696/714 610/695/713
f 371/455/427 372/456/428 612/697/715 611/696/714
f 372/456/431 373/457/430 613/698/716 612/697/715
f 373/457/430 374/458/432 614/699/717 613/698/716
f 374/458/432 375/459/433 615/700/718 614/699/717
f 375/459/433 376/460/435 616/701/719 615/700/718
f 376/460/437 377/461/436 617/702/720 616/701/719
f 377/461/436 378/462/438 618/703/721 617/702/720
f 378/462/438 379/463/439 619/704/722 618/703/721
f 379/463/439 380/464/440 620/705/723 619/704/722
f 380/464/442 381/465/441 621/706/724 620/705/723
f 381/465/441 382/466/443 622/707/725 621/706/724
f 382/466/443 383/467/444 623/708/726 622/707/725
f 383/467/444 384/468/445 624/709/727 623/708/726
f 384/468/448 385/469/447 625/710/728 624/709/727
f 385/469/447 386/470/449 626/711/729 625/710/728
f 386/470/449 387/471/450 627/712/730 626/711/729
f 387/471/450 388/472/452 628/713/731 627/712/730
f 388/472/454 389/473/453 629/714/732 628/713/731
f 389/473/453 390/474/455 630/715/733 629/714/732
f 390/474/455 391/475/456 631/716/734 630/715/733
f 391/475/456 392/476/457 632/717/735 631/716/734
f 392/476/459 393/477/458 633/718/736 632/717/735
f 393/477/458 394/478/460 634/719/737 633/718/736
f 394/478/460 395/479/461 635/720/738 634/719/737
f 395/479/461 396/480/462 636/721/739 635/720/738
f 396/480/465 397/481/464 637/722/740 636/721/739
f 397/481/464 398/482/466 638/723/741 637/722/740
f 398/482/466 399/483/467 639/724/742 638/723/741
f 399/483/467 400/484/469 640/725/743 639/724/742
f 400/484/471 401/485/470 641/726/744 640/725/743
f 401/485/470 402/486/472 642/727/745 641/726/744
f 402/486/472 403/487/473 643/728/746 642/727/745
f 403/487/473 404/488/474 644/729/747 643/728/746
f 404/488/476 405/489/475 645/730/748 644/729/747
f 405/489/475 406/490/477 646/731/749 645/730/748
f 406/490/477 407/491/478 647/732/750 646/731/749
f 407/491/478 408/492/479 648/733/751 647/732/750
f 408/492/482 409/493/481 649/734/752 648/733/751
f 409/493/481 410/494/483 650/735/753 649/734/752
f 410/494/483 411/495/484 651/736/754 650/735/753
f 411/495/484 412/496/486 652/737/755 651/736/754
f 412/496/488 413/497/487 653/738/756 652/737/755
f 413/497/487 414/498/489 654/739/757 653/738/756
f 414/498/489 415/499/490 655/740/758 654/739/757
f 415/499/490 416/500/491 656/741/759 655/740/758
f 416/500/493 417/501/492 657/742/760 656/741/759
f 417/501/492 418/502/494 658/743/761 657/742/760
f 418/502/494 419/503/495 659/744/762 658/743/761
f 419/503/495 420/504/496 660/745/763 659/744/762
f 420/504/499 421/505/498 661/746/764 660/745/763
f 421/505/498 422/506/500 662/747/765 661/746/764
f 422/506/500 423/507/501 663/748/766 662/747/765
f 423/507/501 424/508/503 664/749/767 663/748/766
f 424/508/505 425/509/504 665/750/768 664/749/767
f 425/509/504 426/510/506 666/751/769 665/750/768
f 426/510/506 427/511/507 667/752/770 666/751/769
f 427/511/507 428/512/508 668/753/771 667/752/770
f 428/512/510 429/513/509 669/754/772 668/753/771
f 429/513/509 430/514/511 670/755/773 669/754/772
f 430/514/511 431/515/512 671/756/774 670/755/773
f 431/515/512 432/516/513 672/757/775 671/756/774
f 432/516/516 433/517/515 673/758/776 672/757/775
f 433/517/515 434/518/517 674/759/777 673/758/776
f 434/518/517 435/519/518 675/760/778 674/759/777
f 435/519/518 436/520/520 676/761/779 675/760/778
f 436/520/522 437/521/521 677/762/780 676/761/779
f 437/521/521 438/522/523 678/763/781 677/762/780
f 438/522/523 439/523/524 679/764/782 678/763/781
f 439/523/524 440/524/525 680/765/783 679/764/782
f 440/524/527 441/525/526 681/766/784 680/765/783
f 441/525/526 442/526/528 682/767/785 681/766/784
f 442/526/528 443/527/529 683/768/786 682/767/785
f 443/527/529 444/528/530 684/769/787 683/768/786
f 444/528/533 445/529/532 685/770/788 684/769/787
f 445/529/532 446/530/534 686/771/789 685/770/788
f 446/530/534 447/531/535 687/772/790 686/771/789
f 447/531/535 448/532/537 688/773/791 687/772/790
f 448/532/539 449/533/538 689/774/792 688/773/791
f 449/533/538 450/534/540 690/775/793 689/774/792
f 450/534/540 451/535/541 691/776/794 690/775/793
f 451/535/541 452/536/542 692/777/795 691/776/794
f 452/536/544 453/537/543 693/778/796 692/777/795
f 453/537/543 454/538/545 694/779/797 693/778/796
f 454/538/545 455/539/546 695/780/798 694/779/797
f 455/539/546 456/540/547 696/781/799 695/780/798
f 456/540/550 457/541/549 697/782/800 696/781/799
f 457/541/549 458/542/551 698/783/801 697/782/800
f 458/542/551 459/543/552 699/784/802 698/783/801
f 459/543/552 460/544/554 700/785/803 699/784/802
f 460/544/556 461/545/555 701/786/804 700/785/803
f 461/545/555 462/546/557 702/787/805 701/786/804
f 462/546/557 463/547/558 703/788/806 702/787/805
f 463/547/558 464/548/559 704/789/807 703/788/806
f 464/548/561 465/549/560 705/790/808 704/789/807
f 465/549/560 466/550/562 706/791/809 705/790/808
f 466/550/562 467/551/563 707/792/810 706/791/809
f 467/551/563 468/552/564 708/793/811 707/792/810
f 468/552/567 469/553/566 709/794/812 708/793/811
f 469/553/566 470/554/568 710/795/813 709/794/812
f 470/554/568 471/555/569 711/796/814 710/795/813
f 471/555/569 472/556/571 712/797/815 711/796/814
f 472/556/573 473/557/572 713/798/816 712/797/815
f 473/557/572 474/558/574 714/799/817 713/798/816
f 474/558/574 475/559/575 715/800/818 714/799/817
f 475/559/575 476/560/576 716/801/819 715/800/818
f 476/560/578 477/561/577 717/802/820 716/801/819
f 477/561/577 478/562/579 718/803/821 717/802/820
f 478/562/579 479/563/580 719/804/822 718/803/821
f 479/563/580 480/564/581 720/805/823 719/804/822
f 480/564/584 481/565/583 721/806/824 720/805/823
f 481/565/583 242/566/246 482/807/586 721/806/824
f 482/568/586 483/567/585 723/808/825 722/809/826
f 483/567/585 484/569/587 724/810/827 723/808/825
f 484/569/587 485/570/588 725/811/828 724/810/827
f 485/570/588 486/571/589 726/812/829 725/811/828
f 486/571/589 487/572/590 727/813/830 726/812/829
f 487/572/590 488/573/591 728/814/831 727/813/830
f 488/573/591 489/574/592 729/815/832 728/814/831
f 489/574/592 490/575/593 730/816/833 729/815/832
f 490/575/593 491/576/594 731/817/834 730/816/833
f 491/576/594 492/577/595 732/818/835 731/817/834
f 492/577/595 493/578/596 733/819/836 732/818/835
f 493/578/596 494/579/597 734/820/837 733/819/836
f 494/579/597 495/580/598 735/821/838 734/820/837
f 495/580/598 496/581/599 736/822/839 735/821/838
f 496/581/599 497/582/600 737/823/840 736/822/839
f 497/582/600 498/583/601 738/824/841 737/823/840
f 498/583/601 499/584/602 739/825/842 738/824/841
f 499/584/602 500/585/603 740/826/843 739/825/842
f 500/585/603 501/586/604 741/827/844 740/826/843
f 501/586/604 502/587/605 742/828/845 741/827/844
f 502/587/605 503/588/606 743/829/846 742/828/845
f 503/588/606 504/589/607 744/830/847 743/829/846
f 504/589/607 505/590/608 745/831/848 744/830/847
f 505/590/608 506/591/609 746/832/849 745/831/848
f 506/591/609 507/592/610 747/833/850 746/832/849
f 507/592/610 508/593/611 748/834/851 747/833/850
f 508/593/611 509/594/612 749/835/852 748/834/851
f 509/594/612 510/595/613 750/836/853 749/835/852
f 510/595/613 511/596/614 751/837/854 750/836/853
f 511/596/614 512/597/615 752/838/855 751/837/854
f 512/597/615 513/598/616 753/839/856 752/838/855
f 513/598/616 514/599/617 754/840/857 753/839/856
f 514/599/617 515/600/618 755/841/858 754/840/857
f 515/600/618 516/601/619 756/842/859 755/841/858
f 516/601/619 517/602/620 757/843/860 756/842/859
f 517/602/620 518/603/621 758/844/861 757/843/860
f 518/603/621 519/604/622 759/845/862 758/844/861
f 519/604/622 520/605/623 760/846/863 759/845/862
f 520/605/623 521/606/624 761/847/864 760/846/863
f 521/606/624 522/607/625 762/848/865 761/847/864
f 522/607/625 523/608/626 763/849/866 762/848/865
f 523/608/626 524/609/627 764/850/867 763/849/866
f 524/609/627 525/610/628 765/851/868 764/850/867
f 525/610/628 526/611/629 766/852/869 765/851/868
f 526/611/629 527/612/630 767/853/870 766/852/869
f 527/612/630 528/613/631 768/854/871 767/853/870
f 528/613/631 529/614/632 769/855/872 768/854/871
f 529/614/632 530/615/633 770/856/873 769/855/872
f 530/615/633 531/616/634 771/857/874 770/856/873
f 531/616/634 532/617/635 772/858/875 771/857/874
f 532/617/635 533/618/636 773/859/876 772/858/875
f 533/618/636 534/619/637 774/860/877 773/859/876
f 534/619/637 535/620/638 775/861/878 774/860/877
f 535/620/638 536/621/639 776/862/879 775/861/878
f 536/621/639 537/622/640 777/863/880 776/862/879
f 537/622/640 538/623/641 778/864/881 777/863/880
f 538/623/641 539/624/642 779/865/882 778/864/881
f 539/624/642 540/625/643 780/866/883 779/865/882
f 540/625/643 541/626/644 781/867/884 780/866/883
f 541/626/644 542/627/645 782/868/885 781/867/884
f 542/627/645 543/628/646 783/869/886 782/868/885
f 543/628/646 544/629/647 784/870/887 783/869/886
f 544/629/647 545/630/648 785/871/888 784/870/887
f 545/630/648 546/631/649 786/872/889 785/871/888
f 546/631/649 547/632/650 787/873/890 786/872/889
f 547/632/650 548/633/651 788/874/891 787/873/890
f 548/633/651 549/634/652 789/875/892 788/874/891
f 549/634/652 550/635/653 790/876/893 789/875/892
f 550/635/653 551/636/654 791/877/894 790/876/893
f 551/636/654 552/637/655 792/878/895 791/877/894
f 552/637/655 553/638/656 793/879/896 792/878/895
f 553/638/656 554/639/657 794/880/897 793/879/896
f 554/639/657 555/640/658 795/881/898 794/880/897
f 555/640/658 556/641/659 796/882/899 795/881/898
f 556/641/659 557/642/660 797/883/900 796/882/899
f 557/642/660 558/643/661 798/884/901 797/883/900
f 558/643/661 559/644/662 799/885/902 798/884/901
f 559/644/662 560/645/663 800/886/903 799/885/902
f 560/645/663 561/646/664 801/887/904 800/886/903
f 561/646/664 562/647/665 802/888/905 801/887/904
f 562/647/665 563/648/666 803/889/906 802/888/905
f 563/648/666 564/649/667 804/890/907 803/889/906
f 564/649/667 565/650/668 805/891/908 804/890/907
f 565/650/668 566/651/669 806/892/909 805/891/908
f 566/651/669 567/652/670 807/893/910 806/892/909
f 567/652/670 568/653/671 808/894/911 807/893/910
f 568/653/671 569/654/672 809/895/912 808/894/911
f 569/654/672 570/655/673 810/896/913 809/895/912
f 570/655/673 571/656/674 811/897/914 810/896/913
f 571/656/674 572/657/675 812/898/915 811/897/914
f 572/657/675 573/658/676 813/899/916 812/898/915
f 573/658/676 574/659/677 814/900/917 813/899/916
f 574/659/677 575/660/678 815/901/918 814/900/917
f 575/660/678 576/661/679 816/902/919 815/901/918
f 576/661/679 577/662/680 817/903/920 816/902/919
f 577/662/680 578/663/681 818/904/921 817/903/920
f 578/663/681 579/664/682 819/905/922 818/904/921
f 579/664/682 580/665/683 820/906/923 819/905/922
f 580/665/683 581/666/684 821/907/924 820/906/923
f 581/666/684 582/667/685 822/908/925 821/907/924
f 582/667/685 583/668/686 823/909/926 822/908/925
f 583/668/686 584/669/687 824/910/927 823/909/926
f 584/669/687 585/670/688 825/911/928 824/910/927
f 585/670/688 586/671/689 826/912/929 825/911/928
f 586/671/689 587/672/690 827/913/930 826/912/929
f 587/672/690 588/673/691 828/914/931 827/913/930
f 588/673/691 589/674/692 829/915/932 828/914/931
f 589/674/692 590/675/693 830/916/933 829/915/932
f 590/675/693 591/676/694 831/917/934 830/916/933
f 591/676/694 592/677/695 832/918/935 831/917/934
f 592/677/695 593/678/696 833/919/936 832/918/935
f 593/678/696 594/679/697 834/920/937 833/919/936
f 594/679/697 595/680/698 835/921/938 834/920/937
f 595/680/698 596/681/699 836/922/939 835/921/938
f 596/681/699 597/682/700 837/923/940 836/922/939
f 597/682/700 598/683/701 838/924/941 837/923/940
f 598/683/701 599/684/702 839/925/942 838/924/941
f 599/684/702 600/685/703 840/926/943 839/925/942
f 600/685/703 601/686/704 841/927/944 840/926/943
f 601/686/704 602/687/705 842/928/945 841/927/944
f 602/687/705 603/688/706 843/929/946 842/928/945
f 603/688/706 604/689/707 844/930/947 843/929/946
f 604/689/707 605/690/708 845/931/948 844/930/947
f 605/690/708 606/691/709 846/932/949 845/931/948
f 606/691/709 607/692/710 847/933/950 846/932/949
f 607/692/710 608/693/711 848/934/951 847/933/950
f 608/693/711 609/694/712 849/935/952 848/934/951
f 609/694/712 610/695/713 850/936/953 849/935/952
f 610/695/713 611/696/714 851/937/954 850/936/953
f 611/696/714 612/697/715 852/938/955 851/937/954
f 612/697/715 613/698/716 853/939/956 852/938/955
f 613/698/716 614/699/717 854/940/957 853/939/956
f 614/699/717 615/700/718 855/941/958 854/940/957
f 615/700/718 616/701/719 856/942/959 855/941/958
f 616/701/719 617/702/720 857/943/960 856/942/959
f 617/702/720 618/703/721 858/944/961 857/943/960
f 618/703/721 619/704/722 859/945/962 858/944/961
f 619/704/722 620/705/723 860/946/963 859/945/962
f 620/705/723 621/706/724 861/947/964 860/946/963
f 621/706/724 622/707/725 862/948/965 861/947/964
f 622/707/725 623/708/726 863/949/966 862/948/965
f 623/708/726 624/709/727 864/950/967 863/949/966
f 624/709/727 625/710/728 865/951/968 864/950/967
f 625/710/728 626/711/729 866/952/969 865/951/968
f 626/711/729 627/712/730 867/953/970 866/952/969
f 627/712/730 628/713/731 868/954/971 867/953/970
f 628/713/731 629/714/732 869/955/972 868/954/971
f 629/714/732 630/715/733 870/956/973 869/955/972
f 630/715/733 631/716/734 871/957/974 870/956/973
f 631/716/734 632/717/735 872/958/975 871/957/974
f 632/717/735 633/718/736 873/959/976 872/958/975
f 633/718/736 634/719/737 874/960/977 873/959/976
f 634/719/737 635/720/738 875/961/978 874/960/977
f 635/720/738 636/721/739 876/962/979 875/961/978
f 636/721/739 637/722/740 877/963/980 876/962/979
f 637/722/740 638/723/741 878/964/981 877/963/980
f 638/723/741 639/724/742 879/965/982 878/964/981
f 639/724/742 640/725/743 880/966/983 879/965/982
f 640/725/743 641/726/744 881/1/1 880/966/983
f 641/726/744 642/727/745 882/2/2 881/1/1
f 642/727/745 643/728/746 883/967/984 882/2/2
f 643/728/746 644/729/747 884/968/985 883/967/984
f 644/729/747 645/730/748 885/969/986 884/968/985
f 645/730/748 646/731/749 886/970/987 885/969/986
f 646/731/749 647/732/750 887/971/988 886/970/987
f 647/732/750 648/733/751 888/972/989 887/971/988
f 648/733/751 649/734/752 889/973/990 888/972/989
f 649/734/752 650/735/753 890/974/991 889/973/990
f 650/735/753 651/736/754 891/975/992 890/974/991
f 651/736/754 652/737/755 892/976/993 891/975/992
f 652/737/755 653/738/756 893/977/994 892/976/993
f 653/738/756 654/739/757 894/978/995 893/977/994
f 654/739/757 655/740/758 895/979/996 894/978/995
f 655/740/758 656/741/759 896/980/997 895/979/996
f 656/741/759 657/742/760 897/981/998 896/980/997
f 657/742/760 658/743/761 898/982/999 897/981/998
f 658/743/761 659/744/762 899/983/1000 898/982/999
f 659/744/762 660/745/763 900/984/1001 899/983/1000
f 660/745/763 661/746/764 901/985/1002 900/984/1001
f 661/746/764 662/747/765 902/986/1003 901/985/1002
f 662/747/765 663/748/766 903/987/1004 902/986/1003
f 663/748/766 664/749/767 904/988/1005 903/987/1004
f 664/749/767 665/750/768 905/989/1006 904/988/1005
f 665/750/768 666/751/769 906/990/1007 905/989/1006
f 666/751/769 667/752/770 907/991/1008 906/990/1007
f 667/752/770 668/753/771 908/992/1009 907/991/1008
f 668/753/771 669/754/772 909/993/1010 908/992/1009
f 669/754/772 670/755/773 910/994/1011 909/993/1010
f 670/755/773 671/756/774 911/995/1012 910/994/1011
f 671/756/774 672/757/775 912/996/1013 911/995/1012
f 672/757/775 673/758/776 913/997/1014 912/996/1013
f 673/758/776 674/759/777 914/998/1015 913/997/1014
f 674/759/777 675/760/778 915/999/1016 914/998/1015
f 675/760/778 676/761/779 916/1000/1017 915/999/1016
f 676/761/779 677/762/780 917/1001/1018 916/1000/1017
f 677/762/780 678/763/781 918/1002/1019 917/1001/1018
f 678/763/781 679/764/782 919/1003/1020 918/1002/1019
f 679/764/782 680/765/783 920/1004/1021 919/1003/1020
f 680/765/783 681/766/784 921/1005/1022 920/1004/1021
f 681/766/784 682/767/785 922/1006/1023 921/1005/1022
f 682/767/785 683/768/786 923/1007/1024 922/1006/1023
f 683/768/786 684/769/787 924/1008/1025 923/1007/1024
f 684/769/787 685/770/788 925/1009/1026 924/1008/1025
f 685/770/788 686/771/789 926/1010/1027 925/1009/1026
f 686/771/789 687/772/790 927/1011/1028 926/1010/1027
f 687/772/790 688/773/791 928/1012/1029 927/1011/1028
f 688/773/791 689/774/792 929/1013/1030 928/1012/1029
f 689/774/792 690/775/793 930/1014/1031 929/1013/1030
f 690/775/793 691/776/794 931/1015/1032 930/1014/1031
f 691/776/794 692/777/795 932/1016/1033 931/1015/1032
f 692/777/795 693/778/796 933/1017/1034 932/1016/1033
f 693/778/796 694/779/797 934/1018/1035 933/1017/1034
f 694/779/797 695/780/798 935/1019/1036 934/1018/1035
f 695/780/798 696/781/799 936/1020/1037 935/1019/1036
f 696/781/799 697/782/800 937/1021/1038 936/1020/1037
f 697/782/800 698/783/801 938/1022/1039 937/1021/1038
f 698/783/801 699/784/802 939/1023/1040 938/1022/1039
f 699/784/802 700/785/803 940/1024/1041 939/1023/1040
f 700/785/803 701/786/804 941/1025/1042 940/1024/1041
f 701/786/804 702/787/805 942/1026/1043 941/1025/1042
f 702/787/805 703/788/806 943/1027/1044 942/1026/1043
f 703/788/806 704/789/807 944/1028/1045 943/1027/1044
f 704/789/807 705/790/808 945/1029/1046 944/1028/1045
f 705/790/808 706/791/809 946/1030/1047 945/1029/1046
f 706/791/809 707/792/810 947/1031/1048 946/1030/1047
f 707/792/810 708/793/811 948/1032/1049 947/1031/1048
f 708/793/811 709/794/812 949/1033/1050 948/1032/1049
f 709/794/812 710/795/813 950/1034/1051 949/1033/1050
f 710/795/813 711/796/814 951/1035/1052 950/1034/1051
f 711/796/814 712/797/815 952/1036/1053 951/1035/1052
f 712/797/815 713/798/816 953/1037/1054 952/1036/1053
f 713/798/816 714/799/817 954/1038/1055 953/1037/1054
f 714/799/817 715/800/818 955/1039/1056 954/1038/1055
f 715/800/818 716/801/819 956/1040/1057 955/1039/1056
f 716/801/819 717/802/820 957/1041/1058 956/1040/1057
f 717/802/820 718/803/821 958/1042/1059 957/1041/1058
f 718/803/821 719/804/822 959/1043/1060 958/1042/1059
f 719/804/822 720/805/823 960/1044/1061 959/1043/1060
f 720/805/823 721/806/824 961/1045/1062 960/1044/1061
f 721/806/824 482/807/586 722/1046/826 961/1045/1062
f 722/809/826 723/808/825 962/1047/1063
f 723/808/825 963/1048/1064 962/1047/1063
f 723/808/825 724/810/827 963/1048/1064
f 724/810/827 725/811/828 963/1048/1064
f 725/811/828 726/812/829 963/1048/1064
f 726/812/829 964/1049/1065 963/1048/1064
f 726/812/829 727/813/830 964/1049/1065
f 727/813/830 728/814/831 964/1049/1065
f 728/814/831 729/815/832 964/1049/1065
f 729/815/832 965/1050/1066 964/1049/1065
f 729/815/832 730/816/833 965/1050/1066
f 730/816/833 731/817/834 965/1050/1066
f 731/817/834 732/818/1067 965/1050/1066
f 732/818/1067 966/1051/1068 965/1050/1066
f 732/818/1067 733/819/836 966/1051/1068
f 733/819/836 734/820/837 966/1051/1068
f 734/820/837 735/821/838 966/1051/1068
f 735/821/838 967/1052/1069 966/1051/1068
f 735/821/838 736/822/839 967/1052/1069
f 736/822/839 737/823/840 967/1052/1069
f 737/823/840 738/824/841 967/1052/1069
f 738/824/841 968/1053/1070 967/1052/1069
f 738/824/841 739/825/842 968/1053/1070
f 739/825/842 740/826/843 968/1053/1070
f 740/826/843 741/827/844 968/1053/1070
f 741/827/844 969/1054/1071 968/1053/1070
f 741/827/844 742/828/845 969/1054/1071
f 742/828/845 743/829/846 969/1054/1071
f 743/829/846 744/830/1072 969/1054/1071
f 744/830/1072 970/1055/1073 969/1054/1071
f 744/830/1072 745/831/848 970/1055/1073
f 745/831/848 746/832/849 970/1055/1073
f 746/832/849 747/833/850 970/1055/1073
f 747/833/850 971/1056/1074 970/1055/1073
f 747/833/850 748/834/851 971/1056/1074
f 748/834/851 749/835/852 971/1056/1074
f 749/835/852 750/836/853 971/1056/1074
f 750/836/853 972/1057/1075 971/1056/1074
f 750/836/853 751/837/854 972/1057/1075
f 751/837/854 752/838/855 972/1057/1075
f 752/838/855 753/839/856 972/1057/1075
f 753/839/856 973/1058/1076 972/1057/1075
f 753/839/856 754/840/857 973/1058/1076
f 754/840/857 755/841/858 973/1058/1076
f 755/841/858 756/842/1077 973/1058/1076
f 756/842/1077 974/1059/1078 973/1058/1076
f 756/842/1077 757/843/860 974/1059/1078
f 757/843/860 758/844/861 974/1059/1078
f 758/844/861 759/845/862 974/1059/1078
f 759/845/862 975/1060/1079 974/1059/1078
f 759/845/862 760/846/863 975/1060/1079
f 760/846/863 761/847/864 975/1060/1079
f 761/847/864 762/848/865 975/1060/1079
f 762/848/865 976/1061/1080 975/1060/1079
f 762/848/865 763/849/866 976/1061/1080
f 763/849/866 764/850/867 976/1061/1080
f 764/850/867 765/851/868 976/1061/1080
f 765/851/868 977/1062/1081 976/1061/1080
f 765/851/868 766/852/869 977/1062/1081
f 766/852/869 767/853/870 977/1062/1081
f 767/853/870 768/854/1082 977/1062/1081
f 768/854/1082 978/1063/1083 977/1062/1081
f 768/854/1082 769/855/872 978/1063/1083
f 769/855/872 770/856/873 978/1063/1083
f 770/856/873 771/857/874 978/1063/1083
f 771/857/874 979/1064/1084 978/1063/1083
f 771/857/874 772/858/875 979/1064/1084
f 772/858/875 773/859/876 979/1064/1084
f 773/859/876 774/860/877 979/1064/1084
f 774/860/877 980/1065/1085 979/1064/1084
f 774/860/877 775/861/878 980/1065/1085
f 775/861/878 776/862/879 980/1065/1085
f 776/862/879 777/863/880 980/1065/1085
f 777/863/880 981/1066/1086 980/1065/1085
f 777/863/880 778/864/881 981/1066/1086
f 778/864/881 779/865/882 981/1066/1086
f 779/865/882 780/866/1087 981/1066/1086
f 780/866/1087 982/1067/1088 981/1066/1086
f 780/866/1087 781/867/884 982/1067/1088
f 781/867/884 782/868/885 982/1067/1088
f 782/868/885 783/869/886 982/1067/1088
f 783/869/886 983/1068/1089 982/1067/1088
f 783/869/886 784/870/887 983/1068/1089
f 784/870/887 785/871/888 983/1068/1089
f 785/871/888 786/872/889 983/1068/1089
f 786/872/889 984/1069/1090 983/1068/1089
f 786/872/889 787/873/890 984/1069/1090
f 787/873/890 788/874/891 984/1069/1090
f 788/874/891 789/875/892 984/1069/1090
f 789/875/892 985/1070/1091 984/1069/1090
f 789/875/892 790/876/893 985/1070/1091
f 790/876/893 791/877/894 985/1070/1091
f 791/877/894 792/878/1092 985/1070/1091
f 792/878/1092 986/1071/1093 985/1070/1091
f 792/878/1092 793/879/896 986/1071/1093
f 793/879/896 794/880/897 986/1071/1093
f 794/880/897 795/881/898 986/1071/1093
f 795/881/898 987/1072/1094 986/1071/1093
f 795/881/898 796/882/899 987/1072/1094
f 796/882/899 797/883/900 987/1072/1094
f 797/883/900 798/884/901 987/1072/1094
f 798/884/901 988/1073/1095 987/1072/1094
f 798/884/901 799/885/902 988/1073/1095
f 799/885/902 800/886/903 988/1073/1095
f 800/886/903 801/887/904 988/1073/1095
f 801/887/904 989/1074/1096 988/1073/1095
f 801/887/904 802/888/905 989/1074/1096
f 802/888/905 803/889/906 989/1074/1096
f 803/889/906 804/890/1097 989/1074/1096
f 804/890/1097 990/1075/1098 989/1074/1096
f 804/890/1097 805/891/908 990/1075/1098
f 805/891/908 806/892/909 990/1075/1098
f 806/892/909 807/893/910 990/1075/1098
f 807/893/910 991/1076/1099 990/1075/1098
f 807/893/910 808/894/911 991/1076/1099
f 808/894/911 809/895/912 991/1076/1099
f 809/895/912 810/896/913 991/1076/1099
f 810/896/913 992/1077/1100 991/1076/1099
f 810/896/913 811/897/914 992/1077/1100
f 811/897/914 812/898/915 992/1077/1100
f 812/898/915 813/899/916 992/1077/1100
f 813/899/916 993/1078/1101 992/1077/1100
f 813/899/916 814/900/917 993/1078/1101
f 814/900/917 815/901/918 993/1078/1101
f 815/901/918 816/902/1102 993/1078/1101
f 816/902/1102 994/1079/1103 993/1078/1101
f 816/902/1102 817/903/920 994/1079/1103
f 817/903/920 818/904/921 994/1079/1103
f 818/904/921 819/905/922 994/1079/1103
f 819/905/922 995/1080/1104 994/1079/1103
f 819/905/922 820/906/923 995/1080/1104
f 820/906/923 821/907/924 995/1080/1104
f 821/907/924 822/908/925 995/1080/1104
f 822/908/925 996/1081/1105 995/1080/1104
f 822/908/925 823/909/926 996/1081/1105
f 823/909/926 824/910/927 996/1081/1105
f 824/910/927 825/911/928 996/1081/1105
f 825/911/928 997/1082/1106 996/1081/1105
f 825/911/928 826/912/929 997/1082/1106
f 826/912/929 827/913/930 997/1082/1106
f 827/913/930 828/914/1107 997/1082/1106
f 828/914/1107 998/1083/1108 997/1082/1106
f 828/914/1107 829/915/932 998/1083/1108
f 829/915/932 830/916/933 998/1083/1108
f 830/916/933 831/917/934 998/1083/1108
f 831/917/934 999/1084/1109 998/1083/1108
f 831/917/934 832/918/935 999/1084/1109
f 832/918/935 833/919/936 999/1084/1109
f 833/919/936 834/920/937 999/1084/1109
f 834/920/937 1000/1085/1110 999/1084/1109
f 834/920/937 835/921/938 1000/1085/1110
f 835/921/938 836/922/939 1000/1085/1110
f 836/922/939 837/923/940 1000/1085/1110
f 837/923/940 1001/1086/1111 1000/1085/1110
f 837/923/940 838/924/941 1001/1086/1111
f 838/924/941 839/925/942 1001/1086/1111
f 839/925/942 840/926/1112 1001/1086/1111
f 840/926/1112 1002/1087/1113 1001/1086/1111
f 840/926/1112 841/927/944 1002/1087/1113
f 841/927/944 842/928/945 1002/1087/1113
f 842/928/945 843/929/946 1002/1087/1113
f 843/929/946 1003/1088/1114 1002/1087/1113
f 843/929/946 844/930/947 1003/1088/1114
f 844/930/947 845/931/948 1003/1088/1114
f 845/931/948 846/932/949 1003/1088/1114
f 846/932/949 1004/1089/1115 1003/1088/1114
f 846/932/949 847/933/950 1004/1089/1115
f 847/933/950 848/934/951 1004/1089/1115
f 848/934/951 849/935/952 1004/1089/1115
f 849/935/952 1005/1090/1116 1004/1089/1115
f 849/935/952 850/936/953 1005/1090/1116
f 850/936/953 851/937/954 1005/1090/1116
f 851/937/954 852/938/1117 1005/1090/1116
f 852/938/1117 1006/1091/1118 1005/1090/1116
f 852/938/1117 853/939/956 1006/1091/1118
f 853/939/956 854/940/957 1006/1091/1118
f 854/940/957 855/941/958 1006/1091/1118
f 855/941/958 1007/1092/1119 1006/1091/1118
f 855/941/958 856/942/959 1007/1092/1119
f 856/942/959 857/943/960 1007/1092/1119
f 857/943/960 858/944/961 1007/1092/1119
f 858/944/961 1008/1093/1120 1007/1092/1119
f 858/944/961 859/945/962 1008/1093/1120
f 859/945/962 860/946/963 1008/1093/1120
f 860/946/963 861/947/964 1008/1093/1120
f 861/947/964 1009/1094/1121 1008/1093/1120
f 861/947/964 862/948/965 1009/1094/1121
f 862/948/965 863/949/966 1009/1094/1121
f 863/949/966 864/950/1122 1009/1094/1121
f 864/950/1122 1010/1095/1123 1009/1094/1121
f 864/950/1122 865/951/968 1010/1095/1123
f 865/951/968 866/952/969 1010/1095/1123
f 866/952/969 867/953/970 1010/1095/1123
f 867/953/970 1011/1096/1124 1010/1095/1123
f 867/953/970 868/954/971 1011/1096/1124
f 868/954/971 869/955/972 1011/1096/1124
f 869/955/972 870/956/973 1011/1096/1124
f 870/956/973 1012/1097/1125 1011/1096/1124
f 870/956/973 871/957/974 1012/1097/1125
f 871/957/974 872/958/975 1012/1097/1125
f 872/958/975 873/959/976 1012/1097/1125
f 873/959/976 1013/1098/1126 1012/1097/1125
f 873/959/976 874/960/977 1013/1098/1126
f 874/960/977 875/961/978 1013/1098/1126
f 875/961/978 876/962/1127 1013/1098/1126
f 876/962/1127 1014/1099/1128 1013/1098/1126
f 876/962/1127 877/963/980 1014/1099/1128
f 877/963/980 878/964/981 1014/1099/1128
f 878/964/981 879/965/982 1014/1099/1128
f 879/965/982 1015/3/3 1014/1099/1128
f 879/965/982 880/966/983 1015/3/3
f 880/966/983 881/1/1 1015/3/3
f 1/1100/4 3/6/4 2/163/4
f 882/2/2 1016/1101/1129 1015/3/3
f 882/2/2 883/967/984 1016/1101/1129
f 883/967/984 884/968/985 1016/1101/1129
f 884/968/985 885/969/986 1016/1101/1129
f 885/969/986 1017/1102/1130 1016/1101/1129
f 885/969/986 886/970/987 1017/1102/1130
f 886/970/987 887/971/988 1017/1102/1130
f 887/971/988 888/972/1131 1017/1102/1130
f 888/972/1131 1018/1103/1132 1017/1102/1130
f 888/972/1131 889/973/990 1018/1103/1132
f 889/973/990 890/974/991 1018/1103/1132
f 890/974/991 891/975/992 1018/1103/1132
f 891/975/992 1019/1104/1133 1018/1103/1132
f 891/975/992 892/976/993 1019/1104/1133
f 892/976/993 893/977/994 1019/1104/1133
f 893/977/994 894/978/995 1019/1104/1133
f 894/978/995 1020/1105/1134 1019/1104/1133
f 894/978/995 895/979/996 1020/1105/1134
f 895/979/996 896/980/997 1020/1105/1134
f 896/980/997 897/981/998 1020/1105/1134
f 897/981/998 1021/1106/1135 1020/1105/1134
f 897/981/998 898/982/999 1021/1106/1135
f 898/982/999 899/983/1000 1021/1106/1135
f 899/983/1000 900/984/1136 1021/1106/1135
f 900/984/1136 1022/1107/1137 1021/1106/1135
f 900/984/1136 901/985/1002 1022/1107/1137
f 901/985/1002 902/986/1003 1022/1107/1137
f 902/986/1003 903/987/1004 1022/1107/1137
f 903/987/1004 1023/1108/1138 1022/1107/1137
f 903/987/1004 904/988/1005 1023/1108/1138
f 904/988/1005 905/989/1006 1023/1108/1138
f 905/989/1006 906/990/1007 1023/1108/1138
f 906/990/1007 1024/1109/1139 1023/1108/1138
f 906/990/1007 907/991/1008 1024/1109/1139
f 907/991/1008 908/992/1009 1024/1109/1139
f 908/992/1009 909/993/1010 1024/1109/1139
f 909/993/1010 1025/1110/1140 1024/1109/1139
f 909/993/1010 910/994/1011 1025/1110/1140
f 910/994/1011 911/995/1012 1025/1110/1140
f 911/995/1012 912/996/1141 1025/1110/1140
f 912/996/1141 1026/1111/1142 1025/1110/1140
f 912/996/1141 913/997/1014 1026/1111/1142
f 913/997/1014 914/998/1015 1026/1111/1142
f 914/998/1015 915/999/1016 1026/1111/1142
f 915/999/1016 1027/1112/1143 1026/1111/1142
f 915/999/1016 916/1000/1017 1027/1112/1143
f 916/1000/1017 917/1001/1018 1027/1112/1143
f 917/1001/1018 918/1002/1019 1027/1112/1143
f 918/1002/1019 1028/1113/1144 1027/1112/1143
f 918/1002/1019 919/1003/1020 1028/1113/1144
f 919/1003/1020 920/1004/1021 1028/1113/1144
f 920/1004/1021 921/1005/1022 1028/1113/1144
f 921/1005/1022 1029/1114/1145 1028/1113/1144
f 921/1005/1022 922/1006/1023 1029/1114/1145
f 922/1006/1023 923/1007/1024 1029/1114/1145
f 923/1007/1024 924/1008/1146 1029/1114/1145
f 924/1008/1146 1030/1115/1147 1029/1114/1145
f 924/1008/1146 925/1009/1026 1030/1115/1147
f 925/1009/1026 926/1010/1027 1030/1115/1147
f 926/1010/1027 927/1011/1028 1030/1115/1147
f 927/1011/1028 1031/1116/1148 1030/1115/1147
f 927/1011/1028 928/1012/1029 1031/1116/1148
f 928/1012/1029 929/1013/1030 1031/1116/1148
f 929/1013/1030 930/1014/1031 1031/1116/1148
f 930/1014/1031 1032/1117/1149 1031/1116/1148
f 930/1014/1031 931/1015/1032 1032/1117/1149
f 931/1015/1032 932/1016/1033 1032/1117/1149
f 932/1016/1033 933/1017/1034 1032/1117/1149
f 933/1017/1034 1033/1118/1150 1032/1117/1149
f 933/1017/1034 934/1018/1035 1033/1118/1150
f 934/1018/1035 935/1019/1036 1033/1118/1150
f 935/1019/1036 936/1020/1151 1033/1118/1150
f 936/1020/1151 1034/1119/1152 1033/1118/1150
f 936/1020/1151 937/1021/1038 1034/1119/1152
f 937/1021/1038 938/1022/1039 1034/1119/1152
f 938/1022/1039 939/1023/1040 1034/1119/1152
f 939/1023/1040 1035/1120/1153 1034/1119/1152
f 939/1023/1040 940/1024/1041 1035/1120/1153
f 940/1024/1041 941/1025/1042 1035/1120/1153
f 941/1025/1042 942/1026/1043 1035/1120/1153
f 942/1026/1043 1036/1121/1154 1035/1120/1153
f 942/1026/1043 943/1027/1044 1036/1121/1154
f 943/1027/1044 944/1028/1045 1036/1121/1154
f 944/1028/1045 945/1029/1046 1036/1121/1154
f 945/1029/1046 1037/1122/1155 1036/1121/1154
f 945/1029/1046 946/1030/1047 1037/1122/1155
f 946/1030/1047 947/1031/1048 1037/1122/1155
f 947/1031/1048 948/1032/1156 1037/1122/1155
f 948/1032/1156 1038/1123/1157 1037/1122/1155
f 948/1032/1156 949/1033/1050 1038/1123/1157
f 949/1033/1050 950/1034/1051 1038/1123/1157
f 950/1034/1051 951/1035/1052 1038/1123/1157
f 951/1035/1052 1039/1124/1158 1038/1123/1157
f 951/1035/1052 952/1036/1053 1039/1124/1158
f 952/1036/1053 953/1037/1054 1039/1124/1158
f 953/1037/1054 954/1038/1055 1039/1124/1158
f 954/1038/1055 1040/1125/1159 1039/1124/1158
f 954/1038/1055 955/1039/1056 1040/1125/1159
f 955/1039/1056 956/1040/1057 1040/1125/1159
f 956/1040/1057 957/1041/1058 1040/1125/1159
f 957/1041/1058 1041/1126/1160 1040/1125/1159
f 957/1041/1058 958/1042/1059 1041/1126/1160
f 958/1042/1059 959/1043/1060 1041/1126/1160
f 959/1043/1060 960/1044/1161 1041/1126/1160
f 960/1044/1161 962/1127/1063 1041/1126/1160
f 960/1044/1161 961/1045/1062 962/1127/1063
f 961/1045/1062 722/1046/826 962/1127/1063
f 962/1047/1063 963/1048/1064 1043/1128/1162 1042/1129/1163
f 963/1048/1064 964/1049/1065 1044/1130/1164 1043/1128/1162
f 964/1049/1065 965/1050/1066 1045/1131/1165 1044/1130/1164
f 965/1050/1066 966/1051/1068 1046/1132/1166 1045/1131/1165
f 966/1051/1068 967/1052/1069 1047/1133/1167 1046/1132/1166
f 967/1052/1069 968/1053/1070 1048/1134/1168 1047/1133/1167
f 968/1053/1070 969/1054/1071 1049/1135/1169 1048/1134/1168
f 969/1054/1071 970/1055/1073 1050/1136/1170 1049/1135/1169
f 970/1055/1073 971/1056/1074 1051/1137/1171 1050/1136/1170
f 971/1056/1074 972/1057/1075 1052/1138/1172 1051/1137/1171
f 972/1057/1075 973/1058/1076 1053/1139/1173 1052/1138/1172
f 973/1058/1076 974/1059/1078 1054/1140/1174 1053/1139/1173
f 974/1059/1078 975/1060/1079 1055/1141/1175 1054/1140/1174
f 975/1060/1079 976/1061/1080 1056/1142/1176 1055/1141/1175
f 976/1061/1080 977/1062/1081 1057/1143/1177 1056/1142/1176
f 977/1062/1081 978/1063/1083 1058/1144/1178 1057/1143/1177
f 978/1063/1083 979/1064/1084 1059/1145/1179 1058/1144/1178
f 979/1064/1084 980/1065/1085 1060/1146/1180 1059/1145/1179
f 980/1065/1085 981/1066/1086 1061/1147/1181 1060/1146/1180
f 981/1066/1086 982/1067/1088 1062/1148/1182 1061/1147/1181
f 982/1067/1088 983/1068/1089 1063/1149/1183 1062/1148/1182
f 983/1068/1089 984/1069/1090 1064/1150/1184 1063/1149/1183
f 984/1069/1090 985/1070/1091 1065/1151/1185 1064/1150/1184
f 985/1070/1091 986/1071/1093 1066/1152/1186 1065/1151/1185
f 986/1071/1093 987/1072/1094 1067/1153/1187 1066/1152/1186
f 987/1072/1094 988/1073/1095 1068/1154/1188 1067/1153/1187
f 988/1073/1095 989/1074/1096 1069/1155/1189 1068/1154/1188
f 989/1074/1096 990/1075/1098 1070/1156/1190 1069/1155/1189
f 990/1075/1098 991/1076/1099 1071/1157/1191 1070/1156/1190
f 991/1076/1099 992/1077/1100 1072/1158/1192 1071/1157/1191
f 992/1077/1100 993/1078/1101 1073/1159/1193 1072/1158/1192
f 993/1078/1101 994/1079/1103 1074/1160/1194 1073/1159/1193
f 994/1079/1103 995/1080/1104 1075/1161/1195 1074/1160/1194
f 995/1080/1104 996/1081/1105 1076/1162/1196 1075/1161/1195
f 996/1081/1105 997/1082/1106 1077/1163/1197 1076/1162/1196
f 997/1082/1106 998/1083/1108 1078/1164/1198 1077/1163/1197
f 998/1083/1108 999/1084/1109 1079/1165/1199 1078/1164/1198
f 999/1084/1109 1000/1085/1110 1080/1166/1200 1079/1165/1199
f 1000/1085/1110 1001/1086/1111 1081/1167/1201 1080/1166/1200
f 1001/1086/1111 1002/1087/1113 1082/1168/1202 1081/1167/1201
f 1002/1087/1113 1003/1088/1114 1083/1169/1203 1082/1168/1202
f 1003/1088/1114 1004/1089/1115 1084/1170/1204 1083/1169/1203
f 1004/1089/1115 1005/1090/1116 1085/1171/1205 1084/1170/1204
f 1005/1090/1116 1006/1091/1118 1086/1172/1206 1085/1171/1205
f 1006/1091/1118 1007/1092/1119 1087/1173/1207 1086/1172/1206
f 1007/1092/1119 1008/1093/1120 1088/1174/1208 1087/1173/1207
f 1008/1093/1120 1009/1094/1121 1089/1175/1209 1088/1174/1208
f 1009/1094/1121 1010/1095/1123 1090/1176/1210 1089/1175/1209
f 1010/1095/1123 1011/1096/1124 1091/1177/1211 1090/1176/1210
f 1011/1096/1124 1012/1097/1125 1092/1178/1212 1091/1177/1211
f 1012/1097/1125 1013/1098/1126 1093/1179/1213 1092/1178/1212
f 1013/1098/1126 1014/1099/1128 1094/1180/1214 1093/1179/1213
f 1014/1099/1128 1015/3/3 1095/1181/1215 1094/1180/1214
f 1015/3/3 1016/1101/1129 1096/1182/1216 1095/1181/1215
f 1016/1101/1129 1017/1102/1130 1097/1183/1217 1096/1182/1216
f 1017/1102/1130 1018/1103/1132 1098/1184/1218 1097/1183/1217
f 1018/1103/1132 1019/1104/1133 1099/1185/1219 1098/1184/1218
f 1019/1104/1133 1020/1105/1134 1100/1186/1220 1099/1185/1219
f 1020/1105/1134 1021/1106/1135 1101/1187/1221 1100/1186/1220
f 1021/1106/1135 1022/1107/1137 1102/1188/1222 1101/1187/1221
f 1022/1107/1137 1023/1108/1138 1103/1189/1223 1102/1188/1222
f 1023/1108/1138 1024/1109/1139 1104/1190/1224 1103/1189/1223
f 1024/1109/1139 1025/1110/1140 1105/1191/1225 1104/1190/1224
f 1025/1110/1140 1026/1111/1142 1106/1192/1226 1105/1191/1225
f 1026/1111/1142 1027/1112/1143 1107/1193/1227 1106/1192/1226
f 1027/1112/1143 1028/1113/1144 1108/1194/1228 1107/1193/1227
f 1028/1113/1144 1029/1114/1145 1109/1195/1229 1108/1194/1228
f 1029/1114/1145 1030/1115/1147 1110/1196/1230 1109/1195/1229
f 1030/1115/1147 1031/1116/1148 1111/1197/1231 1110/1196/1230
f 1031/1116/1148 1032/1117/1149 1112/1198/1232 1111/1197/1231
f 1032/1117/1149 1033/1118/1150 1113/1199/1233 1112/1198/1232
f 1033/1118/1150 1034/1119/1152 1114/1200/1234 1113/1199/1233
f 1034/1119/1152 1035/1120/1153 1115/1201/1235 1114/1200/1234
f 1035/1120/1153 1036/1121/1154 1116/1202/1236 1115/1201/1235
f 1036/1121/1154 1037/1122/1155 1117/1203/1237 1116/1202/1236
f 1037/1122/1155 1038/1123/1157 1118/1204/1238 1117/1203/1237
f 1038/1123/1157 1039/1124/1158 1119/1205/1239 1118/1204/1238
f 1039/1124/1158 1040/1125/1159 1120/1206/1240 1119/1205/1239
f 1040/1125/1159 1041/1126/1160 1121/1207/1241 1120/1206/1240
f 1041/1126/1160 962/1127/1063 1042/1208/1163 1121/1207/1241
f 1042/1129/1163 1043/1128/1162 1123/1209/1242 1122/1210/1242
f 1043/1128/1162 1044/1130/1164 1124/1211/1242 1123/1209/1242
f 1044/1130/1164 1045/1131/1165 1125/1212/1242 1124/1211/1242
f 1045/1131/1165 1046/1132/1166 1126/1213/1242 1125/1212/1242
f 1046/1132/1166 1047/1133/1167 1127/1214/1242 1126/1213/1242
f 1047/1133/1167 1048/1134/1168 1128/1215/1242 1127/1214/1242
f 1048/1134/1168 1049/1135/1169 1129/1216/1242 1128/1215/1242
f 1049/1135/1169 1050/1136/1170 1130/1217/1242 1129/1216/1242
f 1050/1136/1170 1051/1137/1171 1131/1218/1242 1130/1217/1242
f 1051/1137/1171 1052/1138/1172 1132/1219/1242 1131/1218/1242
f 1052/1138/1172 1053/1139/1173 1133/1220/1242 1132/1219/1242
f 1053/1139/1173 1054/1140/1174 1134/1221/1242 1133/1220/1242
f 1054/1140/1174 1055/1141/1175 1135/1222/1242 1134/1221/1242
f 1055/1141/1175 1056/1142/1176 1136/1223/1242 1135/1222/1242
f 1056/1142/1176 1057/1143/1177 1137/1224/1242 1136/1223/1242
f 1057/1143/1177 1058/1144/1178 1138/1225/1242 1137/1224/1242
f 1058/1144/1178 1059/1145/1179 1139/1226/1242 1138/1225/1242
f 1059/1145/1179 1060/1146/1180 1140/1227/1242 1139/1226/1242
f 1060/1146/1180 1061/1147/1181 1141/1228/1242 1140/1227/1242
f 1061/1147/1181 1062/1148/1182 1142/1229/1242 1141/1228/1242
f 1062/1148/1182 1063/1149/1183 1143/1230/1242 1142/1229/1242
f 1063/1149/1183 1064/1150/1184 1144/1231/1242 1143/1230/1242
f 1064/1150/1184 1065/1151/1185 1145/1232/1242 1144/1231/1242
f 1065/1151/1185 1066/1152/1186 1146/1233/1242 1145/1232/1242
f 1066/1152/1186 1067/1153/1187 1147/1234/1242 1146/1233/1242
f 1067/1153/1187 1068/1154/1188 1148/1235/1242 1147/1234/1242
f 1068/1154/1188 1069/1155/1189 1149/1236/1242 1148/1235/1242
f 1069/1155/1189 1070/1156/1190 1150/1237/1242 1149/1236/1242
f 1070/1156/1190 1071/1157/1191 1151/1238/1242 1150/1237/1242
f 1071/1157/1191 1072/1158/1192 1152/1239/1242 1151/1238/1242
f 1072/1158/1192 1073/1159/1193 1153/1240/1242 1152/1239/1242
f 1073/1159/1193 1074/1160/1194 1154/1241/1242 1153/1240/1242
f 1074/1160/1194 1075/1161/1195 1155/1242/1242 1154/1241/1242
f 1075/1161/1195 1076/1162/1196 1156/1243/1242 1155/1242/1242
f 1076/1162/1196 1077/1163/1197 1157/1244/1242 1156/1243/1242
f 1077/1163/1197 1078/1164/1198 1158/1245/1242 1157/1244/1242
f 1078/1164/1198 1079/1165/1199 1159/1246/1242 1158/1245/1242
f 1079/1165/1199 1080/1166/1200 1160/1247/1242 1159/1246/1242
f 1080/1166/1200 1081/1167/1201 1161/1248/1242 1160/1247/1242
f 1081/1167/1201 1082/1168/1202 1162/1249/1242 1161/1248/1242
f 1082/1168/1202 1083/1169/1203 1163/1250/1242 1162/1249/1242
f 1083/1169/1203 1084/1170/1204 1164/1251/1242 1163/1250/1242
f 1084/1170/1204 1085/1171/1205 1165/1252/1242 1164/1251/1242
f 1085/1171/1205 1086/1172/1206 1166/1253/1242 1165/1252/1242
f 1086/1172/1206 1087/1173/1207 1167/1254/1242 1166/1253/1242
f 1087/1173/1207 1088/1174/1208 1168/1255/1242 1167/1254/1242
f 1088/1174/1208 1089/1175/1209 1169/1256/1242 1168/1255/1242
f 1089/1175/1209 1090/1176/1210 1170/1257/1242 1169/1256/1242
f 1090/1176/1210 1091/1177/1211 1171/1258/1242 1170/1257/1242
f 1091/1177/1211 1092/1178/1212 1172/1259/1242 1171/1258/1242
f 1092/1178/1212 1093/1179/1213 1173/1260/1242 1172/1259/1242
f 1093/1179/1213 1094/1180/1214 1174/1261/1242 1173/1260/1242
f 1094/1180/1214 1095/1181/1215 1175/1262/1242 1174/1261/1242
f 1095/1181/1215 1096/1182/1216 1176/1263/1242 1175/1262/1242
f 1096/1182/1216 1097/1183/1217 1177/1264/1242 1176/1263/1242
f 1097/1183/1217 1098/1184/1218 1178/1265/1242 1177/1264/1242
f 1098/1184/1218 1099/1185/1219 1179/1266/1242 1178/1265/1242
f 1099/1185/1219 1100/1186/1220 1180/1267/1242 1179/1266/1242
f 1100/1186/1220 1101/1187/1221 1181/1268/1242 1180/1267/1242
f 1101/1187/1221 1102/1188/1222 1182/1269/1242 1181/1268/1242
f 1102/1188/1222 1103/1189/1223 1183/1270/1242 1182/1269/1242
f 1103/1189/1223 1104/1190/1224 1184/1271/1242 1183/1270/1242
f 1104/1190/1224 1105/1191/1225 1185/1272/1242 1184/1271/1242
f 1105/1191/1225 1106/1192/1226 1186/1273/1242 1185/1272/1242
f 1106/1192/1226 1107/1193/1227 1187/1274/1242 1186/1273/1242
f 1107/1193/1227 1108/1194/1228 1188/1275/1242 1187/1274/1242
f 1108/1194/1228 1109/1195/1229 1189/1276/1242 1188/1275/1242
f 1109/1195/1229 1110/1196/1230 1190/1277/1242 1189/1276/1242
f 1110/1196/1230 1111/1197/1231 1191/1278/1242 1190/1277/1242
f 1111/1197/1231 1112/1198/1232 1192/1279/1242 1191/1278/1242
f 1112/1198/1232 1113/1199/1233 1193/1280/1242 1192/1279/1242
f 1113/1199/1233 1114/1200/1234 1194/1281/1242 1193/1280/1242
f 1114/1200/1234 1115/1201/1235 1195/1282/1242 1194/1281/1242
f 1115/1201/1235 1116/1202/1236 1196/1283/1242 1195/1282/1242
f 1116/1202/1236 1117/1203/1237 1197/1284/1242 1196/1283/1242
f 1117/1203/1237 1118/1204/1238 1198/1285/1242 1197/1284/1242
f 1118/1204/1238 1119/1205/1239 1199/1286/1242 1198/1285/1242
f 1119/1205/1239 1120/1206/1240 1200/1287/1242 1199/1286/1242
f 1120/1206/1240 1121/1207/1241 1201/1288/1242 1200/1287/1242
f 1121/1207/1241 1042/1208/1163 1122/1289/1242 1201/1288/1242
f 1122/1210/5 1123/1209/6 1203/1290/7 1202/1291/1243
f 1123/1209/6 1124/1211/9 1204/1292/1244 1203/1290/7
f 1124/1211/9 1125/1212/11 1205/1293/1245 1204/1292/1244
f 1125/1212/11 1126/1213/13 1206/1294/1246 1205/1293/1245
f 1126/1213/13 1127/1214/15 1207/1295/1247 1206/1294/1246
f 1127/1214/15 1128/1215/17 1208/1296/1248 1207/1295/1247
f 1128/1215/17 1129/1216/19 1209/1297/20 1208/1296/1248
f 1129/1216/19 1130/1217/21 1210/1298/1249 1209/1297/20
f 1130/1217/21 1131/1218/23 1211/1299/1250 1210/1298/1249
f 1131/1218/23 1132/1219/25 1212/1300/26 1211/1299/1250
f 1132/1219/25 1133/1220/27 1213/1301/1251 1212/1300/26
f 1133/1220/27 1134/1221/29 1214/1302/1252 1213/1301/1251
f 1134/1221/29 1135/1222/31 1215/1303/1253 1214/1302/1252
f 1135/1222/31 1136/1223/33 1216/1304/1254 1215/1303/1253
f 1136/1223/33 1137/1224/35 1217/1305/1255 1216/1304/1254
f 1137/1224/35 1138/1225/37 1218/1306/1256 1217/1305/1255
f 1138/1225/37 1139/1226/39 1219/1307/1257 1218/1306/1256
f 1139/1226/39 1140/1227/41 1220/1308/1258 1219/1307/1257
f 1140/1227/41 1141/1228/43 1221/1309/1259 1220/1308/1258
f 1141/1228/43 1142/1229/45 1222/1310/1260 1221/1309/1259
f 1142/1229/45 1143/1230/47 1223/1311/1261 1222/1310/1260
f 1143/1230/47 1144/1231/49 1224/1312/1262 1223/1311/1261
f 1144/1231/49 1145/1232/51 1225/1313/1263 1224/1312/1262
f 1145/1232/51 1146/1233/53 1226/1314/1264 1225/1313/1263
f 1146/1233/53 1147/1234/55 1227/1315/1265 1226/1314/1264
f 1147/1234/55 1148/1235/57 1228/1316/1266 1227/1315/1265
f 1148/1235/57 1149/1236/59 1229/1317/1267 1228/1316/1266
f 1149/1236/59 1150/1237/61 1230/1318/1268 1229/1317/1267
f 1150/1237/61 1151/1238/63 1231/1319/1269 1230/1318/1268
f 1151/1238/63 1152/1239/65 1232/1320/1270 1231/1319/1269
f 1152/1239/65 1153/1240/67 1233/1321/68 1232/1320/1270
f 1153/1240/67 1154/1241/69 1234/1322/1271 1233/1321/68
f 1154/1241/69 1155/1242/71 1235/1323/1272 1234/1322/1271
f 1155/1242/71 1156/1243/73 1236/1324/1273 1235/1323/1272
f 1156/1243/73 1157/1244/75 1237/1325/1274 1236/1324/1273
f 1157/1244/75 1158/1245/77 1238/1326/1275 1237/1325/1274
f 1158/1245/77 1159/1246/79 1239/1327/1276 1238/1326/1275
f 1159/1246/79 1160/1247/81 1240/1328/1277 1239/1327/1276
f 1160/1247/81 1161/1248/83 1241/1329/1278 1240/1328/1277
f 1161/1248/83 1162/1249/85 1242/1330/1279 1241/1329/1278
f 1162/1249/85 1163/1250/87 1243/1331/88 1242/1330/1279
f 1163/1250/87 1164/1251/89 1244/1332/1280 1243/1331/88
f 1164/1251/89 1165/1252/91 1245/1333/1281 1244/1332/1280
f 1165/1252/91 1166/1253/93 1246/1334/1282 1245/1333/1281
f 1166/1253/93 1167/1254/95 1247/1335/1283 1246/1334/1282
f 1167/1254/95 1168/1255/97 1248/1336/1284 1247/1335/1283
f 1168/1255/97 1169/1256/99 1249/1337/100 1248/1336/1284
f 1169/1256/99 1170/1257/101 1250/1338/1285 1249/1337/100
f 1170/1257/101 1171/1258/103 1251/1339/1286 1250/1338/1285
f 1171/1258/103 1172/1259/105 1252/1340/106 1251/1339/1286
f 1172/1259/105 1173/1260/107 1253/1341/1287 1252/1340/106
f 1173/1260/107 1174/1261/109 1254/1342/1288 1253/1341/1287
f 1174/1261/109 1175/1262/111 1255/1343/1289 1254/1342/1288
f 1175/1262/111 1176/1263/113 1256/1344/1290 1255/1343/1289
f 1176/1263/113 1177/1264/115 1257/1345/1291 1256/1344/1290
f 1177/1264/115 1178/1265/117 1258/1346/1292 1257/1345/1291
f 1178/1265/117 1179/1266/119 1259/1347/1293 1258/1346/1292
f 1179/1266/119 1180/1267/121 1260/1348/1294 1259/1347/1293
f 1180/1267/121 1181/1268/123 1261/1349/1295 1260/1348/1294
f 1181/1268/123 1182/1269/125 1262/1350/1296 1261/1349/1295
f 1182/1269/125 1183/1270/127 1263/1351/1297 1262/1350/1296
f 1183/1270/127 1184/1271/129 1264/1352/1298 1263/1351/1297
f 1184/1271/129 1185/1272/131 1265/1353/1299 1264/1352/1298
f 1185/1272/131 1186/1273/133 1266/1354/1300 1265/1353/1299
f 1186/1273/133 1187/1274/135 1267/1355/1301 1266/1354/1300
f 1187/1274/135 1188/1275/137 1268/1356/1302 1267/1355/1301
f 1188/1275/137 1189/1276/139 1269/1357/1303 1268/1356/1302
f 1189/1276/139 1190/1277/141 1270/1358/1304 1269/1357/1303
f 1190/1277/141 1191/1278/143 1271/1359/1305 1270/1358/1304
f 1191/1278/143 1192/1279/145 1272/1360/1306 1271/1359/1305
f 1192/1279/145 1193/1280/147 1273/1361/148 1272/1360/1306
f 1193/1280/147 1194/1281/149 1274/1362/1307 1273/1361/148
f 1194/1281/149 1195/1282/151 1275/1363/1308 1274/1362/1307
f 1195/1282/151 1196/1283/153 1276/1364/1309 1275/1363/1308
f 1196/1283/153 1197/1284/155 1277/1365/1310 1276/1364/1309
f 1197/1284/155 1198/1285/157 1278/1366/1311 1277/1365/1310
f 1198/1285/157 1199/1286/159 1279/1367/1312 1278/1366/1311
f 1199/1286/159 1200/1287/161 1280/1368/1313 1279/1367/1312
f 1200/1287/161 1201/1288/163 1281/1369/1314 1280/1368/1313
f 1201/1288/163 1122/1289/5 1202/1370/1243 1281/1369/1314
f 1202/1291/1243 1203/1290/7 1283/1371/1315 1282/1372/1316
f 1203/1290/7 1204/1292/1244 1284/1373/1317 1283/1371/1315
f 1204/1292/1244 1205/1293/1245 1285/1374/1318 1284/1373/1317
f 1205/1293/1245 1206/1294/1246 1286/1375/1319 1285/1374/1318
f 1206/1294/1246 1207/1295/1247 1287/1376/1320 1286/1375/1319
f 1207/1295/1247 1208/1296/1248 1288/1377/1321 1287/1376/1320
f 1208/1296/1248 1209/1297/20 1289/1378/1322 1288/1377/1321
f 1209/1297/20 1210/1298/1249 1290/1379/1323 1289/1378/1322
f 1210/1298/1249 1211/1299/1250 1291/1380/1324 1290/1379/1323
f 1211/1299/1250 1212/1300/26 1292/1381/1325 1291/1380/1324
f 1212/1300/26 1213/1301/1251 1293/1382/1326 1292/1381/1325
f 1213/1301/1251 1214/1302/1252 1294/1383/1327 1293/1382/1326
f 1214/1302/1252 1215/1303/1253 1295/1384/1328 1294/1383/1327
f 1215/1303/1253 1216/1304/1254 1296/1385/1329 1295/1384/1328
f 1216/1304/1254 1217/1305/1255 1297/1386/1330 1296/1385/1329
f 1217/1305/1255 1218/1306/1256 1298/1387/1331 1297/1386/1330
f 1218/1306/1256 1219/1307/1257 1299/1388/1332 1298/1387/1331
f 1219/1307/1257 1220/1308/1258 1300/1389/1333 1299/1388/1332
f 1220/1308/1258 1221/1309/1259 1301/1390/1334 1300/1389/1333
f 1221/1309/1259 1222/1310/1260 1302/1391/1335 1301/1390/1334
f 1222/1310/1260 1223/1311/1261 1303/1392/1336 1302/1391/1335
f 1223/1311/1261 1224/1312/1262 1304/1393/1337 1303/1392/1336
f 1224/1312/1262 1225/1313/1263 1305/1394/1338 1304/1393/1337
f 1225/1313/1263 1226/1314/1264 1306/1395/1339 1305/1394/1338
f 1226/1314/1264 1227/1315/1265 1307/1396/1340 1306/1395/1339
f 1227/1315/1265 1228/1316/1266 1308/1397/1341 1307/1396/1340
f 1228/1316/1266 1229/1317/1267 1309/1398/1342 1308/1397/1341
f 1229/1317/1267 1230/1318/1268 1310/1399/1343 1309/1398/1342
f 1230/1318/1268 1231/1319/1269 1311/1400/1344 1310/1399/1343
f 1231/1319/1269 1232/1320/1270 1312/1401/1345 1311/1400/1344
f 1232/1320/1270 1233/1321/68 1313/1402/1346 1312/1401/1345
f 1233/1321/68 1234/1322/1271 1314/1403/1347 1313/1402/1346
f 1234/1322/1271 1235/1323/1272 1315/1404/1348 1314/1403/1347
f 1235/1323/1272 1236/1324/1273 1316/1405/1349 1315/1404/1348
f 1236/1324/1273 1237/1325/1274 1317/1406/1350 1316/1405/1349
f 1237/1325/1274 1238/1326/1275 1318/1407/1351 1317/1406/1350
f 1238/1326/1275 1239/1327/1276 1319/1408/1352 1318/1407/1351
f 1239/1327/1276 1240/1328/1277 1320/1409/1353 1319/1408/1352
f 1240/1328/1277 1241/1329/1278 1321/1410/1354 1320/1409/1353
f 1241/1329/1278 1242/1330/1279 1322/1411/1355 1321/1410/1354
f 1242/1330/1279 1243/1331/88 1323/1412/1356 1322/1411/1355
f 1243/1331/88 1244/1332/1280 1324/1413/1357 1323/1412/1356
f 1244/1332/1280 1245/1333/1281 1325/1414/1358 1324/1413/1357
f 1245/1333/1281 1246/1334/1282 1326/1415/1359 1325/1414/1358
f 1246/1334/1282 1247/1335/1283 1327/1416/1360 1326/1415/1359
f 1247/1335/1283 1248/1336/1284 1328/1417/1361 1327/1416/1360
f 1248/1336/1284 1249/1337/100 1329/1418/1362 1328/1417/1361
f 1249/1337/100 1250/1338/1285 1330/1419/1363 1329/1418/1362
f 1250/1338/1285 1251/1339/1286 1331/1420/1364 1330/1419/1363
f 1251/1339/1286 1252/1340/106 1332/1421/1365 1331/1420/1364
f 1252/1340/106 1253/1341/1287 1333/1422/1366 1332/1421/1365
f 1253/1341/1287 1254/1342/1288 1334/1423/1367 1333/1422/1366
f 1254/1342/1288 1255/1343/1289 1335/1424/1368 1334/1423/1367
f 1255/1343/1289 1256/1344/1290 1336/1425/1369 1335/1424/1368
f 1256/1344/1290 1257/1345/1291 1337/1426/1370 1336/1425/1369
f 1257/1345/1291 1258/1346/1292 1338/1427/1371 1337/1426/1370
f 1258/1346/1292 1259/1347/1293 1339/1428/1372 1338/1427/1371
f 1259/1347/1293 1260/1348/1294 1340/1429/1373 1339/1428/1372
f 1260/1348/1294 1261/1349/1295 1341/1430/1374 1340/1429/1373
f 1261/1349/1295 1262/1350/1296 1342/1431/1375 1341/1430/1374
f 1262/1350/1296 1263/1351/1297 1343/1432/1376 1342/1431/1375
f 1263/1351/1297 1264/1352/1298 1344/1433/1377 1343/1432/1376
f 1264/1352/1298 1265/1353/1299 1345/1434/1378 1344/1433/1377
f 1265/1353/1299 1266/1354/1300 1346/1435/1379 1345/1434/1378
f 1266/1354/1300 1267/1355/1301 1347/1436/1380 1346/1435/1379
f 1267/1355/1301 1268/1356/1302 1348/1437/1381 1347/1436/1380
f 1268/1356/1302 1269/1357/1303 1349/1438/1382 1348/1437/1381
f 1269/1357/1303 1270/1358/1304 1350/1439/1383 1349/1438/1382
f 1270/1358/1304 1271/1359/1305 1351/1440/1384 1350/1439/1383
f 1271/1359/1305 1272/1360/1306 1352/1441/1385 1351/1440/1384
f 1272/1360/1306 1273/1361/148 1353/1442/1386 1352/1441/1385
f 1273/1361/148 1274/1362/1307 1354/1443/1387 1353/1442/1386
f 1274/1362/1307 1275/1363/1308 1355/1444/1388 1354/1443/1387
f 1275/1363/1308 1276/1364/1309 1356/1445/1389 1355/1444/1388
f 1276/1364/1309 1277/1365/1310 1357/1446/1390 1356/1445/1389
f 1277/1365/1310 1278/1366/1311 1358/1447/1391 1357/1446/1390
f 1278/1366/1311 1279/1367/1312 1359/1448/1392 1358/1447/1391
f 1279/1367/1312 1280/1368/1313 1360/1449/1393 1359/1448/1392
f 1280/1368/1313 1281/1369/1314 1361/1450/1394 1360/1449/1393
f 1281/1369/1314 1202/1370/1243 1282/1451/1316 1361/1450/1394
f 1282/1372/1316 1363/1452/1395 1362/1453/246
f 1282/1372/1316 1283/1371/1315 1363/1452/1395
f 1283/1371/1396 1364/1454/1397 1363/1452/1395
f 1283/1371/1315 1365/1455/1398 1364/1454/1399
f 1283/1371/1315 1366/1456/1400 1365/1455/1398
f 1283/1371/1315 1284/1373/1317 1366/1456/1400
f 1284/1373/1317 1367/1457/1401 1366/1456/1400
f 1284/1373/1317 1368/1458/1402 1367/1457/1401
f 1284/1373/1317 1369/1459/1403 1368/1458/1404
f 1284/1373/1317 1285/1374/1318 1369/1459/1403
f 1285/1374/1318 1370/1460/256 1369/1459/1403
f 1285/1374/1318 1371/1461/1405 1370/1460/256
f 1285/1374/1318 1372/1462/1406 1371/1461/1405
f 1285/1374/1318 1286/1375/1407 1372/1462/1406
f 1286/1375/1319 1373/1463/1408 1372/1462/1409
f 1286/1375/1319 1374/1464/262 1373/1463/1408
f 1286/1375/1319 1375/1465/1410 1374/1464/262
f 1286/1375/1319 1287/1376/1320 1375/1465/1410
f 1287/1376/1411 1376/1466/1412 1375/1465/1410
f 1287/1376/1320 1377/1467/1413 1376/1466/1414
f 1287/1376/1320 1378/1468/1415 1377/1467/1413
f 1287/1376/1320 1288/1377/1321 1378/1468/1415
f 1288/1377/1321 1379/1469/1416 1378/1468/1415
f 1288/1377/1321 1380/1470/1417 1379/1469/1416
f 1288/1377/1321 1381/1471/1418 1380/1470/1419
f 1288/1377/1321 1289/1378/1322 1381/1471/1418
f 1289/1378/1322 1382/1472/1420 1381/1471/1418
f 1289/1378/1322 1383/1473/1421 1382/1472/1420
f 1289/1378/1322 1384/1474/1422 1383/1473/1421
f 1289/1378/1322 1290/1379/1423 1384/1474/1422
f 1290/1379/1323 1385/1475/1424 1384/1474/1425
f 1290/1379/1323 1386/1476/279 1385/1475/1424
f 1290/1379/1323 1387/1477/1426 1386/1476/279
f 1290/1379/1323 1291/1380/1324 1387/1477/1426
f 1291/1380/1427 1388/1478/1428 1387/1477/1426
f 1291/1380/1324 1389/1479/1429 1388/1478/1430
f 1291/1380/1324 1390/1480/1431 1389/1479/1429
f 1291/1380/1324 1292/1381/1325 1390/1480/1431
f 1292/1381/1325 1391/1481/1432 1390/1480/1431
f 1292/1381/1325 1392/1482/1433 1391/1481/1432
f 1292/1381/1325 1393/1483/1434 1392/1482/1435
f 1292/1381/1325 1293/1382/1326 1393/1483/1434
f 1293/1382/1326 1394/1484/290 1393/1483/1434
f 1293/1382/1326 1395/1485/1436 1394/1484/290
f 1293/1382/1326 1396/1486/1437 1395/1485/1436
f 1293/1382/1326 1294/1383/1438 1396/1486/1437
f 1294/1383/1327 1397/1487/1439 1396/1486/1440
f 1294/1383/1327 1398/1488/296 1397/1487/1439
f 1294/1383/1327 1399/1489/1441 1398/1488/296
f 1294/1383/1327 1295/1384/1328 1399/1489/1441
f 1295/1384/1442 1400/1490/1443 1399/1489/1441
f 1295/1384/1328 1401/1491/1444 1400/1490/1445
f 1295/1384/1328 1402/1492/1446 1401/1491/1444
f 1295/1384/1328 1296/1385/1329 1402/1492/1446
f 1296/1385/1329 1403/1493/1447 1402/1492/1446
f 1296/1385/1329 1404/1494/1448 1403/1493/1447
f 1296/1385/1329 1405/1495/1449 1404/1494/1450
f 1296/1385/1329 1297/1386/1330 1405/1495/1449
f 1297/1386/1330 1406/1496/1451 1405/1495/1449
f 1297/1386/1330 1407/1497/1452 1406/1496/1451
f 1297/1386/1330 1408/1498/1453 1407/1497/1452
f 1297/1386/1330 1298/1387/1454 1408/1498/1453
f 1298/1387/1331 1409/1499/1455 1408/1498/1456
f 1298/1387/1331 1410/1500/313 1409/1499/1455
f 1298/1387/1331 1411/1501/1457 1410/1500/313
f 1298/1387/1331 1299/1388/1332 1411/1501/1457
f 1299/1388/1458 1412/1502/1459 1411/1501/1457
f 1299/1388/1332 1413/1503/1460 1412/1502/1461
f 1299/1388/1332 1414/1504/1462 1413/1503/1460
f 1299/1388/1332 1300/1389/1333 1414/1504/1462
f 1300/1389/1333 1415/1505/1463 1414/1504/1462
f 1300/1389/1333 1416/1506/1464 1415/1505/1463
f 1300/1389/1333 1417/1507/1465 1416/1506/1466
f 1300/1389/1333 1301/1390/1334 1417/1507/1465
f 1301/1390/1334 1418/1508/1467 1417/1507/1465
f 1301/1390/1334 1419/1509/1468 1418/1508/1467
f 1301/1390/1334 1420/1510/1469 1419/1509/1468
f 1301/1390/1334 1302/1391/1470 1420/1510/1469
f 1302/1391/1335 1421/1511/1471 1420/1510/1472
f 1302/1391/1335 1422/1512/330 1421/1511/1471
f 1302/1391/1335 1423/1513/1473 1422/1512/330
f 1302/1391/1335 1303/1392/1336 1423/1513/1473
f 1303/1392/1474 1424/1514/1475 1423/1513/1473
f 1303/1392/1336 1425/1515/1476 1424/1514/1477
f 1303/1392/1336 1426/1516/1478 1425/1515/1476
f 1303/1392/1336 1304/1393/1337 1426/1516/1478
f 1304/1393/1337 1427/1517/1479 1426/1516/1478
f 1304/1393/1337 1428/1518/1480 1427/1517/1479
f 1304/1393/1337 1429/1519/1481 1428/1518/1482
f 1304/1393/1337 1305/1394/1338 1429/1519/1481
f 1305/1394/1338 1430/1520/341 1429/1519/1481
f 1305/1394/1338 1431/1521/1483 1430/1520/341
f 1305/1394/1338 1432/1522/1484 1431/1521/1483
f 1305/1394/1338 1306/1395/1485 1432/1522/1484
f 1306/1395/1339 1433/1523/1486 1432/1522/1487
f 1306/1395/1339 1434/1524/347 1433/1523/1486
f 1306/1395/1339 1435/1525/1488 1434/1524/347
f 1306/1395/1339 1307/1396/1340 1435/1525/1488
f 1307/1396/1489 1436/1526/1490 1435/1525/1488
f 1307/1396/1340 1437/1527/1491 1436/1526/1492
f 1307/1396/1340 1438/1528/1493 1437/1527/1491
f 1307/1396/1340 1308/1397/1341 1438/1528/1493
f 1308/1397/1341 1439/1529/1494 1438/1528/1493
f 1308/1397/1341 1440/1530/1495 1439/1529/1494
f 1308/1397/1341 1441/1531/1496 1440/1530/1497
f 1308/1397/1341 1309/1398/1342 1441/1531/1496
f 1309/1398/1342 1442/1532/1498 1441/1531/1496
f 1309/1398/1342 1443/1533/1499 1442/1532/1498
f 1309/1398/1342 1444/1534/1500 1443/1533/1499
f 1309/1398/1342 1310/1399/1501 1444/1534/1500
f 1310/1399/1343 1445/1535/1502 1444/1534/1503
f 1310/1399/1343 1446/1536/364 1445/1535/1502
f 1310/1399/1343 1447/1537/1504 1446/1536/364
f 1310/1399/1343 1311/1400/1344 1447/1537/1504
f 1311/1400/1505 1448/1538/1506 1447/1537/1504
f 1311/1400/1344 1449/1539/1507 1448/1538/1508
f 1311/1400/1344 1450/1540/1509 1449/1539/1507
f 1311/1400/1344 1312/1401/1345 1450/1540/1509
f 1312/1401/1345 1451/1541/1510 1450/1540/1509
f 1312/1401/1345 1452/1542/1511 1451/1541/1510
f 1312/1401/1345 1453/1543/1512 1452/1542/1513
f 1312/1401/1345 1313/1402/1346 1453/1543/1512
f 1313/1402/1346 1454/1544/375 1453/1543/1512
f 1313/1402/1346 1455/1545/1514 1454/1544/375
f 1313/1402/1346 1456/1546/1515 1455/1545/1514
f 1313/1402/1346 1314/1403/1516 1456/1546/1515
f 1314/1403/1347 1457/1547/1517 1456/1546/1518
f 1314/1403/1347 1458/1548/381 1457/1547/1517
f 1314/1403/1347 1459/1549/1519 1458/1548/381
f 1314/1403/1347 1315/1404/1348 1459/1549/1519
f 1315/1404/1520 1460/1550/1521 1459/1549/1519
f 1315/1404/1348 1461/1551/1522 1460/1550/1523
f 1315/1404/1348 1462/1552/1524 1461/1551/1522
f 1315/1404/1348 1316/1405/1349 1462/1552/1524
f 1316/1405/1349 1463/1553/1525 1462/1552/1524
f 1316/1405/1349 1464/1554/1526 1463/1553/1525
f 1316/1405/1349 1465/1555/1527 1464/1554/1528
f 1316/1405/1349 1317/1406/1350 1465/1555/1527
f 1317/1406/1350 1466/1556/1529 1465/1555/1527
f 1317/1406/1350 1467/1557/1530 1466/1556/1529
f 1317/1406/1350 1468/1558/1531 1467/1557/1530
f 1317/1406/1350 1318/1407/1532 1468/1558/1531
f 1318/1407/1351 1469/1559/1533 1468/1558/1534
f 1318/1407/1351 1470/1560/398 1469/1559/1533
f 1318/1407/1351 1471/1561/1535 1470/1560/398
f 1318/1407/1351 1319/1408/1352 1471/1561/1535
f 1319/1408/1536 1472/1562/1537 1471/1561/1535
f 1319/1408/1352 1473/1563/1538 1472/1562/1539
f 1319/1408/1352 1474/1564/1540 1473/1563/1538
f 1319/1408/1352 1320/1409/1353 1474/1564/1540
f 1320/1409/1353 1475/1565/1541 1474/1564/1540
f 1320/1409/1353 1476/1566/1542 1475/1565/1541
f 1320/1409/1353 1477/1567/1543 1476/1566/1544
f 1320/1409/1353 1321/1410/1354 1477/1567/1543
f 1321/1410/1354 1478/1568/409 1477/1567/1543
f 1321/1410/1354 1479/1569/1545 1478/1568/409
f 1321/1410/1354 1480/1570/1546 1479/1569/1545
f 1321/1410/1354 1322/1411/1547 1480/1570/1546
f 1322/1411/1355 1481/1571/1548 1480/1570/1549
f 1322/1411/1355 1482/1572/415 1481/1571/1548
f 1322/1411/1355 1483/1573/1550 1482/1572/415
f 1322/1411/1355 1323/1412/1356 1483/1573/1550
f 1323/1412/1551 1484/1574/1552 1483/1573/1550
f 1323/1412/1356 1485/1575/1553 1484/1574/1554
f 1323/1412/1356 1486/1576/1555 1485/1575/1553
f 1323/1412/1356 1324/1413/1357 1486/1576/1555
f 1324/1413/1357 1487/1577/1556 1486/1576/1555
f 1324/1413/1357 1488/1578/1557 1487/1577/1556
f 1324/1413/1357 1489/1579/1558 1488/1578/1559
f 1324/1413/1357 1325/1414/1358 1489/1579/1558
f 1325/1414/1358 1490/1580/426 1489/1579/1558
f 1325/1414/1358 1491/1581/1560 1490/1580/426
f 1325/1414/1358 1492/1582/1561 1491/1581/1560
f 1325/1414/1358 1326/1415/1562 1492/1582/1561
f 1326/1415/1359 1493/1583/1563 1492/1582/1564
f 1326/1415/1359 1494/1584/432 1493/1583/1563
f 1326/1415/1359 1495/1585/1565 1494/1584/432
f 1326/1415/1359 1327/1416/1360 1495/1585/1565
f 1327/1416/1566 1496/1586/1567 1495/1585/1565
f 1327/1416/1360 1497/1587/1568 1496/1586/1569
f 1327/1416/1360 1498/1588/1570 1497/1587/1568
f 1327/1416/1360 1328/1417/1361 1498/1588/1570
f 1328/1417/1361 1499/1589/1571 1498/1588/1570
f 1328/1417/1361 1500/1590/1572 1499/1589/1571
f 1328/1417/1361 1501/1591/1573 1500/1590/1574
f 1328/1417/1361 1329/1418/1362 1501/1591/1573
f 1329/1418/1362 1502/1592/1575 1501/1591/1573
f 1329/1418/1362 1503/1593/1576 1502/1592/1575
f 1329/1418/1362 1504/1594/1577 1503/1593/1576
f 1329/1418/1362 1330/1419/1578 1504/1594/1577
f 1330/1419/1363 1505/1595/1579 1504/1594/1580
f 1330/1419/1363 1506/1596/449 1505/1595/1579
f 1330/1419/1363 1507/1597/1581 1506/1596/449
f 1330/1419/1363 1331/1420/1364 1507/1597/1581
f 1331/1420/1582 1508/1598/1583 1507/1597/1581
f 1331/1420/1364 1509/1599/1584 1508/1598/1585
f 1331/1420/1364 1510/1600/1586 1509/1599/1584
f 1331/1420/1364 1332/1421/1365 1510/1600/1586
f 1332/1421/1365 1511/1601/1587 1510/1600/1586
f 1332/1421/1365 1512/1602/1588 1511/1601/1587
f 1332/1421/1365 1513/1603/1589 1512/1602/1590
f 1332/1421/1365 1333/1422/1366 1513/1603/1589
f 1333/1422/1366 1514/1604/460 1513/1603/1589
f 1333/1422/1366 1515/1605/1591 1514/1604/460
f 1333/1422/1366 1516/1606/1592 1515/1605/1591
f 1333/1422/1366 1334/1423/1593 1516/1606/1592
f 1334/1423/1367 1517/1607/1594 1516/1606/1595
f 1334/1423/1367 1518/1608/466 1517/1607/1594
f 1334/1423/1367 1519/1609/1596 1518/1608/466
f 1334/1423/1367 1335/1424/1368 1519/1609/1596
f 1335/1424/1597 1520/1610/1598 1519/1609/1596
f 1335/1424/1368 1521/1611/1599 1520/1610/1600
f 1335/1424/1368 1522/1612/1601 1521/1611/1599
f 1335/1424/1368 1336/1425/1369 1522/1612/1601
f 1336/1425/1369 1523/1613/1602 1522/1612/1601
f 1336/1425/1369 1524/1614/1603 1523/1613/1602
f 1336/1425/1369 1525/1615/1604 1524/1614/1605
f 1336/1425/1369 1337/1426/1370 1525/1615/1604
f 1337/1426/1370 1526/1616/1606 1525/1615/1604
f 1337/1426/1370 1527/1617/1607 1526/1616/1606
f 1337/1426/1370 1528/1618/1608 1527/1617/1607
f 1337/1426/1370 1338/1427/1609 1528/1618/1608
f 1338/1427/1371 1529/1619/1610 1528/1618/1611
f 1338/1427/1371 1530/1620/483 1529/1619/1610
f 1338/1427/1371 1531/1621/1612 1530/1620/483
f 1338/1427/1371 1339/1428/1372 1531/1621/1612
f 1339/1428/1613 1532/1622/1614 1531/1621/1612
f 1339/1428/1372 1533/1623/1615 1532/1622/1616
f 1339/1428/1372 1534/1624/1617 1533/1623/1615
f 1339/1428/1372 1340/1429/1373 1534/1624/1617
f 1340/1429/1373 1535/1625/1618 1534/1624/1617
f 1340/1429/1373 1536/1626/1619 1535/1625/1618
f 1340/1429/1373 1537/1627/1620 1536/1626/1621
f 1340/1429/1373 1341/1430/1374 1537/1627/1620
f 1341/1430/1374 1538/1628/1622 1537/1627/1620
f 1341/1430/1374 1539/1629/1623 1538/1628/1622
f 1341/1430/1374 1540/1630/1624 1539/1629/1623
f 1341/1430/1374 1342/1431/1625 1540/1630/1624
f 1342/1431/1375 1541/1631/1626 1540/1630/1627
f 1342/1431/1375 1542/1632/500 1541/1631/1626
f 1342/1431/1375 1543/1633/1628 1542/1632/500
f 1342/1431/1375 1343/1432/1376 1543/1633/1628
f 1343/1432/1629 1544/1634/1630 1543/1633/1628
f 1343/1432/1376 1545/1635/1631 1544/1634/1632
f 1343/1432/1376 1546/1636/1633 1545/1635/1631
f 1343/1432/1376 1344/1433/1377 1546/1636/1633
f 1344/1433/1377 1547/1637/1634 1546/1636/1633
f 1344/1433/1377 1548/1638/1635 1547/1637/1634
f 1344/1433/1377 1549/1639/1636 1548/1638/1637
f 1344/1433/1377 1345/1434/1378 1549/1639/1636
f 1345/1434/1378 1550/1640/511 1549/1639/1636
f 1345/1434/1378 1551/1641/1638 1550/1640/511
f 1345/1434/1378 1552/1642/1639 1551/1641/1638
f 1345/1434/1378 1346/1435/1640 1552/1642/1639
f 1346/1435/1379 1553/1643/1641 1552/1642/1642
f 1346/1435/1379 1554/1644/517 1553/1643/1641
f 1346/1435/1379 1555/1645/1643 1554/1644/517
f 1346/1435/1379 1347/1436/1380 1555/1645/1643
f 1347/1436/1644 1556/1646/1645 1555/1645/1643
f 1347/1436/1380 1557/1647/1646 1556/1646/1647
f 1347/1436/1380 1558/1648/1648 1557/1647/1646
f 1347/1436/1380 1348/1437/1381 1558/1648/1648
f 1348/1437/1381 1559/1649/1649 1558/1648/1648
f 1348/1437/1381 1560/1650/1650 1559/1649/1649
f 1348/1437/1381 1561/1651/1651 1560/1650/1652
f 1348/1437/1381 1349/1438/1382 1561/1651/1651
f 1349/1438/1382 1562/1652/1653 1561/1651/1651
f 1349/1438/1382 1563/1653/1654 1562/1652/1653
f 1349/1438/1382 1564/1654/1655 1563/1653/1654
f 1349/1438/1382 1350/1439/1656 1564/1654/1655
f 1350/1439/1383 1565/1655/1657 1564/1654/1658
f 1350/1439/1383 1566/1656/534 1565/1655/1657
f 1350/1439/1383 1567/1657/1659 1566/1656/534
f 1350/1439/1383 1351/1440/1384 1567/1657/1659
f 1351/1440/1660 1568/1658/1661 1567/1657/1659
f 1351/1440/1384 1569/1659/1662 1568/1658/1663
f 1351/1440/1384 1570/1660/1664 1569/1659/1662
f 1351/1440/1384 1352/1441/1385 1570/1660/1664
f 1352/1441/1385 1571/1661/1665 1570/1660/1664
f 1352/1441/1385 1572/1662/1666 1571/1661/1665
f 1352/1441/1385 1573/1663/1667 1572/1662/1668
f 1352/1441/1385 1353/1442/1386 1573/1663/1667
f 1353/1442/1386 1574/1664/545 1573/1663/1667
f 1353/1442/1386 1575/1665/1669 1574/1664/545
f 1353/1442/1386 1576/1666/1670 1575/1665/1669
f 1353/1442/1386 1354/1443/1671 1576/1666/1670
f 1354/1443/1387 1577/1667/1672 1576/1666/1673
f 1354/1443/1387 1578/1668/551 1577/1667/1672
f 1354/1443/1387 1579/1669/1674 1578/1668/551
f 1354/1443/1387 1355/1444/1388 1579/1669/1674
f 1355/1444/1675 1580/1670/1676 1579/1669/1674
f 1355/1444/1388 1581/1671/1677 1580/1670/1678
f 1355/1444/1388 1582/1672/1679 1581/1671/1677
f 1355/1444/1388 1356/1445/1389 1582/1672/1679
f 1356/1445/1389 1583/1673/1680 1582/1672/1679
f 1356/1445/1389 1584/1674/1681 1583/1673/1680
f 1356/1445/1389 1585/1675/1682 1584/1674/1683
f 1356/1445/1389 1357/1446/1390 1585/1675/1682
f 1357/1446/1390 1586/1676/1684 1585/1675/1682
f 1357/1446/1390 1587/1677/1685 1586/1676/1684
f 1357/1446/1390 1588/1678/1686 1587/1677/1685
f 1357/1446/1390 1358/1447/1687 1588/1678/1686
f 1358/1447/1391 1589/1679/1688 1588/1678/1689
f 1358/1447/1391 1590/1680/568 1589/1679/1688
f 1358/1447/1391 1591/1681/1690 1590/1680/568
f 1358/1447/1391 1359/1448/1392 1591/1681/1690
f 1359/1448/1691 1592/1682/1692 1591/1681/1690
f 1359/1448/1392 1593/1683/1693 1592/1682/1694
f 1359/1448/1392 1594/1684/1695 1593/1683/1693
f 1359/1448/1392 1360/1449/1393 1594/1684/1695
f 1360/1449/1393 1595/1685/1696 1594/1684/1695
f 1360/1449/1393 1596/1686/1697 1595/1685/1696
f 1360/1449/1393 1597/1687/1698 1596/1686/1699
f 1360/1449/1393 1361/1450/1394 1597/1687/1698
f 1361/1450/1394 1598/1688/579 1597/1687/1698
f 1361/1450/1394 1599/1689/1700 1598/1688/579
f 1361/1450/1394 1600/1690/1701 1599/1689/1700
f 1361/1450/1394 1282/1451/1702 1600/1690/1701
f 1282/1451/1316 1601/1691/1703 1600/1690/1704
f 1282/1451/1316 1362/1692/246 1601/1691/1703
f 1362/1453/246 1363/1452/1395 1603/1693/1705 1602/1694/586
f 1363/1452/1395 1364/1454/1397 1604/1695/587 1603/1693/1705
f 1364/1454/1399 1365/1455/1398 1605/1696/1706 1604/1695/587
f 1365/1455/1398 1366/1456/1400 1606/1697/589 1605/1696/1706
f 1366/1456/1400 1367/1457/1401 1607/1698/1707 1606/1697/589
f 1367/1457/1401 1368/1458/1402 1608/1699/591 1607/1698/1707
f 1368/1458/1404 1369/1459/1403 1609/1700/1708 1608/1699/591
f 1369/1459/1403 1370/1460/256 1610/1701/593 1609/1700/1708
f 1370/1460/256 1371/1461/1405 1611/1702/1709 1610/1701/593
f 1371/1461/1405 1372/1462/1406 1612/1703/595 1611/1702/1709
f 1372/1462/1409 1373/1463/1408 1613/1704/1710 1612/1703/595
f 1373/1463/1408 1374/1464/262 1614/1705/597 1613/1704/1710
f 1374/1464/262 1375/1465/1410 1615/1706/1711 1614/1705/597
f 1375/1465/1410 1376/1466/1412 1616/1707/599 1615/1706/1711
f 1376/1466/1414 1377/1467/1413 1617/1708/1712 1616/1707/599
f 1377/1467/1413 1378/1468/1415 1618/1709/601 1617/1708/1712
f 1378/1468/1415 1379/1469/1416 1619/1710/1713 1618/1709/601
f 1379/1469/1416 1380/1470/1417 1620/1711/603 1619/1710/1713
f 1380/1470/1419 1381/1471/1418 1621/1712/1714 1620/1711/603
f 1381/1471/1418 1382/1472/1420 1622/1713/605 1621/1712/1714
f 1382/1472/1420 1383/1473/1421 1623/1714/1715 1622/1713/605
f 1383/1473/1421 1384/1474/1422 1624/1715/607 1623/1714/1715
f 1384/1474/1425 1385/1475/1424 1625/1716/1716 1624/1715/607
f 1385/1475/1424 1386/1476/279 1626/1717/609 1625/1716/1716
f 1386/1476/279 1387/1477/1426 1627/1718/1717 1626/1717/609
f 1387/1477/1426 1388/1478/1428 1628/1719/611 1627/1718/1717
f 1388/1478/1430 1389/1479/1429 1629/1720/1718 1628/1719/611
f 1389/1479/1429 1390/1480/1431 1630/1721/1719 1629/1720/1718
f 1390/1480/1431 1391/1481/1432 1631/1722/1720 1630/1721/1719
f 1391/1481/1432 1392/1482/1433 1632/1723/615 1631/1722/1720
f 1392/1482/1435 1393/1483/1434 1633/1724/1721 1632/1723/615
f 1393/1483/1434 1394/1484/290 1634/1725/1722 1633/1724/1721
f 1394/1484/290 1395/1485/1436 1635/1726/1723 1634/1725/1722
f 1395/1485/1436 1396/1486/1437 1636/1727/619 1635/1726/1723
f 1396/1486/1440 1397/1487/1439 1637/1728/1724 1636/1727/619
f 1397/1487/1439 1398/1488/296 1638/1729/621 1637/1728/1724
f 1398/1488/296 1399/1489/1441 1639/1730/1725 1638/1729/621
f 1399/1489/1441 1400/1490/1443 1640/1731/623 1639/1730/1725
f 1400/1490/1445 1401/1491/1444 1641/1732/1726 1640/1731/623
f 1401/1491/1444 1402/1492/1446 1642/1733/625 1641/1732/1726
f 1402/1492/1446 1403/1493/1447 1643/1734/1727 1642/1733/625
f 1403/1493/1447 1404/1494/1448 1644/1735/627 1643/1734/1727
f 1404/1494/1450 1405/1495/1449 1645/1736/1728 1644/1735/627
f 1405/1495/1449 1406/1496/1451 1646/1737/629 1645/1736/1728
f 1406/1496/1451 1407/1497/1452 1647/1738/1729 1646/1737/629
f 1407/1497/1452 1408/1498/1453 1648/1739/1730 1647/1738/1729
f 1408/1498/1456 1409/1499/1455 1649/1740/1731 1648/1739/1730
f 1409/1499/1455 1410/1500/313 1650/1741/633 1649/1740/1731
f 1410/1500/313 1411/1501/1457 1651/1742/1732 1650/1741/633
f 1411/1501/1457 1412/1502/1459 1652/1743/635 1651/1742/1732
f 1412/1502/1461 1413/1503/1460 1653/1744/1733 1652/1743/635
f 1413/1503/1460 1414/1504/1462 1654/1745/637 1653/1744/1733
f 1414/1504/1462 1415/1505/1463 1655/1746/1734 1654/1745/637
f 1415/1505/1463 1416/1506/1464 1656/1747/1735 1655/1746/1734
f 1416/1506/1466 1417/1507/1465 1657/1748/1736 1656/1747/1735
f 1417/1507/1465 1418/1508/1467 1658/1749/641 1657/1748/1736
f 1418/1508/1467 1419/1509/1468 1659/1750/1737 1658/1749/641
f 1419/1509/1468 1420/1510/1469 1660/1751/643 1659/1750/1737
f 1420/1510/1472 1421/1511/1471 1661/1752/1738 1660/1751/643
f 1421/1511/1471 1422/1512/330 1662/1753/645 1661/1752/1738
f 1422/1512/330 1423/1513/1473 1663/1754/1739 1662/1753/645
f 1423/1513/1473 1424/1514/1475 1664/1755/647 1663/1754/1739
f 1424/1514/1477 1425/1515/1476 1665/1756/1740 1664/1755/647
f 1425/1515/1476 1426/1516/1478 1666/1757/649 1665/1756/1740
f 1426/1516/1478 1427/1517/1479 1667/1758/1741 1666/1757/649
f 1427/1517/1479 1428/1518/1480 1668/1759/651 1667/1758/1741
f 1428/1518/1482 1429/1519/1481 1669/1760/1742 1668/1759/651
f 1429/1519/1481 1430/1520/341 1670/1761/653 1669/1760/1742
f 1430/1520/341 1431/1521/1483 1671/1762/1743 1670/1761/653
f 1431/1521/1483 1432/1522/1484 1672/1763/655 1671/1762/1743
f 1432/1522/1487 1433/1523/1486 1673/1764/1744 1672/1763/655
f 1433/1523/1486 1434/1524/347 1674/1765/657 1673/1764/1744
f 1434/1524/347 1435/1525/1488 1675/1766/1745 1674/1765/657
f 1435/1525/1488 1436/1526/1490 1676/1767/1746 1675/1766/1745
f 1436/1526/1492 1437/1527/1491 1677/1768/1747 1676/1767/1746
f 1437/1527/1491 1438/1528/1493 1678/1769/661 1677/1768/1747
f 1438/1528/1493 1439/1529/1494 1679/1770/1748 1678/1769/661
f 1439/1529/1494 1440/1530/1495 1680/1771/663 1679/1770/1748
f 1440/1530/1497 1441/1531/1496 1681/1772/1749 1680/1771/663
f 1441/1531/1496 1442/1532/1498 1682/1773/665 1681/1772/1749
f 1442/1532/1498 1443/1533/1499 1683/1774/1750 1682/1773/665
f 1443/1533/1499 1444/1534/1500 1684/1775/667 1683/1774/1750
f 1444/1534/1503 1445/1535/1502 1685/1776/1751 1684/1775/667
f 1445/1535/1502 1446/1536/364 1686/1777/669 1685/1776/1751
f 1446/1536/364 1447/1537/1504 1687/1778/1752 1686/1777/669
f 1447/1537/1504 1448/1538/1506 1688/1779/671 1687/1778/1752
f 1448/1538/1508 1449/1539/1507 1689/1780/1753 1688/1779/671
f 1449/1539/1507 1450/1540/1509 1690/1781/1754 1689/1780/1753
f 1450/1540/1509 1451/1541/1510 1691/1782/1755 1690/1781/1754
f 1451/1541/1510 1452/1542/1511 1692/1783/675 1691/1782/1755
f 1452/1542/1513 1453/1543/1512 1693/1784/1756 1692/1783/675
f 1453/1543/1512 1454/1544/375 1694/1785/1757 1693/1784/1756
f 1454/1544/375 1455/1545/1514 1695/1786/1758 1694/1785/1757
f 1455/1545/1514 1456/1546/1515 1696/1787/679 1695/1786/1758
f 1456/1546/1518 1457/1547/1517 1697/1788/1759 1696/1787/679
f 1457/1547/1517 1458/1548/381 1698/1789/681 1697/1788/1759
f 1458/1548/381 1459/1549/1519 1699/1790/1760 1698/1789/681
f 1459/1549/1519 1460/1550/1521 1700/1791/683 1699/1790/1760
f 1460/1550/1523 1461/1551/1522 1701/1792/1761 1700/1791/683
f 1461/1551/1522 1462/1552/1524 1702/1793/685 1701/1792/1761
f 1462/1552/1524 1463/1553/1525 1703/1794/1762 1702/1793/685
f 1463/1553/1525 1464/1554/1526 1704/1795/687 1703/1794/1762
f 1464/1554/1528 1465/1555/1527 1705/1796/1763 1704/1795/687
f 1465/1555/1527 1466/1556/1529 1706/1797/689 1705/1796/1763
f 1466/1556/1529 1467/1557/1530 1707/1798/1764 1706/1797/689
f 1467/1557/1530 1468/1558/1531 1708/1799/691 1707/1798/1764
f 1468/1558/1534 1469/1559/1533 1709/1800/1765 1708/1799/691
f 1469/1559/1533 1470/1560/398 1710/1801/693 1709/1800/1765
f 1470/1560/398 1471/1561/1535 1711/1802/1766 1710/1801/693
f 1471/1561/1535 1472/1562/1537 1712/1803/695 1711/1802/1766
f 1472/1562/1539 1473/1563/1538 1713/1804/1767 1712/1803/695
f 1473/1563/1538 1474/1564/1540 1714/1805/697 1713/1804/1767
f 1474/1564/1540 1475/1565/1541 1715/1806/1768 1714/1805/697
f 1475/1565/1541 1476/1566/1542 1716/1807/699 1715/1806/1768
f 1476/1566/1544 1477/1567/1543 1717/1808/1769 1716/1807/699
f 1477/1567/1543 1478/1568/409 1718/1809/701 1717/1808/1769
f 1478/1568/409 1479/1569/1545 1719/1810/1770 1718/1809/701
f 1479/1569/1545 1480/1570/1546 1720/1811/703 1719/1810/1770
f 1480/1570/1549 1481/1571/1548 1721/1812/1771 1720/1811/703
f 1481/1571/1548 1482/1572/415 1722/1813/705 1721/1812/1771
f 1482/1572/415 1483/1573/1550 1723/1814/1772 1722/1813/705
f 1483/1573/1550 1484/1574/1552 1724/1815/707 1723/1814/1772
f 1484/1574/1554 1485/1575/1553 1725/1816/1773 1724/1815/707
f 1485/1575/1553 1486/1576/1555 1726/1817/709 1725/1816/1773
f 1486/1576/1555 1487/1577/1556 1727/1818/1774 1726/1817/709
f 1487/1577/1556 1488/1578/1557 1728/1819/711 1727/1818/1774
f 1488/1578/1559 1489/1579/1558 1729/1820/1775 1728/1819/711
f 1489/1579/1558 1490/1580/426 1730/1821/713 1729/1820/1775
f 1490/1580/426 1491/1581/1560 1731/1822/1776 1730/1821/713
f 1491/1581/1560 1492/1582/1561 1732/1823/715 1731/1822/1776
f 1492/1582/1564 1493/1583/1563 1733/1824/1777 1732/1823/715
f 1493/1583/1563 1494/1584/432 1734/1825/717 1733/1824/1777
f 1494/1584/432 1495/1585/1565 1735/1826/1778 1734/1825/717
f 1495/1585/1565 1496/1586/1567 1736/1827/719 1735/1826/1778
f 1496/1586/1569 1497/1587/1568 1737/1828/1779 1736/1827/719
f 1497/1587/1568 1498/1588/1570 1738/1829/721 1737/1828/1779
f 1498/1588/1570 1499/1589/1571 1739/1830/1780 1738/1829/721
f 1499/1589/1571 1500/1590/1572 1740/1831/723 1739/1830/1780
f 1500/1590/1574 1501/1591/1573 1741/1832/1781 1740/1831/723
f 1501/1591/1573 1502/1592/1575 1742/1833/725 1741/1832/1781
f 1502/1592/1575 1503/1593/1576 1743/1834/1782 1742/1833/725
f 1503/1593/1576 1504/1594/1577 1744/1835/727 1743/1834/1782
f 1504/1594/1580 1505/1595/1579 1745/1836/1783 1744/1835/727
f 1505/1595/1579 1506/1596/449 1746/1837/729 1745/1836/1783
f 1506/1596/449 1507/1597/1581 1747/1838/1784 1746/1837/729
f 1507/1597/1581 1508/1598/1583 1748/1839/731 1747/1838/1784
f 1508/1598/1585 1509/1599/1584 1749/1840/1785 1748/1839/731
f 1509/1599/1584 1510/1600/1586 1750/1841/1786 1749/1840/1785
f 1510/1600/1586 1511/1601/1587 1751/1842/1787 1750/1841/1786
f 1511/1601/1587 1512/1602/1588 1752/1843/735 1751/1842/1787
f 1512/1602/1590 1513/1603/1589 1753/1844/1788 1752/1843/735
f 1513/1603/1589 1514/1604/460 1754/1845/1789 1753/1844/1788
f 1514/1604/460 1515/1605/1591 1755/1846/1790 1754/1845/1789
f 1515/1605/1591 1516/1606/1592 1756/1847/739 1755/1846/1790
f 1516/1606/1595 1517/1607/1594 1757/1848/1791 1756/1847/739
f 1517/1607/1594 1518/1608/466 1758/1849/741 1757/1848/1791
f 1518/1608/466 1519/1609/1596 1759/1850/1792 1758/1849/741
f 1519/1609/1596 1520/1610/1598 1760/1851/743 1759/1850/1792
f 1520/1610/1600 1521/1611/1599 1761/1852/1793 1760/1851/743
f 1521/1611/1599 1522/1612/1601 1762/1853/745 1761/1852/1793
f 1522/1612/1601 1523/1613/1602 1763/1854/1794 1762/1853/745
f 1523/1613/1602 1524/1614/1603 1764/1855/747 1763/1854/1794
f 1524/1614/1605 1525/1615/1604 1765/1856/1795 1764/1855/747
f 1525/1615/1604 1526/1616/1606 1766/1857/749 1765/1856/1795
f 1526/1616/1606 1527/1617/1607 1767/1858/1796 1766/1857/749
f 1527/1617/1607 1528/1618/1608 1768/1859/1797 1767/1858/1796
f 1528/1618/1611 1529/1619/1610 1769/1860/1798 1768/1859/1797
f 1529/1619/1610 1530/1620/483 1770/1861/753 1769/1860/1798
f 1530/1620/483 1531/1621/1612 1771/1862/1799 1770/1861/753
f 1531/1621/1612 1532/1622/1614 1772/1863/755 1771/1862/1799
f 1532/1622/1616 1533/1623/1615 1773/1864/1800 1772/1863/755
f 1533/1623/1615 1534/1624/1617 1774/1865/757 1773/1864/1800
f 1534/1624/1617 1535/1625/1618 1775/1866/1801 1774/1865/757
f 1535/1625/1618 1536/1626/1619 1776/1867/1802 1775/1866/1801
f 1536/1626/1621 1537/1627/1620 1777/1868/1803 1776/1867/1802
f 1537/1627/1620 1538/1628/1622 1778/1869/761 1777/1868/1803
f 1538/1628/1622 1539/1629/1623 1779/1870/1804 1778/1869/761
f 1539/1629/1623 1540/1630/1624 1780/1871/763 1779/1870/1804
f 1540/1630/1627 1541/1631/1626 1781/1872/1805 1780/1871/763
f 1541/1631/1626 1542/1632/500 1782/1873/765 1781/1872/1805
f 1542/1632/500 1543/1633/1628 1783/1874/1806 1782/1873/765
f 1543/1633/1628 1544/1634/1630 1784/1875/767 1783/1874/1806
f 1544/1634/1632 1545/1635/1631 1785/1876/1807 1784/1875/767
f 1545/1635/1631 1546/1636/1633 1786/1877/769 1785/1876/1807
f 1546/1636/1633 1547/1637/1634 1787/1878/1808 1786/1877/769
f 1547/1637/1634 1548/1638/1635 1788/1879/771 1787/1878/1808
f 1548/1638/1637 1549/1639/1636 1789/1880/1809 1788/1879/771
f 1549/1639/1636 1550/1640/511 1790/1881/773 1789/1880/1809
f 1550/1640/511 1551/1641/1638 1791/1882/1810 1790/1881/773
f 1551/1641/1638 1552/1642/1639 1792/1883/775 1791/1882/1810
f 1552/1642/1642 1553/1643/1641 1793/1884/1811 1792/1883/775
f 1553/1643/1641 1554/1644/517 1794/1885/777 1793/1884/1811
f 1554/1644/517 1555/1645/1643 1795/1886/1812 1794/1885/777
f 1555/1645/1643 1556/1646/1645 1796/1887/1813 1795/1886/1812
f 1556/1646/1647 1557/1647/1646 1797/1888/1814 1796/1887/1813
f 1557/1647/1646 1558/1648/1648 1798/1889/781 1797/1888/1814
f 1558/1648/1648 1559/1649/1649 1799/1890/1815 1798/1889/781
f 1559/1649/1649 1560/1650/1650 1800/1891/783 1799/1890/1815
f 1560/1650/1652 1561/1651/1651 1801/1892/1816 1800/1891/783
f 1561/1651/1651 1562/1652/1653 1802/1893/785 1801/1892/1816
f 1562/1652/1653 1563/1653/1654 1803/1894/1817 1802/1893/785
f 1563/1653/1654 1564/1654/1655 1804/1895/787 1803/1894/1817
f 1564/1654/1658 1565/1655/1657 1805/1896/1818 1804/1895/787
f 1565/1655/1657 1566/1656/534 1806/1897/789 1805/1896/1818
f 1566/1656/534 1567/1657/1659 1807/1898/1819 1806/1897/789
f 1567/1657/1659 1568/1658/1661 1808/1899/791 1807/1898/1819
f 1568/1658/1663 1569/1659/1662 1809/1900/1820 1808/1899/791
f 1569/1659/1662 1570/1660/1664 1810/1901/1821 1809/1900/1820
f 1570/1660/1664 1571/1661/1665 1811/1902/1822 1810/1901/1821
f 1571/1661/1665 1572/1662/1666 1812/1903/795 1811/1902/1822
f 1572/1662/1668 1573/1663/1667 1813/1904/1823 1812/1903/795
f 1573/1663/1667 1574/1664/545 1814/1905/1824 1813/1904/1823
f 1574/1664/545 1575/1665/1669 1815/1906/1825 1814/1905/1824
f 1575/1665/1669 1576/1666/1670 1816/1907/799 1815/1906/1825
f 1576/1666/1673 1577/1667/1672 1817/1908/1826 1816/1907/799
f 1577/1667/1672 1578/1668/551 1818/1909/801 1817/1908/1826
f 1578/1668/551 1579/1669/1674 1819/1910/1827 1818/1909/801
f 1579/1669/1674 1580/1670/1676 1820/1911/803 1819/1910/1827
f 1580/1670/1678 1581/1671/1677 1821/1912/1828 1820/1911/803
f 1581/1671/1677 1582/1672/1679 1822/1913/805 1821/1912/1828
f 1582/1672/1679 1583/1673/1680 1823/1914/1829 1822/1913/805
f 1583/1673/1680 1584/1674/1681 1824/1915/807 1823/1914/1829
f 1584/1674/1683 1585/1675/1682 1825/1916/1830 1824/1915/807
f 1585/1675/1682 1586/1676/1684 1826/1917/809 1825/1916/1830
f 1586/1676/1684 1587/1677/1685 1827/1918/1831 1826/1917/809
f 1587/1677/1685 1588/1678/1686 1828/1919/811 1827/1918/1831
f 1588/1678/1689 1589/1679/1688 1829/1920/1832 1828/1919/811
f 1589/1679/1688 1590/1680/568 1830/1921/813 1829/1920/1832
f 1590/1680/568 1591/1681/1690 1831/1922/1833 1830/1921/813
f 1591/1681/1690 1592/1682/1692 1832/1923/815 1831/1922/1833
f 1592/1682/1694 1593/1683/1693 1833/1924/1834 1832/1923/815
f 1593/1683/1693 1594/1684/1695 1834/1925/817 1833/1924/1834
f 1594/1684/1695 1595/1685/1696 1835/1926/1835 1834/1925/817
f 1595/1685/1696 1596/1686/1697 1836/1927/819 1835/1926/1835
f 1596/1686/1699 1597/1687/1698 1837/1928/1836 1836/1927/819
f 1597/1687/1698 1598/1688/579 1838/1929/821 1837/1928/1836
f 1598/1688/579 1599/1689/1700 1839/1930/1837 1838/1929/821
f 1599/1689/1700 1600/1690/1701 1840/1931/823 1839/1930/1837
f 1600/1690/1704 1601/1691/1703 1841/1932/1838 1840/1931/823
f 1601/1691/1703 1362/1692/246 1602/1933/586 1841/1932/1838
f 1602/1694/586 1603/1693/1705 1843/1934/1839 1842/1935/826
f 1603/1693/1705 1604/1695/587 1844/1936/1840 1843/1934/1839
f 1604/1695/587 1605/1696/1706 1845/1937/1841 1844/1936/1840
f 1605/1696/1706 1606/1697/589 1846/1938/1842 1845/1937/1841
f 1606/1697/589 1607/1698/1707 1847/1939/1843 1846/1938/1842
f 1607/1698/1707 1608/1699/591 1848/1940/831 1847/1939/1843
f 1608/1699/591 1609/1700/1708 1849/1941/1844 1848/1940/831
f 1609/1700/1708 1610/1701/593 1850/1942/1845 1849/1941/1844
f 1610/1701/593 1611/1702/1709 1851/1943/1846 1850/1942/1845
f 1611/1702/1709 1612/1703/595 1852/1944/1847 1851/1943/1846
f 1612/1703/595 1613/1704/1710 1853/1945/1848 1852/1944/1847
f 1613/1704/1710 1614/1705/597 1854/1946/837 1853/1945/1848
f 1614/1705/597 1615/1706/1711 1855/1947/1849 1854/1946/837
f 1615/1706/1711 1616/1707/599 1856/1948/1850 1855/1947/1849
f 1616/1707/599 1617/1708/1712 1857/1949/1851 1856/1948/1850
f 1617/1708/1712 1618/1709/601 1858/1950/1852 1857/1949/1851
f 1618/1709/601 1619/1710/1713 1859/1951/1853 1858/1950/1852
f 1619/1710/1713 1620/1711/603 1860/1952/843 1859/1951/1853
f 1620/1711/603 1621/1712/1714 1861/1953/1854 1860/1952/843
f 1621/1712/1714 1622/1713/605 1862/1954/1855 1861/1953/1854
f 1622/1713/605 1623/1714/1715 1863/1955/1856 1862/1954/1855
f 1623/1714/1715 1624/1715/607 1864/1956/1857 1863/1955/1856
f 1624/1715/607 1625/1716/1716 1865/1957/1858 1864/1956/1857
f 1625/1716/1716 1626/1717/609 1866/1958/849 1865/1957/1858
f 1626/1717/609 1627/1718/1717 1867/1959/1859 1866/1958/849
f 1627/1718/1717 1628/1719/611 1868/1960/1860 1867/1959/1859
f 1628/1719/611 1629/1720/1718 1869/1961/1861 1868/1960/1860
f 1629/1720/1718 1630/1721/1719 1870/1962/1862 1869/1961/1861
f 1630/1721/1719 1631/1722/1720 1871/1963/1863 1870/1962/1862
f 1631/1722/1720 1632/1723/615 1872/1964/855 1871/1963/1863
f 1632/1723/615 1633/1724/1721 1873/1965/1864 1872/1964/855
f 1633/1724/1721 1634/1725/1722 1874/1966/1865 1873/1965/1864
f 1634/1725/1722 1635/1726/1723 1875/1967/1866 1874/1966/1865
f 1635/1726/1723 1636/1727/619 1876/1968/1867 1875/1967/1866
f 1636/1727/619 1637/1728/1724 1877/1969/1868 1876/1968/1867
f 1637/1728/1724 1638/1729/621 1878/1970/861 1877/1969/1868
f 1638/1729/621 1639/1730/1725 1879/1971/1869 1878/1970/861
f 1639/1730/1725 1640/1731/623 1880/1972/1870 1879/1971/1869
f 1640/1731/623 1641/1732/1726 1881/1973/1871 1880/1972/1870
f 1641/1732/1726 1642/1733/625 1882/1974/1872 1881/1973/1871
f 1642/1733/625 1643/1734/1727 1883/1975/1873 1882/1974/1872
f 1643/1734/1727 1644/1735/627 1884/1976/867 1883/1975/1873
f 1644/1735/627 1645/1736/1728 1885/1977/1874 1884/1976/867
f 1645/1736/1728 1646/1737/629 1886/1978/1875 1885/1977/1874
f 1646/1737/629 1647/1738/1729 1887/1979/1876 1886/1978/1875
f 1647/1738/1729 1648/1739/1730 1888/1980/1877 1887/1979/1876
f 1648/1739/1730 1649/1740/1731 1889/1981/1878 1888/1980/1877
f 1649/1740/1731 1650/1741/633 1890/1982/1879 1889/1981/1878
f 1650/1741/633 1651/1742/1732 1891/1983/1880 1890/1982/1879
f 1651/1742/1732 1652/1743/635 1892/1984/1881 1891/1983/1880
f 1652/1743/635 1653/1744/1733 1893/1985/1882 1892/1984/1881
f 1653/1744/1733 1654/1745/637 1894/1986/1883 1893/1985/1882
f 1654/1745/637 1655/1746/1734 1895/1987/1884 1894/1986/1883
f 1655/1746/1734 1656/1747/1735 1896/1988/879 1895/1987/1884
f 1656/1747/1735 1657/1748/1736 1897/1989/1885 1896/1988/879
f 1657/1748/1736 1658/1749/641 1898/1990/1886 1897/1989/1885
f 1658/1749/641 1659/1750/1737 1899/1991/1887 1898/1990/1886
f 1659/1750/1737 1660/1751/643 1900/1992/1888 1899/1991/1887
f 1660/1751/643 1661/1752/1738 1901/1993/1889 1900/1992/1888
f 1661/1752/1738 1662/1753/645 1902/1994/885 1901/1993/1889
f 1662/1753/645 1663/1754/1739 1903/1995/1890 1902/1994/885
f 1663/1754/1739 1664/1755/647 1904/1996/1891 1903/1995/1890
f 1664/1755/647 1665/1756/1740 1905/1997/1892 1904/1996/1891
f 1665/1756/1740 1666/1757/649 1906/1998/1893 1905/1997/1892
f 1666/1757/649 1667/1758/1741 1907/1999/1894 1906/1998/1893
f 1667/1758/1741 1668/1759/651 1908/2000/891 1907/1999/1894
f 1668/1759/651 1669/1760/1742 1909/2001/1895 1908/2000/891
f 1669/1760/1742 1670/1761/653 1910/2002/1896 1909/2001/1895
f 1670/1761/653 1671/1762/1743 1911/2003/1897 1910/2002/1896
f 1671/1762/1743 1672/1763/655 1912/2004/1898 1911/2003/1897
f 1672/1763/655 1673/1764/1744 1913/2005/1899 1912/2004/1898
f 1673/1764/1744 1674/1765/657 1914/2006/897 1913/2005/1899
f 1674/1765/657 1675/1766/1745 1915/2007/1900 1914/2006/897
f 1675/1766/1745 1676/1767/1746 1916/2008/1901 1915/2007/1900
f 1676/1767/1746 1677/1768/1747 1917/2009/1902 1916/2008/1901
f 1677/1768/1747 1678/1769/661 1918/2010/1903 1917/2009/1902
f 1678/1769/661 1679/1770/1748 1919/2011/1904 1918/2010/1903
f 1679/1770/1748 1680/1771/663 1920/2012/903 1919/2011/1904
f 1680/1771/663 1681/1772/1749 1921/2013/1905 1920/2012/903
f 1681/1772/1749 1682/1773/665 1922/2014/1906 1921/2013/1905
f 1682/1773/665 1683/1774/1750 1923/2015/1907 1922/2014/1906
f 1683/1774/1750 1684/1775/667 1924/2016/1908 1923/2015/1907
f 1684/1775/667 1685/1776/1751 1925/2017/1909 1924/2016/1908
f 1685/1776/1751 1686/1777/669 1926/2018/909 1925/2017/1909
f 1686/1777/669 1687/1778/1752 1927/2019/1910 1926/2018/909
f 1687/1778/1752 1688/1779/671 1928/2020/1911 1927/2019/1910
f 1688/1779/671 1689/1780/1753 1929/2021/1912 1928/2020/1911
f 1689/1780/1753 1690/1781/1754 1930/2022/1913 1929/2021/1912
f 1690/1781/1754 1691/1782/1755 1931/2023/1914 1930/2022/1913
f 1691/1782/1755 1692/1783/675 1932/2024/915 1931/2023/1914
f 1692/1783/675 1693/1784/1756 1933/2025/1915 1932/2024/915
f 1693/1784/1756 1694/1785/1757 1934/2026/1916 1933/2025/1915
f 1694/1785/1757 1695/1786/1758 1935/2027/1917 1934/2026/1916
f 1695/1786/1758 1696/1787/679 1936/2028/1918 1935/2027/1917
f 1696/1787/679 1697/1788/1759 1937/2029/1919 1936/2028/1918
f 1697/1788/1759 1698/1789/681 1938/2030/921 1937/2029/1919
f 1698/1789/681 1699/1790/1760 1939/2031/1920 1938/2030/921
f 1699/1790/1760 1700/1791/683 1940/2032/1921 1939/2031/1920
f 1700/1791/683 1701/1792/1761 1941/2033/1922 1940/2032/1921
f 1701/1792/1761 1702/1793/685 1942/2034/1923 1941/2033/1922
f 1702/1793/685 1703/1794/1762 1943/2035/1924 1942/2034/1923
f 1703/1794/1762 1704/1795/687 1944/2036/927 1943/2035/1924
f 1704/1795/687 1705/1796/1763 1945/2037/1925 1944/2036/927
f 1705/1796/1763 1706/1797/689 1946/2038/1926 1945/2037/1925
f 1706/1797/689 1707/1798/1764 1947/2039/1927 1946/2038/1926
f 1707/1798/1764 1708/1799/691 1948/2040/1928 1947/2039/1927
f 1708/1799/691 1709/1800/1765 1949/2041/1929 1948/2040/1928
f 1709/1800/1765 1710/1801/693 1950/2042/1930 1949/2041/1929
f 1710/1801/693 1711/1802/1766 1951/2043/1931 1950/2042/1930
f 1711/1802/1766 1712/1803/695 1952/2044/1932 1951/2043/1931
f 1712/1803/695 1713/1804/1767 1953/2045/1933 1952/2044/1932
f 1713/1804/1767 1714/1805/697 1954/2046/1934 1953/2045/1933
f 1714/1805/697 1715/1806/1768 1955/2047/1935 1954/2046/1934
f 1715/1806/1768 1716/1807/699 1956/2048/939 1955/2047/1935
f 1716/1807/699 1717/1808/1769 1957/2049/1936 1956/2048/939
f 1717/1808/1769 1718/1809/701 1958/2050/1937 1957/2049/1936
f 1718/1809/701 1719/1810/1770 1959/2051/1938 1958/2050/1937
f 1719/1810/1770 1720/1811/703 1960/2052/1939 1959/2051/1938
f 1720/1811/703 1721/1812/1771 1961/2053/1940 1960/2052/1939
f 1721/1812/1771 1722/1813/705 1962/2054/945 1961/2053/1940
f 1722/1813/705 1723/1814/1772 1963/2055/1941 1962/2054/945
f 1723/1814/1772 1724/1815/707 1964/2056/1942 1963/2055/1941
f 1724/1815/707 1725/1816/1773 1965/2057/1943 1964/2056/1942
f 1725/1816/1773 1726/1817/709 1966/2058/1944 1965/2057/1943
f 1726/1817/709 1727/1818/1774 1967/2059/1945 1966/2058/1944
f 1727/1818/1774 1728/1819/711 1968/2060/951 1967/2059/1945
f 1728/1819/711 1729/1820/1775 1969/2061/1946 1968/2060/951
f 1729/1820/1775 1730/1821/713 1970/2062/1947 1969/2061/1946
f 1730/1821/713 1731/1822/1776 1971/2063/1948 1970/2062/1947
f 1731/1822/1776 1732/1823/715 1972/2064/1949 1971/2063/1948
f 1732/1823/715 1733/1824/1777 1973/2065/1950 1972/2064/1949
f 1733/1824/1777 1734/1825/717 1974/2066/957 1973/2065/1950
f 1734/1825/717 1735/1826/1778 1975/2067/1951 1974/2066/957
f 1735/1826/1778 1736/1827/719 1976/2068/1952 1975/2067/1951
f 1736/1827/719 1737/1828/1779 1977/2069/1953 1976/2068/1952
f 1737/1828/1779 1738/1829/721 1978/2070/1954 1977/2069/1953
f 1738/1829/721 1739/1830/1780 1979/2071/1955 1978/2070/1954
f 1739/1830/1780 1740/1831/723 1980/2072/963 1979/2071/1955
f 1740/1831/723 1741/1832/1781 1981/2073/1956 1980/2072/963
f 1741/1832/1781 1742/1833/725 1982/2074/1957 1981/2073/1956
f 1742/1833/725 1743/1834/1782 1983/2075/1958 1982/2074/1957
f 1743/1834/1782 1744/1835/727 1984/2076/1959 1983/2075/1958
f 1744/1835/727 1745/1836/1783 1985/2077/1960 1984/2076/1959
f 1745/1836/1783 1746/1837/729 1986/2078/969 1985/2077/1960
f 1746/1837/729 1747/1838/1784 1987/2079/1961 1986/2078/969
f 1747/1838/1784 1748/1839/731 1988/2080/1962 1987/2079/1961
f 1748/1839/731 1749/1840/1785 1989/2081/1963 1988/2080/1962
f 1749/1840/1785 1750/1841/1786 1990/2082/1964 1989/2081/1963
f 1750/1841/1786 1751/1842/1787 1991/2083/1965 1990/2082/1964
f 1751/1842/1787 1752/1843/735 1992/2084/975 1991/2083/1965
f 1752/1843/735 1753/1844/1788 1993/2085/1966 1992/2084/975
f 1753/1844/1788 1754/1845/1789 1994/2086/1967 1993/2085/1966
f 1754/1845/1789 1755/1846/1790 1995/2087/1968 1994/2086/1967
f 1755/1846/1790 1756/1847/739 1996/2088/1969 1995/2087/1968
f 1756/1847/739 1757/1848/1791 1997/2089/1970 1996/2088/1969
f 1757/1848/1791 1758/1849/741 1998/2090/981 1997/2089/1970
f 1758/1849/741 1759/1850/1792 1999/2091/1971 1998/2090/981
f 1759/1850/1792 1760/1851/743 2000/2092/1972 1999/2091/1971
f 1760/1851/743 1761/1852/1793 2001/2093/1973 2000/2092/1972
f 1761/1852/1793 1762/1853/745 2002/2094/1974 2001/2093/1973
f 1762/1853/745 1763/1854/1794 2003/2095/1975 2002/2094/1974
f 1763/1854/1794 1764/1855/747 2004/2096/985 2003/2095/1975
f 1764/1855/747 1765/1856/1795 2005/2097/1976 2004/2096/985
f 1765/1856/1795 1766/1857/749 2006/2098/1977 2005/2097/1976
f 1766/1857/749 1767/1858/1796 2007/2099/1978 2006/2098/1977
f 1767/1858/1796 1768/1859/1797 2008/2100/1979 2007/2099/1978
f 1768/1859/1797 1769/1860/1798 2009/2101/1980 2008/2100/1979
f 1769/1860/1798 1770/1861/753 2010/2102/1981 2009/2101/1980
f 1770/1861/753 1771/1862/1799 2011/2103/1982 2010/2102/1981
f 1771/1862/1799 1772/1863/755 2012/2104/1983 2011/2103/1982
f 1772/1863/755 1773/1864/1800 2013/2105/1984 2012/2104/1983
f 1773/1864/1800 1774/1865/757 2014/2106/1985 2013/2105/1984
f 1774/1865/757 1775/1866/1801 2015/2107/1986 2014/2106/1985
f 1775/1866/1801 1776/1867/1802 2016/2108/997 2015/2107/1986
f 1776/1867/1802 1777/1868/1803 2017/2109/1987 2016/2108/997
f 1777/1868/1803 1778/1869/761 2018/2110/1988 2017/2109/1987
f 1778/1869/761 1779/1870/1804 2019/2111/1989 2018/2110/1988
f 1779/1870/1804 1780/1871/763 2020/2112/1990 2019/2111/1989
f 1780/1871/763 1781/1872/1805 2021/2113/1991 2020/2112/1990
f 1781/1872/1805 1782/1873/765 2022/2114/1003 2021/2113/1991
f 1782/1873/765 1783/1874/1806 2023/2115/1992 2022/2114/1003
f 1783/1874/1806 1784/1875/767 2024/2116/1993 2023/2115/1992
f 1784/1875/767 1785/1876/1807 2025/2117/1994 2024/2116/1993
f 1785/1876/1807 1786/1877/769 2026/2118/1995 2025/2117/1994
f 1786/1877/769 1787/1878/1808 2027/2119/1996 2026/2118/1995
f 1787/1878/1808 1788/1879/771 2028/2120/1009 2027/2119/1996
f 1788/1879/771 1789/1880/1809 2029/2121/1997 2028/2120/1009
f 1789/1880/1809 1790/1881/773 2030/2122/1998 2029/2121/1997
f 1790/1881/773 1791/1882/1810 2031/2123/1999 2030/2122/1998
f 1791/1882/1810 1792/1883/775 2032/2124/2000 2031/2123/1999
f 1792/1883/775 1793/1884/1811 2033/2125/2001 2032/2124/2000
f 1793/1884/1811 1794/1885/777 2034/2126/1015 2033/2125/2001
f 1794/1885/777 1795/1886/1812 2035/2127/2002 2034/2126/1015
f 1795/1886/1812 1796/1887/1813 2036/2128/2003 2035/2127/2002
f 1796/1887/1813 1797/1888/1814 2037/2129/2004 2036/2128/2003
f 1797/1888/1814 1798/1889/781 2038/2130/2005 2037/2129/2004
f 1798/1889/781 1799/1890/1815 2039/2131/2006 2038/2130/2005
f 1799/1890/1815 1800/1891/783 2040/2132/1021 2039/2131/2006
f 1800/1891/783 1801/1892/1816 2041/2133/2007 2040/2132/1021
f 1801/1892/1816 1802/1893/785 2042/2134/2008 2041/2133/2007
f 1802/1893/785 1803/1894/1817 2043/2135/2009 2042/2134/2008
f 1803/1894/1817 1804/1895/787 2044/2136/2010 2043/2135/2009
f 1804/1895/787 1805/1896/1818 2045/2137/2011 2044/2136/2010
f 1805/1896/1818 1806/1897/789 2046/2138/1027 2045/2137/2011
f 1806/1897/789 1807/1898/1819 2047/2139/2012 2046/2138/1027
f 1807/1898/1819 1808/1899/791 2048/2140/2013 2047/2139/2012
f 1808/1899/791 1809/1900/1820 2049/2141/2014 2048/2140/2013
f 1809/1900/1820 1810/1901/1821 2050/2142/2015 2049/2141/2014
f 1810/1901/1821 1811/1902/1822 2051/2143/2016 2050/2142/2015
f 1811/1902/1822 1812/1903/795 2052/2144/1033 2051/2143/2016
f 1812/1903/795 1813/1904/1823 2053/2145/2017 2052/2144/1033
f 1813/1904/1823 1814/1905/1824 2054/2146/2018 2053/2145/2017
f 1814/1905/1824 1815/1906/1825 2055/2147/2019 2054/2146/2018
f 1815/1906/1825 1816/1907/799 2056/2148/2020 2055/2147/2019
f 1816/1907/799 1817/1908/1826 2057/2149/2021 2056/2148/2020
f 1817/1908/1826 1818/1909/801 2058/2150/1039 2057/2149/2021
f 1818/1909/801 1819/1910/1827 2059/2151/2022 2058/2150/1039
f 1819/1910/1827 1820/1911/803 2060/2152/2023 2059/2151/2022
f 1820/1911/803 1821/1912/1828 2061/2153/2024 2060/2152/2023
f 1821/1912/1828 1822/1913/805 2062/2154/2025 2061/2153/2024
f 1822/1913/805 1823/1914/1829 2063/2155/2026 2062/2154/2025
f 1823/1914/1829 1824/1915/807 2064/2156/1045 2063/2155/2026
f 1824/1915/807 1825/1916/1830 2065/2157/2027 2064/2156/1045
f 1825/1916/1830 1826/1917/809 2066/2158/2028 2065/2157/2027
f 1826/1917/809 1827/1918/1831 2067/2159/2029 2066/2158/2028
f 1827/1918/1831 1828/1919/811 2068/2160/2030 2067/2159/2029
f 1828/1919/811 1829/1920/1832 2069/2161/2031 2068/2160/2030
f 1829/1920/1832 1830/1921/813 2070/2162/2032 2069/2161/2031
f 1830/1921/813 1831/1922/1833 2071/2163/2033 2070/2162/2032
f 1831/1922/1833 1832/1923/815 2072/2164/2034 2071/2163/2033
f 1832/1923/815 1833/1924/1834 2073/2165/2035 2072/2164/2034
f 1833/1924/1834 1834/1925/817 2074/2166/2036 2073/2165/2035
f 1834/1925/817 1835/1926/1835 2075/2167/2037 2074/2166/2036
f 1835/1926/1835 1836/1927/819 2076/2168/1057 2075/2167/2037
f 1836/1927/819 1837/1928/1836 2077/2169/2038 2076/2168/1057
f 1837/1928/1836 1838/1929/821 2078/2170/2039 2077/2169/2038
f 1838/1929/821 1839/1930/1837 2079/2171/2040 2078/2170/2039
f 1839/1930/1837 1840/1931/823 2080/2172/2041 2079/2171/2040
f 1840/1931/823 1841/1932/1838 2081/2173/2042 2080/2172/2041
f 1841/1932/1838 1602/1933/586 1842/2174/826 2081/2173/2042
f 1842/1935/826 1843/1934/1839 2082/2175/2043
f 1843/1934/1839 2083/2176/2044 2082/2175/2043
f 1843/1934/1839 1844/1936/1840 2083/2176/2044
f 1844/1936/1840 1845/1937/1841 2083/2176/2044
f 1845/1937/1841 2084/2177/2045 2083/2176/2044
f 1845/1937/1841 1846/1938/1842 2084/2177/2045
f 1846/1938/1842 1847/1939/1843 2084/2177/2045
f 1847/1939/1843 2085/2178/2046 2084/2177/2045
f 1847/1939/1843 1848/1940/831 2085/2178/2046
f 1848/1940/831 1849/1941/1844 2085/2178/2046
f 1849/1941/1844 2086/2179/2047 2085/2178/2046
f 1849/1941/1844 1850/1942/1845 2086/2179/2047
f 1850/1942/1845 1851/1943/1846 2086/2179/2047
f 1851/1943/1846 2087/2180/2048 2086/2179/2047
f 1851/1943/1846 1852/1944/1847 2087/2180/2048
f 1852/1944/1847 1853/1945/1848 2087/2180/2048
f 1853/1945/1848 2088/2181/2049 2087/2180/2048
f 1853/1945/1848 1854/1946/837 2088/2181/2049
f 1854/1946/837 1855/1947/1849 2088/2181/2049
f 1855/1947/1849 2089/2182/2050 2088/2181/2049
f 1855/1947/1849 1856/1948/1850 2089/2182/2050
f 1856/1948/1850 1857/1949/1851 2089/2182/2050
f 1857/1949/1851 2090/2183/2051 2089/2182/2050
f 1857/1949/1851 1858/1950/1852 2090/2183/2051
f 1858/1950/1852 1859/1951/1853 2090/2183/2051
f 1859/1951/1853 2091/2184/2052 2090/2183/2051
f 1859/1951/1853 1860/1952/843 2091/2184/2052
f 1860/1952/843 1861/1953/1854 2091/2184/2052
f 1861/1953/1854 2092/2185/2053 2091/2184/2052
f 1861/1953/1854 1862/1954/1855 2092/2185/2053
f 1862/1954/1855 1863/1955/1856 2092/2185/2053
f 1863/1955/1856 2093/2186/2054 2092/2185/2053
f 1863/1955/1856 1864/1956/1857 2093/2186/2054
f 1864/1956/1857 1865/1957/1858 2093/2186/2054
f 1865/1957/1858 2094/2187/2055 2093/2186/2054
f 1865/1957/1858 1866/1958/849 2094/2187/2055
f 1866/1958/849 1867/1959/1859 2094/2187/2055
f 1867/1959/1859 2095/2188/2056 2094/2187/2055
f 1867/1959/1859 1868/1960/1860 2095/2188/2056
f 1868/1960/1860 1869/1961/1861 2095/2188/2056
f 1869/1961/1861 2096/2189/2057 2095/2188/2056
f 1869/1961/1861 1870/1962/1862 2096/2189/2057
f 1870/1962/1862 1871/1963/1863 2096/2189/2057
f 1871/1963/1863 2097/2190/2058 2096/2189/2057
f 1871/1963/1863 1872/1964/855 2097/2190/2058
f 1872/1964/855 1873/1965/1864 2097/2190/2058
f 1873/1965/1864 2098/2191/2059 2097/2190/2058
f 1873/1965/1864 1874/1966/1865 2098/2191/2059
f 1874/1966/1865 1875/1967/1866 2098/2191/2059
f 1875/1967/1866 2099/2192/2060 2098/2191/2059
f 1875/1967/1866 1876/1968/1867 2099/2192/2060
f 1876/1968/1867 1877/1969/1868 2099/2192/2060
f 1877/1969/1868 2100/2193/2061 2099/2192/2060
f 1877/1969/1868 1878/1970/861 2100/2193/2061
f 1878/1970/861 1879/1971/1869 2100/2193/2061
f 1879/1971/1869 2101/2194/2062 2100/2193/2061
f 1879/1971/1869 1880/1972/1870 2101/2194/2062
f 1880/1972/1870 1881/1973/1871 2101/2194/2062
f 1881/1973/1871 2102/2195/2063 2101/2194/2062
f 1881/1973/1871 1882/1974/1872 2102/2195/2063
f 1882/1974/1872 1883/1975/1873 2102/2195/2063
f 1883/1975/1873 2103/2196/2064 2102/2195/2063
f 1883/1975/1873 1884/1976/867 2103/2196/2064
f 1884/1976/867 1885/1977/1874 2103/2196/2064
f 1885/1977/1874 2104/2197/2065 2103/2196/2064
f 1885/1977/1874 1886/1978/1875 2104/2197/2065
f 1886/1978/1875 1887/1979/1876 2104/2197/2065
f 1887/1979/1876 2105/2198/2066 2104/2197/2065
f 1887/1979/1876 1888/1980/1877 2105/2198/2066
f 1888/1980/1877 1889/1981/1878 2105/2198/2066
f 1889/1981/1878 2106/2199/2067 2105/2198/2066
f 1889/1981/1878 1890/1982/1879 2106/2199/2067
f 1890/1982/1879 1891/1983/1880 2106/2199/2067
f 1891/1983/1880 2107/2200/2068 2106/2199/2067
f 1891/1983/1880 1892/1984/1881 2107/2200/2068
f 1892/1984/1881 1893/1985/1882 2107/2200/2068
f 1893/1985/1882 2108/2201/2069 2107/2200/2068
f 1893/1985/1882 1894/1986/1883 2108/2201/2069
f 1894/1986/1883 1895/1987/1884 2108/2201/2069
f 1895/1987/1884 2109/2202/2070 2108/2201/2069
f 1895/1987/1884 1896/1988/879 2109/2202/2070
f 1896/1988/879 1897/1989/1885 2109/2202/2070
f 1897/1989/1885 2110/2203/2071 2109/2202/2070
f 1897/1989/1885 1898/1990/1886 2110/2203/2071
f 1898/1990/1886 1899/1991/1887 2110/2203/2071
f 1899/1991/1887 2111/2204/2072 2110/2203/2071
f 1899/1991/1887 1900/1992/1888 2111/2204/2072
f 1900/1992/1888 1901/1993/1889 2111/2204/2072
f 1901/1993/1889 2112/2205/2073 2111/2204/2072
f 1901/1993/1889 1902/1994/885 2112/2205/2073
f 1902/1994/885 1903/1995/1890 2112/2205/2073
f 1903/1995/1890 2113/2206/2074 2112/2205/2073
f 1903/1995/1890 1904/1996/1891 2113/2206/2074
f 1904/1996/1891 1905/1997/1892 2113/2206/2074
f 1905/1997/1892 2114/2207/2075 2113/2206/2074
f 1905/1997/1892 1906/1998/1893 2114/2207/2075
f 1906/1998/1893 1907/1999/1894 2114/2207/2075
f 1907/1999/1894 2115/2208/2076 2114/2207/2075
f 1907/1999/1894 1908/2000/891 2115/2208/2076
f 1908/2000/891 1909/2001/1895 2115/2208/2076
f 1909/2001/1895 2116/2209/2077 2115/2208/2076
f 1909/2001/1895 1910/2002/1896 2116/2209/2077
f 1910/2002/1896 1911/2003/1897 2116/2209/2077
f 1911/2003/1897 2117/2210/2078 2116/2209/2077
f 1911/2003/1897 1912/2004/1898 2117/2210/2078
f 1912/2004/1898 1913/2005/1899 2117/2210/2078
f 1913/2005/1899 2118/2211/2079 2117/2210/2078
f 1913/2005/1899 1914/2006/897 2118/2211/2079
f 1914/2006/897 1915/2007/1900 2118/2211/2079
f 1915/2007/1900 2119/2212/2080 2118/2211/2079
f 1915/2007/1900 1916/2008/1901 2119/2212/2080
f 1916/2008/1901 1917/2009/1902 2119/2212/2080
f 1917/2009/1902 2120/2213/2081 2119/2212/2080
f 1917/2009/1902 1918/2010/1903 2120/2213/2081
f 1918/2010/1903 1919/2011/1904 2120/2213/2081
f 1919/2011/1904 2121/2214/2082 2120/2213/2081
f 1919/2011/1904 1920/2012/903 2121/2214/2082
f 1920/2012/903 1921/2013/1905 2121/2214/2082
f 1921/2013/1905 2122/2215/2083 2121/2214/2082
f 1921/2013/1905 1922/2014/1906 2122/2215/2083
f 1922/2014/1906 1923/2015/1907 2122/2215/2083
f 1923/2015/1907 2123/2216/2084 2122/2215/2083
f 1923/2015/1907 1924/2016/1908 2123/2216/2084
f 1924/2016/1908 1925/2017/1909 2123/2216/2084
f 1925/2017/1909 2124/2217/2085 2123/2216/2084
f 1925/2017/1909 1926/2018/909 2124/2217/2085
f 1926/2018/909 1927/2019/1910 2124/2217/2085
f 1927/2019/1910 2125/2218/2086 2124/2217/2085
f 1927/2019/1910 1928/2020/1911 2125/2218/2086
f 1928/2020/1911 1929/2021/1912 2125/2218/2086
f 1929/2021/1912 2126/2219/2087 2125/2218/2086
f 1929/2021/1912 1930/2022/1913 2126/2219/2087
f 1930/2022/1913 1931/2023/1914 2126/2219/2087
f 1931/2023/1914 2127/2220/2088 2126/2219/2087
f 1931/2023/1914 1932/2024/915 2127/2220/2088
f 1932/2024/915 1933/2025/1915 2127/2220/2088
f 1933/2025/1915 2128/2221/2089 2127/2220/2088
f 1933/2025/1915 1934/2026/1916 2128/2221/2089
f 1934/2026/1916 1935/2027/1917 2128/2221/2089
f 1935/2027/1917 2129/2222/2090 2128/2221/2089
f 1935/2027/1917 1936/2028/1918 2129/2222/2090
f 1936/2028/1918 1937/2029/1919 2129/2222/2090
f 1937/2029/1919 2130/2223/2091 2129/2222/2090
f 1937/2029/1919 1938/2030/921 2130/2223/2091
f 1938/2030/921 1939/2031/1920 2130/2223/2091
f 1939/2031/1920 2131/2224/2092 2130/2223/2091
f 1939/2031/1920 1940/2032/1921 2131/2224/2092
f 1940/2032/1921 1941/2033/1922 2131/2224/2092
f 1941/2033/1922 2132/2225/2093 2131/2224/2092
f 1941/2033/1922 1942/2034/1923 2132/2225/2093
f 1942/2034/1923 1943/2035/1924 2132/2225/2093
f 1943/2035/1924 2133/2226/2094 2132/2225/2093
f 1943/2035/1924 1944/2036/927 2133/2226/2094
f 1944/2036/927 1945/2037/1925 2133/2226/2094
f 1945/2037/1925 2134/2227/2095 2133/2226/2094
f 1945/2037/1925 1946/2038/1926 2134/2227/2095
f 1946/2038/1926 1947/2039/1927 2134/2227/2095
f 1947/2039/1927 2135/2228/2096 2134/2227/2095
f 1947/2039/1927 1948/2040/1928 2135/2228/2096
f 1948/2040/1928 1949/2041/1929 2135/2228/2096
f 1949/2041/1929 2136/2229/2097 2135/2228/2096
f 1949/2041/1929 1950/2042/1930 2136/2229/2097
f 1950/2042/1930 1951/2043/1931 2136/2229/2097
f 1951/2043/1931 2137/2230/2098 2136/2229/2097
f 1951/2043/1931 1952/2044/1932 2137/2230/2098
f 1952/2044/1932 1953/2045/1933 2137/2230/2098
f 1953/2045/1933 2138/2231/2099 2137/2230/2098
f 1953/2045/1933 1954/2046/1934 2138/2231/2099
f 1954/2046/1934 1955/2047/1935 2138/2231/2099
f 1955/2047/1935 2139/2232/2100 2138/2231/2099
f 1955/2047/1935 1956/2048/939 2139/2232/2100
f 1956/2048/939 1957/2049/1936 2139/2232/2100
f 1957/2049/1936 2140/2233/2101 2139/2232/2100
f 1957/2049/1936 1958/2050/1937 2140/2233/2101
f 1958/2050/1937 1959/2051/1938 2140/2233/2101
f 1959/2051/1938 2141/2234/2102 2140/2233/2101
f 1959/2051/1938 1960/2052/1939 2141/2234/2102
f 1960/2052/1939 1961/2053/1940 2141/2234/2102
f 1961/2053/1940 2142/2235/2103 2141/2234/2102
f 1961/2053/1940 1962/2054/945 2142/2235/2103
f 1962/2054/945 1963/2055/1941 2142/2235/2103
f 1963/2055/1941 2143/2236/2104 2142/2235/2103
f 1963/2055/1941 1964/2056/1942 2143/2236/2104
f 1964/2056/1942 1965/2057/1943 2143/2236/2104
f 1965/2057/1943 2144/2237/2105 2143/2236/2104
f 1965/2057/1943 1966/2058/1944 2144/2237/2105
f 1966/2058/1944 1967/2059/1945 2144/2237/2105
f 1967/2059/1945 2145/2238/2106 2144/2237/2105
f 1967/2059/1945 1968/2060/951 2145/2238/2106
f 1968/2060/951 1969/2061/1946 2145/2238/2106
f 1969/2061/1946 2146/2239/2107 2145/2238/2106
f 1969/2061/1946 1970/2062/1947 2146/2239/2107
f 1970/2062/1947 1971/2063/1948 2146/2239/2107
f 1971/2063/1948 2147/2240/2108 2146/2239/2107
f 1971/2063/1948 1972/2064/1949 2147/2240/2108
f 1972/2064/1949 1973/2065/1950 2147/2240/2108
f 1973/2065/1950 2148/2241/2109 2147/2240/2108
f 1973/2065/1950 1974/2066/957 2148/2241/2109
f 1974/2066/957 1975/2067/1951 2148/2241/2109
f 1975/2067/1951 2149/2242/2110 2148/2241/2109
f 1975/2067/1951 1976/2068/1952 2149/2242/2110
f 1976/2068/1952 1977/2069/1953 2149/2242/2110
f 1977/2069/1953 2150/2243/2111 2149/2242/2110
f 1977/2069/1953 1978/2070/1954 2150/2243/2111
f 1978/2070/1954 1979/2071/1955 2150/2243/2111
f 1979/2071/1955 2151/2244/2112 2150/2243/2111
f 1979/2071/1955 1980/2072/963 2151/2244/2112
f 1980/2072/963 1981/2073/1956 2151/2244/2112
f 1981/2073/1956 2152/2245/2113 2151/2244/2112
f 1981/2073/1956 1982/2074/1957 2152/2245/2113
f 1982/2074/1957 1983/2075/1958 2152/2245/2113
f 1983/2075/1958 2153/2246/2114 2152/2245/2113
f 1983/2075/1958 1984/2076/1959 2153/2246/2114
f 1984/2076/1959 1985/2077/1960 2153/2246/2114
f 1985/2077/1960 2154/2247/2115 2153/2246/2114
f 1985/2077/1960 1986/2078/969 2154/2247/2115
f 1986/2078/969 1987/2079/1961 2154/2247/2115
f 1987/2079/1961 2155/2248/2116 2154/2247/2115
f 1987/2079/1961 1988/2080/1962 2155/2248/2116
f 1988/2080/1962 1989/2081/1963 2155/2248/2116
f 1989/2081/1963 2156/2249/2117 2155/2248/2116
f 1989/2081/1963 1990/2082/1964 2156/2249/2117
f 1990/2082/1964 1991/2083/1965 2156/2249/2117
f 1991/2083/1965 2157/2250/2118 2156/2249/2117
f 1991/2083/1965 1992/2084/975 2157/2250/2118
f 1992/2084/975 1993/2085/1966 2157/2250/2118
f 1993/2085/1966 2158/2251/2119 2157/2250/2118
f 1993/2085/1966 1994/2086/1967 2158/2251/2119
f 1994/2086/1967 1995/2087/1968 2158/2251/2119
f 1995/2087/1968 2159/2252/2120 2158/2251/2119
f 1995/2087/1968 1996/2088/1969 2159/2252/2120
f 1996/2088/1969 1997/2089/1970 2159/2252/2120
f 1997/2089/1970 2160/2253/2121 2159/2252/2120
f 1997/2089/1970 1998/2090/981 2160/2253/2121
f 1998/2090/981 1999/2091/1971 2160/2253/2121
f 1999/2091/1971 2161/2254/2122 2160/2253/2121
f 1999/2091/1971 2000/2092/1972 2161/2254/2122
f 2000/2092/1972 2001/2093/1973 2161/2254/2122
f 2001/2093/1973 2162/2255/2123 2161/2254/2122
f 2001/2093/1973 2002/2094/1974 2162/2255/2123
f 2002/2094/1974 2003/2095/1975 2162/2255/2123
f 2003/2095/1975 2163/2256/2124 2162/2255/2123
f 2003/2095/1975 2004/2096/985 2163/2256/2124
f 2004/2096/985 2005/2097/1976 2163/2256/2124
f 2005/2097/1976 2164/2257/2125 2163/2256/2124
f 2005/2097/1976 2006/2098/1977 2164/2257/2125
f 2006/2098/1977 2007/2099/1978 2164/2257/2125
f 2007/2099/1978 2165/2258/2126 2164/2257/2125
f 2007/2099/1978 2008/2100/1979 2165/2258/2126
f 2008/2100/1979 2009/2101/1980 2165/2258/2126
f 2009/2101/1980 2166/2259/2127 2165/2258/2126
f 2009/2101/1980 2010/2102/1981 2166/2259/2127
f 2010/2102/1981 2011/2103/1982 2166/2259/2127
f 2011/2103/1982 2167/2260/2128 2166/2259/2127
f 2011/2103/1982 2012/2104/1983 2167/2260/2128
f 2012/2104/1983 2013/2105/1984 2167/2260/2128
f 2013/2105/1984 2168/2261/2129 2167/2260/2128
f 2013/2105/1984 2014/2106/1985 2168/2261/2129
f 2014/2106/1985 2015/2107/1986 2168/2261/2129
f 2015/2107/1986 2169/2262/2130 2168/2261/2129
f 2015/2107/1986 2016/2108/997 2169/2262/2130
f 2016/2108/997 2017/2109/1987 2169/2262/2130
f 2017/2109/1987 2170/2263/2131 2169/2262/2130
f 2017/2109/1987 2018/2110/1988 2170/2263/2131
f 2018/2110/1988 2019/2111/1989 2170/2263/2131
f 2019/2111/1989 2171/2264/2132 2170/2263/2131
f 2019/2111/1989 2020/2112/1990 2171/2264/2132
f 2020/2112/1990 2021/2113/1991 2171/2264/2132
f 2021/2113/1991 2172/2265/2133 2171/2264/2132
f 2021/2113/1991 2022/2114/1003 2172/2265/2133
f 2022/2114/1003 2023/2115/1992 2172/2265/2133
f 2023/2115/1992 2173/2266/2134 2172/2265/2133
f 2023/2115/1992 2024/2116/1993 2173/2266/2134
f 2024/2116/1993 2025/2117/1994 2173/2266/2134
f 2025/2117/1994 2174/2267/2135 2173/2266/2134
f 2025/2117/1994 2026/2118/1995 2174/2267/2135
f 2026/2118/1995 2027/2119/1996 2174/2267/2135
f 2027/2119/1996 2175/2268/2136 2174/2267/2135
f 2027/2119/1996 2028/2120/1009 2175/2268/2136
f 2028/2120/1009 2029/2121/1997 2175/2268/2136
f 2029/2121/1997 2176/2269/2137 2175/2268/2136
f 2029/2121/1997 2030/2122/1998 2176/2269/2137
f 2030/2122/1998 2031/2123/1999 2176/2269/2137
f 2031/2123/1999 2177/2270/2138 2176/2269/2137
f 2031/2123/1999 2032/2124/2000 2177/2270/2138
f 2032/2124/2000 2033/2125/2001 2177/2270/2138
f 2033/2125/2001 2178/2271/2139 2177/2270/2138
f 2033/2125/2001 2034/2126/1015 2178/2271/2139
f 2034/2126/1015 2035/2127/2002 2178/2271/2139
f 2035/2127/2002 2179/2272/2140 2178/2271/2139
f 2035/2127/2002 2036/2128/2003 2179/2272/2140
f 2036/2128/2003 2037/2129/2004 2179/2272/2140
f 2037/2129/2004 2180/2273/2141 2179/2272/2140
f 2037/2129/2004 2038/2130/2005 2180/2273/2141
f 2038/2130/2005 2039/2131/2006 2180/2273/2141
f 2039/2131/2006 2181/2274/2142 2180/2273/2141
f 2039/2131/2006 2040/2132/1021 2181/2274/2142
f 2040/2132/1021 2041/2133/2007 2181/2274/2142
f 2041/2133/2007 2182/2275/2143 2181/2274/2142
f 2041/2133/2007 2042/2134/2008 2182/2275/2143
f 2042/2134/2008 2043/2135/2009 2182/2275/2143
f 2043/2135/2009 2183/2276/2144 2182/2275/2143
f 2043/2135/2009 2044/2136/2010 2183/2276/2144
f 2044/2136/2010 2045/2137/2011 2183/2276/2144
f 2045/2137/2011 2184/2277/2145 2183/2276/2144
f 2045/2137/2011 2046/2138/1027 2184/2277/2145
f 2046/2138/1027 2047/2139/2012 2184/2277/2145
f 2047/2139/2012 2185/2278/2146 2184/2277/2145
f 2047/2139/2012 2048/2140/2013 2185/2278/2146
f 2048/2140/2013 2049/2141/2014 2185/2278/2146
f 2049/2141/2014 2186/2279/2147 2185/2278/2146
f 2049/2141/2014 2050/2142/2015 2186/2279/2147
f 2050/2142/2015 2051/2143/2016 2186/2279/2147
f 2051/2143/2016 2187/2280/2148 2186/2279/2147
f 2051/2143/2016 2052/2144/1033 2187/2280/2148
f 2052/2144/1033 2053/2145/2017 2187/2280/2148
f 2053/2145/2017 2188/2281/2149 2187/2280/2148
f 2053/2145/2017 2054/2146/2018 2188/2281/2149
f 2054/2146/2018 2055/2147/2019 2188/2281/2149
f 2055/2147/2019 2189/2282/2150 2188/2281/2149
f 2055/2147/2019 2056/2148/2020 2189/2282/2150
f 2056/2148/2020 2057/2149/2021 2189/2282/2150
f 2057/2149/2021 2190/2283/2151 2189/2282/2150
f 2057/2149/2021 2058/2150/1039 2190/2283/2151
f 2058/2150/1039 2059/2151/2022 2190/2283/2151
f 2059/2151/2022 2191/2284/2152 2190/2283/2151
f 2059/2151/2022 2060/2152/2023 2191/2284/2152
f 2060/2152/2023 2061/2153/2024 2191/2284/2152
f 2061/2153/2024 2192/2285/2153 2191/2284/2152
f 2061/2153/2024 2062/2154/2025 2192/2285/2153
f 2062/2154/2025 2063/2155/2026 2192/2285/2153
f 2063/2155/2026 2193/2286/2154 2192/2285/2153
f 2063/2155/2026 2064/2156/1045 2193/2286/2154
f 2064/2156/1045 2065/2157/2027 2193/2286/2154
f 2065/2157/2027 2194/2287/2155 2193/2286/2154
f 2065/2157/2027 2066/2158/2028 2194/2287/2155
f 2066/2158/2028 2067/2159/2029 2194/2287/2155
f 2067/2159/2029 2195/2288/2156 2194/2287/2155
f 2067/2159/2029 2068/2160/2030 2195/2288/2156
f 2068/2160/2030 2069/2161/2031 2195/2288/2156
f 2069/2161/2031 2196/2289/2157 2195/2288/2156
f 2069/2161/2031 2070/2162/2032 2196/2289/2157
f 2070/2162/2032 2071/2163/2033 2196/2289/2157
f 2071/2163/2033 2197/2290/2158 2196/2289/2157
f 2071/2163/2033 2072/2164/2034 2197/2290/2158
f 2072/2164/2034 2073/2165/2035 2197/2290/2158
f 2073/2165/2035 2198/2291/2159 2197/2290/2158
f 2073/2165/2035 2074/2166/2036 2198/2291/2159
f 2074/2166/2036 2075/2167/2037 2198/2291/2159
f 2075/2167/2037 2199/2292/2160 2198/2291/2159
f 2075/2167/2037 2076/2168/1057 2199/2292/2160
f 2076/2168/1057 2077/2169/2038 2199/2292/2160
f 2077/2169/2038 2200/2293/2161 2199/2292/2160
f 2077/2169/2038 2078/2170/2039 2200/2293/2161
f 2078/2170/2039 2079/2171/2040 2200/2293/2161
f 2079/2171/2040 2201/2294/2162 2200/2293/2161
f 2079/2171/2040 2080/2172/2041 2201/2294/2162
f 2080/2172/2041 2081/2173/2042 2201/2294/2162
f 2081/2173/2042 2082/2295/2043 2201/2294/2162
f 2081/2173/2042 1842/2174/826 2082/2295/2043
f 2082/2175/2043 2083/2176/2044 2203/2296/2163 2202/2297/2164
f 2083/2176/2044 2084/2177/2045 2204/2298/2165 2203/2296/2163
f 2084/2177/2045 2085/2178/2046 2205/2299/2166 2204/2298/2165
f 2085/2178/2046 2086/2179/2047 2206/2300/2167 2205/2299/2166
f 2086/2179/2047 2087/2180/2048 2207/2301/2168 2206/2300/2167
f 2087/2180/2048 2088/2181/2049 2208/2302/2169 2207/2301/2168
f 2088/2181/2049 2089/2182/2050 2209/2303/2170 2208/2302/2169
f 2089/2182/2050 2090/2183/2051 2210/2304/2171 2209/2303/2170
f 2090/2183/2051 2091/2184/2052 2211/2305/2172 2210/2304/2171
f 2091/2184/2052 2092/2185/2053 2212/2306/2173 2211/2305/2172
f 2092/2185/2053 2093/2186/2054 2213/2307/2174 2212/2306/2173
f 2093/2186/2054 2094/2187/2055 2214/2308/2175 2213/2307/2174
f 2094/2187/2055 2095/2188/2056 2215/2309/2176 2214/2308/2175
f 2095/2188/2056 2096/2189/2057 2216/2310/2177 2215/2309/2176
f 2096/2189/2057 2097/2190/2058 2217/2311/2178 2216/2310/2177
f 2097/2190/2058 2098/2191/2059 2218/2312/2179 2217/2311/2178
f 2098/2191/2059 2099/2192/2060 2219/2313/2180 2218/2312/2179
f 2099/2192/2060 2100/2193/2061 2220/2314/2181 2219/2313/2180
f 2100/2193/2061 2101/2194/2062 2221/2315/2182 2220/2314/2181
f 2101/2194/2062 2102/2195/2063 2222/2316/2183 2221/2315/2182
f 2102/2195/2063 2103/2196/2064 2223/2317/2184 2222/2316/2183
f 2103/2196/2064 2104/2197/2065 2224/2318/2185 2223/2317/2184
f 2104/2197/2065 2105/2198/2066 2225/2319/2186 2224/2318/2185
f 2105/2198/2066 2106/2199/2067 2226/2320/2187 2225/2319/2186
f 2106/2199/2067 2107/2200/2068 2227/2321/2188 2226/2320/2187
f 2107/2200/2068 2108/2201/2069 2228/2322/2189 2227/2321/2188
f 2108/2201/2069 2109/2202/2070 2229/2323/2190 2228/2322/2189
f 2109/2202/2070 2110/2203/2071 2230/2324/2191 2229/2323/2190
f 2110/2203/2071 2111/2204/2072 2231/2325/2192 2230/2324/2191
f 2111/2204/2072 2112/2205/2073 2232/2326/2193 2231/2325/2192
f 2112/2205/2073 2113/2206/2074 2233/2327/2194 2232/2326/2193
f 2113/2206/2074 2114/2207/2075 2234/2328/2195 2233/2327/2194
f 2114/2207/2075 2115/2208/2076 2235/2329/2196 2234/2328/2195
f 2115/2208/2076 2116/2209/2077 2236/2330/2197 2235/2329/2196
f 2116/2209/2077 2117/2210/2078 2237/2331/2198 2236/2330/2197
f 2117/2210/2078 2118/2211/2079 2238/2332/2199 2237/2331/2198
f 2118/2211/2079 2119/2212/2080 2239/2333/2200 2238/2332/2199
f 2119/2212/2080 2120/2213/2081 2240/2334/2201 2239/2333/2200
f 2120/2213/2081 2121/2214/2082 2241/2335/2202 2240/2334/2201
f 2121/2214/2082 2122/2215/2083 2242/2336/2203 2241/2335/2202
f 2122/2215/2083 2123/2216/2084 2243/2337/2204 2242/2336/2203
f 2123/2216/2084 2124/2217/2085 2244/2338/2205 2243/2337/2204
f 2124/2217/2085 2125/2218/2086 2245/2339/2206 2244/2338/2205
f 2125/2218/2086 2126/2219/2087 2246/2340/2207 2245/2339/2206
f 2126/2219/2087 2127/2220/2088 2247/2341/2208 2246/2340/2207
f 2127/2220/2088 2128/2221/2089 2248/2342/2209 2247/2341/2208
f 2128/2221/2089 2129/2222/2090 2249/2343/2210 2248/2342/2209
f 2129/2222/2090 2130/2223/2091 2250/2344/2211 2249/2343/2210
f 2130/2223/2091 2131/2224/2092 2251/2345/2212 2250/2344/2211
f 2131/2224/2092 2132/2225/2093 2252/2346/2213 2251/2345/2212
f 2132/2225/2093 2133/2226/2094 2253/2347/2214 2252/2346/2213
f 2133/2226/2094 2134/2227/2095 2254/2348/2215 2253/2347/2214
f 2134/2227/2095 2135/2228/2096 2255/2349/2216 2254/2348/2215
f 2135/2228/2096 2136/2229/2097 2256/2350/2217 2255/2349/2216
f 2136/2229/2097 2137/2230/2098 2257/2351/2218 2256/2350/2217
f 2137/2230/2098 2138/2231/2099 2258/2352/2219 2257/2351/2218
f 2138/2231/2099 2139/2232/2100 2259/2353/2220 2258/2352/2219
f 2139/2232/2100 2140/2233/2101 2260/2354/2221 2259/2353/2220
f 2140/2233/2101 2141/2234/2102 2261/2355/2222 2260/2354/2221
f 2141/2234/2102 2142/2235/2103 2262/2356/2223 2261/2355/2222
f 2142/2235/2103 2143/2236/2104 2263/2357/2224 2262/2356/2223
f 2143/2236/2104 2144/2237/2105 2264/2358/2225 2263/2357/2224
f 2144/2237/2105 2145/2238/2106 2265/2359/2226 2264/2358/2225
f 2145/2238/2106 2146/2239/2107 2266/2360/2227 2265/2359/2226
f 2146/2239/2107 2147/2240/2108 2267/2361/2228 2266/2360/2227
f 2147/2240/2108 2148/2241/2109 2268/2362/2229 2267/2361/2228
f 2148/2241/2109 2149/2242/2110 2269/2363/2230 2268/2362/2229
f 2149/2242/2110 2150/2243/2111 2270/2364/2231 2269/2363/2230
f 2150/2243/2111 2151/2244/2112 2271/2365/2232 2270/2364/2231
f 2151/2244/2112 2152/2245/2113 2272/2366/2233 2271/2365/2232
f 2152/2245/2113 2153/2246/2114 2273/2367/2234 2272/2366/2233
f 2153/2246/2114 2154/2247/2115 2274/2368/2235 2273/2367/2234
f 2154/2247/2115 2155/2248/2116 2275/2369/2236 2274/2368/2235
f 2155/2248/2116 2156/2249/2117 2276/2370/2237 2275/2369/2236
f 2156/2249/2117 2157/2250/2118 2277/2371/2238 2276/2370/2237
f 2157/2250/2118 2158/2251/2119 2278/2372/2239 2277/2371/2238
f 2158/2251/2119 2159/2252/2120 2279/2373/2240 2278/2372/2239
f 2159/2252/2120 2160/2253/2121 2280/2374/2241 2279/2373/2240
f 2160/2253/2121 2161/2254/2122 2281/2375/2242 2280/2374/2241
f 2161/2254/2122 2162/2255/2123 2282/2376/2243 2281/2375/2242
f 2162/2255/2123 2163/2256/2124 2283/2377/2244 2282/2376/2243
f 2163/2256/2124 2164/2257/2125 2284/2378/2245 2283/2377/2244
f 2164/2257/2125 2165/2258/2126 2285/2379/2246 2284/2378/2245
f 2165/2258/2126 2166/2259/2127 2286/2380/2247 2285/2379/2246
f 2166/2259/2127 2167/2260/2128 2287/2381/2248 2286/2380/2247
f 2167/2260/2128 2168/2261/2129 2288/2382/2249 2287/2381/2248
f 2168/2261/2129 2169/2262/2130 2289/2383/2250 2288/2382/2249
f 2169/2262/2130 2170/2263/2131 2290/2384/2251 2289/2383/2250
f 2170/2263/2131 2171/2264/2132 2291/2385/2252 2290/2384/2251
f 2171/2264/2132 2172/2265/2133 2292/2386/2253 2291/2385/2252
f 2172/2265/2133 2173/2266/2134 2293/2387/2254 2292/2386/2253
f 2173/2266/2134 2174/2267/2135 2294/2388/2255 2293/2387/2254
f 2174/2267/2135 2175/2268/2136 2295/2389/2256 2294/2388/2255
f 2175/2268/2136 2176/2269/2137 2296/2390/2257 2295/2389/2256
f 2176/2269/2137 2177/2270/2138 2297/2391/2258 2296/2390/2257
f 2177/2270/2138 2178/2271/2139 2298/2392/2259 2297/2391/2258
f 2178/2271/2139 2179/2272/2140 2299/2393/2260 2298/2392/2259
f 2179/2272/2140 2180/2273/2141 2300/2394/2261 2299/2393/2260
f 2180/2273/2141 2181/2274/2142 2301/2395/2262 2300/2394/2261
f 2181/2274/2142 2182/2275/2143 2302/2396/2263 2301/2395/2262
f 2182/2275/2143 2183/2276/2144 2303/2397/2264 2302/2396/2263
f 2183/2276/2144 2184/2277/2145 2304/2398/2265 2303/2397/2264
f 2184/2277/2145 2185/2278/2146 2305/2399/2266 2304/2398/2265
f 2185/2278/2146 2186/2279/2147 2306/2400/2267 2305/2399/2266
f 2186/2279/2147 2187/2280/2148 2307/2401/2268 2306/2400/2267
f 2187/2280/2148 2188/2281/2149 2308/2402/2269 2307/2401/2268
f 2188/2281/2149 2189/2282/2150 2309/2403/2270 2308/2402/2269
f 2189/2282/2150 2190/2283/2151 2310/2404/2271 2309/2403/2270
f 2190/2283/2151 2191/2284/2152 2311/2405/2272 2310/2404/2271
f 2191/2284/2152 2192/2285/2153 2312/2406/2273 2311/2405/2272
f 2192/2285/2153 2193/2286/2154 2313/2407/2274 2312/2406/2273
f 2193/2286/2154 2194/2287/2155 2314/2408/2275 2313/2407/2274
f 2194/2287/2155 2195/2288/2156 2315/2409/2276 2314/2408/2275
f 2195/2288/2156 2196/2289/2157 2316/2410/2277 2315/2409/2276
f 2196/2289/2157 2197/2290/2158 2317/2411/2278 2316/2410/2277
f 2197/2290/2158 2198/2291/2159 2318/2412/2279 2317/2411/2278
f 2198/2291/2159 2199/2292/2160 2319/2413/2280 2318/2412/2279
f 2199/2292/2160 2200/2293/2161 2320/2414/2281 2319/2413/2280
f 2200/2293/2161 2201/2294/2162 2321/2415/2282 2320/2414/2281
f 2201/2294/2162 2082/2295/2043 2202/2416/2164 2321/2415/2282
f 2202/2297/2164 2203/2296/2163 2323/2417/1242 2322/2418/1242
f 2203/2296/2163 2204/2298/2165 2324/2419/1242 2323/2417/1242
f 2204/2298/2165 2205/2299/2166 2325/2420/1242 2324/2419/1242
f 2205/2299/2166 2206/2300/2167 2326/2421/1242 2325/2420/1242
f 2206/2300/2167 2207/2301/2168 2327/2422/1242 2326/2421/1242
f 2207/2301/2168 2208/2302/2169 2328/2423/1242 2327/2422/1242
f 2208/2302/2169 2209/2303/2170 2329/2424/1242 2328/2423/1242
f 2209/2303/2170 2210/2304/2171 2330/2425/1242 2329/2424/1242
f 2210/2304/2171 2211/2305/2172 2331/2426/1242 2330/2425/1242
f 2211/2305/2172 2212/2306/2173 2332/2427/1242 2331/2426/1242
f 2212/2306/2173 2213/2307/2174 2333/2428/1242 2332/2427/1242
f 2213/2307/2174 2214/2308/2175 2334/2429/1242 2333/2428/1242
f 2214/2308/2175 2215/2309/2176 2335/2430/1242 2334/2429/1242
f 2215/2309/2176 2216/2310/2177 2336/2431/1242 2335/2430/1242
f 2216/2310/2177 2217/2311/2178 2337/2432/1242 2336/2431/1242
f 2217/2311/2178 2218/2312/2179 2338/2433/1242 2337/2432/1242
f 2218/2312/2179 2219/2313/2180 2339/2434/1242 2338/2433/1242
f 2219/2313/2180 2220/2314/2181 2340/2435/1242 2339/2434/1242
f 2220/2314/2181 2221/2315/2182 2341/2436/1242 2340/2435/1242
f 2221/2315/2182 2222/2316/2183 2342/2437/1242 2341/2436/1242
f 2222/2316/2183 2223/2317/2184 2343/2438/1242 2342/2437/1242
f 2223/2317/2184 2224/2318/2185 2344/2439/1242 2343/2438/1242
f 2224/2318/2185 2225/2319/2186 2345/2440/1242 2344/2439/1242
f 2225/2319/2186 2226/2320/2187 2346/2441/1242 2345/2440/1242
f 2226/2320/2187 2227/2321/2188 2347/2442/1242 2346/2441/1242
f 2227/2321/2188 2228/2322/2189 2348/2443/1242 2347/2442/1242
f 2228/2322/2189 2229/2323/2190 2349/2444/1242 2348/2443/1242
f 2229/2323/2190 2230/2324/2191 2350/2445/1242 2349/2444/1242
f 2230/2324/2191 2231/2325/2192 2351/2446/1242 2350/2445/1242
f 2231/2325/2192 2232/2326/2193 2352/2447/1242 2351/2446/1242
f 2232/2326/2193 2233/2327/2194 2353/2448/1242 2352/2447/1242
f 2233/2327/2194 2234/2328/2195 2354/2449/1242 2353/2448/1242
f 2234/2328/2195 2235/2329/2196 2355/2450/1242 2354/2449/1242
f 2235/2329/2196 2236/2330/2197 2356/2451/1242 2355/2450/1242
f 2236/2330/2197 2237/2331/2198 2357/2452/1242 2356/2451/1242
f 2237/2331/2198 2238/2332/2199 2358/2453/1242 2357/2452/1242
f 2238/2332/2199 2239/2333/2200 2359/2454/1242 2358/2453/1242
f 2239/2333/2200 2240/2334/2201 2360/2455/1242 2359/2454/1242
f 2240/2334/2201 2241/2335/2202 2361/2456/1242 2360/2455/1242
f 2241/2335/2202 2242/2336/2203 2362/2457/1242 2361/2456/1242
f 2242/2336/2203 2243/2337/2204 2363/2458/1242 2362/2457/1242
f 2243/2337/2204 2244/2338/2205 2364/2459/1242 2363/2458/1242
f 2244/2338/2205 2245/2339/2206 2365/2460/1242 2364/2459/1242
f 2245/2339/2206 2246/2340/2207 2366/2461/1242 2365/2460/1242
f 2246/2340/2207 2247/2341/2208 2367/2462/1242 2366/2461/1242
f 2247/2341/2208 2248/2342/2209 2368/2463/1242 2367/2462/1242
f 2248/2342/2209 2249/2343/2210 2369/2464/1242 2368/2463/1242
f 2249/2343/2210 2250/2344/2211 2370/2465/1242 2369/2464/1242
f 2250/2344/2211 2251/2345/2212 2371/2466/1242 2370/2465/1242
f 2251/2345/2212 2252/2346/2213 2372/2467/1242 2371/2466/1242
f 2252/2346/2213 2253/2347/2214 2373/2468/1242 2372/2467/1242
f 2253/2347/2214 2254/2348/2215 2374/2469/1242 2373/2468/1242
f 2254/2348/2215 2255/2349/2216 2375/2470/1242 2374/2469/1242
f 2255/2349/2216 2256/2350/2217 2376/2471/1242 2375/2470/1242
f 2256/2350/2217 2257/2351/2218 2377/2472/1242 2376/2471/1242
f 2257/2351/2218 2258/2352/2219 2378/2473/1242 2377/2472/1242
f 2258/2352/2219 2259/2353/2220 2379/2474/1242 2378/2473/1242
f 2259/2353/2220 2260/2354/2221 2380/2475/1242 2379/2474/1242
f 2260/2354/2221 2261/2355/2222 2381/2476/1242 2380/2475/1242
f 2261/2355/2222 2262/2356/2223 2382/2477/1242 2381/2476/1242
f 2262/2356/2223 2263/2357/2224 2383/2478/1242 2382/2477/1242
f 2263/2357/2224 2264/2358/2225 2384/2479/1242 2383/2478/1242
f 2264/2358/2225 2265/2359/2226 2385/2480/1242 2384/2479/1242
f 2265/2359/2226 2266/2360/2227 2386/2481/1242 2385/2480/1242
f 2266/2360/2227 2267/2361/2228 2387/2482/1242 2386/2481/1242
f 2267/2361/2228 2268/2362/2229 2388/2483/1242 2387/2482/1242
f 2268/2362/2229 2269/2363/2230 2389/2484/1242 2388/2483/1242
f 2269/2363/2230 2270/2364/2231 2390/2485/1242 2389/2484/1242
f 2270/2364/2231 2271/2365/2232 2391/2486/1242 2390/2485/1242
f 2271/2365/2232 2272/2366/2233 2392/2487/1242 2391/2486/1242
f 2272/2366/2233 2273/2367/2234 2393/2488/1242 2392/2487/1242
f 2273/2367/2234 2274/2368/2235 2394/2489/1242 2393/2488/1242
f 2274/2368/2235 2275/2369/2236 2395/2490/1242 2394/2489/1242
f 2275/2369/2236 2276/2370/2237 2396/2491/1242 2395/2490/1242
f 2276/2370/2237 2277/2371/2238 2397/2492/1242 2396/2491/1242
f 2277/2371/2238 2278/2372/2239 2398/2493/1242 2397/2492/1242
f 2278/2372/2239 2279/2373/2240 2399/2494/1242 2398/2493/1242
f 2279/2373/2240 2280/2374/2241 2400/2495/1242 2399/2494/1242
f 2280/2374/2241 2281/2375/2242 2401/2496/1242 2400/2495/1242
f 2281/2375/2242 2282/2376/2243 2402/2497/1242 2401/2496/1242
f 2282/2376/2243 2283/2377/2244 2403/2498/1242 2402/2497/1242
f 2283/2377/2244 2284/2378/2245 2404/2499/1242 2403/2498/1242
f 2284/2378/2245 2285/2379/2246 2405/2500/1242 2404/2499/1242
f 2285/2379/2246 2286/2380/2247 2406/2501/1242 2405/2500/1242
f 2286/2380/2247 2287/2381/2248 2407/2502/1242 2406/2501/1242
f 2287/2381/2248 2288/2382/2249 2408/2503/1242 2407/2502/1242
f 2288/2382/2249 2289/2383/2250 2409/2504/1242 2408/2503/1242
f 2289/2383/2250 2290/2384/2251 2410/2505/1242 2409/2504/1242
f 2290/2384/2251 2291/2385/2252 2411/2506/1242 2410/2505/1242
f 2291/2385/2252 2292/2386/2253 2412/2507/1242 2411/2506/1242
f 2292/2386/2253 2293/2387/2254 2413/2508/1242 2412/2507/1242
f 2293/2387/2254 2294/2388/2255 2414/2509/1242 2413/2508/1242
f 2294/2388/2255 2295/2389/2256 2415/2510/1242 2414/2509/1242
f 2295/2389/2256 2296/2390/2257 2416/2511/1242 2415/2510/1242
f 2296/2390/2257 2297/2391/2258 2417/2512/1242 2416/2511/1242
f 2297/2391/2258 2298/2392/2259 2418/2513/1242 2417/2512/1242
f 2298/2392/2259 2299/2393/2260 2419/2514/1242 2418/2513/1242
f 2299/2393/2260 2300/2394/2261 2420/2515/1242 2419/2514/1242
f 2300/2394/2261 2301/2395/2262 2421/2516/1242 2420/2515/1242
f 2301/2395/2262 2302/2396/2263 2422/2517/1242 2421/2516/1242
f 2302/2396/2263 2303/2397/2264 2423/2518/1242 2422/2517/1242
f 2303/2397/2264 2304/2398/2265 2424/2519/1242 2423/2518/1242
f 2304/2398/2265 2305/2399/2266 2425/2520/1242 2424/2519/1242
f 2305/2399/2266 2306/2400/2267 2426/2521/1242 2425/2520/1242
f 2306/2400/2267 2307/2401/2268 2427/2522/1242 2426/2521/1242
f 2307/2401/2268 2308/2402/2269 2428/2523/1242 2427/2522/1242
f 2308/2402/2269 2309/2403/2270 2429/2524/1242 2428/2523/1242
f 2309/2403/2270 2310/2404/2271 2430/2525/1242 2429/2524/1242
f 2310/2404/2271 2311/2405/2272 2431/2526/1242 2430/2525/1242
f 2311/2405/2272 2312/2406/2273 2432/2527/1242 2431/2526/1242
f 2312/2406/2273 2313/2407/2274 2433/2528/1242 2432/2527/1242
f 2313/2407/2274 2314/2408/2275 2434/2529/1242 2433/2528/1242
f 2314/2408/2275 2315/2409/2276 2435/2530/1242 2434/2529/1242
f 2315/2409/2276 2316/2410/2277 2436/2531/1242 2435/2530/1242
f 2316/2410/2277 2317/2411/2278 2437/2532/1242 2436/2531/1242
f 2317/2411/2278 2318/2412/2279 2438/2533/1242 2437/2532/1242
f 2318/2412/2279 2319/2413/2280 2439/2534/1242 2438/2533/1242
f 2319/2413/2280 2320/2414/2281 2440/2535/1242 2439/2534/1242
f 2320/2414/2281 2321/2415/2282 2441/2536/1242 2440/2535/1242
f 2321/2415/2282 2202/2416/2164 2322/2537/1242 2441/2536/1242
f 2322/2418/2283 2323/2417/2284 2443/2538/2285 2442/2539/2286
f 2323/2417/2284 2324/2419/2287 2444/2540/2288 2443/2538/2285
f 2324/2419/2287 2325/2420/2289 2445/2541/2290 2444/2540/2288
f 2325/2420/2289 2326/2421/2291 2446/2542/2292 2445/2541/2290
f 2326/2421/2291 2327/2422/2293 2447/2543/2294 2446/2542/2292
f 2327/2422/2293 2328/2423/2295 2448/2544/2296 2447/2543/2294
f 2328/2423/2295 2329/2424/2297 2449/2545/2298 2448/2544/2296
f 2329/2424/2297 2330/2425/2299 2450/2546/2300 2449/2545/2298
f 2330/2425/2299 2331/2426/2301 2451/2547/2302 2450/2546/2300
f 2331/2426/2301 2332/2427/2303 2452/2548/2304 2451/2547/2302
f 2332/2427/2303 2333/2428/2305 2453/2549/2306 2452/2548/2304
f 2333/2428/2305 2334/2429/2307 2454/2550/2308 2453/2549/2306
f 2334/2429/2307 2335/2430/2309 2455/2551/2310 2454/2550/2308
f 2335/2430/2309 2336/2431/2311 2456/2552/2312 2455/2551/2310
f 2336/2431/2311 2337/2432/2313 2457/2553/2314 2456/2552/2312
f 2337/2432/2313 2338/2433/2315 2458/2554/2316 2457/2553/2314
f 2338/2433/2315 2339/2434/2317 2459/2555/2318 2458/2554/2316
f 2339/2434/2317 2340/2435/2319 2460/2556/2320 2459/2555/2318
f 2340/2435/2319 2341/2436/2321 2461/2557/2322 2460/2556/2320
f 2341/2436/2321 2342/2437/2323 2462/2558/2324 2461/2557/2322
f 2342/2437/2323 2343/2438/2325 2463/2559/2326 2462/2558/2324
f 2343/2438/2325 2344/2439/2327 2464/2560/2328 2463/2559/2326
f 2344/2439/2327 2345/2440/2329 2465/2561/2330 2464/2560/2328
f 2345/2440/2329 2346/2441/2331 2466/2562/2332 2465/2561/2330
f 2346/2441/2331 2347/2442/2333 2467/2563/2334 2466/2562/2332
f 2347/2442/2333 2348/2443/2335 2468/2564/2336 2467/2563/2334
f 2348/2443/2335 2349/2444/2337 2469/2565/2338 2468/2564/2336
f 2349/2444/2337 2350/2445/2339 2470/2566/2340 2469/2565/2338
f 2350/2445/2339 2351/2446/2341 2471/2567/2342 2470/2566/2340
f 2351/2446/2341 2352/2447/2343 2472/2568/2344 2471/2567/2342
f 2352/2447/2343 2353/2448/2345 2473/2569/2346 2472/2568/2344
f 2353/2448/2345 2354/2449/2347 2474/2570/2348 2473/2569/2346
f 2354/2449/2347 2355/2450/2349 2475/2571/2350 2474/2570/2348
f 2355/2450/2349 2356/2451/2351 2476/2572/2352 2475/2571/2350
f 2356/2451/2351 2357/2452/2353 2477/2573/2354 2476/2572/2352
f 2357/2452/2353 2358/2453/2355 2478/2574/2356 2477/2573/2354
f 2358/2453/2355 2359/2454/2357 2479/2575/2358 2478/2574/2356
f 2359/2454/2357 2360/2455/2359 2480/2576/2360 2479/2575/2358
f 2360/2455/2359 2361/2456/2361 2481/2577/2362 2480/2576/2360
f 2361/2456/2361 2362/2457/2363 2482/2578/2364 2481/2577/2362
f 2362/2457/2363 2363/2458/2365 2483/2579/2366 2482/2578/2364
f 2363/2458/2365 2364/2459/2367 2484/2580/2368 2483/2579/2366
f 2364/2459/2367 2365/2460/2369 2485/2581/2370 2484/2580/2368
f 2365/2460/2369 2366/2461/2371 2486/2582/2372 2485/2581/2370
f 2366/2461/2371 2367/2462/2373 2487/2583/2374 2486/2582/2372
f 2367/2462/2373 2368/2463/2375 2488/2584/2376 2487/2583/2374
f 2368/2463/2375 2369/2464/2377 2489/2585/2378 2488/2584/2376
f 2369/2464/2377 2370/2465/2379 2490/2586/2380 2489/2585/2378
f 2370/2465/2379 2371/2466/2381 2491/2587/2382 2490/2586/2380
f 2371/2466/2381 2372/2467/2383 2492/2588/2384 2491/2587/2382
f 2372/2467/2383 2373/2468/2385 2493/2589/2386 2492/2588/2384
f 2373/2468/2385 2374/2469/2387 2494/2590/2388 2493/2589/2386
f 2374/2469/2387 2375/2470/2389 2495/2591/2390 2494/2590/2388
f 2375/2470/2389 2376/2471/2391 2496/2592/2392 2495/2591/2390
f 2376/2471/2391 2377/2472/2393 2497/2593/2394 2496/2592/2392
f 2377/2472/2393 2378/2473/2395 2498/2594/2396 2497/2593/2394
f 2378/2473/2395 2379/2474/2397 2499/2595/2398 2498/2594/2396
f 2379/2474/2397 2380/2475/2399 2500/2596/2400 2499/2595/2398
f 2380/2475/2399 2381/2476/2401 2501/2597/2402 2500/2596/2400
f 2381/2476/2401 2382/2477/2403 2502/2598/2404 2501/2597/2402
f 2382/2477/2403 2383/2478/2405 2503/2599/2406 2502/2598/2404
f 2383/2478/2405 2384/2479/2407 2504/2600/2408 2503/2599/2406
f 2384/2479/2407 2385/2480/2409 2505/2601/2410 2504/2600/2408
f 2385/2480/2409 2386/2481/2411 2506/2602/2412 2505/2601/2410
f 2386/2481/2411 2387/2482/2413 2507/2603/2414 2506/2602/2412
f 2387/2482/2413 2388/2483/2415 2508/2604/2416 2507/2603/2414
f 2388/2483/2415 2389/2484/2417 2509/2605/2418 2508/2604/2416
f 2389/2484/2417 2390/2485/2419 2510/2606/2420 2509/2605/2418
f 2390/2485/2419 2391/2486/2421 2511/2607/2422 2510/2606/2420
f 2391/2486/2421 2392/2487/2423 2512/2608/2424 2511/2607/2422
f 2392/2487/2423 2393/2488/2425 2513/2609/2426 2512/2608/2424
f 2393/2488/2425 2394/2489/2427 2514/2610/2428 2513/2609/2426
f 2394/2489/2427 2395/2490/2429 2515/2611/2430 2514/2610/2428
f 2395/2490/2429 2396/2491/2431 2516/2612/2432 2515/2611/2430
f 2396/2491/2431 2397/2492/2433 2517/2613/2434 2516/2612/2432
f 2397/2492/2433 2398/2493/2435 2518/2614/2436 2517/2613/2434
f 2398/2493/2435 2399/2494/2437 2519/2615/2438 2518/2614/2436
f 2399/2494/2437 2400/2495/2439 2520/2616/2440 2519/2615/2438
f 2400/2495/2439 2401/2496/2441 2521/2617/2442 2520/2616/2440
f 2401/2496/2441 2402/2497/2443 2522/2618/2444 2521/2617/2442
f 2402/2497/2443 2403/2498/2445 2523/2619/2446 2522/2618/2444
f 2403/2498/2445 2404/2499/2447 2524/2620/2448 2523/2619/2446
f 2404/2499/2447 2405/2500/2449 2525/2621/2450 2524/2620/2448
f 2405/2500/2449 2406/2501/2451 2526/2622/2452 2525/2621/2450
f 2406/2501/2451 2407/2502/2453 2527/2623/2454 2526/2622/2452
f 2407/2502/2453 2408/2503/2455 2528/2624/2456 2527/2623/2454
f 2408/2503/2455 2409/2504/2457 2529/2625/2458 2528/2624/2456
f 2409/2504/2457 2410/2505/2459 2530/2626/2460 2529/2625/2458
f 2410/2505/2459 2411/2506/2461 2531/2627/2462 2530/2626/2460
f 2411/2506/2461 2412/2507/2463 2532/2628/2464 2531/2627/2462
f 2412/2507/2463 2413/2508/2465 2533/2629/2466 2532/2628/2464
f 2413/2508/2465 2414/2509/2467 2534/2630/2468 2533/2629/2466
f 2414/2509/2467 2415/2510/2469 2535/2631/2470 2534/2630/2468
f 2415/2510/2469 2416/2511/2471 2536/2632/2472 2535/2631/2470
f 2416/2511/2471 2417/2512/2473 2537/2633/2474 2536/2632/2472
f 2417/2512/2473 2418/2513/2475 2538/2634/2476 2537/2633/2474
f 2418/2513/2475 2419/2514/2477 2539/2635/2478 2538/2634/2476
f 2419/2514/2477 2420/2515/2479 2540/2636/2480 2539/2635/2478
f 2420/2515/2479 2421/2516/2481 2541/2637/2482 2540/2636/2480
f 2421/2516/2481 2422/2517/2483 2542/2638/2484 2541/2637/2482
f 2422/2517/2483 2423/2518/2485 2543/2639/2486 2542/2638/2484
f 2423/2518/2485 2424/2519/2487 2544/2640/2488 2543/2639/2486
f 2424/2519/2487 2425/2520/2489 2545/2641/2490 2544/2640/2488
f 2425/2520/2489 2426/2521/2491 2546/2642/2492 2545/2641/2490
f 2426/2521/2491 2427/2522/2493 2547/2643/2494 2546/2642/2492
f 2427/2522/2493 2428/2523/2495 2548/2644/2496 2547/2643/2494
f 2428/2523/2495 2429/2524/2497 2549/2645/2498 2548/2644/2496
f 2429/2524/2497 2430/2525/2499 2550/2646/2500 2549/2645/2498
f 2430/2525/2499 2431/2526/2501 2551/2647/2502 2550/2646/2500
f 2431/2526/2501 2432/2527/2503 2552/2648/2504 2551/2647/2502
f 2432/2527/2503 2433/2528/2505 2553/2649/2506 2552/2648/2504
f 2433/2528/2505 2434/2529/2507 2554/2650/2508 2553/2649/2506
f 2434/2529/2507 2435/2530/2509 2555/2651/2510 2554/2650/2508
f 2435/2530/2509 2436/2531/2511 2556/2652/2512 2555/2651/2510
f 2436/2531/2511 2437/2532/2513 2557/2653/2514 2556/2652/2512
f 2437/2532/2513 2438/2533/2515 2558/2654/2516 2557/2653/2514
f 2438/2533/2515 2439/2534/2517 2559/2655/2518 2558/2654/2516
f 2439/2534/2517 2440/2535/2519 2560/2656/2520 2559/2655/2518
f 2440/2535/2519 2441/2536/2521 2561/2657/2522 2560/2656/2520
f 2441/2536/2521 2322/2537/2283 2442/2658/2286 2561/2657/2522
f 2442/2539/2286 2443/2538/2285 2563/2659/2523 2562/2660/2524
f 2443/2538/2285 2444/2540/2288 2564/2661/2523 2563/2659/2523
f 2444/2540/2288 2445/2541/2290 2565/2662/2525 2564/2661/2523
f 2445/2541/2290 2446/2542/2292 2566/2663/2526 2565/2662/2525
f 2446/2542/2292 2447/2543/2294 2567/2664/2526 2566/2663/2526
f 2447/2543/2294 2448/2544/2296 2568/2665/2527 2567/2664/2526
f 2448/2544/2296 2449/2545/2298 2569/2666/2528 2568/2665/2527
f 2449/2545/2298 2450/2546/2300 2570/2667/2529 2569/2666/2528
f 2450/2546/2300 2451/2547/2302 2571/2668/2530 2570/2667/2529
f 2451/2547/2302 2452/2548/2304 2572/2669/2531 2571/2668/2530
f 2452/2548/2304 2453/2549/2306 2573/2670/2532 2572/2669/2531
f 2453/2549/2306 2454/2550/2308 2574/2671/2533 2573/2670/2532
f 2454/2550/2308 2455/2551/2310 2575/2672/2534 2574/2671/2533
f 2455/2551/2310 2456/2552/2312 2576/2673/2535 2575/2672/2534
f 2456/2552/2312 2457/2553/2314 2577/2674/2536 2576/2673/2535
f 2457/2553/2314 2458/2554/2316 2578/2675/2537 2577/2674/2536
f 2458/2554/2316 2459/2555/2318 2579/2676/2538 2578/2675/2537
f 2459/2555/2318 2460/2556/2320 2580/2677/2539 2579/2676/2538
f 2460/2556/2320 2461/2557/2322 2581/2678/2540 2580/2677/2539
f 2461/2557/2322 2462/2558/2324 2582/2679/2541 2581/2678/2540
f 2462/2558/2324 2463/2559/2326 2583/2680/2542 2582/2679/2541
f 2463/2559/2326 2464/2560/2328 2584/2681/2543 2583/2680/2542
f 2464/2560/2328 2465/2561/2330 2585/2682/2544 2584/2681/2543
f 2465/2561/2330 2466/2562/2332 2586/2683/2545 2585/2682/2544
f 2466/2562/2332 2467/2563/2334 2587/2684/2546 2586/2683/2545
f 2467/2563/2334 2468/2564/2336 2588/2685/2546 2587/2684/2546
f 2468/2564/2336 2469/2565/2338 2589/2686/2547 2588/2685/2546
f 2469/2565/2338 2470/2566/2340 2590/2687/2548 2589/2686/2547
f 2470/2566/2340 2471/2567/2342 2591/2688/2548 2590/2687/2548
f 2471/2567/2342 2472/2568/2344 2592/2689/2549 2591/2688/2548
f 2472/2568/2344 2473/2569/2346 2593/2690/2550 2592/2689/2549
f 2473/2569/2346 2474/2570/2348 2594/2691/2550 2593/2690/2550
f 2474/2570/2348 2475/2571/2350 2595/2692/2551 2594/2691/2550
f 2475/2571/2350 2476/2572/2352 2596/2693/2552 2595/2692/2551
f 2476/2572/2352 2477/2573/2354 2597/2694/2552 2596/2693/2552
f 2477/2573/2354 2478/2574/2356 2598/2695/2553 2597/2694/2552
f 2478/2574/2356 2479/2575/2358 2599/2696/2554 2598/2695/2553
f 2479/2575/2358 2480/2576/2360 2600/2697/2554 2599/2696/2554
f 2480/2576/2360 2481/2577/2362 2601/2698/2555 2600/2697/2554
f 2481/2577/2362 2482/2578/2364 2602/2699/2556 2601/2698/2555
f 2482/2578/2364 2483/2579/2366 2603/2700/2557 2602/2699/2556
f 2483/2579/2366 2484/2580/2368 2604/2701/2558 2603/2700/2557
f 2484/2580/2368 2485/2581/2370 2605/2702/2559 2604/2701/2558
f 2485/2581/2370 2486/2582/2372 2606/2703/2560 2605/2702/2559
f 2486/2582/2372 2487/2583/2374 2607/2704/2561 2606/2703/2560
f 2487/2583/2374 2488/2584/2376 2608/2705/2562 2607/2704/2561
f 2488/2584/2376 2489/2585/2378 2609/2706/2563 2608/2705/2562
f 2489/2585/2378 2490/2586/2380 2610/2707/2564 2609/2706/2563
f 2490/2586/2380 2491/2587/2382 2611/2708/2565 2610/2707/2564
f 2491/2587/2382 2492/2588/2384 2612/2709/2566 2611/2708/2565
f 2492/2588/2384 2493/2589/2386 2613/2710/2567 2612/2709/2566
f 2493/2589/2386 2494/2590/2388 2614/2711/2568 2613/2710/2567
f 2494/2590/2388 2495/2591/2390 2615/2712/2569 2614/2711/2568
f 2495/2591/2390 2496/2592/2392 2616/2713/2570 2615/2712/2569
f 2496/2592/2392 2497/2593/2394 2617/2714/2571 2616/2713/2570
f 2497/2593/2394 2498/2594/2396 2618/2715/2571 2617/2714/2571
f 2498/2594/2396 2499/2595/2398 2619/2716/2572 2618/2715/2571
f 2499/2595/2398 2500/2596/2400 2620/2717/2573 2619/2716/2572
f 2500/2596/2400 2501/2597/2402 2621/2718/2573 2620/2717/2573
f 2501/2597/2402 2502/2598/2404 2622/2719/2574 2621/2718/2573
f 2502/2598/2404 2503/2599/2406 2623/2720/2575 2622/2719/2574
f 2503/2599/2406 2504/2600/2408 2624/2721/2575 2623/2720/2575
f 2504/2600/2408 2505/2601/2410 2625/2722/2576 2624/2721/2575
f 2505/2601/2410 2506/2602/2412 2626/2723/2577 2625/2722/2576
f 2506/2602/2412 2507/2603/2414 2627/2724/2577 2626/2723/2577
f 2507/2603/2414 2508/2604/2416 2628/2725/2578 2627/2724/2577
f 2508/2604/2416 2509/2605/2418 2629/2726/2579 2628/2725/2578
f 2509/2605/2418 2510/2606/2420 2630/2727/2580 2629/2726/2579
f 2510/2606/2420 2511/2607/2422 2631/2728/2581 2630/2727/2580
f 2511/2607/2422 2512/2608/2424 2632/2729/2582 2631/2728/2581
f 2512/2608/2424 2513/2609/2426 2633/2730/2583 2632/2729/2582
f 2513/2609/2426 2514/2610/2428 2634/2731/2584 2633/2730/2583
f 2514/2610/2428 2515/2611/2430 2635/2732/2585 2634/2731/2584
f 2515/2611/2430 2516/2612/2432 2636/2733/2586 2635/2732/2585
f 2516/2612/2432 2517/2613/2434 2637/2734/2587 2636/2733/2586
f 2517/2613/2434 2518/2614/2436 2638/2735/2588 2637/2734/2587
f 2518/2614/2436 2519/2615/2438 2639/2736/2589 2638/2735/2588
f 2519/2615/2438 2520/2616/2440 2640/2737/2590 2639/2736/2589
f 2520/2616/2440 2521/2617/2442 2641/2738/2591 2640/2737/2590
f 2521/2617/2442 2522/2618/2444 2642/2739/2592 2641/2738/2591
f 2522/2618/2444 2523/2619/2446 2643/2740/2593 2642/2739/2592
f 2523/2619/2446 2524/2620/2448 2644/2741/2594 2643/2740/2593
f 2524/2620/2448 2525/2621/2450 2645/2742/2595 2644/2741/2594
f 2525/2621/2450 2526/2622/2452 2646/2743/2596 2645/2742/2595
f 2526/2622/2452 2527/2623/2454 2647/2744/2597 2646/2743/2596
f 2527/2623/2454 2528/2624/2456 2648/2745/2597 2647/2744/2597
f 2528/2624/2456 2529/2625/2458 2649/2746/2598 2648/2745/2597
f 2529/2625/2458 2530/2626/2460 2650/2747/2599 2649/2746/2598
f 2530/2626/2460 2531/2627/2462 2651/2748/2599 2650/2747/2599
f 2531/2627/2462 2532/2628/2464 2652/2749/2600 2651/2748/2599
f 2532/2628/2464 2533/2629/2466 2653/2750/2601 2652/2749/2600
f 2533/2629/2466 2534/2630/2468 2654/2751/2601 2653/2750/2601
f 2534/2630/2468 2535/2631/2470 2655/2752/2602 2654/2751/2601
f 2535/2631/2470 2536/2632/2472 2656/2753/2603 2655/2752/2602
f 2536/2632/2472 2537/2633/2474 2657/2754/2603 2656/2753/2603
f 2537/2633/2474 2538/2634/2476 2658/2755/2604 2657/2754/2603
f 2538/2634/2476 2539/2635/2478 2659/2756/2605 2658/2755/2604
f 2539/2635/2478 2540/2636/2480 2660/2757/2605 2659/2756/2605
f 2540/2636/2480 2541/2637/2482 2661/2758/2606 2660/2757/2605
f 2541/2637/2482 2542/2638/2484 2662/2759/2607 2661/2758/2606
f 2542/2638/2484 2543/2639/2486 2663/2760/2608 2662/2759/2607
f 2543/2639/2486 2544/2640/2488 2664/2761/2609 2663/2760/2608
f 2544/2640/2488 2545/2641/2490 2665/2762/2610 2664/2761/2609
f 2545/2641/2490 2546/2642/2492 2666/2763/2611 2665/2762/2610
f 2546/2642/2492 2547/2643/2494 2667/2764/2612 2666/2763/2611
f 2547/2643/2494 2548/2644/2496 2668/2765/2613 2667/2764/2612
f 2548/2644/2496 2549/2645/2498 2669/2766/2614 2668/2765/2613
f 2549/2645/2498 2550/2646/2500 2670/2767/2615 2669/2766/2614
f 2550/2646/2500 2551/2647/2502 2671/2768/2616 2670/2767/2615
f 2551/2647/2502 2552/2648/2504 2672/2769/2617 2671/2768/2616
f 2552/2648/2504 2553/2649/2506 2673/2770/2618 2672/2769/2617
f 2553/2649/2506 2554/2650/2508 2674/2771/2619 2673/2770/2618
f 2554/2650/2508 2555/2651/2510 2675/2772/2620 2674/2771/2619
f 2555/2651/2510 2556/2652/2512 2676/2773/2621 2675/2772/2620
f 2556/2652/2512 2557/2653/2514 2677/2774/2622 2676/2773/2621
f 2557/2653/2514 2558/2654/2516 2678/2775/2622 2677/2774/2622
f 2558/2654/2516 2559/2655/2518 2679/2776/2623 2678/2775/2622
f 2559/2655/2518 2560/2656/2520 2680/2777/2624 2679/2776/2623
f 2560/2656/2520 2561/2657/2522 2681/2778/2624 2680/2777/2624
f 2561/2657/2522 2442/2658/2286 2562/2779/2524 2681/2778/2624
f 2562/2660/2524 2563/2659/2523 2683/2780/2625 2682/2781/2626
f 2563/2659/2523 2564/2661/2523 2684/2782/2627 2683/2780/2625
f 2564/2661/2523 2565/2662/2525 2685/2783/2628 2684/2782/2627
f 2565/2662/2525 2566/2663/2526 2686/2784/2629 2685/2783/2628
f 2566/2663/2526 2567/2664/2526 2687/2785/2630 2686/2784/2629
f 2567/2664/2526 2568/2665/2527 2688/2786/2631 2687/2785/2630
f 2568/2665/2527 2569/2666/2528 2689/2787/2632 2688/2786/2631
f 2569/2666/2528 2570/2667/2529 2690/2788/2633 2689/2787/2632
f 2570/2667/2529 2571/2668/2530 2691/2789/2634 2690/2788/2633
f 2571/2668/2530 2572/2669/2531 2692/2790/2635 2691/2789/2634
f 2572/2669/2531 2573/2670/2532 2693/2791/2636 2692/2790/2635
f 2573/2670/2532 2574/2671/2533 2694/2792/2637 2693/2791/2636
f 2574/2671/2533 2575/2672/2534 2695/2793/2638 2694/2792/2637
f 2575/2672/2534 2576/2673/2535 2696/2794/2639 2695/2793/2638
f 2576/2673/2535 2577/2674/2536 2697/2795/2640 2696/2794/2639
f 2577/2674/2536 2578/2675/2537 2698/2796/2641 2697/2795/2640
f 2578/2675/2537 2579/2676/2538 2699/2797/2642 2698/2796/2641
f 2579/2676/2538 2580/2677/2539 2700/2798/2643 2699/2797/2642
f 2580/2677/2539 2581/2678/2540 2701/2799/2644 2700/2798/2643
f 2581/2678/2540 2582/2679/2541 2702/2800/2645 2701/2799/2644
f 2582/2679/2541 2583/2680/2542 2703/2801/2646 2702/2800/2645
f 2583/2680/2542 2584/2681/2543 2704/2802/2647 2703/2801/2646
f 2584/2681/2543 2585/2682/2544 2705/2803/2648 2704/2802/2647
f 2585/2682/2544 2586/2683/2545 2706/2804/2649 2705/2803/2648
f 2586/2683/2545 2587/2684/2546 2707/2805/2650 2706/2804/2649
f 2587/2684/2546 2588/2685/2546 2708/2806/2651 2707/2805/2650
f 2588/2685/2546 2589/2686/2547 2709/2807/2652 2708/2806/2651
f 2589/2686/2547 2590/2687/2548 2710/2808/2653 2709/2807/2652
f 2590/2687/2548 2591/2688/2548 2711/2809/2654 2710/2808/2653
f 2591/2688/2548 2592/2689/2549 2712/2810/2655 2711/2809/2654
f 2592/2689/2549 2593/2690/2550 2713/2811/2656 2712/2810/2655
f 2593/2690/2550 2594/2691/2550 2714/2812/2657 2713/2811/2656
f 2594/2691/2550 2595/2692/2551 2715/2813/2658 2714/2812/2657
f 2595/2692/2551 2596/2693/2552 2716/2814/2659 2715/2813/2658
f 2596/2693/2552 2597/2694/2552 2717/2815/2660 2716/2814/2659
f 2597/2694/2552 2598/2695/2553 2718/2816/2661 2717/2815/2660
f 2598/2695/2553 2599/2696/2554 2719/2817/2662 2718/2816/2661
f 2599/2696/2554 2600/2697/2554 2720/2818/2663 2719/2817/2662
f 2600/2697/2554 2601/2698/2555 2721/2819/2664 2720/2818/2663
f 2601/2698/2555 2602/2699/2556 2722/2820/2665 2721/2819/2664
f 2602/2699/2556 2603/2700/2557 2723/2821/2666 2722/2820/2665
f 2603/2700/2557 2604/2701/2558 2724/2822/2667 2723/2821/2666
f 2604/2701/2558 2605/2702/2559 2725/2823/2668 2724/2822/2667
f 2605/2702/2559 2606/2703/2560 2726/2824/2669 2725/2823/2668
f 2606/2703/2560 2607/2704/2561 2727/2825/2670 2726/2824/2669
f 2607/2704/2561 2608/2705/2562 2728/2826/2671 2727/2825/2670
f 2608/2705/2562 2609/2706/2563 2729/2827/2672 2728/2826/2671
f 2609/2706/2563 2610/2707/2564 2730/2828/2673 2729/2827/2672
f 2610/2707/2564 2611/2708/2565 2731/2829/2674 2730/2828/2673
f 2611/2708/2565 2612/2709/2566 2732/2830/2675 2731/2829/2674
f 2612/2709/2566 2613/2710/2567 2733/2831/2676 2732/2830/2675
f 2613/2710/2567 2614/2711/2568 2734/2832/2677 2733/2831/2676
f 2614/2711/2568 2615/2712/2569 2735/2833/2678 2734/2832/2677
f 2615/2712/2569 2616/2713/2570 2736/2834/2679 2735/2833/2678
f 2616/2713/2570 2617/2714/2571 2737/2835/2680 2736/2834/2679
f 2617/2714/2571 2618/2715/2571 2738/2836/2681 2737/2835/2680
f 2618/2715/2571 2619/2716/2572 2739/2837/2682 2738/2836/2681
f 2619/2716/2572 2620/2717/2573 2740/2838/2683 2739/2837/2682
f 2620/2717/2573 2621/2718/2573 2741/2839/2684 2740/2838/2683
f 2621/2718/2573 2622/2719/2574 2742/2840/2685 2741/2839/2684
f 2622/2719/2574 2623/2720/2575 2743/2841/2686 2742/2840/2685
f 2623/2720/2575 2624/2721/2575 2744/2842/2687 2743/2841/2686
f 2624/2721/2575 2625/2722/2576 2745/2843/2688 2744/2842/2687
f 2625/2722/2576 2626/2723/2577 2746/2844/2689 2745/2843/2688
f 2626/2723/2577 2627/2724/2577 2747/2845/2690 2746/2844/2689
f 2627/2724/2577 2628/2725/2578 2748/2846/2691 2747/2845/2690
f 2628/2725/2578 2629/2726/2579 2749/2847/2692 2748/2846/2691
f 2629/2726/2579 2630/2727/2580 2750/2848/2693 2749/2847/2692
f 2630/2727/2580 2631/2728/2581 2751/2849/2694 2750/2848/2693
f 2631/2728/2581 2632/2729/2582 2752/2850/2695 2751/2849/2694
f 2632/2729/2582 2633/2730/2583 2753/2851/2696 2752/2850/2695
f 2633/2730/2583 2634/2731/2584 2754/2852/2697 2753/2851/2696
f 2634/2731/2584 2635/2732/2585 2755/2853/2698 2754/2852/2697
f 2635/2732/2585 2636/2733/2586 2756/2854/2699 2755/2853/2698
f 2636/2733/2586 2637/2734/2587 2757/2855/2700 2756/2854/2699
f 2637/2734/2587 2638/2735/2588 2758/2856/2701 2757/2855/2700
f 2638/2735/2588 2639/2736/2589 2759/2857/2702 2758/2856/2701
f 2639/2736/2589 2640/2737/2590 2760/2858/2703 2759/2857/2702
f 2640/2737/2590 2641/2738/2591 2761/2859/2704 2760/2858/2703
f 2641/2738/2591 2642/2739/2592 2762/2860/2705 2761/2859/2704
f 2642/2739/2592 2643/2740/2593 2763/2861/2706 2762/2860/2705
f 2643/2740/2593 2644/2741/2594 2764/2862/2707 2763/2861/2706
f 2644/2741/2594 2645/2742/2595 2765/2863/2708 2764/2862/2707
f 2645/2742/2595 2646/2743/2596 2766/2864/2709 2765/2863/2708
f 2646/2743/2596 2647/2744/2597 2767/2865/2710 2766/2864/2709
f 2647/2744/2597 2648/2745/2597 2768/2866/2711 2767/2865/2710
f 2648/2745/2597 2649/2746/2598 2769/2867/2712 2768/2866/2711
f 2649/2746/2598 2650/2747/2599 2770/2868/2713 2769/2867/2712
f 2650/2747/2599 2651/2748/2599 2771/2869/2714 2770/2868/2713
f 2651/2748/2599 2652/2749/2600 2772/2870/2715 2771/2869/2714
f 2652/2749/2600 2653/2750/2601 2773/2871/2716 2772/2870/2715
f 2653/2750/2601 2654/2751/2601 2774/2872/2717 2773/2871/2716
f 2654/2751/2601 2655/2752/2602 2775/2873/2718 2774/2872/2717
f 2655/2752/2602 2656/2753/2603 2776/2874/2719 2775/2873/2718
f 2656/2753/2603 2657/2754/2603 2777/2875/2720 2776/2874/2719
f 2657/2754/2603 2658/2755/2604 2778/2876/2721 2777/2875/2720
f 2658/2755/2604 2659/2756/2605 2779/2877/2722 2778/2876/2721
f 2659/2756/2605 2660/2757/2605 2780/2878/2723 2779/2877/2722
f 2660/2757/2605 2661/2758/2606 2781/2879/2724 2780/2878/2723
f 2661/2758/2606 2662/2759/2607 2782/2880/2725 2781/2879/2724
f 2662/2759/2607 2663/2760/2608 2783/2881/2726 2782/2880/2725
f 2663/2760/2608 2664/2761/2609 2784/2882/2727 2783/2881/2726
f 2664/2761/2609 2665/2762/2610 2785/2883/2728 2784/2882/2727
f 2665/2762/2610 2666/2763/2611 2786/2884/2729 2785/2883/2728
f 2666/2763/2611 2667/2764/2612 2787/2885/2730 2786/2884/2729
f 2667/2764/2612 2668/2765/2613 2788/2886/2731 2787/2885/2730
f 2668/2765/2613 2669/2766/2614 2789/2887/2732 2788/2886/2731
f 2669/2766/2614 2670/2767/2615 2790/2888/2733 2789/2887/2732
f 2670/2767/2615 2671/2768/2616 2791/2889/2734 2790/2888/2733
f 2671/2768/2616 2672/2769/2617 2792/2890/2735 2791/2889/2734
f 2672/2769/2617 2673/2770/2618 2793/2891/2736 2792/2890/2735
f 2673/2770/2618 2674/2771/2619 2794/2892/2737 2793/2891/2736
f 2674/2771/2619 2675/2772/2620 2795/2893/2738 2794/2892/2737
f 2675/2772/2620 2676/2773/2621 2796/2894/2739 2795/2893/2738
f 2676/2773/2621 2677/2774/2622 2797/2895/2740 2796/2894/2739
f 2677/2774/2622 2678/2775/2622 2798/2896/2741 2797/2895/2740
f 2678/2775/2622 2679/2776/2623 2799/2897/2742 2798/2896/2741
f 2679/2776/2623 2680/2777/2624 2800/2898/2743 2799/2897/2742
f 2680/2777/2624 2681/2778/2624 2801/2899/2744 2800/2898/2743
f 2681/2778/2624 2562/2779/2524 2682/2900/2626 2801/2899/2744
f 2682/2781/2626 2683/2780/2625 2803/2901/2745 2802/2902/2746
f 2683/2780/2625 2684/2782/2627 2804/2903/2407 2803/2901/2745
f 2684/2782/2627 2685/2783/2628 2805/2904/2747 2804/2903/2407
f 2685/2783/2628 2686/2784/2629 2806/2905/2411 2805/2904/2747
f 2686/2784/2629 2687/2785/2630 2807/2906/2413 2806/2905/2411
f 2687/2785/2630 2688/2786/2631 2808/2907/2415 2807/2906/2413
f 2688/2786/2631 2689/2787/2632 2809/2908/2417 2808/2907/2415
f 2689/2787/2632 2690/2788/2633 2810/2909/2748 2809/2908/2417
f 2690/2788/2633 2691/2789/2634 2811/2910/2749 2810/2909/2748
f 2691/2789/2634 2692/2790/2635 2812/2911/2750 2811/2910/2749
f 2692/2790/2635 2693/2791/2636 2813/2912/2425 2812/2911/2750
f 2693/2791/2636 2694/2792/2637 2814/2913/2427 2813/2912/2425
f 2694/2792/2637 2695/2793/2638 2815/2914/2429 2814/2913/2427
f 2695/2793/2638 2696/2794/2639 2816/2915/2431 2815/2914/2429
f 2696/2794/2639 2697/2795/2640 2817/2916/2433 2816/2915/2431
f 2697/2795/2640 2698/2796/2641 2818/2917/2435 2817/2916/2433
f 2698/2796/2641 2699/2797/2642 2819/2918/2751 2818/2917/2435
f 2699/2797/2642 2700/2798/2643 2820/2919/2752 2819/2918/2751
f 2700/2798/2643 2701/2799/2644 2821/2920/2753 2820/2919/2752
f 2701/2799/2644 2702/2800/2645 2822/2921/2443 2821/2920/2753
f 2702/2800/2645 2703/2801/2646 2823/2922/2754 2822/2921/2443
f 2703/2801/2646 2704/2802/2647 2824/2923/2755 2823/2922/2754
f 2704/2802/2647 2705/2803/2648 2825/2924/2449 2824/2923/2755
f 2705/2803/2648 2706/2804/2649 2826/2925/2451 2825/2924/2449
f 2706/2804/2649 2707/2805/2650 2827/2926/2453 2826/2925/2451
f 2707/2805/2650 2708/2806/2651 2828/2927/2455 2827/2926/2453
f 2708/2806/2651 2709/2807/2652 2829/2928/2457 2828/2927/2455
f 2709/2807/2652 2710/2808/2653 2830/2929/2756 2829/2928/2457
f 2710/2808/2653 2711/2809/2654 2831/2930/2757 2830/2929/2756
f 2711/2809/2654 2712/2810/2655 2832/2931/2758 2831/2930/2757
f 2712/2810/2655 2713/2811/2656 2833/2932/2759 2832/2931/2758
f 2713/2811/2656 2714/2812/2657 2834/2933/2760 2833/2932/2759
f 2714/2812/2657 2715/2813/2658 2835/2934/2469 2834/2933/2760
f 2715/2813/2658 2716/2814/2659 2836/2935/2471 2835/2934/2469
f 2716/2814/2659 2717/2815/2660 2837/2936/2473 2836/2935/2471
f 2717/2815/2660 2718/2816/2661 2838/2937/2475 2837/2936/2473
f 2718/2816/2661 2719/2817/2662 2839/2938/2477 2838/2937/2475
f 2719/2817/2662 2720/2818/2663 2840/2939/2761 2839/2938/2477
f 2720/2818/2663 2721/2819/2664 2841/2940/2481 2840/2939/2761
f 2721/2819/2664 2722/2820/2665 2842/2941/2483 2841/2940/2481
f 2722/2820/2665 2723/2821/2666 2843/2942/2485 2842/2941/2483
f 2723/2821/2666 2724/2822/2667 2844/2943/2762 2843/2942/2485
f 2724/2822/2667 2725/2823/2668 2845/2944/2763 2844/2943/2762
f 2725/2823/2668 2726/2824/2669 2846/2945/2491 2845/2944/2763
f 2726/2824/2669 2727/2825/2670 2847/2946/2493 2846/2945/2491
f 2727/2825/2670 2728/2826/2671 2848/2947/2495 2847/2946/2493
f 2728/2826/2671 2729/2827/2672 2849/2948/2764 2848/2947/2495
f 2729/2827/2672 2730/2828/2673 2850/2949/2765 2849/2948/2764
f 2730/2828/2673 2731/2829/2674 2851/2950/2501 2850/2949/2765
f 2731/2829/2674 2732/2830/2675 2852/2951/2503 2851/2950/2501
f 2732/2830/2675 2733/2831/2676 2853/2952/2766 2852/2951/2503
f 2733/2831/2676 2734/2832/2677 2854/2953/2767 2853/2952/2766
f 2734/2832/2677 2735/2833/2678 2855/2954/2509 2854/2953/2767
f 2735/2833/2678 2736/2834/2679 2856/2955/2511 2855/2954/2509
f 2736/2834/2679 2737/2835/2680 2857/2956/2513 2856/2955/2511
f 2737/2835/2680 2738/2836/2681 2858/2957/2515 2857/2956/2513
f 2738/2836/2681 2739/2837/2682 2859/2958/2768 2858/2957/2515
f 2739/2837/2682 2740/2838/2683 2860/2959/2519 2859/2958/2768
f 2740/2838/2683 2741/2839/2684 2861/2960/2769 2860/2959/2519
f 2741/2839/2684 2742/2840/2685 2862/2961/2770 2861/2960/2769
f 2742/2840/2685 2743/2841/2686 2863/2962/2771 2862/2961/2770
f 2743/2841/2686 2744/2842/2687 2864/2963/2287 2863/2962/2771
f 2744/2842/2687 2745/2843/2688 2865/2964/2772 2864/2963/2287
f 2745/2843/2688 2746/2844/2689 2866/2965/2291 2865/2964/2772
f 2746/2844/2689 2747/2845/2690 2867/2966/2293 2866/2965/2291
f 2747/2845/2690 2748/2846/2691 2868/2967/2295 2867/2966/2293
f 2748/2846/2691 2749/2847/2692 2869/2968/2297 2868/2967/2295
f 2749/2847/2692 2750/2848/2693 2870/2969/2773 2869/2968/2297
f 2750/2848/2693 2751/2849/2694 2871/2970/2774 2870/2969/2773
f 2751/2849/2694 2752/2850/2695 2872/2971/2775 2871/2970/2774
f 2752/2850/2695 2753/2851/2696 2873/2972/2305 2872/2971/2775
f 2753/2851/2696 2754/2852/2697 2874/2973/2307 2873/2972/2305
f 2754/2852/2697 2755/2853/2698 2875/2974/2309 2874/2973/2307
f 2755/2853/2698 2756/2854/2699 2876/2975/2311 2875/2974/2309
f 2756/2854/2699 2757/2855/2700 2877/2976/2313 2876/2975/2311
f 2757/2855/2700 2758/2856/2701 2878/2977/2315 2877/2976/2313
f 2758/2856/2701 2759/2857/2702 2879/2978/2776 2878/2977/2315
f 2759/2857/2702 2760/2858/2703 2880/2979/2777 2879/2978/2776
f 2760/2858/2703 2761/2859/2704 2881/2980/2778 2880/2979/2777
f 2761/2859/2704 2762/2860/2705 2882/2981/2323 2881/2980/2778
f 2762/2860/2705 2763/2861/2706 2883/2982/2779 2882/2981/2323
f 2763/2861/2706 2764/2862/2707 2884/2983/2780 2883/2982/2779
f 2764/2862/2707 2765/2863/2708 2885/2984/2329 2884/2983/2780
f 2765/2863/2708 2766/2864/2709 2886/2985/2331 2885/2984/2329
f 2766/2864/2709 2767/2865/2710 2887/2986/2333 2886/2985/2331
f 2767/2865/2710 2768/2866/2711 2888/2987/2335 2887/2986/2333
f 2768/2866/2711 2769/2867/2712 2889/2988/2337 2888/2987/2335
f 2769/2867/2712 2770/2868/2713 2890/2989/2781 2889/2988/2337
f 2770/2868/2713 2771/2869/2714 2891/2990/2782 2890/2989/2781
f 2771/2869/2714 2772/2870/2715 2892/2991/2783 2891/2990/2782
f 2772/2870/2715 2773/2871/2716 2893/2992/2784 2892/2991/2783
f 2773/2871/2716 2774/2872/2717 2894/2993/2785 2893/2992/2784
f 2774/2872/2717 2775/2873/2718 2895/2994/2349 2894/2993/2785
f 2775/2873/2718 2776/2874/2719 2896/2995/2351 2895/2994/2349
f 2776/2874/2719 2777/2875/2720 2897/2996/2353 2896/2995/2351
f 2777/2875/2720 2778/2876/2721 2898/2997/2355 2897/2996/2353
f 2778/2876/2721 2779/2877/2722 2899/2998/2357 2898/2997/2355
f 2779/2877/2722 2780/2878/2723 2900/2999/2786 2899/2998/2357
f 2780/2878/2723 2781/2879/2724 2901/3000/2361 2900/2999/2786
f 2781/2879/2724 2782/2880/2725 2902/3001/2363 2901/3000/2361
f 2782/2880/2725 2783/2881/2726 2903/3002/2365 2902/3001/2363
f 2783/2881/2726 2784/2882/2727 2904/3003/2787 2903/3002/2365
f 2784/2882/2727 2785/2883/2728 2905/3004/2788 2904/3003/2787
f 2785/2883/2728 2786/2884/2729 2906/3005/2371 2905/3004/2788
f 2786/2884/2729 2787/2885/2730 2907/3006/2373 2906/3005/2371
f 2787/2885/2730 2788/2886/2731 2908/3007/2375 2907/3006/2373
f 2788/2886/2731 2789/2887/2732 2909/3008/2789 2908/3007/2375
f 2789/2887/2732 2790/2888/2733 2910/3009/2790 2909/3008/2789
f 2790/2888/2733 2791/2889/2734 2911/3010/2381 2910/3009/2790
f 2791/2889/2734 2792/2890/2735 2912/3011/2383 2911/3010/2381
f 2792/2890/2735 2793/2891/2736 2913/3012/2791 2912/3011/2383
f 2793/2891/2736 2794/2892/2737 2914/3013/2792 2913/3012/2791
f 2794/2892/2737 2795/2893/2738 2915/3014/2389 2914/3013/2792
f 2795/2893/2738 2796/2894/2739 2916/3015/2391 2915/3014/2389
f 2796/2894/2739 2797/2895/2740 2917/3016/2393 2916/3015/2391
f 2797/2895/2740 2798/2896/2741 2918/3017/2395 2917/3016/2393
f 2798/2896/2741 2799/2897/2742 2919/3018/2793 2918/3017/2395
f 2799/2897/2742 2800/2898/2743 2920/3019/2399 2919/3018/2793
f 2800/2898/2743 2801/2899/2744 2921/3020/2794 2920/3019/2399
f 2801/2899/2744 2682/2900/2626 2802/3021/2746 2921/3020/2794
f 2802/2902/1242 2803/2901/1242 2923/3022/1242 2922/3023/1242
f 2803/2901/1242 2804/2903/1242 2924/3024/1242 2923/3022/1242
f 2804/2903/1242 2805/2904/1242 2925/3025/1242 2924/3024/1242
f 2805/2904/1242 2806/2905/1242 2926/3026/1242 2925/3025/1242
f 2806/2905/1242 2807/2906/1242 2927/3027/1242 2926/3026/1242
f 2807/2906/1242 2808/2907/1242 2928/3028/1242 2927/3027/1242
f 2808/2907/1242 2809/2908/1242 2929/3029/1242 2928/3028/1242
f 2809/2908/1242 2810/2909/1242 2930/3030/1242 2929/3029/1242
f 2810/2909/1242 2811/2910/1242 2931/3031/1242 2930/3030/1242
f 2811/2910/1242 2812/2911/1242 2932/3032/1242 2931/3031/1242
f 2812/2911/1242 2813/2912/1242 2933/3033/1242 2932/3032/1242
f 2813/2912/1242 2814/2913/1242 2934/3034/1242 2933/3033/1242
f 2814/2913/1242 2815/2914/1242 2935/3035/1242 2934/3034/1242
f 2815/2914/1242 2816/2915/1242 2936/3036/1242 2935/3035/1242
f 2816/2915/1242 2817/2916/1242 2937/3037/1242 2936/3036/1242
f 2817/2916/1242 2818/2917/1242 2938/3038/1242 2937/3037/1242
f 2818/2917/1242 2819/2918/1242 2939/3039/1242 2938/3038/1242
f 2819/2918/1242 2820/2919/1242 2940/3040/1242 2939/3039/1242
f 2820/2919/1242 2821/2920/1242 2941/3041/1242 2940/3040/1242
f 2821/2920/1242 2822/2921/1242 2942/3042/1242 2941/3041/1242
f 2822/2921/1242 2823/2922/1242 2943/3043/1242 2942/3042/1242
f 2823/2922/1242 2824/2923/1242 2944/3044/1242 2943/3043/1242
f 2824/2923/1242 2825/2924/1242 2945/3045/1242 2944/3044/1242
f 2825/2924/1242 2826/2925/1242 2946/3046/1242 2945/3045/1242
f 2826/2925/1242 2827/2926/1242 2947/3047/1242 2946/3046/1242
f 2827/2926/1242 2828/2927/1242 2948/3048/1242 2947/3047/1242
f 2828/2927/1242 2829/2928/1242 2949/3049/1242 2948/3048/1242
f 2829/2928/1242 2830/2929/1242 2950/3050/1242 2949/3049/1242
f 2830/2929/1242 2831/2930/1242 2951/3051/1242 2950/3050/1242
f 2831/2930/1242 2832/2931/1242 2952/3052/1242 2951/3051/1242
f 2832/2931/1242 2833/2932/1242 2953/3053/1242 2952/3052/1242
f 2833/2932/1242 2834/2933/1242 2954/3054/1242 2953/3053/1242
f 2834/2933/1242 2835/2934/1242 2955/3055/1242 2954/3054/1242
f 2835/2934/1242 2836/2935/1242 2956/3056/1242 2955/3055/1242
f 2836/2935/1242 2837/2936/1242 2957/3057/1242 2956/3056/1242
f 2837/2936/1242 2838/2937/1242 2958/3058/1242 2957/3057/1242
f 2838/2937/1242 2839/2938/1242 2959/3059/1242 2958/3058/1242
f 2839/2938/1242 2840/2939/1242 2960/3060/1242 2959/3059/1242
f 2840/2939/1242 2841/2940/1242 2961/3061/1242 2960/3060/1242
f 2841/2940/1242 2842/2941/1242 2962/3062/1242 2961/3061/1242
f 2842/2941/1242 2843/2942/1242 2963/3063/1242 2962/3062/1242
f 2843/2942/1242 2844/2943/1242 2964/3064/1242 2963/3063/1242
f 2844/2943/1242 2845/2944/1242 2965/3065/1242 2964/3064/1242
f 2845/2944/1242 2846/2945/1242 2966/3066/1242 2965/3065/1242
f 2846/2945/1242 2847/2946/1242 2967/3067/1242 2966/3066/1242
f 2847/2946/1242 2848/2947/1242 2968/3068/1242 2967/3067/1242
f 2848/2947/1242 2849/2948/1242 2969/3069/1242 2968/3068/1242
f 2849/2948/1242 2850/2949/1242 2970/3070/1242 2969/3069/1242
f 2850/2949/1242 2851/2950/1242 2971/3071/1242 2970/3070/1242
f 2851/2950/1242 2852/2951/1242 2972/3072/1242 2971/3071/1242
f 2852/2951/1242 2853/2952/1242 2973/3073/1242 2972/3072/1242
f 2853/2952/1242 2854/2953/1242 2974/3074/1242 2973/3073/1242
f 2854/2953/1242 2855/2954/1242 2975/3075/1242 2974/3074/1242
f 2855/2954/1242 2856/2955/1242 2976/3076/1242 2975/3075/1242
f 2856/2955/1242 2857/2956/1242 2977/3077/1242 2976/3076/1242
f 2857/2956/1242 2858/2957/1242 2978/3078/1242 2977/3077/1242
f 2858/2957/1242 2859/2958/1242 2979/3079/1242 2978/3078/1242
f 2859/2958/1242 2860/2959/1242 2980/3080/1242 2979/3079/1242
f 2860/2959/1242 2861/2960/1242 2981/3081/1242 2980/3080/1242
f 2861/2960/1242 2862/2961/1242 2982/3082/1242 2981/3081/1242
f 2862/2961/1242 2863/2962/1242 2983/3083/1242 2982/3082/1242
f 2863/2962/1242 2864/2963/1242 2984/3084/1242 2983/3083/1242
f 2864/2963/1242 2865/2964/1242 2985/3085/1242 2984/3084/1242
f 2865/2964/1242 2866/2965/1242 2986/3086/1242 2985/3085/1242
f 2866/2965/1242 2867/2966/1242 2987/3087/1242 2986/3086/1242
f 2867/2966/1242 2868/2967/1242 2988/3088/1242 2987/3087/1242
f 2868/2967/1242 2869/2968/1242 2989/3089/1242 2988/3088/1242
f 2869/2968/1242 2870/2969/1242 2990/3090/1242 2989/3089/1242
f 2870/2969/1242 2871/2970/1242 2991/3091/1242 2990/3090/1242
f 2871/2970/1242 2872/2971/1242 2992/3092/1242 2991/3091/1242
f 2872/2971/1242 2873/2972/1242 2993/3093/1242 2992/3092/1242
f 2873/2972/1242 2874/2973/1242 2994/3094/1242 2993/3093/1242
f 2874/2973/1242 2875/2974/1242 2995/3095/1242 2994/3094/1242
f 2875/2974/1242 2876/2975/1242 2996/3096/1242 2995/3095/1242
f 2876/2975/1242 2877/2976/1242 2997/3097/1242 2996/3096/1242
f 2877/2976/1242 2878/2977/1242 2998/3098/1242 2997/3097/1242
f 2878/2977/1242 2879/2978/1242 2999/3099/1242 2998/3098/1242
f 2879/2978/1242 2880/2979/1242 3000/3100/1242 2999/3099/1242
f 2880/2979/1242 2881/2980/1242 3001/3101/1242 3000/3100/1242
f 2881/2980/1242 2882/2981/1242 3002/3102/1242 3001/3101/1242
f 2882/2981/1242 2883/2982/1242 3003/3103/1242 3002/3102/1242
f 2883/2982/1242 2884/2983/1242 3004/3104/1242 3003/3103/1242
f 2884/2983/1242 2885/2984/1242 3005/3105/1242 3004/3104/1242
f 2885/2984/1242 2886/2985/1242 3006/3106/1242 3005/3105/1242
f 2886/2985/1242 2887/2986/1242 3007/3107/1242 3006/3106/1242
f 2887/2986/1242 2888/2987/1242 3008/3108/1242 3007/3107/1242
f 2888/2987/1242 2889/2988/1242 3009/3109/1242 3008/3108/1242
f 2889/2988/1242 2890/2989/1242 3010/3110/1242 3009/3109/1242
f 2890/2989/1242 2891/2990/1242 3011/3111/1242 3010/3110/1242
f 2891/2990/1242 2892/2991/1242 3012/3112/1242 3011/3111/1242
f 2892/2991/1242 2893/2992/1242 3013/3113/1242 3012/3112/1242
f 2893/2992/1242 2894/2993/1242 3014/3114/1242 3013/3113/1242
f 2894/2993/1242 2895/2994/1242 3015/3115/1242 3014/3114/1242
f 2895/2994/1242 2896/2995/1242 3016/3116/1242 3015/3115/1242
f 2896/2995/1242 2897/2996/1242 3017/3117/1242 3016/3116/1242
f 2897/2996/1242 2898/2997/1242 3018/3118/1242 3017/3117/1242
f 2898/2997/1242 2899/2998/1242 3019/3119/1242 3018/3118/1242
f 2899/2998/1242 2900/2999/1242 3020/3120/1242 3019/3119/1242
f 2900/2999/1242 2901/3000/1242 3021/3121/1242 3020/3120/1242
f 2901/3000/1242 2902/3001/1242 3022/3122/1242 3021/3121/1242
f 2902/3001/1242 2903/3002/1242 3023/3123/1242 3022/3122/1242
f 2903/3002/1242 2904/3003/1242 3024/3124/1242 3023/3123/1242
f 2904/3003/1242 2905/3004/1242 3025/3125/1242 3024/3124/1242
f 2905/3004/1242 2906/3005/1242 3026/3126/1242 3025/3125/1242
f 2906/3005/1242 2907/3006/1242 3027/3127/1242 3026/3126/1242
f 2907/3006/1242 2908/3007/1242 3028/3128/1242 3027/3127/1242
f 2908/3007/1242 2909/3008/1242 3029/3129/1242 3028/3128/1242
f 2909/3008/1242 2910/3009/1242 3030/3130/1242 3029/3129/1242
f 2910/3009/1242 2911/3010/1242 3031/3131/1242 3030/3130/1242
f 2911/3010/1242 2912/3011/1242 3032/3132/1242 3031/3131/1242
f 2912/3011/1242 2913/3012/1242 3033/3133/1242 3032/3132/1242
f 2913/3012/1242 2914/3013/1242 3034/3134/1242 3033/3133/1242
f 2914/3013/1242 2915/3014/1242 3035/3135/1242 3034/3134/1242
f 2915/3014/1242 2916/3015/1242 3036/3136/1242 3035/3135/1242
f 2916/3015/1242 2917/3016/1242 3037/3137/1242 3036/3136/1242
f 2917/3016/1242 2918/3017/1242 3038/3138/1242 3037/3137/1242
f 2918/3017/1242 2919/3018/1242 3039/3139/1242 3038/3138/1242
f 2919/3018/1242 2920/3019/1242 3040/3140/1242 3039/3139/1242
f 2920/3019/1242 2921/3020/1242 3041/3141/1242 3040/3140/1242
f 2921/3020/1242 2802/3021/1242 2922/3142/1242 3041/3141/1242
f 2922/3023/2795 2923/3022/2796 3043/3143/2797 3042/3144/2798
f 2923/3022/2796 2924/3024/2799 3044/3145/2800 3043/3143/2797
f 2924/3024/2799 2925/3025/2801 3045/3146/2802 3044/3145/2800
f 2925/3025/2801 2926/3026/2803 3046/3147/2804 3045/3146/2802
f 2926/3026/2803 2927/3027/2805 3047/3148/2806 3046/3147/2804
f 2927/3027/2805 2928/3028/2807 3048/3149/2808 3047/3148/2806
f 2928/3028/2807 2929/3029/2809 3049/3150/2810 3048/3149/2808
f 2929/3029/2809 2930/3030/2811 3050/3151/2812 3049/3150/2810
f 2930/3030/2811 2931/3031/2813 3051/3152/2814 3050/3151/2812
f 2931/3031/2813 2932/3032/2815 3052/3153/2816 3051/3152/2814
f 2932/3032/2815 2933/3033/2817 3053/3154/2818 3052/3153/2816
f 2933/3033/2817 2934/3034/2819 3054/3155/2820 3053/3154/2818
f 2934/3034/2819 2935/3035/2821 3055/3156/2822 3054/3155/2820
f 2935/3035/2821 2936/3036/2823 3056/3157/2824 3055/3156/2822
f 2936/3036/2823 2937/3037/2825 3057/3158/2826 3056/3157/2824
f 2937/3037/2825 2938/3038/2827 3058/3159/2828 3057/3158/2826
f 2938/3038/2827 2939/3039/2829 3059/3160/2830 3058/3159/2828
f 2939/3039/2829 2940/3040/2831 3060/3161/2832 3059/3160/2830
f 2940/3040/2831 2941/3041/2833 3061/3162/2834 3060/3161/2832
f 2941/3041/2833 2942/3042/2835 3062/3163/2836 3061/3162/2834
f 2942/3042/2835 2943/3043/2837 3063/3164/2838 3062/3163/2836
f 2943/3043/2837 2944/3044/2839 3064/3165/2840 3063/3164/2838
f 2944/3044/2839 2945/3045/2841 3065/3166/2842 3064/3165/2840
f 2945/3045/2841 2946/3046/2843 3066/3167/2844 3065/3166/2842
f 2946/3046/2843 2947/3047/2845 3067/3168/2846 3066/3167/2844
f 2947/3047/2845 2948/3048/2847 3068/3169/2848 3067/3168/2846
f 2948/3048/2847 2949/3049/2849 3069/3170/2850 3068/3169/2848
f 2949/3049/2849 2950/3050/2851 3070/3171/2852 3069/3170/2850
f 2950/3050/2851 2951/3051/2853 3071/3172/2854 3070/3171/2852
f 2951/3051/2853 2952/3052/2855 3072/3173/2856 3071/3172/2854
f 2952/3052/2855 2953/3053/2857 3073/3174/2858 3072/3173/2856
f 2953/3053/2857 2954/3054/2859 3074/3175/2860 3073/3174/2858
f 2954/3054/2859 2955/3055/2861 3075/3176/2862 3074/3175/2860
f 2955/3055/2861 2956/3056/2863 3076/3177/2864 3075/3176/2862
f 2956/3056/2863 2957/3057/2865 3077/3178/2866 3076/3177/2864
f 2957/3057/2865 2958/3058/2867 3078/3179/2868 3077/3178/2866
f 2958/3058/2867 2959/3059/2869 3079/3180/2870 3078/3179/2868
f 2959/3059/2869 2960/3060/2871 3080/3181/2872 3079/3180/2870
f 2960/3060/2871 2961/3061/2873 3081/3182/2874 3080/3181/2872
f 2961/3061/2873 2962/3062/2875 3082/3183/2876 3081/3182/2874
f 2962/3062/2875 2963/3063/2877 3083/3184/2878 3082/3183/2876
f 2963/3063/2877 2964/3064/2879 3084/3185/2880 3083/3184/2878
f 2964/3064/2879 2965/3065/2881 3085/3186/2882 3084/3185/2880
f 2965/3065/2881 2966/3066/2883 3086/3187/2884 3085/3186/2882
f 2966/3066/2883 2967/3067/2885 3087/3188/2886 3086/3187/2884
f 2967/3067/2885 2968/3068/2887 3088/3189/2888 3087/3188/2886
f 2968/3068/2887 2969/3069/2889 3089/3190/2890 3088/3189/2888
f 2969/3069/2889 2970/3070/2891 3090/3191/2892 3089/3190/2890
f 2970/3070/2891 2971/3071/2893 3091/3192/2894 3090/3191/2892
f 2971/3071/2893 2972/3072/2895 3092/3193/2896 3091/3192/2894
f 2972/3072/2895 2973/3073/2897 3093/3194/2898 3092/3193/2896
f 2973/3073/2897 2974/3074/2899 3094/3195/2900 3093/3194/2898
f 2974/3074/2899 2975/3075/2901 3095/3196/2902 3094/3195/2900
f 2975/3075/2901 2976/3076/2903 3096/3197/2904 3095/3196/2902
f 2976/3076/2903 2977/3077/2905 3097/3198/2906 3096/3197/2904
f 2977/3077/2905 2978/3078/2907 3098/3199/2908 3097/3198/2906
f 2978/3078/2907 2979/3079/2909 3099/3200/2910 3098/3199/2908
f 2979/3079/2909 2980/3080/2911 3100/3201/2912 3099/3200/2910
f 2980/3080/2911 2981/3081/2913 3101/3202/2914 3100/3201/2912
f 2981/3081/2913 2982/3082/2915 3102/3203/2916 3101/3202/2914
f 2982/3082/2915 2983/3083/2917 3103/3204/2918 3102/3203/2916
f 2983/3083/2917 2984/3084/2919 3104/3205/2920 3103/3204/2918
f 2984/3084/2919 2985/3085/2921 3105/3206/2922 3104/3205/2920
f 2985/3085/2921 2986/3086/2923 3106/3207/2924 3105/3206/2922
f 2986/3086/2923 2987/3087/2925 3107/3208/2926 3106/3207/2924
f 2987/3087/2925 2988/3088/2927 3108/3209/2928 3107/3208/2926
f 2988/3088/2927 2989/3089/2929 3109/3210/2930 3108/3209/2928
f 2989/3089/2929 2990/3090/2931 3110/3211/2932 3109/3210/2930
f 2990/3090/2931 2991/3091/2933 3111/3212/2934 3110/3211/2932
f 2991/3091/2933 2992/3092/2935 3112/3213/2936 3111/3212/2934
f 2992/3092/2935 2993/3093/2937 3113/3214/2938 3112/3213/2936
f 2993/3093/2937 2994/3094/2939 3114/3215/2940 3113/3214/2938
f 2994/3094/2939 2995/3095/2941 3115/3216/2942 3114/3215/2940
f 2995/3095/2941 2996/3096/2943 3116/3217/2944 3115/3216/2942
f 2996/3096/2943 2997/3097/2945 3117/3218/2946 3116/3217/2944
f 2997/3097/2945 2998/3098/2947 3118/3219/2948 3117/3218/2946
f 2998/3098/2947 2999/3099/2949 3119/3220/2950 3118/3219/2948
f 2999/3099/2949 3000/3100/2951 3120/3221/2952 3119/3220/2950
f 3000/3100/2951 3001/3101/2953 3121/3222/2954 3120/3221/2952
f 3001/3101/2953 3002/3102/2955 3122/3223/2956 3121/3222/2954
f 3002/3102/2955 3003/3103/2957 3123/3224/2958 3122/3223/2956
f 3003/3103/2957 3004/3104/2959 3124/3225/2960 3123/3224/2958
f 3004/3104/2959 3005/3105/2961 3125/3226/2962 3124/3225/2960
f 3005/3105/2961 3006/3106/2963 3126/3227/2964 3125/3226/2962
f 3006/3106/2963 3007/3107/2965 3127/3228/2966 3126/3227/2964
f 3007/3107/2965 3008/3108/2967 3128/3229/2968 3127/3228/2966
f 3008/3108/2967 3009/3109/2969 3129/3230/2970 3128/3229/2968
f 3009/3109/2969 3010/3110/2971 3130/3231/2972 3129/3230/2970
f 3010/3110/2971 3011/3111/2973 3131/3232/2974 3130/3231/2972
f 3011/3111/2973 3012/3112/2975 3132/3233/2976 3131/3232/2974
f 3012/3112/2975 3013/3113/2977 3133/3234/2978 3132/3233/2976
f 3013/3113/2977 3014/3114/2979 3134/3235/2980 3133/3234/2978
f 3014/3114/2979 3015/3115/2981 3135/3236/2982 3134/3235/2980
f 3015/3115/2981 3016/3116/2983 3136/3237/2984 3135/3236/2982
f 3016/3116/2983 3017/3117/2985 3137/3238/2986 3136/3237/2984
f 3017/3117/2985 3018/3118/2987 3138/3239/2988 3137/3238/2986
f 3018/3118/2987 3019/3119/2989 3139/3240/2990 3138/3239/2988
f 3019/3119/2989 3020/3120/2991 3140/3241/2992 3139/3240/2990
f 3020/3120/2991 3021/3121/2993 3141/3242/2994 3140/3241/2992
f 3021/3121/2993 3022/3122/2995 3142/3243/2996 3141/3242/2994
f 3022/3122/2995 3023/3123/2997 3143/3244/2998 3142/3243/2996
f 3023/3123/2997 3024/3124/2999 3144/3245/3000 3143/3244/2998
f 3024/3124/2999 3025/3125/3001 3145/3246/3002 3144/3245/3000
f 3025/3125/3001 3026/3126/3003 3146/3247/3004 3145/3246/3002
f 3026/3126/3003 3027/3127/3005 3147/3248/3006 3146/3247/3004
f 3027/3127/3005 3028/3128/3007 3148/3249/3008 3147/3248/3006
f 3028/3128/3007 3029/3129/3009 3149/3250/3010 3148/3249/3008
f 3029/3129/3009 3030/3130/3011 3150/3251/3012 3149/3250/3010
f 3030/3130/3011 3031/3131/3013 3151/3252/3014 3150/3251/3012
f 3031/3131/3013 3032/3132/3015 3152/3253/3016 3151/3252/3014
f 3032/3132/3015 3033/3133/3017 3153/3254/3018 3152/3253/3016
f 3033/3133/3017 3034/3134/3019 3154/3255/3020 3153/3254/3018
f 3034/3134/3019 3035/3135/3021 3155/3256/3022 3154/3255/3020
f 3035/3135/3021 3036/3136/3023 3156/3257/3024 3155/3256/3022
f 3036/3136/3023 3037/3137/3025 3157/3258/3026 3156/3257/3024
f 3037/3137/3025 3038/3138/3027 3158/3259/3028 3157/3258/3026
f 3038/3138/3027 3039/3139/3029 3159/3260/3030 3158/3259/3028
f 3039/3139/3029 3040/3140/3031 3160/3261/3032 3159/3260/3030
f 3040/3140/3031 3041/3141/3033 3161/3262/3034 3160/3261/3032
f 3041/3141/3033 2922/3142/2795 3042/3263/2798 3161/3262/3034
f 3042/3144/2798 3043/3143/2797 3163/3264/3035 3162/3265/3036
f 3043/3143/2797 3044/3145/2800 3164/3266/3037 3163/3264/3035
f 3044/3145/2800 3045/3146/2802 3165/3267/3038 3164/3266/3037
f 3045/3146/2802 3046/3147/2804 3166/3268/3039 3165/3267/3038
f 3046/3147/2804 3047/3148/2806 3167/3269/3040 3166/3268/3039
f 3047/3148/2806 3048/3149/2808 3168/3270/3041 3167/3269/3040
f 3048/3149/2808 3049/3150/2810 3169/3271/3042 3168/3270/3041
f 3049/3150/2810 3050/3151/2812 3170/3272/3043 3169/3271/3042
f 3050/3151/2812 3051/3152/2814 3171/3273/3044 3170/3272/3043
f 3051/3152/2814 3052/3153/2816 3172/3274/3045 3171/3273/3044
f 3052/3153/2816 3053/3154/2818 3173/3275/3046 3172/3274/3045
f 3053/3154/2818 3054/3155/2820 3174/3276/3047 3173/3275/3046
f 3054/3155/2820 3055/3156/2822 3175/3277/3048 3174/3276/3047
f 3055/3156/2822 3056/3157/2824 3176/3278/3049 3175/3277/3048
f 3056/3157/2824 3057/3158/2826 3177/3279/3050 3176/3278/3049
f 3057/3158/2826 3058/3159/2828 3178/3280/3051 3177/3279/3050
f 3058/3159/2828 3059/3160/2830 3179/3281/3052 3178/3280/3051
f 3059/3160/2830 3060/3161/2832 3180/3282/3053 3179/3281/3052
f 3060/3161/2832 3061/3162/2834 3181/3283/3054 3180/3282/3053
f 3061/3162/2834 3062/3163/2836 3182/3284/3055 3181/3283/3054
f 3062/3163/2836 3063/3164/2838 3183/3285/3056 3182/3284/3055
f 3063/3164/2838 3064/3165/2840 3184/3286/3057 3183/3285/3056
f 3064/3165/2840 3065/3166/2842 3185/3287/3058 3184/3286/3057
f 3065/3166/2842 3066/3167/2844 3186/3288/3059 3185/3287/3058
f 3066/3167/2844 3067/3168/2846 3187/3289/3060 3186/3288/3059
f 3067/3168/2846 3068/3169/2848 3188/3290/3061 3187/3289/3060
f 3068/3169/2848 3069/3170/2850 3189/3291/3062 3188/3290/3061
f 3069/3170/2850 3070/3171/2852 3190/3292/3063 3189/3291/3062
f 3070/3171/2852 3071/3172/2854 3191/3293/3064 3190/3292/3063
f 3071/3172/2854 3072/3173/2856 3192/3294/3065 3191/3293/3064
f 3072/3173/2856 3073/3174/2858 3193/3295/3066 3192/3294/3065
f 3073/3174/2858 3074/3175/2860 3194/3296/3067 3193/3295/3066
f 3074/3175/2860 3075/3176/2862 3195/3297/3068 3194/3296/3067
f 3075/3176/2862 3076/3177/2864 3196/3298/3069 3195/3297/3068
f 3076/3177/2864 3077/3178/2866 3197/3299/3070 3196/3298/3069
f 3077/3178/2866 3078/3179/2868 3198/3300/3071 3197/3299/3070
f 3078/3179/2868 3079/3180/2870 3199/3301/3072 3198/3300/3071
f 3079/3180/2870 3080/3181/2872 3200/3302/3073 3199/3301/3072
f 3080/3181/2872 3081/3182/2874 3201/3303/3074 3200/3302/3073
f 3081/3182/2874 3082/3183/2876 3202/3304/3075 3201/3303/3074
f 3082/3183/2876 3083/3184/2878 3203/3305/3076 3202/3304/3075
f 3083/3184/2878 3084/3185/2880 3204/3306/3077 3203/3305/3076
f 3084/3185/2880 3085/3186/2882 3205/3307/3078 3204/3306/3077
f 3085/3186/2882 3086/3187/2884 3206/3308/3079 3205/3307/3078
f 3086/3187/2884 3087/3188/2886 3207/3309/3080 3206/3308/3079
f 3087/3188/2886 3088/3189/2888 3208/3310/3081 3207/3309/3080
f 3088/3189/2888 3089/3190/2890 3209/3311/3082 3208/3310/3081
f 3089/3190/2890 3090/3191/2892 3210/3312/3083 3209/3311/3082
f 3090/3191/2892 3091/3192/2894 3211/3313/3084 3210/3312/3083
f 3091/3192/2894 3092/3193/2896 3212/3314/3085 3211/3313/3084
f 3092/3193/2896 3093/3194/2898 3213/3315/3086 3212/3314/3085
f 3093/3194/2898 3094/3195/2900 3214/3316/3087 3213/3315/3086
f 3094/3195/2900 3095/3196/2902 3215/3317/3088 3214/3316/3087
f 3095/3196/2902 3096/3197/2904 3216/3318/3089 3215/3317/3088
f 3096/3197/2904 3097/3198/2906 3217/3319/3090 3216/3318/3089
f 3097/3198/2906 3098/3199/2908 3218/3320/3091 3217/3319/3090
f 3098/3199/2908 3099/3200/2910 3219/3321/3092 3218/3320/3091
f 3099/3200/2910 3100/3201/2912 3220/3322/3093 3219/3321/3092
f 3100/3201/2912 3101/3202/2914 3221/3323/3094 3220/3322/3093
f 3101/3202/2914 3102/3203/2916 3222/3324/3095 3221/3323/3094
f 3102/3203/2916 3103/3204/2918 3223/3325/3096 3222/3324/3095
f 3103/3204/2918 3104/3205/2920 3224/3326/3097 3223/3325/3096
f 3104/3205/2920 3105/3206/2922 3225/3327/3098 3224/3326/3097
f 3105/3206/2922 3106/3207/2924 3226/3328/3099 3225/3327/3098
f 3106/3207/2924 3107/3208/2926 3227/3329/3100 3226/3328/3099
f 3107/3208/2926 3108/3209/2928 3228/3330/3101 3227/3329/3100
f 3108/3209/2928 3109/3210/2930 3229/3331/3102 3228/3330/3101
f 3109/3210/2930 3110/3211/2932 3230/3332/3103 3229/3331/3102
f 3110/3211/2932 3111/3212/2934 3231/3333/3104 3230/3332/3103
f 3111/3212/2934 3112/3213/2936 3232/3334/3105 3231/3333/3104
f 3112/3213/2936 3113/3214/2938 3233/3335/3106 3232/3334/3105
f 3113/3214/2938 3114/3215/2940 3234/3336/3107 3233/3335/3106
f 3114/3215/2940 3115/3216/2942 3235/3337/3108 3234/3336/3107
f 3115/3216/2942 3116/3217/2944 3236/3338/3109 3235/3337/3108
f 3116/3217/2944 3117/3218/2946 3237/3339/3110 3236/3338/3109
f 3117/3218/2946 3118/3219/2948 3238/3340/3111 3237/3339/3110
f 3118/3219/2948 3119/3220/2950 3239/3341/3112 3238/3340/3111
f 3119/3220/2950 3120/3221/2952 3240/3342/3113 3239/3341/3112
f 3120/3221/2952 3121/3222/2954 3241/3343/3114 3240/3342/3113
f 3121/3222/2954 3122/3223/2956 3242/3344/3115 3241/3343/3114
f 3122/3223/2956 3123/3224/2958 3243/3345/3116 3242/3344/3115
f 3123/3224/2958 3124/3225/2960 3244/3346/3117 3243/3345/3116
f 3124/3225/2960 3125/3226/2962 3245/3347/3118 3244/3346/3117
f 3125/3226/2962 3126/3227/2964 3246/3348/3119 3245/3347/3118
f 3126/3227/2964 3127/3228/2966 3247/3349/3120 3246/3348/3119
f 3127/3228/2966 3128/3229/2968 3248/3350/3121 3247/3349/3120
f 3128/3229/2968 3129/3230/2970 3249/3351/3122 3248/3350/3121
f 3129/3230/2970 3130/3231/2972 3250/3352/3123 3249/3351/3122
f 3130/3231/2972 3131/3232/2974 3251/3353/3124 3250/3352/3123
f 3131/3232/2974 3132/3233/2976 3252/3354/3125 3251/3353/3124
f 3132/3233/2976 3133/3234/2978 3253/3355/3126 3252/3354/3125
f 3133/3234/2978 3134/3235/2980 3254/3356/3127 3253/3355/3126
f 3134/3235/2980 3135/3236/2982 3255/3357/3128 3254/3356/3127
f 3135/3236/2982 3136/3237/2984 3256/3358/3129 3255/3357/3128
f 3136/3237/2984 3137/3238/2986 3257/3359/3130 3256/3358/3129
f 3137/3238/2986 3138/3239/2988 3258/3360/3131 3257/3359/3130
f 3138/3239/2988 3139/3240/2990 3259/3361/3132 3258/3360/3131
f 3139/3240/2990 3140/3241/2992 3260/3362/3133 3259/3361/3132
f 3140/3241/2992 3141/3242/2994 3261/3363/3134 3260/3362/3133
f 3141/3242/2994 3142/3243/2996 3262/3364/3135 3261/3363/3134
f 3142/3243/2996 3143/3244/2998 3263/3365/3136 3262/3364/3135
f 3143/3244/2998 3144/3245/3000 3264/3366/3137 3263/3365/3136
f 3144/3245/3000 3145/3246/3002 3265/3367/3138 3264/3366/3137
f 3145/3246/3002 3146/3247/3004 3266/3368/3139 3265/3367/3138
f 3146/3247/3004 3147/3248/3006 3267/3369/3140 3266/3368/3139
f 3147/3248/3006 3148/3249/3008 3268/3370/3141 3267/3369/3140
f 3148/3249/3008 3149/3250/3010 3269/3371/3142 3268/3370/3141
f 3149/3250/3010 3150/3251/3012 3270/3372/3143 3269/3371/3142
f 3150/3251/3012 3151/3252/3014 3271/3373/3144 3270/3372/3143
f 3151/3252/3014 3152/3253/3016 3272/3374/3145 3271/3373/3144
f 3152/3253/3016 3153/3254/3018 3273/3375/3146 3272/3374/3145
f 3153/3254/3018 3154/3255/3020 3274/3376/3147 3273/3375/3146
f 3154/3255/3020 3155/3256/3022 3275/3377/3148 3274/3376/3147
f 3155/3256/3022 3156/3257/3024 3276/3378/3149 3275/3377/3148
f 3156/3257/3024 3157/3258/3026 3277/3379/3150 3276/3378/3149
f 3157/3258/3026 3158/3259/3028 3278/3380/3151 3277/3379/3150
f 3158/3259/3028 3159/3260/3030 3279/3381/3152 3278/3380/3151
f 3159/3260/3030 3160/3261/3032 3280/3382/3153 3279/3381/3152
f 3160/3261/3032 3161/3262/3034 3281/3383/3154 3280/3382/3153
f 3161/3262/3034 3042/3263/2798 3162/3384/3036 3281/3383/3154
f 3162/3265/3036 3163/3264/3035 3283/3385/3155 3282/3386/3156
f 3163/3264/3035 3164/3266/3037 3284/3387/3157 3283/3385/3155
f 3164/3266/3037 3165/3267/3038 3285/3388/3158 3284/3387/3157
f 3165/3267/3038 3166/3268/3039 3286/3389/3159 3285/3388/3158
f 3166/3268/3039 3167/3269/3040 3287/3390/3160 3286/3389/3159
f 3167/3269/3040 3168/3270/3041 3288/3391/3161 3287/3390/3160
f 3168/3270/3041 3169/3271/3042 3289/3392/3162 3288/3391/3161
f 3169/3271/3042 3170/3272/3043 3290/3393/3163 3289/3392/3162
f 3170/3272/3043 3171/3273/3044 3291/3394/3164 3290/3393/3163
f 3171/3273/3044 3172/3274/3045 3292/3395/3165 3291/3394/3164
f 3172/3274/3045 3173/3275/3046 3293/3396/3166 3292/3395/3165
f 3173/3275/3046 3174/3276/3047 3294/3397/3167 3293/3396/3166
f 3174/3276/3047 3175/3277/3048 3295/3398/3168 3294/3397/3167
f 3175/3277/3048 3176/3278/3049 3296/3399/3169 3295/3398/3168
f 3176/3278/3049 3177/3279/3050 3297/3400/3170 3296/3399/3169
f 3177/3279/3050 3178/3280/3051 3298/3401/3171 3297/3400/3170
f 3178/3280/3051 3179/3281/3052 3299/3402/3172 3298/3401/3171
f 3179/3281/3052 3180/3282/3053 3300/3403/3173 3299/3402/3172
f 3180/3282/3053 3181/3283/3054 3301/3404/3174 3300/3403/3173
f 3181/3283/3054 3182/3284/3055 3302/3405/3175 3301/3404/3174
f 3182/3284/3055 3183/3285/3056 3303/3406/3176 3302/3405/3175
f 3183/3285/3056 3184/3286/3057 3304/3407/3177 3303/3406/3176
f 3184/3286/3057 3185/3287/3058 3305/3408/3178 3304/3407/3177
f 3185/3287/3058 3186/3288/3059 3306/3409/3179 3305/3408/3178
f 3186/3288/3059 3187/3289/3060 3307/3410/3180 3306/3409/3179
f 3187/3289/3060 3188/3290/3061 3308/3411/3181 3307/3410/3180
f 3188/3290/3061 3189/3291/3062 3309/3412/3182 3308/3411/3181
f 3189/3291/3062 3190/3292/3063 3310/3413/3183 3309/3412/3182
f 3190/3292/3063 3191/3293/3064 3311/3414/3184 3310/3413/3183
f 3191/3293/3064 3192/3294/3065 3312/3415/3185 3311/3414/3184
f 3192/3294/3065 3193/3295/3066 3313/3416/3186 3312/3415/3185
f 3193/3295/3066 3194/3296/3067 3314/3417/3187 3313/3416/3186
f 3194/3296/3067 3195/3297/3068 3315/3418/3188 3314/3417/3187
f 3195/3297/3068 3196/3298/3069 3316/3419/3189 3315/3418/3188
f 3196/3298/3069 3197/3299/3070 3317/3420/3190 3316/3419/3189
f 3197/3299/3070 3198/3300/3071 3318/3421/3191 3317/3420/3190
f 3198/3300/3071 3199/3301/3072 3319/3422/3192 3318/3421/3191
f 3199/3301/3072 3200/3302/3073 3320/3423/3193 3319/3422/3192
f 3200/3302/3073 3201/3303/3074 3321/3424/3194 3320/3423/3193
f 3201/3303/3074 3202/3304/3075 3322/3425/3195 3321/3424/3194
f 3202/3304/3075 3203/3305/3076 3323/3426/3196 3322/3425/3195
f 3203/3305/3076 3204/3306/3077 3324/3427/3197 3323/3426/3196
f 3204/3306/3077 3205/3307/3078 3325/3428/3198 3324/3427/3197
f 3205/3307/3078 3206/3308/3079 3326/3429/3199 3325/3428/3198
f 3206/3308/3079 3207/3309/3080 3327/3430/3200 3326/3429/3199
f 3207/3309/3080 3208/3310/3081 3328/3431/3201 3327/3430/3200
f 3208/3310/3081 3209/3311/3082 3329/3432/3202 3328/3431/3201
f 3209/3311/3082 3210/3312/3083 3330/3433/3203 3329/3432/3202
f 3210/3312/3083 3211/3313/3084 3331/3434/3204 3330/3433/3203
f 3211/3313/3084 3212/3314/3085 3332/3435/3205 3331/3434/3204
f 3212/3314/3085 3213/3315/3086 3333/3436/3206 3332/3435/3205
f 3213/3315/3086 3214/3316/3087 3334/3437/3207 3333/3436/3206
f 3214/3316/3087 3215/3317/3088 3335/3438/3208 3334/3437/3207
f 3215/3317/3088 3216/3318/3089 3336/3439/3209 3335/3438/3208
f 3216/3318/3089 3217/3319/3090 3337/3440/3210 3336/3439/3209
f 3217/3319/3090 3218/3320/3091 3338/3441/3211 3337/3440/3210
f 3218/3320/3091 3219/3321/3092 3339/3442/3212 3338/3441/3211
f 3219/3321/3092 3220/3322/3093 3340/3443/3213 3339/3442/3212
f 3220/3322/3093 3221/3323/3094 3341/3444/3214 3340/3443/3213
f 3221/3323/3094 3222/3324/3095 3342/3445/3215 3341/3444/3214
f 3222/3324/3095 3223/3325/3096 3343/3446/3216 3342/3445/3215
f 3223/3325/3096 3224/3326/3097 3344/3447/3217 3343/3446/3216
f 3224/3326/3097 3225/3327/3098 3345/3448/3218 3344/3447/3217
f 3225/3327/3098 3226/3328/3099 3346/3449/3219 3345/3448/3218
f 3226/3328/3099 3227/3329/3100 3347/3450/3220 3346/3449/3219
f 3227/3329/3100 3228/3330/3101 3348/3451/3221 3347/3450/3220
f 3228/3330/3101 3229/3331/3102 3349/3452/3222 3348/3451/3221
f 3229/3331/3102 3230/3332/3103 3350/3453/3223 3349/3452/3222
f 3230/3332/3103 3231/3333/3104 3351/3454/3224 3350/3453/3223
f 3231/3333/3104 3232/3334/3105 3352/3455/3225 3351/3454/3224
f 3232/3334/3105 3233/3335/3106 3353/3456/3226 3352/3455/3225
f 3233/3335/3106 3234/3336/3107 3354/3457/3227 3353/3456/3226
f 3234/3336/3107 3235/3337/3108 3355/3458/3228 3354/3457/3227
f 3235/3337/3108 3236/3338/3109 3356/3459/3229 3355/3458/3228
f 3236/3338/3109 3237/3339/3110 3357/3460/3230 3356/3459/3229
f 3237/3339/3110 3238/3340/3111 3358/3461/3231 3357/3460/3230
f 3238/3340/3111 3239/3341/3112 3359/3462/3232 3358/3461/3231
f 3239/3341/3112 3240/3342/3113 3360/3463/3233 3359/3462/3232
f 3240/3342/3113 3241/3343/3114 3361/3464/3234 3360/3463/3233
f 3241/3343/3114 3242/3344/3115 3362/3465/3235 3361/3464/3234
f 3242/3344/3115 3243/3345/3116 3363/3466/3236 3362/3465/3235
f 3243/3345/3116 3244/3346/3117 3364/3467/3237 3363/3466/3236
f 3244/3346/3117 3245/3347/3118 3365/3468/3238 3364/3467/3237
f 3245/3347/3118 3246/3348/3119 3366/3469/3239 3365/3468/3238
f 3246/3348/3119 3247/3349/3120 3367/3470/3240 3366/3469/3239
f 3247/3349/3120 3248/3350/3121 3368/3471/3241 3367/3470/3240
f 3248/3350/3121 3249/3351/3122 3369/3472/3242 3368/3471/3241
f 3249/3351/3122 3250/3352/3123 3370/3473/3243 3369/3472/3242
f 3250/3352/3123 3251/3353/3124 3371/3474/3244 3370/3473/3243
f 3251/3353/3124 3252/3354/3125 3372/3475/3245 3371/3474/3244
f 3252/3354/3125 3253/3355/3126 3373/3476/3246 3372/3475/3245
f 3253/3355/3126 3254/3356/3127 3374/3477/3247 3373/3476/3246
f 3254/3356/3127 3255/3357/3128 3375/3478/3248 3374/3477/3247
f 3255/3357/3128 3256/3358/3129 3376/3479/3249 3375/3478/3248
f 3256/3358/3129 3257/3359/3130 3377/3480/3250 3376/3479/3249
f 3257/3359/3130 3258/3360/3131 3378/3481/3251 3377/3480/3250
f 3258/3360/3131 3259/3361/3132 3379/3482/3252 3378/3481/3251
f 3259/3361/3132 3260/3362/3133 3380/3483/3253 3379/3482/3252
f 3260/3362/3133 3261/3363/3134 3381/3484/3254 3380/3483/3253
f 3261/3363/3134 3262/3364/3135 3382/3485/3255 3381/3484/3254
f 3262/3364/3135 3263/3365/3136 3383/3486/3256 3382/3485/3255
f 3263/3365/3136 3264/3366/3137 3384/3487/3257 3383/3486/3256
f 3264/3366/3137 3265/3367/3138 3385/3488/3258 3384/3487/3257
f 3265/3367/3138 3266/3368/3139 3386/3489/3259 3385/3488/3258
f 3266/3368/3139 3267/3369/3140 3387/3490/3260 3386/3489/3259
f 3267/3369/3140 3268/3370/3141 3388/3491/3261 3387/3490/3260
f 3268/3370/3141 3269/3371/3142 3389/3492/3262 3388/3491/3261
f 3269/3371/3142 3270/3372/3143 3390/3493/3263 3389/3492/3262
f 3270/3372/3143 3271/3373/3144 3391/3494/3264 3390/3493/3263
f 3271/3373/3144 3272/3374/3145 3392/3495/3265 3391/3494/3264
f 3272/3374/3145 3273/3375/3146 3393/3496/3266 3392/3495/3265
f 3273/3375/3146 3274/3376/3147 3394/3497/3267 3393/3496/3266
f 3274/3376/3147 3275/3377/3148 3395/3498/3268 3394/3497/3267
f 3275/3377/3148 3276/3378/3149 3396/3499/3269 3395/3498/3268
f 3276/3378/3149 3277/3379/3150 3397/3500/3270 3396/3499/3269
f 3277/3379/3150 3278/3380/3151 3398/3501/3271 3397/3500/3270
f 3278/3380/3151 3279/3381/3152 3399/3502/3272 3398/3501/3271
f 3279/3381/3152 3280/3382/3153 3400/3503/3273 3399/3502/3272
f 3280/3382/3153 3281/3383/3154 3401/3504/3274 3400/3503/3273
f 3281/3383/3154 3162/3384/3036 3282/3505/3156 3401/3504/3274
f 3282/3386/1242 3283/3385/1242 3402/3506/1242
f 3283/3385/1242 3284/3387/1242 3402/3507/1242
f 3284/3387/1242 3285/3388/1242 3402/3508/1242
f 3285/3388/1242 3286/3389/1242 3402/3509/1242
f 3286/3389/1242 3287/3390/1242 3402/3510/1242
f 3287/3390/1242 3288/3391/1242 3402/3511/1242
f 3288/3391/1242 3289/3392/1242 3402/3512/1242
f 3289/3392/1242 3290/3393/1242 3402/3513/1242
f 3290/3393/1242 3291/3394/1242 3402/3514/1242
f 3291/3394/1242 3292/3395/1242 3402/3515/1242
f 3292/3395/1242 3293/3396/1242 3402/3516/1242
f 3293/3396/1242 3294/3397/1242 3402/3517/1242
f 3294/3397/1242 3295/3398/1242 3402/3518/1242
f 3295/3398/1242 3296/3399/1242 3402/3519/1242
f 3296/3399/1242 3297/3400/1242 3402/3520/1242
f 3297/3400/1242 3298/3401/1242 3402/3521/1242
f 3298/3401/1242 3299/3402/1242 3402/3522/1242
f 3299/3402/1242 3300/3403/1242 3402/3523/1242
f 3300/3403/1242 3301/3404/1242 3402/3524/1242
f 3301/3404/1242 3302/3405/1242 3402/3525/1242
f 3302/3405/1242 3303/3406/1242 3402/3526/1242
f 3303/3406/1242 3304/3407/1242 3402/3527/1242
f 3304/3407/1242 3305/3408/1242 3402/3528/1242
f 3305/3408/1242 3306/3409/1242 3402/3529/1242
f 3306/3409/1242 3307/3410/1242 3402/3530/1242
f 3307/3410/1242 3308/3411/1242 3402/3531/1242
f 3308/3411/1242 3309/3412/1242 3402/3532/1242
f 3309/3412/1242 3310/3413/1242 3402/3533/1242
f 3310/3413/1242 3311/3414/1242 3402/3534/1242
f 3311/3414/1242 3312/3415/1242 3402/3535/1242
f 3312/3415/1242 3313/3416/1242 3402/3536/1242
f 3313/3416/1242 3314/3417/1242 3402/3537/1242
f 3314/3417/1242 3315/3418/1242 3402/3538/1242
f 3315/3418/1242 3316/3419/1242 3402/3539/1242
f 3316/3419/1242 3317/3420/1242 3402/3540/1242
f 3317/3420/1242 3318/3421/1242 3402/3541/1242
f 3318/3421/1242 3319/3422/1242 3402/3542/1242
f 3319/3422/1242 3320/3423/1242 3402/3543/1242
f 3320/3423/1242 3321/3424/1242 3402/3544/1242
f 3321/3424/1242 3322/3425/1242 3402/3545/1242
f 3322/3425/1242 3323/3426/1242 3402/3546/1242
f 3323/3426/1242 3324/3427/1242 3402/3547/1242
f 3324/3427/1242 3325/3428/1242 3402/3548/1242
f 3325/3428/1242 3326/3429/1242 3402/3549/1242
f 3326/3429/1242 3327/3430/1242 3402/3550/1242
f 3327/3430/1242 3328/3431/1242 3402/3551/1242
f 3328/3431/1242 3329/3432/1242 3402/3552/1242
f 3329/3432/1242 3330/3433/1242 3402/3553/1242
f 3330/3433/1242 3331/3434/1242 3402/3554/1242
f 3331/3434/1242 3332/3435/1242 3402/3555/1242
f 3332/3435/1242 3333/3436/1242 3402/3556/1242
f 3333/3436/1242 3334/3437/1242 3402/3557/1242
f 3334/3437/1242 3335/3438/1242 3402/3558/1242
f 3335/3438/1242 3336/3439/1242 3402/3559/1242
f 3336/3439/1242 3337/3440/1242 3402/3560/1242
f 3337/3440/1242 3338/3441/1242 3402/3561/1242
f 3338/3441/1242 3339/3442/1242 3402/3562/1242
f 3339/3442/1242 3340/3443/1242 3402/3563/1242
f 3340/3443/1242 3341/3444/1242 3402/3564/1242
f 3341/3444/1242 3342/3445/1242 3402/3565/1242
f 3342/3445/1242 3343/3446/1242 3402/3566/1242
f 3343/3446/1242 3344/3447/1242 3402/3567/1242
f 3344/3447/1242 3345/3448/1242 3402/3568/1242
f 3345/3448/1242 3346/3449/1242 3402/3569/1242
f 3346/3449/1242 3347/3450/1242 3402/3570/1242
f 3347/3450/1242 3348/3451/1242 3402/3571/1242
f 3348/3451/1242 3349/3452/1242 3402/3572/1242
f 3349/3452/1242 3350/3453/1242 3402/3573/1242
f 3350/3453/1242 3351/3454/1242 3402/3574/1242
f 3351/3454/1242 3352/3455/1242 3402/3575/1242
f 3352/3455/1242 3353/3456/1242 3402/3576/1242
f 3353/3456/1242 3354/3457/1242 3402/3577/1242
f 3354/3457/1242 3355/3458/1242 3402/3578/1242
f 3355/3458/1242 3356/3459/1242 3402/3579/1242
f 3356/3459/1242 3357/3460/1242 3402/3580/1242
f 3357/3460/1242 3358/3461/1242 3402/3581/1242
f 3358/3461/1242 3359/3462/1242 3402/3582/1242
f 3359/3462/1242 3360/3463/1242 3402/3583/1242
f 3360/3463/1242 3361/3464/1242 3402/3584/1242
f 3361/3464/1242 3362/3465/1242 3402/3585/1242
f 3362/3465/1242 3363/3466/1242 3402/3586/1242
f 3363/3466/1242 3364/3467/1242 3402/3587/1242
f 3364/3467/1242 3365/3468/1242 3402/3588/1242
f 3365/3468/1242 3366/3469/1242 3402/3589/1242
f 3366/3469/1242 3367/3470/1242 3402/3590/1242
f 3367/3470/1242 3368/3471/1242 3402/3591/1242
f 3368/3471/1242 3369/3472/1242 3402/3592/1242
f 3369/3472/1242 3370/3473/1242 3402/3593/1242
f 3370/3473/1242 3371/3474/1242 3402/3594/1242
f 3371/3474/1242 3372/3475/1242 3402/3595/1242
f 3372/3475/1242 3373/3476/1242 3402/3596/1242
f 3373/3476/1242 3374/3477/1242 3402/3597/1242
f 3374/3477/1242 3375/3478/1242 3402/3598/1242
f 3375/3478/1242 3376/3479/1242 3402/3599/1242
f 3376/3479/1242 3377/3480/1242 3402/3600/1242
f 3377/3480/1242 3378/3481/1242 3402/3601/1242
f 3378/3481/1242 3379/3482/1242 3402/3602/1242
f 3379/3482/1242 3380/3483/1242 3402/3603/1242
f 3380/3483/1242 3381/3484/1242 3402/3604/1242
f 3381/3484/1242 3382/3485/1242 3402/3605/1242
f 3382/3485/1242 3383/3486/1242 3402/3606/1242
f 3383/3486/1242 3384/3487/1242 3402/3607/1242
f 3384/3487/1242 3385/3488/1242 3402/3608/1242
f 3385/3488/1242 3386/3489/1242 3402/3609/1242
f 3386/3489/1242 3387/3490/1242 3402/3610/1242
f 3387/3490/1242 3388/3491/1242 3402/3611/1242
f 3388/3491/1242 3389/3492/1242 3402/3612/1242
f 3389/3492/1242 3390/3493/1242 3402/3613/1242
f 3390/3493/1242 3391/3494/1242 3402/3614/1242
f 3391/3494/1242 3392/3495/1242 3402/3615/1242
f 3392/3495/1242 3393/3496/1242 3402/3616/1242
f 3393/3496/1242 3394/3497/1242 3402/3617/1242
f 3394/3497/1242 3395/3498/1242 3402/3618/1242
f 3395/3498/1242 3396/3499/1242 3402/3619/1242
f 3396/3499/1242 3397/3500/1242 3402/3620/1242
f 3397/3500/1242 3398/3501/1242 3402/3621/1242
f 3398/3501/1242 3399/3502/1242 3402/3622/1242
f 3399/3502/1242 3400/3503/1242 3402/3623/1242
f 3400/3503/1242 3401/3504/1242 3402/3624/1242
f 3401/3504/1242 3282/3505/1242 3402/3625/1242
usemtl trim
f 4191/3626/3275 4184/3627/3276 4192/3628/1242
f 3404/3629/4 3405/3630/4 3525/3631/4 3524/3632/4
f 3405/3630/4 3406/3633/4 3526/3634/4 3525/3631/4
f 3406/3633/4 3407/3635/4 3527/3636/4 3526/3634/4
f 3407/3635/4 3408/3637/4 3528/3638/4 3527/3636/4
f 3408/3637/4 3409/3639/4 3529/3640/4 3528/3638/4
f 3409/3639/4 3410/3641/4 3530/3642/4 3529/3640/4
f 3410/3641/4 3411/3643/4 3531/3644/4 3530/3642/4
f 3411/3643/4 3412/3645/4 3532/3646/4 3531/3644/4
f 3412/3645/4 3413/3647/4 3533/3648/4 3532/3646/4
f 3413/3647/4 3414/3649/4 3534/3650/4 3533/3648/4
f 3414/3649/4 3415/3651/4 3535/3652/4 3534/3650/4
f 3415/3651/4 3416/3653/4 3536/3654/4 3535/3652/4
f 3416/3653/4 3417/3655/4 3537/3656/4 3536/3654/4
f 3417/3655/4 3418/3657/4 3538/3658/4 3537/3656/4
f 3418/3657/4 3419/3659/4 3539/3660/4 3538/3658/4
f 3419/3659/4 3420/3661/4 3540/3662/4 3539/3660/4
f 3420/3661/4 3421/3663/4 3541/3664/4 3540/3662/4
f 3421/3663/4 3422/3665/4 3542/3666/4 3541/3664/4
f 3422/3665/4 3423/3667/4 3543/3668/4 3542/3666/4
f 3423/3667/4 3424/3669/4 3544/3670/4 3543/3668/4
f 3424/3669/4 3425/3671/4 3545/3672/4 3544/3670/4
f 3425/3671/4 3426/3673/4 3546/3674/4 3545/3672/4
f 3426/3673/4 3427/3675/4 3547/3676/4 3546/3674/4
f 3427/3675/4 3428/3677/4 3548/3678/4 3547/3676/4
f 3428/3677/4 3429/3679/4 3549/3680/4 3548/3678/4
f 3429/3679/4 3430/3681/4 3550/3682/4 3549/3680/4
f 3430/3681/4 3431/3683/4 3551/3684/4 3550/3682/4
f 3431/3683/4 3432/3685/4 3552/3686/4 3551/3684/4
f 3432/3685/4 3433/3687/4 3553/3688/4 3552/3686/4
f 3433/3687/4 3434/3689/4 3554/3690/4 3553/3688/4
f 3434/3689/4 3435/3691/4 3555/3692/4 3554/3690/4
f 3435/3691/4 3436/3693/4 3556/3694/4 3555/3692/4
f 3436/3693/4 3437/3695/4 3557/3696/4 3556/3694/4
f 3437/3695/4 3438/3697/4 3558/3698/4 3557/3696/4
f 3438/3697/4 3439/3699/4 3559/3700/4 3558/3698/4
f 3439/3699/4 3440/3701/4 3560/3702/4 3559/3700/4
f 3440/3701/4 3441/3703/4 3561/3704/4 3560/3702/4
f 3441/3703/4 3442/3705/4 3562/3706/4 3561/3704/4
f 3442/3705/4 3443/3707/4 3563/3708/4 3562/3706/4
f 3443/3707/4 3444/3709/4 3564/3710/4 3563/3708/4
f 3444/3709/4 3445/3711/4 3565/3712/4 3564/3710/4
f 3445/3711/4 3446/3713/4 3566/3714/4 3565/3712/4
f 3446/3713/4 3447/3715/4 3567/3716/4 3566/3714/4
f 3447/3715/4 3448/3717/4 3568/3718/4 3567/3716/4
f 3448/3717/4 3449/3719/4 3569/3720/4 3568/3718/4
f 3449/3719/4 3450/3721/4 3570/3722/4 3569/3720/4
f 3450/3721/4 3451/3723/4 3571/3724/4 3570/3722/4
f 3451/3723/4 3452/3725/4 3572/3726/4 3571/3724/4
f 3452/3725/4 3453/3727/4 3573/3728/4 3572/3726/4
f 3453/3727/4 3454/3729/4 3574/3730/4 3573/3728/4
f 3454/3729/4 3455/3731/4 3575/3732/4 3574/3730/4
f 3455/3731/4 3456/3733/4 3576/3734/4 3575/3732/4
f 3456/3733/4 3457/3735/4 3577/3736/4 3576/3734/4
f 3457/3735/4 3458/3737/4 3578/3738/4 3577/3736/4
f 3458/3737/4 3459/3739/4 3579/3740/4 3578/3738/4
f 3459/3739/4 3460/3741/4 3580/3742/4 3579/3740/4
f 3460/3741/4 3461/3743/4 3581/3744/4 3580/3742/4
f 3461/3743/4 3462/3745/4 3582/3746/4 3581/3744/4
f 3462/3745/4 3463/3747/4 3583/3748/4 3582/3746/4
f 3463/3747/4 3464/3749/4 3584/3750/4 3583/3748/4
f 3464/3749/4 3465/3751/4 3585/3752/4 3584/3750/4
f 3465/3751/4 3466/3753/4 3586/3754/4 3585/3752/4
f 3466/3753/4 3467/3755/4 3587/3756/4 3586/3754/4
f 3467/3755/4 3468/3757/4 3588/3758/4 3587/3756/4
f 3468/3757/4 3469/3759/4 3589/3760/4 3588/3758/4
f 3469/3759/4 3470/3761/4 3590/3762/4 3589/3760/4
f 3470/3761/4 3471/3763/4 3591/3764/4 3590/3762/4
f 3471/3763/4 3472/3765/4 3592/3766/4 3591/3764/4
f 3472/3765/4 3473/3767/4 3593/3768/4 3592/3766/4
f 3473/3767/4 3474/3769/4 3594/3770/4 3593/3768/4
f 3474/3769/4 3475/3771/4 3595/3772/4 3594/3770/4
f 3475/3771/4 3476/3773/4 3596/3774/4 3595/3772/4
f 3476/3773/4 3477/3775/4 3597/3776/4 3596/3774/4
f 3477/3775/4 3478/3777/4 3598/3778/4 3597/3776/4
f 3478/3777/4 3479/3779/4 3599/3780/4 3598/3778/4
f 3479/3779/4 3480/3781/4 3600/3782/4 3599/3780/4
f 3480/3781/4 3481/3783/4 3601/3784/4 3600/3782/4
f 3481/3783/4 3482/3785/4 3602/3786/4 3601/3784/4
f 3482/3785/4 3483/3787/4 3603/3788/4 3602/3786/4
f 3483/3787/4 3484/3789/4 3604/3790/4 3603/3788/4
f 3484/3789/4 3485/3791/4 3605/3792/4 3604/3790/4
f 3485/3791/4 3486/3793/4 3606/3794/4 3605/3792/4
f 3486/3793/4 3487/3795/4 3607/3796/4 3606/3794/4
f 3487/3795/4 3488/3797/4 3608/3798/4 3607/3796/4
f 3488/3797/4 3489/3799/4 3609/3800/4 3608/3798/4
f 3489/3799/4 3490/3801/4 3610/3802/4 3609/3800/4
f 3490/3801/4 3491/3803/4 3611/3804/4 3610/3802/4
f 3491/3803/4 3492/3805/4 3612/3806/4 3611/3804/4
f 3492/3805/4 3493/3807/4 3613/3808/4 3612/3806/4
f 3493/3807/4 3494/3809/4 3614/3810/4 3613/3808/4
f 3494/3809/4 3495/3811/4 3615/3812/4 3614/3810/4
f 3495/3811/4 3496/3813/4 3616/3814/4 3615/3812/4
f 3496/3813/4 3497/3815/4 3617/3816/4 3616/3814/4
f 3497/3815/4 3498/3817/4 3618/3818/4 3617/3816/4
f 3498/3817/4 3499/3819/4 3619/3820/4 3618/3818/4
f 3499/3819/4 3500/3821/4 3620/3822/4 3619/3820/4
f 3500/3821/4 3501/3823/4 3621/3824/4 3620/3822/4
f 3501/3823/4 3502/3825/4 3622/3826/4 3621/3824/4
f 3502/3825/4 3503/3827/4 3623/3828/4 3622/3826/4
f 3503/3827/4 3504/3829/4 3624/3830/4 3623/3828/4
f 3504/3829/4 3505/3831/4 3625/3832/4 3624/3830/4
f 3505/3831/4 3506/3833/4 3626/3834/4 3625/3832/4
f 3506/3833/4 3507/3835/4 3627/3836/4 3626/3834/4
f 3507/3835/4 3508/3837/4 3628/3838/4 3627/3836/4
f 3508/3837/4 3509/3839/4 3629/3840/4 3628/3838/4
f 3509/3839/4 3510/3841/4 3630/3842/4 3629/3840/4
f 3510/3841/4 3511/3843/4 3631/3844/4 3630/3842/4
f 3511/3843/4 3512/3845/4 3632/3846/4 3631/3844/4
f 3512/3845/4 3513/3847/4 3633/3848/4 3632/3846/4
f 3513/3847/4 3514/3849/4 3634/3850/4 3633/3848/4
f 3514/3849/4 3515/3851/4 3635/3852/4 3634/3850/4
f 3515/3851/4 3516/3853/4 3636/3854/4 3635/3852/4
f 3516/3853/4 3517/3855/4 3637/3856/4 3636/3854/4
f 3517/3855/4 3518/3857/4 3638/3858/4 3637/3856/4
f 3518/3857/4 3519/3859/4 3639/3860/4 3638/3858/4
f 3519/3859/4 3520/3861/4 3640/3862/4 3639/3860/4
f 3520/3861/4 3521/3863/4 3641/3864/4 3640/3862/4
f 3521/3863/4 3522/3865/4 3642/3866/4 3641/3864/4
f 3522/3865/4 3403/3867/4 3523/3868/4 3642/3866/4
f 3523/3869/3277 3524/3632/3278 3644/3870/3278 3643/3871/3277
f 3524/3632/3278 3525/3631/3279 3645/3872/3279 3644/3870/3278
f 3525/3631/3279 3526/3634/3280 3646/3873/3280 3645/3872/3279
f 3526/3634/3280 3527/3636/3281 3647/3874/3281 3646/3873/3280
f 3527/3636/3281 3528/3638/3282 3648/3875/3282 3647/3874/3281
f 3528/3638/3282 3529/3640/3283 3649/3876/3283 3648/3875/3282
f 3529/3640/3283 3530/3642/3284 3650/3877/3284 3649/3876/3283
f 3530/3642/3284 3531/3644/3285 3651/3878/3285 3650/3877/3284
f 3531/3644/3285 3532/3646/3286 3652/3879/3286 3651/3878/3285
f 3532/3646/3286 3533/3648/3287 3653/3880/3287 3652/3879/3286
f 3533/3648/3287 3534/3650/3288 3654/3881/3288 3653/3880/3287
f 3534/3650/3288 3535/3652/3289 3655/3882/3289 3654/3881/3288
f 3535/3652/3289 3536/3654/3290 3656/3883/3290 3655/3882/3289
f 3536/3654/3290 3537/3656/3291 3657/3884/3291 3656/3883/3290
f 3537/3656/3291 3538/3658/3292 3658/3885/3292 3657/3884/3291
f 3538/3658/3292 3539/3660/3293 3659/3886/3293 3658/3885/3292
f 3539/3660/3293 3540/3662/3294 3660/3887/3294 3659/3886/3293
f 3540/3662/3294 3541/3664/3295 3661/3888/3295 3660/3887/3294
f 3541/3664/3295 3542/3666/3296 3662/3889/3296 3661/3888/3295
f 3542/3666/3296 3543/3668/3297 3663/3890/3297 3662/3889/3296
f 3543/3668/3297 3544/3670/3298 3664/3891/3298 3663/3890/3297
f 3544/3670/3298 3545/3672/3299 3665/3892/3299 3664/3891/3298
f 3545/3672/3299 3546/3674/3300 3666/3893/3300 3665/3892/3299
f 3546/3674/3300 3547/3676/3301 3667/3894/3301 3666/3893/3300
f 3547/3676/3301 3548/3678/3302 3668/3895/3302 3667/3894/3301
f 3548/3678/3302 3549/3680/3303 3669/3896/3303 3668/3895/3302
f 3549/3680/3303 3550/3682/3304 3670/3897/3304 3669/3896/3303
f 3550/3682/3304 3551/3684/3305 3671/3898/3305 3670/3897/3304
f 3551/3684/3305 3552/3686/3306 3672/3899/3306 3671/3898/3305
f 3552/3686/3306 3553/3688/3307 3673/3900/3307 3672/3899/3306
f 3553/3688/3307 3554/3690/3308 3674/3901/3308 3673/3900/3307
f 3554/3690/3308 3555/3692/3309 3675/3902/3309 3674/3901/3308
f 3555/3692/3309 3556/3694/3310 3676/3903/3310 3675/3902/3309
f 3556/3694/3310 3557/3696/3311 3677/3904/3311 3676/3903/3310
f 3557/3696/3311 3558/3698/3312 3678/3905/3312 3677/3904/3311
f 3558/3698/3312 3559/3700/3313 3679/3906/3313 3678/3905/3312
f 3559/3700/3313 3560/3702/3314 3680/3907/3314 3679/3906/3313
f 3560/3702/3314 3561/3704/3315 3681/3908/3315 3680/3907/3314
f 3561/3704/3315 3562/3706/3316 3682/3909/3316 3681/3908/3315
f 3562/3706/3316 3563/3708/3317 3683/3910/3317 3682/3909/3316
f 3563/3708/3317 3564/3710/3318 3684/3911/3318 3683/3910/3317
f 3564/3710/3318 3565/3712/3319 3685/3912/3319 3684/3911/3318
f 3565/3712/3319 3566/3714/3320 3686/3913/3320 3685/3912/3319
f 3566/3714/3320 3567/3716/3321 3687/3914/3321 3686/3913/3320
f 3567/3716/3321 3568/3718/3322 3688/3915/3322 3687/3914/3321
f 3568/3718/3322 3569/3720/3323 3689/3916/3323 3688/3915/3322
f 3569/3720/3323 3570/3722/3324 3690/3917/3324 3689/3916/3323
f 3570/3722/3324 3571/3724/3325 3691/3918/3325 3690/3917/3324
f 3571/3724/3325 3572/3726/3326 3692/3919/3326 3691/3918/3325
f 3572/3726/3326 3573/3728/3327 3693/3920/3327 3692/3919/3326
f 3573/3728/3327 3574/3730/3328 3694/3921/3328 3693/3920/3327
f 3574/3730/3328 3575/3732/3329 3695/3922/3329 3694/3921/3328
f 3575/3732/3329 3576/3734/3330 3696/3923/3330 3695/3922/3329
f 3576/3734/3330 3577/3736/3331 3697/3924/3331 3696/3923/3330
f 3577/3736/3331 3578/3738/3332 3698/3925/3332 3697/3924/3331
f 3578/3738/3332 3579/3740/3333 3699/3926/3333 3698/3925/3332
f 3579/3740/3333 3580/3742/3334 3700/3927/3334 3699/3926/3333
f 3580/3742/3334 3581/3744/3335 3701/3928/3335 3700/3927/3334
f 3581/3744/3335 3582/3746/3336 3702/3929/3336 3701/3928/3335
f 3582/3746/3336 3583/3748/3337 3703/3930/3337 3702/3929/3336
f 3583/3748/3337 3584/3750/3338 3704/3931/3338 3703/3930/3337
f 3584/3750/3338 3585/3752/3339 3705/3932/3339 3704/3931/3338
f 3585/3752/3339 3586/3754/3340 3706/3933/3340 3705/3932/3339
f 3586/3754/3340 3587/3756/3341 3707/3934/3341 3706/3933/3340
f 3587/3756/3341 3588/3758/3342 3708/3935/3342 3707/3934/3341
f 3588/3758/3342 3589/3760/3343 3709/3936/3343 3708/3935/3342
f 3589/3760/3343 3590/3762/3344 3710/3937/3344 3709/3936/3343
f 3590/3762/3344 3591/3764/3345 3711/3938/3345 3710/3937/3344
f 3591/3764/3345 3592/3766/3346 3712/3939/3346 3711/3938/3345
f 3592/3766/3346 3593/3768/3347 3713/3940/3347 3712/3939/3346
f 3593/3768/3347 3594/3770/3348 3714/3941/3348 3713/3940/3347
f 3594/3770/3348 3595/3772/3349 3715/3942/3349 3714/3941/3348
f 3595/3772/3349 3596/3774/3350 3716/3943/3350 3715/3942/3349
f 3596/3774/3350 3597/3776/3351 3717/3944/3351 3716/3943/3350
f 3597/3776/3351 3598/3778/3352 3718/3945/3352 3717/3944/3351
f 3598/3778/3352 3599/3780/3353 3719/3946/3353 3718/3945/3352
f 3599/3780/3353 3600/3782/3354 3720/3947/3354 3719/3946/3353
f 3600/3782/3354 3601/3784/3355 3721/3948/3355 3720/3947/3354
f 3601/3784/3355 3602/3786/3356 3722/3949/3356 3721/3948/3355
f 3602/3786/3356 3603/3788/3357 3723/3950/3357 3722/3949/3356
f 3603/3788/3357 3604/3790/3358 3724/3951/3358 3723/3950/3357
f 3604/3790/3358 3605/3792/3359 3725/3952/3359 3724/3951/3358
f 3605/3792/3359 3606/3794/3360 3726/3953/3360 3725/3952/3359
f 3606/3794/3360 3607/3796/3361 3727/3954/3361 3726/3953/3360
f 3607/3796/3361 3608/3798/3362 3728/3955/3362 3727/3954/3361
f 3608/3798/3362 3609/3800/3363 3729/3956/3363 3728/3955/3362
f 3609/3800/3363 3610/3802/3364 3730/3957/3364 3729/3956/3363
f 3610/3802/3364 3611/3804/3365 3731/3958/3365 3730/3957/3364
f 3611/3804/3365 3612/3806/3366 3732/3959/3366 3731/3958/3365
f 3612/3806/3366 3613/3808/3367 3733/3960/3367 3732/3959/3366
f 3613/3808/3367 3614/3810/3368 3734/3961/3368 3733/3960/3367
f 3614/3810/3368 3615/3812/3369 3735/3962/3369 3734/3961/3368
f 3615/3812/3369 3616/3814/3370 3736/3963/3370 3735/3962/3369
f 3616/3814/3370 3617/3816/3371 3737/3964/3371 3736/3963/3370
f 3617/3816/3371 3618/3818/3372 3738/3965/3372 3737/3964/3371
f 3618/3818/3372 3619/3820/3373 3739/3966/3373 3738/3965/3372
f 3619/3820/3373 3620/3822/3374 3740/3967/3374 3739/3966/3373
f 3620/3822/3374 3621/3824/3375 3741/3968/3375 3740/3967/3374
f 3621/3824/3375 3622/3826/3376 3742/3969/3376 3741/3968/3375
f 3622/3826/3376 3623/3828/3377 3743/3970/3377 3742/3969/3376
f 3623/3828/3377 3624/3830/3378 3744/3971/3378 3743/3970/3377
f 3624/3830/3378 3625/3832/3379 3745/3972/3379 3744/3971/3378
f 3625/3832/3379 3626/3834/3380 3746/3973/3380 3745/3972/3379
f 3626/3834/3380 3627/3836/3381 3747/3974/3381 3746/3973/3380
f 3627/3836/3381 3628/3838/3382 3748/3975/3382 3747/3974/3381
f 3628/3838/3382 3629/3840/3383 3749/3976/3383 3748/3975/3382
f 3629/3840/3383 3630/3842/3384 3750/3977/3384 3749/3976/3383
f 3630/3842/3384 3631/3844/3385 3751/3978/3385 3750/3977/3384
f 3631/3844/3385 3632/3846/3386 3752/3979/3386 3751/3978/3385
f 3632/3846/3386 3633/3848/3387 3753/3980/3387 3752/3979/3386
f 3633/3848/3387 3634/3850/3388 3754/3981/3388 3753/3980/3387
f 3634/3850/3388 3635/3852/3389 3755/3982/3389 3754/3981/3388
f 3635/3852/3389 3636/3854/3390 3756/3983/3390 3755/3982/3389
f 3636/3854/3390 3637/3856/3391 3757/3984/3391 3756/3983/3390
f 3637/3856/3391 3638/3858/3392 3758/3985/3392 3757/3984/3391
f 3638/3858/3392 3639/3860/3393 3759/3986/3393 3758/3985/3392
f 3639/3860/3393 3640/3862/3394 3760/3987/3394 3759/3986/3393
f 3640/3862/3394 3641/3864/3395 3761/3988/3395 3760/3987/3394
f 3641/3864/3395 3642/3866/3396 3762/3989/3396 3761/3988/3395
f 3642/3866/3396 3523/3868/3277 3643/3990/3277 3762/3989/3396
f 3643/3871/1242 3644/3870/1242 3764/3991/1242 3763/3992/1242
f 3644/3870/1242 3645/3872/1242 3765/3993/1242 3764/3991/1242
f 3645/3872/1242 3646/3873/1242 3766/3994/1242 3765/3993/1242
f 3646/3873/1242 3647/3874/1242 3767/3995/1242 3766/3994/1242
f 3647/3874/1242 3648/3875/1242 3768/3996/1242 3767/3995/1242
f 3648/3875/1242 3649/3876/1242 3769/3997/1242 3768/3996/1242
f 3649/3876/1242 3650/3877/1242 3770/3998/1242 3769/3997/1242
f 3650/3877/1242 3651/3878/1242 3771/3999/1242 3770/3998/1242
f 3651/3878/1242 3652/3879/1242 3772/4000/1242 3771/3999/1242
f 3652/3879/1242 3653/3880/1242 3773/4001/1242 3772/4000/1242
f 3653/3880/1242 3654/3881/1242 3774/4002/1242 3773/4001/1242
f 3654/3881/1242 3655/3882/1242 3775/4003/1242 3774/4002/1242
f 3655/3882/1242 3656/3883/1242 3776/4004/1242 3775/4003/1242
f 3656/3883/1242 3657/3884/1242 3777/4005/1242 3776/4004/1242
f 3657/3884/1242 3658/3885/1242 3778/4006/1242 3777/4005/1242
f 3658/3885/1242 3659/3886/1242 3779/4007/1242 3778/4006/1242
f 3659/3886/1242 3660/3887/1242 3780/4008/1242 3779/4007/1242
f 3660/3887/1242 3661/3888/1242 3781/4009/1242 3780/4008/1242
f 3661/3888/1242 3662/3889/1242 3782/4010/1242 3781/4009/1242
f 3662/3889/1242 3663/3890/1242 3783/4011/1242 3782/4010/1242
f 3663/3890/1242 3664/3891/1242 3784/4012/1242 3783/4011/1242
f 3664/3891/1242 3665/3892/1242 3785/4013/1242 3784/4012/1242
f 3665/3892/1242 3666/3893/1242 3786/4014/1242 3785/4013/1242
f 3666/3893/1242 3667/3894/1242 3787/4015/1242 3786/4014/1242
f 3667/3894/1242 3668/3895/1242 3788/4016/1242 3787/4015/1242
f 3668/3895/1242 3669/3896/1242 3789/4017/1242 3788/4016/1242
f 3669/3896/1242 3670/3897/1242 3790/4018/1242 3789/4017/1242
f 3670/3897/1242 3671/3898/1242 3791/4019/1242 3790/4018/1242
f 3671/3898/1242 3672/3899/1242 3792/4020/1242 3791/4019/1242
f 3672/3899/1242 3673/3900/1242 3793/4021/1242 3792/4020/1242
f 3673/3900/1242 3674/3901/1242 3794/4022/1242 3793/4021/1242
f 3674/3901/1242 3675/3902/1242 3795/4023/1242 3794/4022/1242
f 3675/3902/1242 3676/3903/1242 3796/4024/1242 3795/4023/1242
f 3676/3903/1242 3677/3904/1242 3797/4025/1242 3796/4024/1242
f 3677/3904/1242 3678/3905/1242 3798/4026/1242 3797/4025/1242
f 3678/3905/1242 3679/3906/1242 3799/4027/1242 3798/4026/1242
f 3679/3906/1242 3680/3907/1242 3800/4028/1242 3799/4027/1242
f 3680/3907/1242 3681/3908/1242 3801/4029/1242 3800/4028/1242
f 3681/3908/1242 3682/3909/1242 3802/4030/1242 3801/4029/1242
f 3682/3909/1242 3683/3910/1242 3803/4031/1242 3802/4030/1242
f 3683/3910/1242 3684/3911/1242 3804/4032/1242 3803/4031/1242
f 3684/3911/1242 3685/3912/1242 3805/4033/1242 3804/4032/1242
f 3685/3912/1242 3686/3913/1242 3806/4034/1242 3805/4033/1242
f 3686/3913/1242 3687/3914/1242 3807/4035/1242 3806/4034/1242
f 3687/3914/1242 3688/3915/1242 3808/4036/1242 3807/4035/1242
f 3688/3915/1242 3689/3916/1242 3809/4037/1242 3808/4036/1242
f 3689/3916/1242 3690/3917/1242 3810/4038/1242 3809/4037/1242
f 3690/3917/1242 3691/3918/1242 3811/4039/1242 3810/4038/1242
f 3691/3918/1242 3692/3919/1242 3812/4040/1242 3811/4039/1242
f 3692/3919/1242 3693/3920/1242 3813/4041/1242 3812/4040/1242
f 3693/3920/1242 3694/3921/1242 3814/4042/1242 3813/4041/1242
f 3694/3921/1242 3695/3922/1242 3815/4043/1242 3814/4042/1242
f 3695/3922/1242 3696/3923/1242 3816/4044/1242 3815/4043/1242
f 3696/3923/1242 3697/3924/1242 3817/4045/1242 3816/4044/1242
f 3697/3924/1242 3698/3925/1242 3818/4046/1242 3817/4045/1242
f 3698/3925/1242 3699/3926/1242 3819/4047/1242 3818/4046/1242
f 3699/3926/1242 3700/3927/1242 3820/4048/1242 3819/4047/1242
f 3700/3927/1242 3701/3928/1242 3821/4049/1242 3820/4048/1242
f 3701/3928/1242 3702/3929/1242 3822/4050/1242 3821/4049/1242
f 3702/3929/1242 3703/3930/1242 3823/4051/1242 3822/4050/1242
f 3703/3930/1242 3704/3931/1242 3824/4052/1242 3823/4051/1242
f 3704/3931/1242 3705/3932/1242 3825/4053/1242 3824/4052/1242
f 3705/3932/1242 3706/3933/1242 3826/4054/1242 3825/4053/1242
f 3706/3933/1242 3707/3934/1242 3827/4055/1242 3826/4054/1242
f 3707/3934/1242 3708/3935/1242 3828/4056/1242 3827/4055/1242
f 3708/3935/1242 3709/3936/1242 3829/4057/1242 3828/4056/1242
f 3709/3936/1242 3710/3937/1242 3830/4058/1242 3829/4057/1242
f 3710/3937/1242 3711/3938/1242 3831/4059/1242 3830/4058/1242
f 3711/3938/1242 3712/3939/1242 3832/4060/1242 3831/4059/1242
f 3712/3939/1242 3713/3940/1242 3833/4061/1242 3832/4060/1242
f 3713/3940/1242 3714/3941/1242 3834/4062/1242 3833/4061/1242
f 3714/3941/1242 3715/3942/1242 3835/4063/1242 3834/4062/1242
f 3715/3942/1242 3716/3943/1242 3836/4064/1242 3835/4063/1242
f 3716/3943/1242 3717/3944/1242 3837/4065/1242 3836/4064/1242
f 3717/3944/1242 3718/3945/1242 3838/4066/1242 3837/4065/1242
f 3718/3945/1242 3719/3946/1242 3839/4067/1242 3838/4066/1242
f 3719/3946/1242 3720/3947/1242 3840/4068/1242 3839/4067/1242
f 3720/3947/1242 3721/3948/1242 3841/4069/1242 3840/4068/1242
f 3721/3948/1242 3722/3949/1242 3842/4070/1242 3841/4069/1242
f 3722/3949/1242 3723/3950/1242 3843/4071/1242 3842/4070/1242
f 3723/3950/1242 3724/3951/1242 3844/4072/1242 3843/4071/1242
f 3724/3951/1242 3725/3952/1242 3845/4073/1242 3844/4072/1242
f 3725/3952/1242 3726/3953/1242 3846/4074/1242 3845/4073/1242
f 3726/3953/1242 3727/3954/1242 3847/4075/1242 3846/4074/1242
f 3727/3954/1242 3728/3955/1242 3848/4076/1242 3847/4075/1242
f 3728/3955/1242 3729/3956/1242 3849/4077/1242 3848/4076/1242
f 3729/3956/1242 3730/3957/1242 3850/4078/1242 3849/4077/1242
f 3730/3957/1242 3731/3958/1242 3851/4079/1242 3850/4078/1242
f 3731/3958/1242 3732/3959/1242 3852/4080/1242 3851/4079/1242
f 3732/3959/1242 3733/3960/1242 3853/4081/1242 3852/4080/1242
f 3733/3960/1242 3734/3961/1242 3854/4082/1242 3853/4081/1242
f 3734/3961/1242 3735/3962/1242 3855/4083/1242 3854/4082/1242
f 3735/3962/1242 3736/3963/1242 3856/4084/1242 3855/4083/1242
f 3736/3963/1242 3737/3964/1242 3857/4085/1242 3856/4084/1242
f 3737/3964/1242 3738/3965/1242 3858/4086/1242 3857/4085/1242
f 3738/3965/1242 3739/3966/1242 3859/4087/1242 3858/4086/1242
f 3739/3966/1242 3740/3967/1242 3860/4088/1242 3859/4087/1242
f 3740/3967/1242 3741/3968/1242 3861/4089/1242 3860/4088/1242
f 3741/3968/1242 3742/3969/1242 3862/4090/1242 3861/4089/1242
f 3742/3969/1242 3743/3970/1242 3863/4091/1242 3862/4090/1242
f 3743/3970/1242 3744/3971/1242 3864/4092/1242 3863/4091/1242
f 3744/3971/1242 3745/3972/1242 3865/4093/1242 3864/4092/1242
f 3745/3972/1242 3746/3973/1242 3866/4094/1242 3865/4093/1242
f 3746/3973/1242 3747/3974/1242 3867/4095/1242 3866/4094/1242
f 3747/3974/1242 3748/3975/1242 3868/4096/1242 3867/4095/1242
f 3748/3975/1242 3749/3976/1242 3869/4097/1242 3868/4096/1242
f 3749/3976/1242 3750/3977/1242 3870/4098/1242 3869/4097/1242
f 3750/3977/1242 3751/3978/1242 3871/4099/1242 3870/4098/1242
f 3751/3978/1242 3752/3979/1242 3872/4100/1242 3871/4099/1242
f 3752/3979/1242 3753/3980/1242 3873/4101/1242 3872/4100/1242
f 3753/3980/1242 3754/3981/1242 3874/4102/1242 3873/4101/1242
f 3754/3981/1242 3755/3982/1242 3875/4103/1242 3874/4102/1242
f 3755/3982/1242 3756/3983/1242 3876/4104/1242 3875/4103/1242
f 3756/3983/1242 3757/3984/1242 3877/4105/1242 3876/4104/1242
f 3757/3984/1242 3758/3985/1242 3878/4106/1242 3877/4105/1242
f 3758/3985/1242 3759/3986/1242 3879/4107/1242 3878/4106/1242
f 3759/3986/1242 3760/3987/1242 3880/4108/1242 3879/4107/1242
f 3760/3987/1242 3761/3988/1242 3881/4109/1242 3880/4108/1242
f 3761/3988/1242 3762/3989/1242 3882/4110/1242 3881/4109/1242
f 3762/3989/1242 3643/3990/1242 3763/4111/1242 3882/4110/1242
f 3763/3992/3337 3764/3991/3338 3404/4112/3338 3403/4113/3337
f 3764/3991/3338 3765/3993/3339 3405/4114/3339 3404/4112/3338
f 3765/3993/3339 3766/3994/3340 3406/4115/3340 3405/4114/3339
f 3766/3994/3340 3767/3995/3341 3407/4116/3341 3406/4115/3340
f 3767/3995/3341 3768/3996/3342 3408/4117/3342 3407/4116/3341
f 3768/3996/3342 3769/3997/3343 3409/4118/3343 3408/4117/3342
f 3769/3997/3343 3770/3998/3344 3410/4119/3344 3409/4118/3343
f 3770/3998/3344 3771/3999/3345 3411/4120/3345 3410/4119/3344
f 3771/3999/3345 3772/4000/3346 3412/4121/3346 3411/4120/3345
f 3772/4000/3346 3773/4001/3347 3413/4122/3347 3412/4121/3346
f 3773/4001/3347 3774/4002/3348 3414/4123/3348 3413/4122/3347
f 3774/4002/3348 3775/4003/3349 3415/4124/3349 3414/4123/3348
f 3775/4003/3349 3776/4004/3350 3416/4125/3350 3415/4124/3349
f 3776/4004/3350 3777/4005/3351 3417/4126/3351 3416/4125/3350
f 3777/4005/3351 3778/4006/3352 3418/4127/3352 3417/4126/3351
f 3778/4006/3352 3779/4007/3353 3419/4128/3353 3418/4127/3352
f 3779/4007/3353 3780/4008/3354 3420/4129/3354 3419/4128/3353
f 3780/4008/3354 3781/4009/3355 3421/4130/3355 3420/4129/3354
f 3781/4009/3355 3782/4010/3356 3422/4131/3356 3421/4130/3355
f 3782/4010/3356 3783/4011/3357 3423/4132/3357 3422/4131/3356
f 3783/4011/3357 3784/4012/3358 3424/4133/3358 3423/4132/3357
f 3784/4012/3358 3785/4013/3359 3425/4134/3359 3424/4133/3358
f 3785/4013/3359 3786/4014/3360 3426/4135/3360 3425/4134/3359
f 3786/4014/3360 3787/4015/3361 3427/4136/3361 3426/4135/3360
f 3787/4015/3361 3788/4016/3362 3428/4137/3362 3427/4136/3361
f 3788/4016/3362 3789/4017/3363 3429/4138/3363 3428/4137/3362
f 3789/4017/3363 3790/4018/3364 3430/4139/3364 3429/4138/3363
f 3790/4018/3364 3791/4019/3365 3431/4140/3365 3430/4139/3364
f 3791/4019/3365 3792/4020/3366 3432/4141/3366 3431/4140/3365
f 3792/4020/3366 3793/4021/3367 3433/4142/3367 3432/4141/3366
f 3793/4021/3367 3794/4022/3368 3434/4143/3368 3433/4142/3367
f 3794/4022/3368 3795/4023/3369 3435/4144/3369 3434/4143/3368
f 3795/4023/3369 3796/4024/3370 3436/4145/3370 3435/4144/3369
f 3796/4024/3370 3797/4025/3371 3437/4146/3371 3436/4145/3370
f 3797/4025/3371 3798/4026/3372 3438/4147/3372 3437/4146/3371
f 3798/4026/3372 3799/4027/3373 3439/4148/3373 3438/4147/3372
f 3799/4027/3373 3800/4028/3374 3440/4149/3374 3439/4148/3373
f 3800/4028/3374 3801/4029/3375 3441/4150/3375 3440/4149/3374
f 3801/4029/3375 3802/4030/3376 3442/4151/3376 3441/4150/3375
f 3802/4030/3376 3803/4031/3377 3443/4152/3377 3442/4151/3376
f 3803/4031/3377 3804/4032/3378 3444/4153/3378 3443/4152/3377
f 3804/4032/3378 3805/4033/3379 3445/4154/3379 3444/4153/3378
f 3805/4033/3379 3806/4034/3380 3446/4155/3380 3445/4154/3379
f 3806/4034/3380 3807/4035/3381 3447/4156/3381 3446/4155/3380
f 3807/4035/3381 3808/4036/3382 3448/4157/3382 3447/4156/3381
f 3808/4036/3382 3809/4037/3383 3449/4158/3383 3448/4157/3382
f 3809/4037/3383 3810/4038/3384 3450/4159/3384 3449/4158/3383
f 3810/4038/3384 3811/4039/3385 3451/4160/3385 3450/4159/3384
f 3811/4039/3385 3812/4040/3386 3452/4161/3386 3451/4160/3385
f 3812/4040/3386 3813/4041/3387 3453/4162/3387 3452/4161/3386
f 3813/4041/3387 3814/4042/3388 3454/4163/3388 3453/4162/3387
f 3814/4042/3388 3815/4043/3389 3455/4164/3389 3454/4163/3388
f 3815/4043/3389 3816/4044/3390 3456/4165/3390 3455/4164/3389
f 3816/4044/3390 3817/4045/3391 3457/4166/3391 3456/4165/3390
f 3817/4045/3391 3818/4046/3392 3458/4167/3392 3457/4166/3391
f 3818/4046/3392 3819/4047/3393 3459/4168/3393 3458/4167/3392
f 3819/4047/3393 3820/4048/3394 3460/4169/3394 3459/4168/3393
f 3820/4048/3394 3821/4049/3395 3461/4170/3395 3460/4169/3394
f 3821/4049/3395 3822/4050/3396 3462/4171/3396 3461/4170/3395
f 3822/4050/3396 3823/4051/3277 3463/4172/3277 3462/4171/3396
f 3823/4051/3277 3824/4052/3278 3464/4173/3278 3463/4172/3277
f 3824/4052/3278 3825/4053/3279 3465/4174/3279 3464/4173/3278
f 3825/4053/3279 3826/4054/3280 3466/4175/3280 3465/4174/3279
f 3826/4054/3280 3827/4055/3281 3467/4176/3281 3466/4175/3280
f 3827/4055/3281 3828/4056/3282 3468/4177/3282 3467/4176/3281
f 3828/4056/3282 3829/4057/3283 3469/4178/3283 3468/4177/3282
f 3829/4057/3283 3830/4058/3284 3470/4179/3284 3469/4178/3283
f 3830/4058/3284 3831/4059/3285 3471/4180/3285 3470/4179/3284
f 3831/4059/3285 3832/4060/3286 3472/4181/3286 3471/4180/3285
f 3832/4060/3286 3833/4061/3287 3473/4182/3287 3472/4181/3286
f 3833/4061/3287 3834/4062/3288 3474/4183/3288 3473/4182/3287
f 3834/4062/3288 3835/4063/3289 3475/4184/3289 3474/4183/3288
f 3835/4063/3289 3836/4064/3290 3476/4185/3290 3475/4184/3289
f 3836/4064/3290 3837/4065/3291 3477/4186/3291 3476/4185/3290
f 3837/4065/3291 3838/4066/3292 3478/4187/3292 3477/4186/3291
f 3838/4066/3292 3839/4067/3293 3479/4188/3293 3478/4187/3292
f 3839/4067/3293 3840/4068/3294 3480/4189/3294 3479/4188/3293
f 3840/4068/3294 3841/4069/3295 3481/4190/3295 3480/4189/3294
f 3841/4069/3295 3842/4070/3296 3482/4191/3296 3481/4190/3295
f 3842/4070/3296 3843/4071/3297 3483/4192/3297 3482/4191/3296
f 3843/4071/3297 3844/4072/3298 3484/4193/3298 3483/4192/3297
f 3844/4072/3298 3845/4073/3299 3485/4194/3299 3484/4193/3298
f 3845/4073/3299 3846/4074/3300 3486/4195/3300 3485/4194/3299
f 3846/4074/3300 3847/4075/3301 3487/4196/3301 3486/4195/3300
f 3847/4075/3301 3848/4076/3302 3488/4197/3302 3487/4196/3301
f 3848/4076/3302 3849/4077/3303 3489/4198/3303 3488/4197/3302
f 3849/4077/3303 3850/4078/3304 3490/4199/3304 3489/4198/3303
f 3850/4078/3304 3851/4079/3305 3491/4200/3305 3490/4199/3304
f 3851/4079/3305 3852/4080/3306 3492/4201/3306 3491/4200/3305
f 3852/4080/3306 3853/4081/3307 3493/4202/3307 3492/4201/3306
f 3853/4081/3307 3854/4082/3308 3494/4203/3308 3493/4202/3307
f 3854/4082/3308 3855/4083/3309 3495/4204/3309 3494/4203/3308
f 3855/4083/3309 3856/4084/3310 3496/4205/3310 3495/4204/3309
f 3856/4084/3310 3857/4085/3311 3497/4206/3311 3496/4205/3310
f 3857/4085/3311 3858/4086/3312 3498/4207/3312 3497/4206/3311
f 3858/4086/3312 3859/4087/3313 3499/4208/3313 3498/4207/3312
f 3859/4087/3313 3860/4088/3314 3500/4209/3314 3499/4208/3313
f 3860/4088/3314 3861/4089/3315 3501/4210/3315 3500/4209/3314
f 3861/4089/3315 3862/4090/3316 3502/4211/3316 3501/4210/3315
f 3862/4090/3316 3863/4091/3317 3503/4212/3317 3502/4211/3316
f 3863/4091/3317 3864/4092/3318 3504/4213/3318 3503/4212/3317
f 3864/4092/3318 3865/4093/3319 3505/4214/3319 3504/4213/3318
f 3865/4093/3319 3866/4094/3320 3506/4215/3320 3505/4214/3319
f 3866/4094/3320 3867/4095/3321 3507/4216/3321 3506/4215/3320
f 3867/4095/3321 3868/4096/3322 3508/4217/3322 3507/4216/3321
f 3868/4096/3322 3869/4097/3323 3509/4218/3323 3508/4217/3322
f 3869/4097/3323 3870/4098/3324 3510/4219/3324 3509/4218/3323
f 3870/4098/3324 3871/4099/3325 3511/4220/3325 3510/4219/3324
f 3871/4099/3325 3872/4100/3326 3512/4221/3326 3511/4220/3325
f 3872/4100/3326 3873/4101/3327 3513/4222/3327 3512/4221/3326
f 3873/4101/3327 3874/4102/3328 3514/4223/3328 3513/4222/3327
f 3874/4102/3328 3875/4103/3329 3515/4224/3329 3514/4223/3328
f 3875/4103/3329 3876/4104/3330 3516/4225/3330 3515/4224/3329
f 3876/4104/3330 3877/4105/3331 3517/4226/3331 3516/4225/3330
f 3877/4105/3331 3878/4106/3332 3518/4227/3332 3517/4226/3331
f 3878/4106/3332 3879/4107/3333 3519/4228/3333 3518/4227/3332
f 3879/4107/3333 3880/4108/3334 3520/4229/3334 3519/4228/3333
f 3880/4108/3334 3881/4109/3335 3521/4230/3335 3520/4229/3334
f 3881/4109/3335 3882/4110/3336 3522/4231/3336 3521/4230/3335
f 3882/4110/3336 3763/4111/3337 3403/4232/3337 3522/4231/3336
f 3883/4233/3397 3900/4234/3398 3901/4235/3399 3884/4236/3400
f 3884/4236/3400 3901/4235/3399 3902/4237/3401 3885/4238/3402
f 3885/4238/3402 3902/4237/3401 3903/4239/3403 3886/4240/3404
f 3886/4240/3404 3903/4239/3403 3904/4241/3405 3887/4242/3406
f 3887/4242/3406 3904/4241/3405 3905/4243/3407 3888/4244/3408
f 3888/4244/3408 3905/4243/3409 3906/4245/3409 3889/4246/3410
f 3889/4246/3410 3906/4245/3411 3907/4247/3411 3890/4248/3412
f 3890/4248/3412 3907/4247/3413 3908/4249/3413 3891/4250/3414
f 3891/4250/3414 3908/4249/3415 3909/4251/3415 3892/4252/3416
f 3892/4252/3416 3909/4251/3417 3910/4253/3417 3893/4254/3418
f 3893/4254/3418 3910/4253/3419 3911/4255/3419 3894/4256/3420
f 3894/4256/3420 3911/4255/3421 3912/4257/3421 3895/4258/3422
f 3895/4258/3422 3912/4257/3423 3913/4259/3423 3896/4260/3424
f 3896/4260/3424 3913/4259/3425 3914/4261/3426 3897/4262/3427
f 3897/4262/3427 3914/4261/3426 3915/4263/3428 3898/4264/3429
f 3898/4264/3429 3915/4263/3428 3916/4265/3430 3899/4266/3431
f 3899/4266/3431 3916/4265/3430 3900/4234/3398 3883/4233/3397
f 3900/4234/3432 3917/4267/3433 3918/4268/3433 3901/4235/3432
f 3901/4235/3434 3918/4268/3435 3919/4269/3435 3902/4237/3434
f 3902/4237/3436 3919/4269/3437 3920/4270/3438 3903/4239/3439
f 3903/4239/3439 3920/4270/3438 3921/4271/3440 3904/4241/3441
f 3904/4241/3441 3921/4271/3440 3922/4272/3442 3905/4243/3443
f 3905/4243/3444 3922/4272/3445 3923/4273/3445 3906/4245/3444
f 3906/4245/3446 3923/4273/3447 3924/4274/3447 3907/4247/3446
f 3907/4247/3448 3924/4274/3449 3925/4275/3449 3908/4249/3448
f 3908/4249/3450 3925/4275/3451 3926/4276/3452 3909/4251/3450
f 3909/4251/3453 3926/4276/3454 3927/4277/3455 3910/4253/3453
f 3910/4253/3456 3927/4277/3457 3928/4278/3457 3911/4255/3456
f 3911/4255/3458 3928/4278/3459 3929/4279/3459 3912/4257/3458
f 3912/4257/3460 3929/4279/3461 3930/4280/3461 3913/4259/3460
f 3913/4259/3462 3930/4280/3463 3931/4281/3464 3914/4261/3465
f 3914/4261/3465 3931/4281/3464 3932/4282/3466 3915/4263/3467
f 3915/4263/3467 3932/4282/3466 3933/4283/3468 3916/4265/3469
f 3916/4265/3470 3933/4283/3471 3917/4267/3471 3900/4234/3470
f 3917/4267/3433 3934/4267/3472 3935/4268/3472 3918/4268/3433
f 3918/4268/3435 3935/4268/3473 3936/4269/3473 3919/4269/3435
f 3919/4269/3437 3936/4269/3474 3937/4270/3475 3920/4270/3438
f 3920/4270/3438 3937/4270/3475 3938/4271/3476 3921/4271/3440
f 3921/4271/3440 3938/4271/3476 3939/4272/3477 3922/4272/3442
f 3922/4272/3445 3939/4272/3478 3940/4273/3478 3923/4273/3445
f 3923/4273/3447 3940/4273/3479 3941/4274/3479 3924/4274/3447
f 3924/4274/3449 3941/4274/3480 3942/4275/3480 3925/4275/3449
f 3925/4275/3451 3942/4275/3481 3943/4276/3482 3926/4276/3452
f 3926/4276/3454 3943/4276/3483 3944/4277/3484 3927/4277/3455
f 3927/4277/3457 3944/4277/3485 3945/4278/3485 3928/4278/3457
f 3928/4278/3459 3945/4278/3486 3946/4279/3486 3929/4279/3459
f 3929/4279/3461 3946/4279/3487 3947/4280/3487 3930/4280/3461
f 3930/4280/3463 3947/4280/3488 3948/4281/3489 3931/4281/3464
f 3931/4281/3464 3948/4281/3489 3949/4282/3490 3932/4282/3466
f 3932/4282/3466 3949/4282/3490 3950/4283/3491 3933/4283/3468
f 3933/4283/3471 3950/4283/3492 3934/4267/3492 3917/4267/3471
f 3934/4267/3472 3951/4234/3493 3952/4235/3493 3935/4268/3472
f 3935/4268/3473 3952/4235/3494 3953/4237/3494 3936/4269/3473
f 3936/4269/3474 3953/4237/3495 3954/4239/3496 3937/4270/3475
f 3937/4270/3475 3954/4239/3496 3955/4241/3497 3938/4271/3476
f 3938/4271/3476 3955/4241/3497 3956/4243/3498 3939/4272/3477
f 3939/4272/3478 3956/4243/3499 3957/4245/3499 3940/4273/3478
f 3940/4273/3479 3957/4245/3500 3958/4247/3500 3941/4274/3479
f 3941/4274/3480 3958/4247/3501 3959/4249/3501 3942/4275/3480
f 3942/4275/3481 3959/4249/3502 3960/4251/3502 3943/4276/3482
f 3943/4276/3483 3960/4251/3503 3961/4253/3503 3944/4277/3484
f 3944/4277/3485 3961/4253/3504 3962/4255/3504 3945/4278/3485
f 3945/4278/3486 3962/4255/3505 3963/4257/3505 3946/4279/3486
f 3946/4279/3487 3963/4257/3506 3964/4259/3506 3947/4280/3487
f 3947/4280/3488 3964/4259/3507 3965/4261/3508 3948/4281/3489
f 3948/4281/3489 3965/4261/3508 3966/4263/3509 3949/4282/3490
f 3949/4282/3490 3966/4263/3509 3967/4265/3510 3950/4283/3491
f 3950/4283/3492 3967/4265/3511 3951/4234/3511 3934/4267/3492
f 3951/4234/3512 3968/4233/3513 3969/4236/3514 3952/4235/3515
f 3952/4235/3515 3969/4236/3514 3970/4238/3516 3953/4237/3517
f 3953/4237/3517 3970/4238/3516 3971/4240/3518 3954/4239/3519
f 3954/4239/3519 3971/4240/3518 3972/4242/3520 3955/4241/3521
f 3955/4241/3521 3972/4242/3520 3973/4244/3522 3956/4243/3523
f 3956/4243/3524 3973/4244/3522 3974/4246/3525 3957/4245/3524
f 3957/4245/3526 3974/4246/3525 3975/4248/3527 3958/4247/3526
f 3958/4247/3528 3975/4248/3527 3976/4250/3529 3959/4249/3528
f 3959/4249/3530 3976/4250/3529 3977/4252/3531 3960/4251/3530
f 3960/4251/3532 3977/4252/3531 3978/4254/3533 3961/4253/3532
f 3961/4253/3534 3978/4254/3533 3979/4256/3535 3962/4255/3534
f 3962/4255/3536 3979/4256/3535 3980/4258/3537 3963/4257/3536
f 3963/4257/3538 3980/4258/3537 3981/4260/3539 3964/4259/3538
f 3964/4259/3540 3981/4260/3539 3982/4262/3541 3965/4261/3542
f 3965/4261/3542 3982/4262/3541 3983/4264/3543 3966/4263/3544
f 3966/4263/3544 3983/4264/3543 3984/4266/3545 3967/4265/3546
f 3967/4265/3546 3984/4266/3545 3968/4233/3513 3951/4234/3512
f 3891/4250/3414 3892/4252/3416 3893/4254/3418
f 3978/4254/3533 3977/4252/3531 3976/4250/3529
f 3887/4242/3406 3888/4244/3408 3889/4246/3410
f 3974/4246/3525 3973/4244/3522 3972/4242/3520
f 3895/4258/3422 3896/4260/3424 3897/4262/3427
f 3982/4262/3541 3981/4260/3539 3980/4258/3537
f 3889/4246/3410 3890/4248/3412 3891/4250/3414
f 3976/4250/3529 3975/4248/3527 3974/4246/3525
f 3893/4254/3418 3894/4256/3420 3895/4258/3422
f 3980/4258/3537 3979/4256/3535 3978/4254/3533
f 3889/4246/3410 3891/4250/3414 3893/4254/3418
f 3978/4254/3533 3976/4250/3529 3974/4246/3525
f 3889/4246/3410 3893/4254/3418 3895/4258/3422
f 3980/4258/3537 3978/4254/3533 3974/4246/3525
f 3887/4242/3406 3889/4246/3410 3895/4258/3422
f 3980/4258/3537 3974/4246/3525 3972/4242/3520
f 3887/4242/3406 3895/4258/3422 3897/4262/3427
f 3982/4262/3541 3980/4258/3537 3972/4242/3520
f 3886/4240/3404 3887/4242/3406 3897/4262/3427
f 3982/4262/3541 3972/4242/3520 3971/4240/3518
f 3886/4240/3404 3897/4262/3427 3898/4264/3429
f 3983/4264/3543 3982/4262/3541 3971/4240/3518
f 3885/4238/3402 3886/4240/3404 3898/4264/3429
f 3983/4264/3543 3971/4240/3518 3970/4238/3516
f 3885/4238/3402 3898/4264/3429 3899/4266/3431
f 3984/4266/3545 3983/4264/3543 3970/4238/3516
f 3884/4236/3400 3885/4238/3402 3899/4266/3431
f 3984/4266/3545 3970/4238/3516 3969/4236/3514
f 3884/4236/3400 3899/4266/3431 3883/4233/3397
f 3968/4233/3513 3984/4266/3545 3969/4236/3514
f 3985/4284/4 3987/4285/3547 3986/4286/3548
f 3985/4287/4 3988/4288/3549 3987/4285/3547
f 3985/4289/4 3989/4290/3550 3988/4288/3549
f 3985/4291/4 3990/4292/3551 3989/4290/3550
f 3985/4293/4 3991/4294/3552 3990/4292/3551
f 3985/4295/4 3992/4296/3553 3991/4294/3552
f 3985/4297/4 3993/4298/3554 3992/4296/3553
f 3985/4299/4 3986/4300/3548 3993/4298/3554
f 3986/4286/3555 3987/4285/3555 3995/4301/3555 3994/4302/3555
f 3987/4285/3556 3988/4288/3556 3996/4303/3556 3995/4301/3556
f 3988/4288/3557 3989/4290/3557 3997/4304/3557 3996/4303/3557
f 3989/4290/3558 3990/4292/3558 3998/4305/3558 3997/4304/3558
f 3990/4292/3559 3991/4294/3559 3999/4306/3559 3998/4305/3559
f 3991/4294/3560 3992/4296/3560 4000/4307/3560 3999/4306/3560
f 3992/4296/3561 3993/4298/3561 4001/4308/3561 4000/4307/3561
f 3993/4298/3562 3986/4300/3562 3994/4309/3562 4001/4308/3562
f 3994/4302/3563 3995/4301/3563 4003/4310/3563 4002/4311/3563
f 3995/4301/3564 3996/4303/3564 4004/4312/3564 4003/4310/3564
f 3996/4303/3565 3997/4304/3565 4005/4313/3565 4004/4312/3565
f 3997/4304/3566 3998/4305/3566 4006/4314/3566 4005/4313/3566
f 3998/4305/3567 3999/4306/3567 4007/4315/3567 4006/4314/3567
f 3999/4306/3568 4000/4307/3568 4008/4316/3568 4007/4315/3568
f 4000/4307/3569 4001/4308/3569 4009/4317/3569 4008/4316/3569
f 4001/4308/3570 3994/4309/3570 4002/4318/3570 4009/4317/3570
f 4002/4311/3276 4003/4310/3571 4010/4319/1242
f 4003/4310/3571 4004/4312/3572 4010/4320/1242
f 4004/4312/3572 4005/4313/3573 4010/4321/1242
f 4005/4313/3573 4006/4314/3574 4010/4322/1242
f 4006/4314/3574 4007/4315/3575 4010/4323/1242
f 4007/4315/3575 4008/4316/3576 4010/4324/1242
f 4008/4316/3576 4009/4317/3275 4010/4325/1242
f 4009/4317/3275 4002/4318/3276 4010/4326/1242
f 4011/4284/4 4013/4285/3547 4012/4286/3548
f 4011/4287/4 4014/4288/3549 4013/4285/3547
f 4011/4289/4 4015/4290/3550 4014/4288/3549
f 4011/4291/4 4016/4292/3551 4015/4290/3550
f 4011/4293/4 4017/4294/3552 4016/4292/3551
f 4011/4295/4 4018/4296/3553 4017/4294/3552
f 4011/4297/4 4019/4298/3554 4018/4296/3553
f 4011/4299/4 4012/4300/3548 4019/4298/3554
f 4012/4286/3555 4013/4285/3555 4021/4301/3555 4020/4302/3555
f 4013/4285/3556 4014/4288/3556 4022/4303/3556 4021/4301/3556
f 4014/4288/3557 4015/4290/3557 4023/4304/3557 4022/4303/3557
f 4015/4290/3558 4016/4292/3558 4024/4305/3558 4023/4304/3558
f 4016/4292/3559 4017/4294/3559 4025/4306/3559 4024/4305/3559
f 4017/4294/3560 4018/4296/3560 4026/4307/3560 4025/4306/3560
f 4018/4296/3561 4019/4298/3561 4027/4308/3561 4026/4307/3561
f 4019/4298/3562 4012/4300/3562 4020/4309/3562 4027/4308/3562
f 4020/4302/3563 4021/4301/3563 4029/4310/3563 4028/4311/3563
f 4021/4301/3564 4022/4303/3564 4030/4312/3564 4029/4310/3564
f 4022/4303/3565 4023/4304/3565 4031/4313/3565 4030/4312/3565
f 4023/4304/3566 4024/4305/3566 4032/4314/3566 4031/4313/3566
f 4024/4305/3567 4025/4306/3567 4033/4315/3567 4032/4314/3567
f 4025/4306/3568 4026/4307/3568 4034/4316/3568 4033/4315/3568
f 4026/4307/3569 4027/4308/3569 4035/4317/3569 4034/4316/3569
f 4027/4308/3570 4020/4309/3570 4028/4318/3570 4035/4317/3570
f 4028/4311/3276 4029/4310/3571 4036/4319/1242
f 4029/4310/3571 4030/4312/3572 4036/4320/1242
f 4030/4312/3572 4031/4313/3573 4036/4321/1242
f 4031/4313/3573 4032/4314/3574 4036/4322/1242
f 4032/4314/3574 4033/4315/3575 4036/4323/1242
f 4033/4315/3575 4034/4316/3576 4036/4324/1242
f 4034/4316/3576 4035/4317/3275 4036/4325/1242
f 4035/4317/3275 4028/4318/3276 4036/4326/1242
f 4037/4284/4 4039/4285/3547 4038/4286/3548
f 4037/4287/4 4040/4288/3549 4039/4285/3547
f 4037/4289/4 4041/4290/3550 4040/4288/3549
f 4037/4291/4 4042/4292/3551 4041/4290/3550
f 4037/4293/4 4043/4294/3552 4042/4292/3551
f 4037/4295/4 4044/4296/3553 4043/4294/3552
f 4037/4297/4 4045/4298/3554 4044/4296/3553
f 4037/4299/4 4038/4300/3548 4045/4298/3554
f 4038/4286/3555 4039/4285/3555 4047/4301/3555 4046/4302/3555
f 4039/4285/3556 4040/4288/3556 4048/4303/3556 4047/4301/3556
f 4040/4288/3557 4041/4290/3557 4049/4304/3557 4048/4303/3557
f 4041/4290/3558 4042/4292/3558 4050/4305/3558 4049/4304/3558
f 4042/4292/3559 4043/4294/3559 4051/4306/3559 4050/4305/3559
f 4043/4294/3560 4044/4296/3560 4052/4307/3560 4051/4306/3560
f 4044/4296/3561 4045/4298/3561 4053/4308/3561 4052/4307/3561
f 4045/4298/3562 4038/4300/3562 4046/4309/3562 4053/4308/3562
f 4046/4302/3563 4047/4301/3563 4055/4310/3563 4054/4311/3563
f 4047/4301/3564 4048/4303/3564 4056/4312/3564 4055/4310/3564
f 4048/4303/3565 4049/4304/3565 4057/4313/3565 4056/4312/3565
f 4049/4304/3566 4050/4305/3566 4058/4314/3566 4057/4313/3566
f 4050/4305/3567 4051/4306/3567 4059/4315/3567 4058/4314/3567
f 4051/4306/3568 4052/4307/3568 4060/4316/3568 4059/4315/3568
f 4052/4307/3569 4053/4308/3569 4061/4317/3569 4060/4316/3569
f 4053/4308/3570 4046/4309/3570 4054/4318/3570 4061/4317/3570
f 4054/4311/3276 4055/4310/3571 4062/4319/1242
f 4055/4310/3571 4056/4312/3572 4062/4320/1242
f 4056/4312/3572 4057/4313/3573 4062/4321/1242
f 4057/4313/3573 4058/4314/3574 4062/4322/1242
f 4058/4314/3574 4059/4315/3575 4062/4323/1242
f 4059/4315/3575 4060/4316/3576 4062/4324/1242
f 4060/4316/3576 4061/4317/3275 4062/4325/1242
f 4061/4317/3275 4054/4318/3276 4062/4326/1242
f 4063/4284/4 4065/4285/3547 4064/4286/3548
f 4063/4287/4 4066/4288/3549 4065/4285/3547
f 4063/4289/4 4067/4290/3550 4066/4288/3549
f 4063/4291/4 4068/4292/3551 4067/4290/3550
f 4063/4293/4 4069/4294/3552 4068/4292/3551
f 4063/4295/4 4070/4296/3553 4069/4294/3552
f 4063/4297/4 4071/4298/3554 4070/4296/3553
f 4063/4299/4 4064/4300/3548 4071/4298/3554
f 4064/4286/3555 4065/4285/3555 4073/4301/3555 4072/4302/3555
f 4065/4285/3556 4066/4288/3556 4074/4303/3556 4073/4301/3556
f 4066/4288/3557 4067/4290/3557 4075/4304/3557 4074/4303/3557
f 4067/4290/3558 4068/4292/3558 4076/4305/3558 4075/4304/3558
f 4068/4292/3559 4069/4294/3559 4077/4306/3559 4076/4305/3559
f 4069/4294/3560 4070/4296/3560 4078/4307/3560 4077/4306/3560
f 4070/4296/3561 4071/4298/3561 4079/4308/3561 4078/4307/3561
f 4071/4298/3562 4064/4300/3562 4072/4309/3562 4079/4308/3562
f 4072/4302/3563 4073/4301/3563 4081/4310/3563 4080/4311/3563
f 4073/4301/3564 4074/4303/3564 4082/4312/3564 4081/4310/3564
f 4074/4303/3565 4075/4304/3565 4083/4313/3565 4082/4312/3565
f 4075/4304/3566 4076/4305/3566 4084/4314/3566 4083/4313/3566
f 4076/4305/3567 4077/4306/3567 4085/4315/3567 4084/4314/3567
f 4077/4306/3568 4078/4307/3568 4086/4316/3568 4085/4315/3568
f 4078/4307/3569 4079/4308/3569 4087/4317/3569 4086/4316/3569
f 4079/4308/3570 4072/4309/3570 4080/4318/3570 4087/4317/3570
f 4080/4311/3276 4081/4310/3571 4088/4319/1242
f 4081/4310/3571 4082/4312/3572 4088/4320/1242
f 4082/4312/3572 4083/4313/3573 4088/4321/1242
f 4083/4313/3573 4084/4314/3574 4088/4322/1242
f 4084/4314/3574 4085/4315/3575 4088/4323/1242
f 4085/4315/3575 4086/4316/3576 4088/4324/1242
f 4086/4316/3576 4087/4317/3275 4088/4325/1242
f 4087/4317/3275 4080/4318/3276 4088/4326/1242
f 4089/4284/4 4091/4285/3547 4090/4286/3548
f 4089/4287/4 4092/4288/3549 4091/4285/3547
f 4089/4289/4 4093/4290/3550 4092/4288/3549
f 4089/4291/4 4094/4292/3551 4093/4290/3550
f 4089/4293/4 4095/4294/3552 4094/4292/3551
f 4089/4295/4 4096/4296/3553 4095/4294/3552
f 4089/4297/4 4097/4298/3554 4096/4296/3553
f 4089/4299/4 4090/4300/3548 4097/4298/3554
f 4090/4286/3555 4091/4285/3555 4099/4301/3555 4098/4302/3555
f 4091/4285/3556 4092/4288/3556 4100/4303/3556 4099/4301/3556
f 4092/4288/3557 4093/4290/3557 4101/4304/3557 4100/4303/3557
f 4093/4290/3558 4094/4292/3558 4102/4305/3558 4101/4304/3558
f 4094/4292/3559 4095/4294/3559 4103/4306/3559 4102/4305/3559
f 4095/4294/3560 4096/4296/3560 4104/4307/3560 4103/4306/3560
f 4096/4296/3561 4097/4298/3561 4105/4308/3561 4104/4307/3561
f 4097/4298/3562 4090/4300/3562 4098/4309/3562 4105/4308/3562
f 4098/4302/3563 4099/4301/3563 4107/4310/3563 4106/4311/3563
f 4099/4301/3564 4100/4303/3564 4108/4312/3564 4107/4310/3564
f 4100/4303/3565 4101/4304/3565 4109/4313/3565 4108/4312/3565
f 4101/4304/3566 4102/4305/3566 4110/4314/3566 4109/4313/3566
f 4102/4305/3567 4103/4306/3567 4111/4315/3567 4110/4314/3567
f 4103/4306/3568 4104/4307/3568 4112/4316/3568 4111/4315/3568
f 4104/4307/3569 4105/4308/3569 4113/4317/3569 4112/4316/3569
f 4105/4308/3570 4098/4309/3570 4106/4318/3570 4113/4317/3570
f 4106/4311/3276 4107/4310/3571 4114/4319/1242
f 4107/4310/3571 4108/4312/3572 4114/4320/1242
f 4108/4312/3572 4109/4313/3573 4114/4321/1242
f 4109/4313/3573 4110/4314/3574 4114/4322/1242
f 4110/4314/3574 4111/4315/3575 4114/4323/1242
f 4111/4315/3575 4112/4316/3576 4114/4324/1242
f 4112/4316/3576 4113/4317/3275 4114/4325/1242
f 4113/4317/3275 4106/4318/3276 4114/4326/1242
f 4115/4284/4 4117/4327/3547 4116/4328/3548
f 4115/4287/4 4118/4329/3549 4117/4327/3547
f 4115/4289/4 4119/4330/3550 4118/4329/3549
f 4115/4291/4 4120/4331/3551 4119/4330/3550
f 4115/4293/4 4121/4332/3552 4120/4331/3551
f 4115/4295/4 4122/4333/3553 4121/4332/3552
f 4115/4297/4 4123/4334/3554 4122/4333/3553
f 4115/4299/4 4116/4335/3548 4123/4334/3554
f 4116/4328/3555 4117/4327/3555 4125/4336/3555 4124/4337/3555
f 4117/4327/3556 4118/4329/3556 4126/4338/3556 4125/4336/3556
f 4118/4329/3557 4119/4330/3557 4127/4339/3557 4126/4338/3557
f 4119/4330/3558 4120/4331/3558 4128/4340/3558 4127/4339/3558
f 4120/4331/3559 4121/4332/3559 4129/4341/3559 4128/4340/3559
f 4121/4332/3560 4122/4333/3560 4130/4342/3560 4129/4341/3560
f 4122/4333/3561 4123/4334/3561 4131/4343/3561 4130/4342/3561
f 4123/4334/3562 4116/4335/3562 4124/4344/3562 4131/4343/3562
f 4124/4337/3563 4125/4336/3563 4133/4345/3563 4132/4346/3563
f 4125/4336/3564 4126/4338/3564 4134/4347/3564 4133/4345/3564
f 4126/4338/3565 4127/4339/3565 4135/4348/3565 4134/4347/3565
f 4127/4339/3566 4128/4340/3566 4136/4349/3566 4135/4348/3566
f 4128/4340/3567 4129/4341/3567 4137/4350/3567 4136/4349/3567
f 4129/4341/3568 4130/4342/3568 4138/4351/3568 4137/4350/3568
f 4130/4342/3569 4131/4343/3569 4139/3626/3569 4138/4351/3569
f 4131/4343/3570 4124/4344/3570 4132/3627/3570 4139/3626/3570
f 4132/4346/3276 4133/4345/3571 4140/4352/1242
f 4133/4345/3571 4134/4347/3572 4140/4353/1242
f 4134/4347/3572 4135/4348/3573 4140/4354/1242
f 4135/4348/3573 4136/4349/3574 4140/4355/1242
f 4136/4349/3574 4137/4350/3575 4140/4356/1242
f 4137/4350/3575 4138/4351/3576 4140/4357/1242
f 4138/4351/3576 4139/3626/3275 4140/4358/1242
f 4139/3626/3275 4132/3627/3276 4140/3628/1242
f 4141/4284/4 4143/4327/3547 4142/4328/3548
f 4141/4287/4 4144/4329/3549 4143/4327/3547
f 4141/4289/4 4145/4330/3550 4144/4329/3549
f 4141/4291/4 4146/4331/3551 4145/4330/3550
f 4141/4293/4 4147/4332/3552 4146/4331/3551
f 4141/4295/4 4148/4333/3553 4147/4332/3552
f 4141/4297/4 4149/4334/3554 4148/4333/3553
f 4141/4299/4 4142/4335/3548 4149/4334/3554
f 4142/4328/3555 4143/4327/3555 4151/4336/3555 4150/4337/3555
f 4143/4327/3556 4144/4329/3556 4152/4338/3556 4151/4336/3556
f 4144/4329/3557 4145/4330/3557 4153/4339/3557 4152/4338/3557
f 4145/4330/3558 4146/4331/3558 4154/4340/3558 4153/4339/3558
f 4146/4331/3559 4147/4332/3559 4155/4341/3559 4154/4340/3559
f 4147/4332/3560 4148/4333/3560 4156/4342/3560 4155/4341/3560
f 4148/4333/3561 4149/4334/3561 4157/4343/3561 4156/4342/3561
f 4149/4334/3562 4142/4335/3562 4150/4344/3562 4157/4343/3562
f 4150/4337/3563 4151/4336/3563 4159/4345/3563 4158/4346/3563
f 4151/4336/3564 4152/4338/3564 4160/4347/3564 4159/4345/3564
f 4152/4338/3565 4153/4339/3565 4161/4348/3565 4160/4347/3565
f 4153/4339/3566 4154/4340/3566 4162/4349/3566 4161/4348/3566
f 4154/4340/3567 4155/4341/3567 4163/4350/3567 4162/4349/3567
f 4155/4341/3568 4156/4342/3568 4164/4351/3568 4163/4350/3568
f 4156/4342/3569 4157/4343/3569 4165/3626/3569 4164/4351/3569
f 4157/4343/3570 4150/4344/3570 4158/3627/3570 4165/3626/3570
f 4158/4346/3276 4159/4345/3571 4166/4352/1242
f 4159/4345/3571 4160/4347/3572 4166/4353/1242
f 4160/4347/3572 4161/4348/3573 4166/4354/1242
f 4161/4348/3573 4162/4349/3574 4166/4355/1242
f 4162/4349/3574 4163/4350/3575 4166/4356/1242
f 4163/4350/3575 4164/4351/3576 4166/4357/1242
f 4164/4351/3576 4165/3626/3275 4166/4358/1242
f 4165/3626/3275 4158/3627/3276 4166/3628/1242
f 4167/4284/4 4169/4327/3547 4168/4328/3548
f 4167/4287/4 4170/4329/3549 4169/4327/3547
f 4167/4289/4 4171/4330/3550 4170/4329/3549
f 4167/4291/4 4172/4331/3551 4171/4330/3550
f 4167/4293/4 4173/4332/3552 4172/4331/3551
f 4167/4295/4 4174/4333/3553 4173/4332/3552
f 4167/4297/4 4175/4334/3554 4174/4333/3553
f 4167/4299/4 4168/4335/3548 4175/4334/3554
f 4168/4328/3555 4169/4327/3555 4177/4336/3555 4176/4337/3555
f 4169/4327/3556 4170/4329/3556 4178/4338/3556 4177/4336/3556
f 4170/4329/3557 4171/4330/3557 4179/4339/3557 4178/4338/3557
f 4171/4330/3558 4172/4331/3558 4180/4340/3558 4179/4339/3558
f 4172/4331/3559 4173/4332/3559 4181/4341/3559 4180/4340/3559
f 4173/4332/3560 4174/4333/3560 4182/4342/3560 4181/4341/3560
f 4174/4333/3561 4175/4334/3561 4183/4343/3561 4182/4342/3561
f 4175/4334/3562 4168/4335/3562 4176/4344/3562 4183/4343/3562
f 4176/4337/3563 4177/4336/3563 4185/4345/3563 4184/4346/3563
f 4177/4336/3564 4178/4338/3564 4186/4347/3564 4185/4345/3564
f 4178/4338/3565 4179/4339/3565 4187/4348/3565 4186/4347/3565
f 4179/4339/3566 4180/4340/3566 4188/4349/3566 4187/4348/3566
f 4180/4340/3567 4181/4341/3567 4189/4350/3567 4188/4349/3567
f 4181/4341/3568 4182/4342/3568 4190/4351/3568 4189/4350/3568
f 4182/4342/3569 4183/4343/3569 4191/3626/3569 4190/4351/3569
f 4183/4343/3570 4176/4344/3570 4184/3627/3570 4191/3626/3570
f 4184/4346/3276 4185/4345/3571 4192/4352/1242
f 4185/4345/3571 4186/4347/3572 4192/4353/1242
f 4186/4347/3572 4187/4348/3573 4192/4354/1242
f 4187/4348/3573 4188/4349/3574 4192/4355/1242
f 4188/4349/3574 4189/4350/3575 4192/4356/1242
f 4189/4350/3575 4190/4351/3576 4192/4357/1242
f 4190/4351/3576 4191/3626/3275 4192/4358/1242
f 3403/4359/4 3404/3629/4 3524/3632/4 3523/3869/4
