# Blender 5.2.1 LTS
# www.blender.org
mtllib man.mtl
o man
v 0.000000 0.000000 0.000000
v 0.358000 0.000000 0.000000
v 0.356896 0.000000 -0.028088
v 0.353592 0.000000 -0.056004
v 0.348108 0.000000 -0.083573
v 0.340478 0.000000 -0.110628
v 0.330749 0.000000 -0.137001
v 0.318980 0.000000 -0.162529
v 0.305245 0.000000 -0.187054
v 0.289628 0.000000 -0.210427
v 0.272225 0.000000 -0.232502
v 0.253144 0.000000 -0.253144
v 0.232502 0.000000 -0.272225
v 0.210427 0.000000 -0.289628
v 0.187054 0.000000 -0.305245
v 0.162529 0.000000 -0.318980
v 0.137001 0.000000 -0.330749
v 0.110628 0.000000 -0.340478
v 0.083573 0.000000 -0.348108
v 0.056004 0.000000 -0.353592
v 0.028088 0.000000 -0.356896
v 0.000000 0.000000 -0.358000
v -0.028088 0.000000 -0.356896
v -0.056004 0.000000 -0.353592
v -0.083573 0.000000 -0.348108
v -0.110628 0.000000 -0.340478
v -0.137001 0.000000 -0.330749
v -0.162529 0.000000 -0.318980
v -0.187054 0.000000 -0.305245
v -0.210427 0.000000 -0.289628
v -0.232502 0.000000 -0.272225
v -0.253144 0.000000 -0.253144
v -0.272225 0.000000 -0.232502
v -0.289628 0.000000 -0.210427
v -0.305245 0.000000 -0.187054
v -0.318980 0.000000 -0.162529
v -0.330749 0.000000 -0.137001
v -0.340478 0.000000 -0.110628
v -0.348108 0.000000 -0.083573
v -0.353592 0.000000 -0.056004
v -0.356896 0.000000 -0.028088
v -0.358000 0.000000 -0.000000
v -0.356896 0.000000 0.028088
v -0.353592 0.000000 0.056004
v -0.348108 0.000000 0.083573
v -0.340478 0.000000 0.110628
v -0.330749 0.000000 0.137001
v -0.318980 0.000000 0.162529
v -0.305245 0.000000 0.187054
v -0.289628 0.000000 0.210427
v -0.272225 0.000000 0.232502
v -0.253144 0.000000 0.253144
v -0.232502 0.000000 0.272225
v -0.210427 0.000000 0.289628
v -0.187054 0.000000 0.305245
v -0.162529 0.000000 0.318980
v -0.137001 0.000000 0.330749
v -0.110628 0.000000 0.340478
v -0.083573 0.000000 0.348108
v -0.056004 0.000000 0.353592
v -0.028088 0.000000 0.356896
v -0.000000 0.000000 0.358000
v 0.028088 0.000000 0.356896
v 0.056004 0.000000 0.353592
v 0.083573 0.000000 0.348108
v 0.110628 0.000000 0.340478
v 0.137001 0.000000 0.330749
v 0.162529 0.000000 0.318980
v 0.187054 0.000000 0.305245
v 0.210427 0.000000 0.289628
v 0.232502 0.000000 0.272225
v 0.253144 0.000000 0.253144
v 0.272225 0.000000 0.232502
v 0.289628 0.000000 0.210427
v 0.305245 0.000000 0.187054
v 0.318980 0.000000 0.162529
v 0.330749 0.000000 0.137001
v 0.340478 0.000000 0.110628
v 0.348108 0.000000 0.083573
v 0.353592 0.000000 0.056004
v 0.356896 0.000000 0.028088
v 0.369000 0.002947 0.000000
v 0.367862 0.002947 -0.028951
v 0.364457 0.002947 -0.057724
v 0.358804 0.002947 -0.086141
v 0.350940 0.002947 -0.114027
v 0.340912 0.002947 -0.141210
v 0.328781 0.002947 -0.167522
v 0.314624 0.002947 -0.192802
v 0.298527 0.002947 -0.216893
v 0.280590 0.002947 -0.239646
v 0.260922 0.002947 -0.260922
v 0.239646 0.002947 -0.280590
v 0.216893 0.002947 -0.298527
v 0.192802 0.002947 -0.314624
v 0.167522 0.002947 -0.328781
v 0.141210 0.002947 -0.340912
v 0.114027 0.002947 -0.350940
v 0.086141 0.002947 -0.358804
v 0.057724 0.002947 -0.364457
v 0.028951 0.002947 -0.367862
v 0.000000 0.002947 -0.369000
v -0.028951 0.002947 -0.367862
v -0.057724 0.002947 -0.364457
v -0.086141 0.002947 -0.358804
v -0.114027 0.002947 -0.350940
v -0.141210 0.002947 -0.340912
v -0.167522 0.002947 -0.328781
v -0.192802 0.002947 -0.314624
v -0.216893 0.002947 -0.298527
v -0.239646 0.002947 -0.280590
v -0.260922 0.002947 -0.260922
v -0.280590 0.002947 -0.239646
v -0.298527 0.002947 -0.216893
v -0.314624 0.002947 -0.192802
v -0.328781 0.002947 -0.167522
v -0.340912 0.002947 -0.141210
v -0.350940 0.002947 -0.114027
v -0.358804 0.002947 -0.086141
v -0.364457 0.002947 -0.057724
v -0.367862 0.002947 -0.028951
v -0.369000 0.002947 -0.000000
v -0.367862 0.002947 0.028951
v -0.364457 0.002947 0.057724
v -0.358804 0.002947 0.086141
v -0.350940 0.002947 0.114027
v -0.340912 0.002947 0.141210
v -0.328781 0.002947 0.167522
v -0.314624 0.002947 0.192802
v -0.298527 0.002947 0.216893
v -0.280590 0.002947 0.239646
v -0.260922 0.002947 0.260922
v -0.239646 0.002947 0.280590
v -0.216893 0.002947 0.298527
v -0.192802 0.002947 0.314624
v -0.167522 0.002947 0.328781
v -0.141210 0.002947 0.340912
v -0.114027 0.002947 0.350940
v -0.086141 0.002947 0.358804
v -0.057724 0.002947 0.364457
v -0.028951 0.002947 0.367862
v -0.000000 0.002947 0.369000
v 0.028951 0.002947 0.367862
v 0.057724 0.002947 0.364457
v 0.086141 0.002947 0.358804
v 0.114027 0.002947 0.350940
v 0.141210 0.002947 0.340912
v 0.167522 0.002947 0.328781
v 0.192802 0.002947 0.314624
v 0.216893 0.002947 0.298527
v 0.239646 0.002947 0.280590
v 0.260922 0.002947 0.260922
v 0.280590 0.002947 0.239646
v 0.298527 0.002947 0.216893
v 0.314624 0.002947 0.192802
v 0.328781 0.002947 0.167522
v 0.340912 0.002947 0.141210
v 0.350940 0.002947 0.114027
v 0.358804 0.002947 0.086141
v 0.364457 0.002947 0.057724
v 0.367862 0.002947 0.028951
v 0.377053 0.011000 0.000000
v 0.375890 0.011000 -0.029583
v 0.372410 0.011000 -0.058984
v 0.366635 0.011000 -0.088021
v 0.358598 0.011000 -0.116516
v 0.348351 0.011000 -0.144292
v 0.335956 0.011000 -0.171178
v 0.321490 0.011000 -0.197009
v 0.305042 0.011000 -0.221626
v 0.286713 0.011000 -0.244876
v 0.266616 0.011000 -0.266616
v 0.244876 0.011000 -0.286713
v 0.221626 0.011000 -0.305042
v 0.197009 0.011000 -0.321490
v 0.171178 0.011000 -0.335956
v 0.144292 0.011000 -0.348351
v 0.116516 0.011000 -0.358598
v 0.088021 0.011000 -0.366635
v 0.058984 0.011000 -0.372410
v 0.029583 0.011000 -0.375890
v 0.000000 0.011000 -0.377053
v -0.029583 0.011000 -0.375890
v -0.058984 0.011000 -0.372410
v -0.088021 0.011000 -0.366635
v -0.116516 0.011000 -0.358598
v -0.144292 0.011000 -0.348351
v -0.171178 0.011000 -0.335956
v -0.197009 0.011000 -0.321490
v -0.221626 0.011000 -0.305042
v -0.244876 0.011000 -0.286713
v -0.266616 0.011000 -0.266616
v -0.286713 0.011000 -0.244876
v -0.305042 0.011000 -0.221626
v -0.321490 0.011000 -0.197009
v -0.335956 0.011000 -0.171178
v -0.348351 0.011000 -0.144292
v -0.358598 0.011000 -0.116516
v -0.366635 0.011000 -0.088021
v -0.372410 0.011000 -0.058984
v -0.375890 0.011000 -0.029583
v -0.377053 0.011000 -0.000000
v -0.375890 0.011000 0.029583
v -0.372410 0.011000 0.058984
v -0.366635 0.011000 0.088021
v -0.358598 0.011000 0.116516
v -0.348351 0.011000 0.144292
v -0.335956 0.011000 0.171178
v -0.321490 0.011000 0.197009
v -0.305042 0.011000 0.221626
v -0.286713 0.011000 0.244876
v -0.266616 0.011000 0.266616
v -0.244876 0.011000 0.286713
v -0.221626 0.011000 0.305042
v -0.197009 0.011000 0.321490
v -0.171178 0.011000 0.335956
v -0.144292 0.011000 0.348351
v -0.116516 0.011000 0.358598
v -0.088021 0.011000 0.366635
v -0.058984 0.011000 0.372410
v -0.029583 0.011000 0.375890
v -0.000000 0.011000 0.377053
v 0.029583 0.011000 0.375890
v 0.058984 0.011000 0.372410
v 0.088021 0.011000 0.366635
v 0.116516 0.011000 0.358598
v 0.144292 0.011000 0.348351
v 0.171178 0.011000 0.335956
v 0.197009 0.011000 0.321490
v 0.221626 0.011000 0.305042
v 0.244876 0.011000 0.286713
v 0.266616 0.011000 0.266616
v 0.286713 0.011000 0.244876
v 0.305042 0.011000 0.221626
v 0.321490 0.011000 0.197009
v 0.335956 0.011000 0.171178
v 0.348351 0.011000 0.144292
v 0.358598 0.011000 0.116516
v 0.366635 0.011000 0.088021
v 0.372410 0.011000 0.058984
v 0.375890 0.011000 0.029583
v 0.380000 0.022000 0.000000
v 0.379267 0.022000 -0.009931
v 0.374985 0.022000 -0.019652
v 0.378228 0.022000 -0.029767
v 0.377918 0.022000 -0.039721
v 0.376151 0.022000 -0.049521
v 0.370877 0.022000 -0.058741
v 0.373044 0.022000 -0.069140
v 0.371696 0.022000 -0.079006
v 0.368914 0.022000 -0.088568
v 0.362705 0.022000 -0.097187
v 0.363773 0.022000 -0.107755
v 0.361401 0.022000 -0.117426
v 0.357635 0.022000 -0.126645
v 0.350559 0.022000 -0.134567
v 0.350517 0.022000 -0.145189
v 0.347147 0.022000 -0.154560
v 0.342438 0.022000 -0.163335
v 0.334573 0.022000 -0.170473
v 0.333421 0.022000 -0.181033
v 0.329090 0.022000 -0.190000
v 0.323489 0.022000 -0.198234
v 0.314921 0.022000 -0.204512
v 0.312671 0.022000 -0.214893
v 0.307426 0.022000 -0.223358
v 0.300996 0.022000 -0.230962
v 0.291818 0.022000 -0.236310
v 0.288496 0.022000 -0.246399
v 0.282395 0.022000 -0.254270
v 0.275205 0.022000 -0.261160
v 0.265519 0.022000 -0.265519
v 0.261160 0.022000 -0.275205
v 0.254270 0.022000 -0.282395
v 0.246399 0.022000 -0.288496
v 0.236310 0.022000 -0.291818
v 0.230962 0.022000 -0.300996
v 0.223358 0.022000 -0.307426
v 0.214893 0.022000 -0.312671
v 0.204512 0.022000 -0.314921
v 0.198234 0.022000 -0.323489
v 0.190000 0.022000 -0.329090
v 0.181033 0.022000 -0.333421
v 0.170473 0.022000 -0.334573
v 0.163335 0.022000 -0.342438
v 0.154560 0.022000 -0.347147
v 0.145189 0.022000 -0.350517
v 0.134567 0.022000 -0.350559
v 0.126645 0.022000 -0.357635
v 0.117426 0.022000 -0.361401
v 0.107755 0.022000 -0.363773
v 0.097187 0.022000 -0.362705
v 0.088568 0.022000 -0.368914
v 0.079006 0.022000 -0.371696
v 0.069140 0.022000 -0.373044
v 0.058741 0.022000 -0.370877
v 0.049521 0.022000 -0.376151
v 0.039721 0.022000 -0.377918
v 0.029767 0.022000 -0.378228
v 0.019652 0.022000 -0.374985
v 0.009931 0.022000 -0.379267
v 0.000000 0.022000 -0.380000
v -0.009931 0.022000 -0.379267
v -0.019652 0.022000 -0.374985
v -0.029767 0.022000 -0.378228
v -0.039721 0.022000 -0.377918
v -0.049521 0.022000 -0.376151
v -0.058741 0.022000 -0.370877
v -0.069140 0.022000 -0.373044
v -0.079006 0.022000 -0.371696
v -0.088568 0.022000 -0.368914
v -0.097187 0.022000 -0.362705
v -0.107755 0.022000 -0.363773
v -0.117426 0.022000 -0.361401
v -0.126645 0.022000 -0.357635
v -0.134567 0.022000 -0.350559
v -0.145189 0.022000 -0.350517
v -0.154560 0.022000 -0.347147
v -0.163335 0.022000 -0.342438
v -0.170473 0.022000 -0.334573
v -0.181033 0.022000 -0.333421
v -0.190000 0.022000 -0.329090
v -0.198234 0.022000 -0.323489
v -0.204512 0.022000 -0.314921
v -0.214893 0.022000 -0.312671
v -0.223358 0.022000 -0.307426
v -0.230962 0.022000 -0.300996
v -0.236310 0.022000 -0.291818
v -0.246399 0.022000 -0.288496
v -0.254270 0.022000 -0.282395
v -0.261160 0.022000 -0.275205
v -0.265519 0.022000 -0.265519
v -0.275205 0.022000 -0.261160
v -0.282395 0.022000 -0.254270
v -0.288496 0.022000 -0.246399
v -0.291818 0.022000 -0.236310
v -0.300996 0.022000 -0.230962
v -0.307426 0.022000 -0.223358
v -0.312671 0.022000 -0.214893
v -0.314921 0.022000 -0.204512
v -0.323489 0.022000 -0.198234
v -0.329090 0.022000 -0.190000
v -0.333421 0.022000 -0.181033
v -0.334573 0.022000 -0.170473
v -0.342438 0.022000 -0.163335
v -0.347147 0.022000 -0.154560
v -0.350517 0.022000 -0.145189
v -0.350559 0.022000 -0.134567
v -0.357635 0.022000 -0.126645
v -0.361401 0.022000 -0.117426
v -0.363773 0.022000 -0.107755
v -0.362705 0.022000 -0.097187
v -0.368914 0.022000 -0.088568
v -0.371696 0.022000 -0.079006
v -0.373044 0.022000 -0.069140
v -0.370877 0.022000 -0.058741
v -0.376151 0.022000 -0.049521
v -0.377918 0.022000 -0.039721
v -0.378228 0.022000 -0.029767
v -0.374985 0.022000 -0.019652
v -0.379267 0.022000 -0.009931
v -0.380000 0.022000 -0.000000
v -0.379267 0.022000 0.009931
v -0.374985 0.022000 0.019652
v -0.378228 0.022000 0.029767
v -0.377918 0.022000 0.039721
v -0.376151 0.022000 0.049521
v -0.370877 0.022000 0.058741
v -0.373044 0.022000 0.069140
v -0.371696 0.022000 0.079006
v -0.368914 0.022000 0.088568
v -0.362705 0.022000 0.097187
v -0.363773 0.022000 0.107755
v -0.361401 0.022000 0.117426
v -0.357635 0.022000 0.126645
v -0.350559 0.022000 0.134567
v -0.350517 0.022000 0.145189
v -0.347147 0.022000 0.154560
v -0.342438 0.022000 0.163335
v -0.334573 0.022000 0.170473
v -0.333421 0.022000 0.181033
v -0.329090 0.022000 0.190000
v -0.323489 0.022000 0.198234
v -0.314921 0.022000 0.204512
v -0.312671 0.022000 0.214893
v -0.307426 0.022000 0.223358
v -0.300996 0.022000 0.230962
v -0.291818 0.022000 0.236310
v -0.288496 0.022000 0.246399
v -0.282395 0.022000 0.254270
v -0.275205 0.022000 0.261160
v -0.265519 0.022000 0.265519
v -0.261160 0.022000 0.275205
v -0.254270 0.022000 0.282395
v -0.246399 0.022000 0.288496
v -0.236310 0.022000 0.291818
v -0.230962 0.022000 0.300996
v -0.223358 0.022000 0.307426
v -0.214893 0.022000 0.312671
v -0.204512 0.022000 0.314921
v -0.198234 0.022000 0.323489
v -0.190000 0.022000 0.329090
v -0.181033 0.022000 0.333421
v -0.170473 0.022000 0.334573
v -0.163335 0.022000 0.342438
v -0.154560 0.022000 0.347147
v -0.145189 0.022000 0.350517
v -0.134567 0.022000 0.350559
v -0.126645 0.022000 0.357635
v -0.117426 0.022000 0.361401
v -0.107755 0.022000 0.363773
v -0.097187 0.022000 0.362705
v -0.088568 0.022000 0.368914
v -0.079006 0.022000 0.371696
v -0.069140 0.022000 0.373044
v -0.058741 0.022000 0.370877
v -0.049521 0.022000 0.376151
v -0.039721 0.022000 0.377918
v -0.029767 0.022000 0.378228
v -0.019652 0.022000 0.374985
v -0.009931 0.022000 0.379267
v -0.000000 0.022000 0.380000
v 0.009931 0.022000 0.379267
v 0.019652 0.022000 0.374985
v 0.029767 0.022000 0.378228
v 0.039721 0.022000 0.377918
v 0.049521 0.022000 0.376151
v 0.058741 0.022000 0.370877
v 0.069140 0.022000 0.373044
v 0.079006 0.022000 0.371696
v 0.088568 0.022000 0.368914
v 0.097187 0.022000 0.362705
v 0.107755 0.022000 0.363773
v 0.117426 0.022000 0.361401
v 0.126645 0.022000 0.357635
v 0.134567 0.022000 0.350559
v 0.145189 0.022000 0.350517
v 0.154560 0.022000 0.347147
v 0.163335 0.022000 0.342438
v 0.170473 0.022000 0.334573
v 0.181033 0.022000 0.333421
v 0.190000 0.022000 0.329090
v 0.198234 0.022000 0.323489
v 0.204512 0.022000 0.314921
v 0.214893 0.022000 0.312671
v 0.223358 0.022000 0.307426
v 0.230962 0.022000 0.300996
v 0.236310 0.022000 0.291818
v 0.246399 0.022000 0.288496
v 0.254270 0.022000 0.282395
v 0.261160 0.022000 0.275205
v 0.265519 0.022000 0.265519
v 0.275205 0.022000 0.261160
v 0.282395 0.022000 0.254270
v 0.288496 0.022000 0.246399
v 0.291818 0.022000 0.236310
v 0.300996 0.022000 0.230962
v 0.307426 0.022000 0.223358
v 0.312671 0.022000 0.214893
v 0.314921 0.022000 0.204512
v 0.323489 0.022000 0.198234
v 0.329090 0.022000 0.190000
v 0.333421 0.022000 0.181033
v 0.334573 0.022000 0.170473
v 0.342438 0.022000 0.163335
v 0.347147 0.022000 0.154560
v 0.350517 0.022000 0.145189
v 0.350559 0.022000 0.134567
v 0.357635 0.022000 0.126645
v 0.361401 0.022000 0.117426
v 0.363773 0.022000 0.107755
v 0.362705 0.022000 0.097187
v 0.368914 0.022000 0.088568
v 0.371696 0.022000 0.079006
v 0.373044 0.022000 0.069140
v 0.370877 0.022000 0.058741
v 0.376151 0.022000 0.049521
v 0.377918 0.022000 0.039721
v 0.378228 0.022000 0.029767
v 0.374985 0.022000 0.019652
v 0.379267 0.022000 0.009931
v 0.380000 0.124000 0.000000
v 0.379267 0.124000 -0.009931
v 0.374985 0.124000 -0.019652
v 0.378228 0.124000 -0.029767
v 0.377918 0.124000 -0.039721
v 0.376151 0.124000 -0.049521
v 0.370877 0.124000 -0.058741
v 0.373044 0.124000 -0.069140
v 0.371696 0.124000 -0.079006
v 0.368914 0.124000 -0.088568
v 0.362705 0.124000 -0.097187
v 0.363773 0.124000 -0.107755
v 0.361401 0.124000 -0.117426
v 0.357635 0.124000 -0.126645
v 0.350559 0.124000 -0.134567
v 0.350517 0.124000 -0.145189
v 0.347147 0.124000 -0.154560
v 0.342438 0.124000 -0.163335
v 0.334573 0.124000 -0.170473
v 0.333421 0.124000 -0.181033
v 0.329090 0.124000 -0.190000
v 0.323489 0.124000 -0.198234
v 0.314921 0.124000 -0.204512
v 0.312671 0.124000 -0.214893
v 0.307426 0.124000 -0.223358
v 0.300996 0.124000 -0.230962
v 0.291818 0.124000 -0.236310
v 0.288496 0.124000 -0.246399
v 0.282395 0.124000 -0.254270
v 0.275205 0.124000 -0.261160
v 0.265519 0.124000 -0.265519
v 0.261160 0.124000 -0.275205
v 0.254270 0.124000 -0.282395
v 0.246399 0.124000 -0.288496
v 0.236310 0.124000 -0.291818
v 0.230962 0.124000 -0.300996
v 0.223358 0.124000 -0.307426
v 0.214893 0.124000 -0.312671
v 0.204512 0.124000 -0.314921
v 0.198234 0.124000 -0.323489
v 0.190000 0.124000 -0.329090
v 0.181033 0.124000 -0.333421
v 0.170473 0.124000 -0.334573
v 0.163335 0.124000 -0.342438
v 0.154560 0.124000 -0.347147
v 0.145189 0.124000 -0.350517
v 0.134567 0.124000 -0.350559
v 0.126645 0.124000 -0.357635
v 0.117426 0.124000 -0.361401
v 0.107755 0.124000 -0.363773
v 0.097187 0.124000 -0.362705
v 0.088568 0.124000 -0.368914
v 0.079006 0.124000 -0.371696
v 0.069140 0.124000 -0.373044
v 0.058741 0.124000 -0.370877
v 0.049521 0.124000 -0.376151
v 0.039721 0.124000 -0.377918
v 0.029767 0.124000 -0.378228
v 0.019652 0.124000 -0.374985
v 0.009931 0.124000 -0.379267
v 0.000000 0.124000 -0.380000
v -0.009931 0.124000 -0.379267
v -0.019652 0.124000 -0.374985
v -0.029767 0.124000 -0.378228
v -0.039721 0.124000 -0.377918
v -0.049521 0.124000 -0.376151
v -0.058741 0.124000 -0.370877
v -0.069140 0.124000 -0.373044
v -0.079006 0.124000 -0.371696
v -0.088568 0.124000 -0.368914
v -0.097187 0.124000 -0.362705
v -0.107755 0.124000 -0.363773
v -0.117426 0.124000 -0.361401
v -0.126645 0.124000 -0.357635
v -0.134567 0.124000 -0.350559
v -0.145189 0.124000 -0.350517
v -0.154560 0.124000 -0.347147
v -0.163335 0.124000 -0.342438
v -0.170473 0.124000 -0.334573
v -0.181033 0.124000 -0.333421
v -0.190000 0.124000 -0.329090
v -0.198234 0.124000 -0.323489
v -0.204512 0.124000 -0.314921
v -0.214893 0.124000 -0.312671
v -0.223358 0.124000 -0.307426
v -0.230962 0.124000 -0.300996
v -0.236310 0.124000 -0.291818
v -0.246399 0.124000 -0.288496
v -0.254270 0.124000 -0.282395
v -0.261160 0.124000 -0.275205
v -0.265519 0.124000 -0.265519
v -0.275205 0.124000 -0.261160
v -0.282395 0.124000 -0.254270
v -0.288496 0.124000 -0.246399
v -0.291818 0.124000 -0.236310
v -0.300996 0.124000 -0.230962
v -0.307426 0.124000 -0.223358
v -0.312671 0.124000 -0.214893
v -0.314921 0.124000 -0.204512
v -0.323489 0.124000 -0.198234
v -0.329090 0.124000 -0.190000
v -0.333421 0.124000 -0.181033
v -0.334573 0.124000 -0.170473
v -0.342438 0.124000 -0.163335
v -0.347147 0.124000 -0.154560
v -0.350517 0.124000 -0.145189
v -0.350559 0.124000 -0.134567
v -0.357635 0.124000 -0.126645
v -0.361401 0.124000 -0.117426
v -0.363773 0.124000 -0.107755
v -0.362705 0.124000 -0.097187
v -0.368914 0.124000 -0.088568
v -0.371696 0.124000 -0.079006
v -0.373044 0.124000 -0.069140
v -0.370877 0.124000 -0.058741
v -0.376151 0.124000 -0.049521
v -0.377918 0.124000 -0.039721
v -0.378228 0.124000 -0.029767
v -0.374985 0.124000 -0.019652
v -0.379267 0.124000 -0.009931
v -0.380000 0.124000 -0.000000
v -0.379267 0.124000 0.009931
v -0.374985 0.124000 0.019652
v -0.378228 0.124000 0.029767
v -0.377918 0.124000 0.039721
v -0.376151 0.124000 0.049521
v -0.370877 0.124000 0.058741
v -0.373044 0.124000 0.069140
v -0.371696 0.124000 0.079006
v -0.368914 0.124000 0.088568
v -0.362705 0.124000 0.097187
v -0.363773 0.124000 0.107755
v -0.361401 0.124000 0.117426
v -0.357635 0.124000 0.126645
v -0.350559 0.124000 0.134567
v -0.350517 0.124000 0.145189
v -0.347147 0.124000 0.154560
v -0.342438 0.124000 0.163335
v -0.334573 0.124000 0.170473
v -0.333421 0.124000 0.181033
v -0.329090 0.124000 0.190000
v -0.323489 0.124000 0.198234
v -0.314921 0.124000 0.204512
v -0.312671 0.124000 0.214893
v -0.307426 0.124000 0.223358
v -0.300996 0.124000 0.230962
v -0.291818 0.124000 0.236310
v -0.288496 0.124000 0.246399
v -0.282395 0.124000 0.254270
v -0.275205 0.124000 0.261160
v -0.265519 0.124000 0.265519
v -0.261160 0.124000 0.275205
v -0.254270 0.124000 0.282395
v -0.246399 0.124000 0.288496
v -0.236310 0.124000 0.291818
v -0.230962 0.124000 0.300996
v -0.223358 0.124000 0.307426
v -0.214893 0.124000 0.312671
v -0.204512 0.124000 0.314921
v -0.198234 0.124000 0.323489
v -0.190000 0.124000 0.329090
v -0.181033 0.124000 0.333421
v -0.170473 0.124000 0.334573
v -0.163335 0.124000 0.342438
v -0.154560 0.124000 0.347147
v -0.145189 0.124000 0.350517
v -0.134567 0.124000 0.350559
v -0.126645 0.124000 0.357635
v -0.117426 0.124000 0.361401
v -0.107755 0.124000 0.363773
v -0.097187 0.124000 0.362705
v -0.088568 0.124000 0.368914
v -0.079006 0.124000 0.371696
v -0.069140 0.124000 0.373044
v -0.058741 0.124000 0.370877
v -0.049521 0.124000 0.376151
v -0.039721 0.124000 0.377918
v -0.029767 0.124000 0.378228
v -0.019652 0.124000 0.374985
v -0.009931 0.124000 0.379267
v -0.000000 0.124000 0.380000
v 0.009931 0.124000 0.379267
v 0.019652 0.124000 0.374985
v 0.029767 0.124000 0.378228
v 0.039721 0.124000 0.377918
v 0.049521 0.124000 0.376151
v 0.058741 0.124000 0.370877
v 0.069140 0.124000 0.373044
v 0.079006 0.124000 0.371696
v 0.088568 0.124000 0.368914
v 0.097187 0.124000 0.362705
v 0.107755 0.124000 0.363773
v 0.117426 0.124000 0.361401
v 0.126645 0.124000 0.357635
v 0.134567 0.124000 0.350559
v 0.145189 0.124000 0.350517
v 0.154560 0.124000 0.347147
v 0.163335 0.124000 0.342438
v 0.170473 0.124000 0.334573
v 0.181033 0.124000 0.333421
v 0.190000 0.124000 0.329090
v 0.198234 0.124000 0.323489
v 0.204512 0.124000 0.314921
v 0.214893 0.124000 0.312671
v 0.223358 0.124000 0.307426
v 0.230962 0.124000 0.300996
v 0.236310 0.124000 0.291818
v 0.246399 0.124000 0.288496
v 0.254270 0.124000 0.282395
v 0.261160 0.124000 0.275205
v 0.265519 0.124000 0.265519
v 0.275205 0.124000 0.261160
v 0.282395 0.124000 0.254270
v 0.288496 0.124000 0.246399
v 0.291818 0.124000 0.236310
v 0.300996 0.124000 0.230962
v 0.307426 0.124000 0.223358
v 0.312671 0.124000 0.214893
v 0.314921 0.124000 0.204512
v 0.323489 0.124000 0.198234
v 0.329090 0.124000 0.190000
v 0.333421 0.124000 0.181033
v 0.334573 0.124000 0.170473
v 0.342438 0.124000 0.163335
v 0.347147 0.124000 0.154560
v 0.350517 0.124000 0.145189
v 0.350559 0.124000 0.134567
v 0.357635 0.124000 0.126645
v 0.361401 0.124000 0.117426
v 0.363773 0.124000 0.107755
v 0.362705 0.124000 0.097187
v 0.368914 0.124000 0.088568
v 0.371696 0.124000 0.079006
v 0.373044 0.124000 0.069140
v 0.370877 0.124000 0.058741
v 0.376151 0.124000 0.049521
v 0.377918 0.124000 0.039721
v 0.378228 0.124000 0.029767
v 0.374985 0.124000 0.019652
v 0.379267 0.124000 0.009931
v 0.376517 0.137000 0.000000
v 0.376116 0.137000 -0.009849
v 0.373978 0.137000 -0.019599
v 0.375086 0.137000 -0.029520
v 0.374454 0.137000 -0.039357
v 0.373027 0.137000 -0.049110
v 0.369881 0.137000 -0.058583
v 0.369945 0.137000 -0.068565
v 0.368289 0.137000 -0.078282
v 0.365850 0.137000 -0.087833
v 0.361731 0.137000 -0.096926
v 0.360751 0.137000 -0.106859
v 0.358089 0.137000 -0.116350
v 0.354665 0.137000 -0.125593
v 0.349618 0.137000 -0.134206
v 0.347605 0.137000 -0.143983
v 0.343965 0.137000 -0.153143
v 0.339594 0.137000 -0.161978
v 0.333675 0.137000 -0.170016
v 0.330651 0.137000 -0.179529
v 0.326073 0.137000 -0.188258
v 0.320802 0.137000 -0.196588
v 0.314075 0.137000 -0.203963
v 0.310074 0.137000 -0.213108
v 0.304608 0.137000 -0.221311
v 0.298496 0.137000 -0.229044
v 0.291035 0.137000 -0.235675
v 0.286099 0.137000 -0.244352
v 0.279806 0.137000 -0.251939
v 0.272919 0.137000 -0.258990
v 0.264806 0.137000 -0.264806
v 0.258990 0.137000 -0.272919
v 0.251939 0.137000 -0.279806
v 0.244352 0.137000 -0.286099
v 0.235675 0.137000 -0.291035
v 0.229044 0.137000 -0.298496
v 0.221311 0.137000 -0.304608
v 0.213108 0.137000 -0.310074
v 0.203963 0.137000 -0.314075
v 0.196588 0.137000 -0.320802
v 0.188258 0.137000 -0.326073
v 0.179529 0.137000 -0.330651
v 0.170016 0.137000 -0.333675
v 0.161978 0.137000 -0.339594
v 0.153143 0.137000 -0.343965
v 0.143983 0.137000 -0.347605
v 0.134206 0.137000 -0.349618
v 0.125593 0.137000 -0.354665
v 0.116350 0.137000 -0.358089
v 0.106859 0.137000 -0.360751
v 0.096926 0.137000 -0.361731
v 0.087833 0.137000 -0.365850
v 0.078282 0.137000 -0.368289
v 0.068565 0.137000 -0.369945
v 0.058583 0.137000 -0.369881
v 0.049110 0.137000 -0.373027
v 0.039357 0.137000 -0.374454
v 0.029520 0.137000 -0.375086
v 0.019599 0.137000 -0.373978
v 0.009849 0.137000 -0.376116
v 0.000000 0.137000 -0.376517
v -0.009849 0.137000 -0.376116
v -0.019599 0.137000 -0.373978
v -0.029520 0.137000 -0.375086
v -0.039357 0.137000 -0.374454
v -0.049110 0.137000 -0.373027
v -0.058583 0.137000 -0.369881
v -0.068565 0.137000 -0.369945
v -0.078282 0.137000 -0.368289
v -0.087833 0.137000 -0.365850
v -0.096926 0.137000 -0.361731
v -0.106859 0.137000 -0.360751
v -0.116350 0.137000 -0.358089
v -0.125593 0.137000 -0.354665
v -0.134206 0.137000 -0.349618
v -0.143983 0.137000 -0.347605
v -0.153143 0.137000 -0.343965
v -0.161978 0.137000 -0.339594
v -0.170016 0.137000 -0.333675
v -0.179529 0.137000 -0.330651
v -0.188258 0.137000 -0.326073
v -0.196588 0.137000 -0.320802
v -0.203963 0.137000 -0.314075
v -0.213108 0.137000 -0.310074
v -0.221311 0.137000 -0.304608
v -0.229044 0.137000 -0.298496
v -0.235675 0.137000 -0.291035
v -0.244352 0.137000 -0.286099
v -0.251939 0.137000 -0.279806
v -0.258990 0.137000 -0.272919
v -0.264806 0.137000 -0.264806
v -0.272919 0.137000 -0.258990
v -0.279806 0.137000 -0.251939
v -0.286099 0.137000 -0.244352
v -0.291035 0.137000 -0.235675
v -0.298496 0.137000 -0.229044
v -0.304608 0.137000 -0.221311
v -0.310074 0.137000 -0.213108
v -0.314075 0.137000 -0.203963
v -0.320802 0.137000 -0.196588
v -0.326073 0.137000 -0.188258
v -0.330651 0.137000 -0.179529
v -0.333675 0.137000 -0.170016
v -0.339594 0.137000 -0.161978
v -0.343965 0.137000 -0.153143
v -0.347605 0.137000 -0.143983
v -0.349618 0.137000 -0.134206
v -0.354665 0.137000 -0.125593
v -0.358089 0.137000 -0.116350
v -0.360751 0.137000 -0.106859
v -0.361731 0.137000 -0.096926
v -0.365850 0.137000 -0.087833
v -0.368289 0.137000 -0.078282
v -0.369945 0.137000 -0.068565
v -0.369881 0.137000 -0.058583
v -0.373027 0.137000 -0.049110
v -0.374454 0.137000 -0.039357
v -0.375086 0.137000 -0.029520
v -0.373978 0.137000 -0.019599
v -0.376116 0.137000 -0.009849
v -0.376517 0.137000 -0.000000
v -0.376116 0.137000 0.009849
v -0.373978 0.137000 0.019599
v -0.375086 0.137000 0.029520
v -0.374454 0.137000 0.039357
v -0.373027 0.137000 0.049110
v -0.369881 0.137000 0.058583
v -0.369945 0.137000 0.068565
v -0.368289 0.137000 0.078282
v -0.365850 0.137000 0.087833
v -0.361731 0.137000 0.096926
v -0.360751 0.137000 0.106859
v -0.358089 0.137000 0.116350
v -0.354665 0.137000 0.125593
v -0.349618 0.137000 0.134206
v -0.347605 0.137000 0.143983
v -0.343965 0.137000 0.153143
v -0.339594 0.137000 0.161978
v -0.333675 0.137000 0.170016
v -0.330651 0.137000 0.179529
v -0.326073 0.137000 0.188258
v -0.320802 0.137000 0.196588
v -0.314075 0.137000 0.203963
v -0.310074 0.137000 0.213108
v -0.304608 0.137000 0.221311
v -0.298496 0.137000 0.229044
v -0.291035 0.137000 0.235675
v -0.286099 0.137000 0.244352
v -0.279806 0.137000 0.251939
v -0.272919 0.137000 0.258990
v -0.264806 0.137000 0.264806
v -0.258990 0.137000 0.272919
v -0.251939 0.137000 0.279806
v -0.244352 0.137000 0.286099
v -0.235675 0.137000 0.291035
v -0.229044 0.137000 0.298496
v -0.221311 0.137000 0.304608
v -0.213108 0.137000 0.310074
v -0.203963 0.137000 0.314075
v -0.196588 0.137000 0.320802
v -0.188258 0.137000 0.326073
v -0.179529 0.137000 0.330651
v -0.170016 0.137000 0.333675
v -0.161978 0.137000 0.339594
v -0.153143 0.137000 0.343965
v -0.143983 0.137000 0.347605
v -0.134206 0.137000 0.349618
v -0.125593 0.137000 0.354665
v -0.116350 0.137000 0.358089
v -0.106859 0.137000 0.360751
v -0.096926 0.137000 0.361731
v -0.087833 0.137000 0.365850
v -0.078282 0.137000 0.368289
v -0.068565 0.137000 0.369945
v -0.058583 0.137000 0.369881
v -0.049110 0.137000 0.373027
v -0.039357 0.137000 0.374454
v -0.029520 0.137000 0.375086
v -0.019599 0.137000 0.373978
v -0.009849 0.137000 0.376116
v -0.000000 0.137000 0.376517
v 0.009849 0.137000 0.376116
v 0.019599 0.137000 0.373978
v 0.029520 0.137000 0.375086
v 0.039357 0.137000 0.374454
v 0.049110 0.137000 0.373027
v 0.058583 0.137000 0.369881
v 0.068565 0.137000 0.369945
v 0.078282 0.137000 0.368289
v 0.087833 0.137000 0.365850
v 0.096926 0.137000 0.361731
v 0.106859 0.137000 0.360751
v 0.116350 0.137000 0.358089
v 0.125593 0.137000 0.354665
v 0.134206 0.137000 0.349618
v 0.143983 0.137000 0.347605
v 0.153143 0.137000 0.343965
v 0.161978 0.137000 0.339594
v 0.170016 0.137000 0.333675
v 0.179529 0.137000 0.330651
v 0.188258 0.137000 0.326073
v 0.196588 0.137000 0.320802
v 0.203963 0.137000 0.314075
v 0.213108 0.137000 0.310074
v 0.221311 0.137000 0.304608
v 0.229044 0.137000 0.298496
v 0.235675 0.137000 0.291035
v 0.244352 0.137000 0.286099
v 0.251939 0.137000 0.279806
v 0.258990 0.137000 0.272919
v 0.264806 0.137000 0.264806
v 0.272919 0.137000 0.258990
v 0.279806 0.137000 0.251939
v 0.286099 0.137000 0.244352
v 0.291035 0.137000 0.235675
v 0.298496 0.137000 0.229044
v 0.304608 0.137000 0.221311
v 0.310074 0.137000 0.213108
v 0.314075 0.137000 0.203963
v 0.320802 0.137000 0.196588
v 0.326073 0.137000 0.188258
v 0.330651 0.137000 0.179529
v 0.333675 0.137000 0.170016
v 0.339594 0.137000 0.161978
v 0.343965 0.137000 0.153143
v 0.347605 0.137000 0.143983
v 0.349618 0.137000 0.134206
v 0.354665 0.137000 0.125593
v 0.358089 0.137000 0.116350
v 0.360751 0.137000 0.106859
v 0.361731 0.137000 0.096926
v 0.365850 0.137000 0.087833
v 0.368289 0.137000 0.078282
v 0.369945 0.137000 0.068565
v 0.369881 0.137000 0.058583
v 0.373027 0.137000 0.049110
v 0.374454 0.137000 0.039357
v 0.375086 0.137000 0.029520
v 0.373978 0.137000 0.019599
v 0.376116 0.137000 0.009849
v 0.367000 0.146517 0.000000
v 0.366497 0.146517 -0.019207
v 0.364990 0.146517 -0.038362
v 0.362482 0.146517 -0.057411
v 0.358980 0.146517 -0.076304
v 0.354495 0.146517 -0.094987
v 0.349038 0.146517 -0.113409
v 0.342624 0.146517 -0.131521
v 0.335271 0.146517 -0.149272
v 0.326999 0.146517 -0.166615
v 0.317831 0.146517 -0.183500
v 0.307792 0.146517 -0.199883
v 0.296909 0.146517 -0.215717
v 0.285213 0.146517 -0.230961
v 0.272734 0.146517 -0.245571
v 0.259508 0.146517 -0.259508
v 0.245571 0.146517 -0.272734
v 0.230961 0.146517 -0.285213
v 0.215717 0.146517 -0.296909
v 0.199883 0.146517 -0.307792
v 0.183500 0.146517 -0.317831
v 0.166615 0.146517 -0.326999
v 0.149272 0.146517 -0.335271
v 0.131521 0.146517 -0.342624
v 0.113409 0.146517 -0.349038
v 0.094987 0.146517 -0.354495
v 0.076304 0.146517 -0.358980
v 0.057411 0.146517 -0.362482
v 0.038362 0.146517 -0.364990
v 0.019207 0.146517 -0.366497
v 0.000000 0.146517 -0.367000
v -0.019207 0.146517 -0.366497
v -0.038362 0.146517 -0.364990
v -0.057411 0.146517 -0.362482
v -0.076304 0.146517 -0.358980
v -0.094987 0.146517 -0.354495
v -0.113409 0.146517 -0.349038
v -0.131521 0.146517 -0.342624
v -0.149272 0.146517 -0.335271
v -0.166615 0.146517 -0.326999
v -0.183500 0.146517 -0.317831
v -0.199883 0.146517 -0.307792
v -0.215717 0.146517 -0.296909
v -0.230961 0.146517 -0.285213
v -0.245571 0.146517 -0.272734
v -0.259508 0.146517 -0.259508
v -0.272734 0.146517 -0.245571
v -0.285213 0.146517 -0.230961
v -0.296909 0.146517 -0.215717
v -0.307792 0.146517 -0.199883
v -0.317831 0.146517 -0.183500
v -0.326999 0.146517 -0.166615
v -0.335271 0.146517 -0.149272
v -0.342624 0.146517 -0.131521
v -0.349038 0.146517 -0.113409
v -0.354495 0.146517 -0.094987
v -0.358980 0.146517 -0.076304
v -0.362482 0.146517 -0.057411
v -0.364990 0.146517 -0.038362
v -0.366497 0.146517 -0.019207
v -0.367000 0.146517 -0.000000
v -0.366497 0.146517 0.019207
v -0.364990 0.146517 0.038362
v -0.362482 0.146517 0.057411
v -0.358980 0.146517 0.076304
v -0.354495 0.146517 0.094987
v -0.349038 0.146517 0.113409
v -0.342624 0.146517 0.131521
v -0.335271 0.146517 0.149272
v -0.326999 0.146517 0.166615
v -0.317831 0.146517 0.183500
v -0.307792 0.146517 0.199883
v -0.296909 0.146517 0.215717
v -0.285213 0.146517 0.230961
v -0.272734 0.146517 0.245571
v -0.259508 0.146517 0.259508
v -0.245571 0.146517 0.272734
v -0.230961 0.146517 0.285213
v -0.215717 0.146517 0.296909
v -0.199883 0.146517 0.307792
v -0.183500 0.146517 0.317831
v -0.166615 0.146517 0.326999
v -0.149272 0.146517 0.335271
v -0.131521 0.146517 0.342624
v -0.113409 0.146517 0.349038
v -0.094987 0.146517 0.354495
v -0.076304 0.146517 0.358980
v -0.057411 0.146517 0.362482
v -0.038362 0.146517 0.364990
v -0.019207 0.146517 0.366497
v -0.000000 0.146517 0.367000
v 0.019207 0.146517 0.366497
v 0.038362 0.146517 0.364990
v 0.057411 0.146517 0.362482
v 0.076304 0.146517 0.358980
v 0.094987 0.146517 0.354495
v 0.113409 0.146517 0.349038
v 0.131521 0.146517 0.342624
v 0.149272 0.146517 0.335271
v 0.166615 0.146517 0.326999
v 0.183500 0.146517 0.317831
v 0.199883 0.146517 0.307792
v 0.215717 0.146517 0.296909
v 0.230961 0.146517 0.285213
v 0.245571 0.146517 0.272734
v 0.259508 0.146517 0.259508
v 0.272734 0.146517 0.245571
v 0.285213 0.146517 0.230961
v 0.296909 0.146517 0.215717
v 0.307792 0.146517 0.199883
v 0.317831 0.146517 0.183500
v 0.326999 0.146517 0.166615
v 0.335271 0.146517 0.149272
v 0.342624 0.146517 0.131521
v 0.349038 0.146517 0.113409
v 0.354495 0.146517 0.094987
v 0.358980 0.146517 0.076304
v 0.362482 0.146517 0.057411
v 0.364990 0.146517 0.038362
v 0.366497 0.146517 0.019207
v 0.354000 0.150000 0.000000
v 0.353515 0.150000 -0.018527
v 0.352061 0.150000 -0.037003
v 0.349642 0.150000 -0.055378
v 0.346264 0.150000 -0.073601
v 0.341938 0.150000 -0.091622
v 0.336674 0.150000 -0.109392
v 0.330487 0.150000 -0.126862
v 0.323395 0.150000 -0.143985
v 0.315416 0.150000 -0.160713
v 0.306573 0.150000 -0.177000
v 0.296889 0.150000 -0.192802
v 0.286392 0.150000 -0.208076
v 0.275110 0.150000 -0.222779
v 0.263073 0.150000 -0.236872
v 0.250316 0.150000 -0.250316
v 0.236872 0.150000 -0.263073
v 0.222779 0.150000 -0.275110
v 0.208076 0.150000 -0.286392
v 0.192802 0.150000 -0.296889
v 0.177000 0.150000 -0.306573
v 0.160713 0.150000 -0.315416
v 0.143985 0.150000 -0.323395
v 0.126862 0.150000 -0.330487
v 0.109392 0.150000 -0.336674
v 0.091622 0.150000 -0.341938
v 0.073601 0.150000 -0.346264
v 0.055378 0.150000 -0.349642
v 0.037003 0.150000 -0.352061
v 0.018527 0.150000 -0.353515
v 0.000000 0.150000 -0.354000
v -0.018527 0.150000 -0.353515
v -0.037003 0.150000 -0.352061
v -0.055378 0.150000 -0.349642
v -0.073601 0.150000 -0.346264
v -0.091622 0.150000 -0.341938
v -0.109392 0.150000 -0.336674
v -0.126862 0.150000 -0.330487
v -0.143985 0.150000 -0.323395
v -0.160713 0.150000 -0.315416
v -0.177000 0.150000 -0.306573
v -0.192802 0.150000 -0.296889
v -0.208076 0.150000 -0.286392
v -0.222779 0.150000 -0.275110
v -0.236872 0.150000 -0.263073
v -0.250316 0.150000 -0.250316
v -0.263073 0.150000 -0.236872
v -0.275110 0.150000 -0.222779
v -0.286392 0.150000 -0.208076
v -0.296889 0.150000 -0.192802
v -0.306573 0.150000 -0.177000
v -0.315416 0.150000 -0.160713
v -0.323395 0.150000 -0.143985
v -0.330487 0.150000 -0.126862
v -0.336674 0.150000 -0.109392
v -0.341938 0.150000 -0.091622
v -0.346264 0.150000 -0.073601
v -0.349642 0.150000 -0.055378
v -0.352061 0.150000 -0.037003
v -0.353515 0.150000 -0.018527
v -0.354000 0.150000 -0.000000
v -0.353515 0.150000 0.018527
v -0.352061 0.150000 0.037003
v -0.349642 0.150000 0.055378
v -0.346264 0.150000 0.073601
v -0.341938 0.150000 0.091622
v -0.336674 0.150000 0.109392
v -0.330487 0.150000 0.126862
v -0.323395 0.150000 0.143985
v -0.315416 0.150000 0.160713
v -0.306573 0.150000 0.177000
v -0.296889 0.150000 0.192802
v -0.286392 0.150000 0.208076
v -0.275110 0.150000 0.222779
v -0.263073 0.150000 0.236872
v -0.250316 0.150000 0.250316
v -0.236872 0.150000 0.263073
v -0.222779 0.150000 0.275110
v -0.208076 0.150000 0.286392
v -0.192802 0.150000 0.296889
v -0.177000 0.150000 0.306573
v -0.160713 0.150000 0.315416
v -0.143985 0.150000 0.323395
v -0.126862 0.150000 0.330487
v -0.109392 0.150000 0.336674
v -0.091622 0.150000 0.341938
v -0.073601 0.150000 0.346264
v -0.055378 0.150000 0.349642
v -0.037003 0.150000 0.352061
v -0.018527 0.150000 0.353515
v -0.000000 0.150000 0.354000
v 0.018527 0.150000 0.353515
v 0.037003 0.150000 0.352061
v 0.055378 0.150000 0.349642
v 0.073601 0.150000 0.346264
v 0.091622 0.150000 0.341938
v 0.109392 0.150000 0.336674
v 0.126862 0.150000 0.330487
v 0.143985 0.150000 0.323395
v 0.160713 0.150000 0.315416
v 0.177000 0.150000 0.306573
v 0.192802 0.150000 0.296889
v 0.208076 0.150000 0.286392
v 0.222779 0.150000 0.275110
v 0.236872 0.150000 0.263073
v 0.250316 0.150000 0.250316
v 0.263073 0.150000 0.236872
v 0.275110 0.150000 0.222779
v 0.286392 0.150000 0.208076
v 0.296889 0.150000 0.192802
v 0.306573 0.150000 0.177000
v 0.315416 0.150000 0.160713
v 0.323395 0.150000 0.143985
v 0.330487 0.150000 0.126862
v 0.336674 0.150000 0.109392
v 0.341938 0.150000 0.091622
v 0.346264 0.150000 0.073601
v 0.349642 0.150000 0.055378
v 0.352061 0.150000 0.037003
v 0.353515 0.150000 0.018527
v 0.311000 0.150000 0.000000
v 0.310574 0.150000 -0.016276
v 0.309296 0.150000 -0.032508
v 0.307171 0.150000 -0.048651
v 0.304204 0.150000 -0.064661
v 0.300403 0.150000 -0.080493
v 0.295779 0.150000 -0.096104
v 0.290343 0.150000 -0.111452
v 0.284113 0.150000 -0.126495
v 0.277103 0.150000 -0.141191
v 0.269334 0.150000 -0.155500
v 0.260827 0.150000 -0.169383
v 0.251604 0.150000 -0.182801
v 0.241692 0.150000 -0.195719
v 0.231118 0.150000 -0.208100
v 0.219910 0.150000 -0.219910
v 0.208100 0.150000 -0.231118
v 0.195719 0.150000 -0.241692
v 0.182801 0.150000 -0.251604
v 0.169383 0.150000 -0.260827
v 0.155500 0.150000 -0.269334
v 0.141191 0.150000 -0.277103
v 0.126495 0.150000 -0.284113
v 0.111452 0.150000 -0.290343
v 0.096104 0.150000 -0.295779
v 0.080493 0.150000 -0.300403
v 0.064661 0.150000 -0.304204
v 0.048651 0.150000 -0.307171
v 0.032508 0.150000 -0.309296
v 0.016276 0.150000 -0.310574
v 0.000000 0.150000 -0.311000
v -0.016276 0.150000 -0.310574
v -0.032508 0.150000 -0.309296
v -0.048651 0.150000 -0.307171
v -0.064661 0.150000 -0.304204
v -0.080493 0.150000 -0.300403
v -0.096104 0.150000 -0.295779
v -0.111452 0.150000 -0.290343
v -0.126495 0.150000 -0.284113
v -0.141191 0.150000 -0.277103
v -0.155500 0.150000 -0.269334
v -0.169383 0.150000 -0.260827
v -0.182801 0.150000 -0.251604
v -0.195719 0.150000 -0.241692
v -0.208100 0.150000 -0.231118
v -0.219910 0.150000 -0.219910
v -0.231118 0.150000 -0.208100
v -0.241692 0.150000 -0.195719
v -0.251604 0.150000 -0.182801
v -0.260827 0.150000 -0.169383
v -0.269334 0.150000 -0.155500
v -0.277103 0.150000 -0.141191
v -0.284113 0.150000 -0.126495
v -0.290343 0.150000 -0.111452
v -0.295779 0.150000 -0.096104
v -0.300403 0.150000 -0.080493
v -0.304204 0.150000 -0.064661
v -0.307171 0.150000 -0.048651
v -0.309296 0.150000 -0.032508
v -0.310574 0.150000 -0.016276
v -0.311000 0.150000 -0.000000
v -0.310574 0.150000 0.016276
v -0.309296 0.150000 0.032508
v -0.307171 0.150000 0.048651
v -0.304204 0.150000 0.064661
v -0.300403 0.150000 0.080493
v -0.295779 0.150000 0.096104
v -0.290343 0.150000 0.111452
v -0.284113 0.150000 0.126495
v -0.277103 0.150000 0.141191
v -0.269334 0.150000 0.155500
v -0.260827 0.150000 0.169383
v -0.251604 0.150000 0.182801
v -0.241692 0.150000 0.195719
v -0.231118 0.150000 0.208100
v -0.219910 0.150000 0.219910
v -0.208100 0.150000 0.231118
v -0.195719 0.150000 0.241692
v -0.182801 0.150000 0.251604
v -0.169383 0.150000 0.260827
v -0.155500 0.150000 0.269334
v -0.141191 0.150000 0.277103
v -0.126495 0.150000 0.284113
v -0.111452 0.150000 0.290343
v -0.096104 0.150000 0.295779
v -0.080493 0.150000 0.300403
v -0.064661 0.150000 0.304204
v -0.048651 0.150000 0.307171
v -0.032508 0.150000 0.309296
v -0.016276 0.150000 0.310574
v -0.000000 0.150000 0.311000
v 0.016276 0.150000 0.310574
v 0.032508 0.150000 0.309296
v 0.048651 0.150000 0.307171
v 0.064661 0.150000 0.304204
v 0.080493 0.150000 0.300403
v 0.096104 0.150000 0.295779
v 0.111452 0.150000 0.290343
v 0.126495 0.150000 0.284113
v 0.141191 0.150000 0.277103
v 0.155500 0.150000 0.269334
v 0.169383 0.150000 0.260827
v 0.182801 0.150000 0.251604
v 0.195719 0.150000 0.241692
v 0.208100 0.150000 0.231118
v 0.219910 0.150000 0.219910
v 0.231118 0.150000 0.208100
v 0.241692 0.150000 0.195719
v 0.251604 0.150000 0.182801
v 0.260827 0.150000 0.169383
v 0.269334 0.150000 0.155500
v 0.277103 0.150000 0.141191
v 0.284113 0.150000 0.126495
v 0.290343 0.150000 0.111452
v 0.295779 0.150000 0.096104
v 0.300403 0.150000 0.080493
v 0.304204 0.150000 0.064661
v 0.307171 0.150000 0.048651
v 0.309296 0.150000 0.032508
v 0.310574 0.150000 0.016276
v 0.308354 0.147792 0.000000
v 0.307932 0.147792 -0.016138
v 0.306665 0.147792 -0.032232
v 0.304558 0.147792 -0.048237
v 0.301616 0.147792 -0.064110
v 0.297847 0.147792 -0.079808
v 0.293262 0.147792 -0.095287
v 0.287873 0.147792 -0.110504
v 0.281695 0.147792 -0.125419
v 0.274746 0.147792 -0.139990
v 0.267042 0.147792 -0.154177
v 0.258608 0.147792 -0.167942
v 0.249464 0.147792 -0.181246
v 0.239636 0.147792 -0.194054
v 0.229152 0.147792 -0.206329
v 0.218039 0.147792 -0.218039
v 0.206329 0.147792 -0.229152
v 0.194054 0.147792 -0.239636
v 0.181246 0.147792 -0.249464
v 0.167942 0.147792 -0.258608
v 0.154177 0.147792 -0.267042
v 0.139990 0.147792 -0.274746
v 0.125419 0.147792 -0.281695
v 0.110504 0.147792 -0.287873
v 0.095287 0.147792 -0.293262
v 0.079808 0.147792 -0.297847
v 0.064110 0.147792 -0.301616
v 0.048237 0.147792 -0.304558
v 0.032232 0.147792 -0.306665
v 0.016138 0.147792 -0.307932
v 0.000000 0.147792 -0.308354
v -0.016138 0.147792 -0.307932
v -0.032232 0.147792 -0.306665
v -0.048237 0.147792 -0.304558
v -0.064110 0.147792 -0.301616
v -0.079808 0.147792 -0.297847
v -0.095287 0.147792 -0.293262
v -0.110504 0.147792 -0.287873
v -0.125419 0.147792 -0.281695
v -0.139990 0.147792 -0.274746
v -0.154177 0.147792 -0.267042
v -0.167942 0.147792 -0.258608
v -0.181246 0.147792 -0.249464
v -0.194054 0.147792 -0.239636
v -0.206329 0.147792 -0.229152
v -0.218039 0.147792 -0.218039
v -0.229152 0.147792 -0.206329
v -0.239636 0.147792 -0.194054
v -0.249464 0.147792 -0.181246
v -0.258608 0.147792 -0.167942
v -0.267042 0.147792 -0.154177
v -0.274746 0.147792 -0.139990
v -0.281695 0.147792 -0.125419
v -0.287873 0.147792 -0.110504
v -0.293262 0.147792 -0.095287
v -0.297847 0.147792 -0.079808
v -0.301616 0.147792 -0.064110
v -0.304558 0.147792 -0.048237
v -0.306665 0.147792 -0.032232
v -0.307932 0.147792 -0.016138
v -0.308354 0.147792 -0.000000
v -0.307932 0.147792 0.016138
v -0.306665 0.147792 0.032232
v -0.304558 0.147792 0.048237
v -0.301616 0.147792 0.064110
v -0.297847 0.147792 0.079808
v -0.293262 0.147792 0.095287
v -0.287873 0.147792 0.110504
v -0.281695 0.147792 0.125419
v -0.274746 0.147792 0.139990
v -0.267042 0.147792 0.154177
v -0.258608 0.147792 0.167942
v -0.249464 0.147792 0.181246
v -0.239636 0.147792 0.194054
v -0.229152 0.147792 0.206329
v -0.218039 0.147792 0.218039
v -0.206329 0.147792 0.229152
v -0.194054 0.147792 0.239636
v -0.181246 0.147792 0.249464
v -0.167942 0.147792 0.258608
v -0.154177 0.147792 0.267042
v -0.139990 0.147792 0.274746
v -0.125419 0.147792 0.281695
v -0.110504 0.147792 0.287873
v -0.095287 0.147792 0.293262
v -0.079808 0.147792 0.297847
v -0.064110 0.147792 0.301616
v -0.048237 0.147792 0.304558
v -0.032232 0.147792 0.306665
v -0.016138 0.147792 0.307932
v -0.000000 0.147792 0.308354
v 0.016138 0.147792 0.307932
v 0.032232 0.147792 0.306665
v 0.048237 0.147792 0.304558
v 0.064110 0.147792 0.301616
v 0.079808 0.147792 0.297847
v 0.095287 0.147792 0.293262
v 0.110504 0.147792 0.287873
v 0.125419 0.147792 0.281695
v 0.139990 0.147792 0.274746
v 0.154177 0.147792 0.267042
v 0.167942 0.147792 0.258608
v 0.181246 0.147792 0.249464
v 0.194054 0.147792 0.239636
v 0.206329 0.147792 0.229152
v 0.218039 0.147792 0.218039
v 0.229152 0.147792 0.206329
v 0.239636 0.147792 0.194054
v 0.249464 0.147792 0.181246
v 0.258608 0.147792 0.167942
v 0.267042 0.147792 0.154177
v 0.274746 0.147792 0.139990
v 0.281695 0.147792 0.125419
v 0.287873 0.147792 0.110504
v 0.293262 0.147792 0.095287
v 0.297847 0.147792 0.079808
v 0.301616 0.147792 0.064110
v 0.304558 0.147792 0.048237
v 0.306665 0.147792 0.032232
v 0.307932 0.147792 0.016138
v 0.305000 0.147000 0.000000
v 0.304582 0.147000 -0.015962
v 0.303329 0.147000 -0.031881
v 0.301245 0.147000 -0.047713
v 0.298335 0.147000 -0.063413
v 0.294607 0.147000 -0.078940
v 0.290072 0.147000 -0.094250
v 0.284742 0.147000 -0.109302
v 0.278631 0.147000 -0.124055
v 0.271757 0.147000 -0.138467
v 0.264138 0.147000 -0.152500
v 0.255795 0.147000 -0.166115
v 0.246750 0.147000 -0.179274
v 0.237030 0.147000 -0.191943
v 0.226659 0.147000 -0.204085
v 0.215668 0.147000 -0.215668
v 0.204085 0.147000 -0.226659
v 0.191943 0.147000 -0.237030
v 0.179274 0.147000 -0.246750
v 0.166115 0.147000 -0.255795
v 0.152500 0.147000 -0.264138
v 0.138467 0.147000 -0.271757
v 0.124055 0.147000 -0.278631
v 0.109302 0.147000 -0.284742
v 0.094250 0.147000 -0.290072
v 0.078940 0.147000 -0.294607
v 0.063413 0.147000 -0.298335
v 0.047713 0.147000 -0.301245
v 0.031881 0.147000 -0.303329
v 0.015962 0.147000 -0.304582
v 0.000000 0.147000 -0.305000
v -0.015962 0.147000 -0.304582
v -0.031881 0.147000 -0.303329
v -0.047713 0.147000 -0.301245
v -0.063413 0.147000 -0.298335
v -0.078940 0.147000 -0.294607
v -0.094250 0.147000 -0.290072
v -0.109302 0.147000 -0.284742
v -0.124055 0.147000 -0.278631
v -0.138467 0.147000 -0.271757
v -0.152500 0.147000 -0.264138
v -0.166115 0.147000 -0.255795
v -0.179274 0.147000 -0.246750
v -0.191943 0.147000 -0.237030
v -0.204085 0.147000 -0.226659
v -0.215668 0.147000 -0.215668
v -0.226659 0.147000 -0.204085
v -0.237030 0.147000 -0.191943
v -0.246750 0.147000 -0.179274
v -0.255795 0.147000 -0.166115
v -0.264138 0.147000 -0.152500
v -0.271757 0.147000 -0.138467
v -0.278631 0.147000 -0.124055
v -0.284742 0.147000 -0.109302
v -0.290072 0.147000 -0.094250
v -0.294607 0.147000 -0.078940
v -0.298335 0.147000 -0.063413
v -0.301245 0.147000 -0.047713
v -0.303329 0.147000 -0.031881
v -0.304582 0.147000 -0.015962
v -0.305000 0.147000 -0.000000
v -0.304582 0.147000 0.015962
v -0.303329 0.147000 0.031881
v -0.301245 0.147000 0.047713
v -0.298335 0.147000 0.063413
v -0.294607 0.147000 0.078940
v -0.290072 0.147000 0.094250
v -0.284742 0.147000 0.109302
v -0.278631 0.147000 0.124055
v -0.271757 0.147000 0.138467
v -0.264138 0.147000 0.152500
v -0.255795 0.147000 0.166115
v -0.246750 0.147000 0.179274
v -0.237030 0.147000 0.191943
v -0.226659 0.147000 0.204085
v -0.215668 0.147000 0.215668
v -0.204085 0.147000 0.226659
v -0.191943 0.147000 0.237030
v -0.179274 0.147000 0.246750
v -0.166115 0.147000 0.255795
v -0.152500 0.147000 0.264138
v -0.138467 0.147000 0.271757
v -0.124055 0.147000 0.278631
v -0.109302 0.147000 0.284742
v -0.094250 0.147000 0.290072
v -0.078940 0.147000 0.294607
v -0.063413 0.147000 0.298335
v -0.047713 0.147000 0.301245
v -0.031881 0.147000 0.303329
v -0.015962 0.147000 0.304582
v -0.000000 0.147000 0.305000
v 0.015962 0.147000 0.304582
v 0.031881 0.147000 0.303329
v 0.047713 0.147000 0.301245
v 0.063413 0.147000 0.298335
v 0.078940 0.147000 0.294607
v 0.094250 0.147000 0.290072
v 0.109302 0.147000 0.284742
v 0.124055 0.147000 0.278631
v 0.138467 0.147000 0.271757
v 0.152500 0.147000 0.264138
v 0.166115 0.147000 0.255795
v 0.179274 0.147000 0.246750
v 0.191943 0.147000 0.237030
v 0.204085 0.147000 0.226659
v 0.215668 0.147000 0.215668
v 0.226659 0.147000 0.204085
v 0.237030 0.147000 0.191943
v 0.246750 0.147000 0.179274
v 0.255795 0.147000 0.166115
v 0.264138 0.147000 0.152500
v 0.271757 0.147000 0.138467
v 0.278631 0.147000 0.124055
v 0.284742 0.147000 0.109302
v 0.290072 0.147000 0.094250
v 0.294607 0.147000 0.078940
v 0.298335 0.147000 0.063413
v 0.301245 0.147000 0.047713
v 0.303329 0.147000 0.031881
v 0.304582 0.147000 0.015962
v 0.301646 0.147792 0.000000
v 0.301233 0.147792 -0.015787
v 0.299993 0.147792 -0.031531
v 0.297932 0.147792 -0.047188
v 0.295054 0.147792 -0.062716
v 0.291368 0.147792 -0.078072
v 0.286882 0.147792 -0.093214
v 0.281611 0.147792 -0.108100
v 0.275567 0.147792 -0.122690
v 0.268768 0.147792 -0.136944
v 0.261233 0.147792 -0.150823
v 0.252982 0.147792 -0.164288
v 0.244037 0.147792 -0.177303
v 0.234423 0.147792 -0.189832
v 0.224167 0.147792 -0.201841
v 0.213296 0.147792 -0.213296
v 0.201841 0.147792 -0.224167
v 0.189832 0.147792 -0.234423
v 0.177303 0.147792 -0.244037
v 0.164288 0.147792 -0.252982
v 0.150823 0.147792 -0.261233
v 0.136944 0.147792 -0.268768
v 0.122690 0.147792 -0.275567
v 0.108100 0.147792 -0.281611
v 0.093214 0.147792 -0.286882
v 0.078072 0.147792 -0.291368
v 0.062716 0.147792 -0.295054
v 0.047188 0.147792 -0.297932
v 0.031531 0.147792 -0.299993
v 0.015787 0.147792 -0.301233
v 0.000000 0.147792 -0.301646
v -0.015787 0.147792 -0.301233
v -0.031531 0.147792 -0.299993
v -0.047188 0.147792 -0.297932
v -0.062716 0.147792 -0.295054
v -0.078072 0.147792 -0.291368
v -0.093214 0.147792 -0.286882
v -0.108100 0.147792 -0.281611
v -0.122690 0.147792 -0.275567
v -0.136944 0.147792 -0.268768
v -0.150823 0.147792 -0.261233
v -0.164288 0.147792 -0.252982
v -0.177303 0.147792 -0.244037
v -0.189832 0.147792 -0.234423
v -0.201841 0.147792 -0.224167
v -0.213296 0.147792 -0.213296
v -0.224167 0.147792 -0.201841
v -0.234423 0.147792 -0.189832
v -0.244037 0.147792 -0.177303
v -0.252982 0.147792 -0.164288
v -0.261233 0.147792 -0.150823
v -0.268768 0.147792 -0.136944
v -0.275567 0.147792 -0.122690
v -0.281611 0.147792 -0.108100
v -0.286882 0.147792 -0.093214
v -0.291368 0.147792 -0.078072
v -0.295054 0.147792 -0.062716
v -0.297932 0.147792 -0.047188
v -0.299993 0.147792 -0.031531
v -0.301233 0.147792 -0.015787
v -0.301646 0.147792 -0.000000
v -0.301233 0.147792 0.015787
v -0.299993 0.147792 0.031531
v -0.297932 0.147792 0.047188
v -0.295054 0.147792 0.062716
v -0.291368 0.147792 0.078072
v -0.286882 0.147792 0.093214
v -0.281611 0.147792 0.108100
v -0.275567 0.147792 0.122690
v -0.268768 0.147792 0.136944
v -0.261233 0.147792 0.150823
v -0.252982 0.147792 0.164288
v -0.244037 0.147792 0.177303
v -0.234423 0.147792 0.189832
v -0.224167 0.147792 0.201841
v -0.213296 0.147792 0.213296
v -0.201841 0.147792 0.224167
v -0.189832 0.147792 0.234423
v -0.177303 0.147792 0.244037
v -0.164288 0.147792 0.252982
v -0.150823 0.147792 0.261233
v -0.136944 0.147792 0.268768
v -0.122690 0.147792 0.275567
v -0.108100 0.147792 0.281611
v -0.093214 0.147792 0.286882
v -0.078072 0.147792 0.291368
v -0.062716 0.147792 0.295054
v -0.047188 0.147792 0.297932
v -0.031531 0.147792 0.299993
v -0.015787 0.147792 0.301233
v -0.000000 0.147792 0.301646
v 0.015787 0.147792 0.301233
v 0.031531 0.147792 0.299993
v 0.047188 0.147792 0.297932
v 0.062716 0.147792 0.295054
v 0.078072 0.147792 0.291368
v 0.093214 0.147792 0.286882
v 0.108100 0.147792 0.281611
v 0.122690 0.147792 0.275567
v 0.136944 0.147792 0.268768
v 0.150823 0.147792 0.261233
v 0.164288 0.147792 0.252982
v 0.177303 0.147792 0.244037
v 0.189832 0.147792 0.234423
v 0.201841 0.147792 0.224167
v 0.213296 0.147792 0.213296
v 0.224167 0.147792 0.201841
v 0.234423 0.147792 0.189832
v 0.244037 0.147792 0.177303
v 0.252982 0.147792 0.164288
v 0.261233 0.147792 0.150823
v 0.268768 0.147792 0.136944
v 0.275567 0.147792 0.122690
v 0.281611 0.147792 0.108100
v 0.286882 0.147792 0.093214
v 0.291368 0.147792 0.078072
v 0.295054 0.147792 0.062716
v 0.297932 0.147792 0.047188
v 0.299993 0.147792 0.031531
v 0.301233 0.147792 0.015787
v 0.299000 0.150000 0.000000
v 0.298590 0.150000 -0.015648
v 0.297362 0.150000 -0.031254
v 0.295319 0.150000 -0.046774
v 0.292466 0.150000 -0.062166
v 0.288812 0.150000 -0.077387
v 0.284366 0.150000 -0.092396
v 0.279141 0.150000 -0.107152
v 0.273150 0.150000 -0.121614
v 0.266411 0.150000 -0.135743
v 0.258942 0.150000 -0.149500
v 0.250762 0.150000 -0.162847
v 0.241896 0.150000 -0.175748
v 0.232367 0.150000 -0.188167
v 0.222200 0.150000 -0.200070
v 0.211425 0.150000 -0.211425
v 0.200070 0.150000 -0.222200
v 0.188167 0.150000 -0.232367
v 0.175748 0.150000 -0.241896
v 0.162847 0.150000 -0.250762
v 0.149500 0.150000 -0.258942
v 0.135743 0.150000 -0.266411
v 0.121614 0.150000 -0.273150
v 0.107152 0.150000 -0.279141
v 0.092396 0.150000 -0.284366
v 0.077387 0.150000 -0.288812
v 0.062166 0.150000 -0.292466
v 0.046774 0.150000 -0.295319
v 0.031254 0.150000 -0.297362
v 0.015648 0.150000 -0.298590
v 0.000000 0.150000 -0.299000
v -0.015648 0.150000 -0.298590
v -0.031254 0.150000 -0.297362
v -0.046774 0.150000 -0.295319
v -0.062166 0.150000 -0.292466
v -0.077387 0.150000 -0.288812
v -0.092396 0.150000 -0.284366
v -0.107152 0.150000 -0.279141
v -0.121614 0.150000 -0.273150
v -0.135743 0.150000 -0.266411
v -0.149500 0.150000 -0.258942
v -0.162847 0.150000 -0.250762
v -0.175748 0.150000 -0.241896
v -0.188167 0.150000 -0.232367
v -0.200070 0.150000 -0.222200
v -0.211425 0.150000 -0.211425
v -0.222200 0.150000 -0.200070
v -0.232367 0.150000 -0.188167
v -0.241896 0.150000 -0.175748
v -0.250762 0.150000 -0.162847
v -0.258942 0.150000 -0.149500
v -0.266411 0.150000 -0.135743
v -0.273150 0.150000 -0.121614
v -0.279141 0.150000 -0.107152
v -0.284366 0.150000 -0.092396
v -0.288812 0.150000 -0.077387
v -0.292466 0.150000 -0.062166
v -0.295319 0.150000 -0.046774
v -0.297362 0.150000 -0.031254
v -0.298590 0.150000 -0.015648
v -0.299000 0.150000 -0.000000
v -0.298590 0.150000 0.015648
v -0.297362 0.150000 0.031254
v -0.295319 0.150000 0.046774
v -0.292466 0.150000 0.062166
v -0.288812 0.150000 0.077387
v -0.284366 0.150000 0.092396
v -0.279141 0.150000 0.107152
v -0.273150 0.150000 0.121614
v -0.266411 0.150000 0.135743
v -0.258942 0.150000 0.149500
v -0.250762 0.150000 0.162847
v -0.241896 0.150000 0.175748
v -0.232367 0.150000 0.188167
v -0.222200 0.150000 0.200070
v -0.211425 0.150000 0.211425
v -0.200070 0.150000 0.222200
v -0.188167 0.150000 0.232367
v -0.175748 0.150000 0.241896
v -0.162847 0.150000 0.250762
v -0.149500 0.150000 0.258942
v -0.135743 0.150000 0.266411
v -0.121614 0.150000 0.273150
v -0.107152 0.150000 0.279141
v -0.092396 0.150000 0.284366
v -0.077387 0.150000 0.288812
v -0.062166 0.150000 0.292466
v -0.046774 0.150000 0.295319
v -0.031254 0.150000 0.297362
v -0.015648 0.150000 0.298590
v -0.000000 0.150000 0.299000
v 0.015648 0.150000 0.298590
v 0.031254 0.150000 0.297362
v 0.046774 0.150000 0.295319
v 0.062166 0.150000 0.292466
v 0.077387 0.150000 0.288812
v 0.092396 0.150000 0.284366
v 0.107152 0.150000 0.279141
v 0.121614 0.150000 0.273150
v 0.135743 0.150000 0.266411
v 0.149500 0.150000 0.258942
v 0.162847 0.150000 0.250762
v 0.175748 0.150000 0.241896
v 0.188167 0.150000 0.232367
v 0.200070 0.150000 0.222200
v 0.211425 0.150000 0.211425
v 0.222200 0.150000 0.200070
v 0.232367 0.150000 0.188167
v 0.241896 0.150000 0.175748
v 0.250762 0.150000 0.162847
v 0.258942 0.150000 0.149500
v 0.266411 0.150000 0.135743
v 0.273150 0.150000 0.121614
v 0.279141 0.150000 0.107152
v 0.284366 0.150000 0.092396
v 0.288812 0.150000 0.077387
v 0.292466 0.150000 0.062166
v 0.295319 0.150000 0.046774
v 0.297362 0.150000 0.031254
v 0.298590 0.150000 0.015648
v 0.220500 0.150000 0.000000
v 0.220198 0.150000 -0.011540
v 0.219292 0.150000 -0.023049
v 0.217785 0.150000 -0.034494
v 0.215682 0.150000 -0.045845
v 0.212987 0.150000 -0.057070
v 0.209708 0.150000 -0.068138
v 0.205854 0.150000 -0.079020
v 0.201437 0.150000 -0.089685
v 0.196467 0.150000 -0.100105
v 0.190959 0.150000 -0.110250
v 0.184927 0.150000 -0.120093
v 0.178388 0.150000 -0.129607
v 0.171361 0.150000 -0.138765
v 0.163863 0.150000 -0.147543
v 0.155917 0.150000 -0.155917
v 0.147543 0.150000 -0.163863
v 0.138765 0.150000 -0.171361
v 0.129607 0.150000 -0.178388
v 0.120093 0.150000 -0.184927
v 0.110250 0.150000 -0.190959
v 0.100105 0.150000 -0.196467
v 0.089685 0.150000 -0.201437
v 0.079020 0.150000 -0.205854
v 0.068138 0.150000 -0.209708
v 0.057070 0.150000 -0.212987
v 0.045845 0.150000 -0.215682
v 0.034494 0.150000 -0.217785
v 0.023049 0.150000 -0.219292
v 0.011540 0.150000 -0.220198
v 0.000000 0.150000 -0.220500
v -0.011540 0.150000 -0.220198
v -0.023049 0.150000 -0.219292
v -0.034494 0.150000 -0.217785
v -0.045845 0.150000 -0.215682
v -0.057070 0.150000 -0.212987
v -0.068138 0.150000 -0.209708
v -0.079020 0.150000 -0.205854
v -0.089685 0.150000 -0.201437
v -0.100105 0.150000 -0.196467
v -0.110250 0.150000 -0.190959
v -0.120093 0.150000 -0.184927
v -0.129607 0.150000 -0.178388
v -0.138765 0.150000 -0.171361
v -0.147543 0.150000 -0.163863
v -0.155917 0.150000 -0.155917
v -0.163863 0.150000 -0.147543
v -0.171361 0.150000 -0.138765
v -0.178388 0.150000 -0.129607
v -0.184927 0.150000 -0.120093
v -0.190959 0.150000 -0.110250
v -0.196467 0.150000 -0.100105
v -0.201437 0.150000 -0.089685
v -0.205854 0.150000 -0.079020
v -0.209708 0.150000 -0.068138
v -0.212987 0.150000 -0.057070
v -0.215682 0.150000 -0.045845
v -0.217785 0.150000 -0.034494
v -0.219292 0.150000 -0.023049
v -0.220198 0.150000 -0.011540
v -0.220500 0.150000 -0.000000
v -0.220198 0.150000 0.011540
v -0.219292 0.150000 0.023049
v -0.217785 0.150000 0.034494
v -0.215682 0.150000 0.045845
v -0.212987 0.150000 0.057070
v -0.209708 0.150000 0.068138
v -0.205854 0.150000 0.079020
v -0.201437 0.150000 0.089685
v -0.196467 0.150000 0.100105
v -0.190959 0.150000 0.110250
v -0.184927 0.150000 0.120093
v -0.178388 0.150000 0.129607
v -0.171361 0.150000 0.138765
v -0.163863 0.150000 0.147543
v -0.155917 0.150000 0.155917
v -0.147543 0.150000 0.163863
v -0.138765 0.150000 0.171361
v -0.129607 0.150000 0.178388
v -0.120093 0.150000 0.184927
v -0.110250 0.150000 0.190959
v -0.100105 0.150000 0.196467
v -0.089685 0.150000 0.201437
v -0.079020 0.150000 0.205854
v -0.068138 0.150000 0.209708
v -0.057070 0.150000 0.212987
v -0.045845 0.150000 0.215682
v -0.034494 0.150000 0.217785
v -0.023049 0.150000 0.219292
v -0.011540 0.150000 0.220198
v -0.000000 0.150000 0.220500
v 0.011540 0.150000 0.220198
v 0.023049 0.150000 0.219292
v 0.034494 0.150000 0.217785
v 0.045845 0.150000 0.215682
v 0.057070 0.150000 0.212987
v 0.068138 0.150000 0.209708
v 0.079020 0.150000 0.205854
v 0.089685 0.150000 0.201437
v 0.100105 0.150000 0.196467
v 0.110250 0.150000 0.190959
v 0.120093 0.150000 0.184927
v 0.129607 0.150000 0.178388
v 0.138765 0.150000 0.171361
v 0.147543 0.150000 0.163863
v 0.155917 0.150000 0.155917
v 0.163863 0.150000 0.147543
v 0.171361 0.150000 0.138765
v 0.178388 0.150000 0.129607
v 0.184927 0.150000 0.120093
v 0.190959 0.150000 0.110250
v 0.196467 0.150000 0.100105
v 0.201437 0.150000 0.089685
v 0.205854 0.150000 0.079020
v 0.209708 0.150000 0.068138
v 0.212987 0.150000 0.057070
v 0.215682 0.150000 0.045845
v 0.217785 0.150000 0.034494
v 0.219292 0.150000 0.023049
v 0.220198 0.150000 0.011540
v 0.217854 0.147792 0.000000
v 0.217556 0.147792 -0.011402
v 0.216661 0.147792 -0.022772
v 0.215172 0.147792 -0.034080
v 0.213093 0.147792 -0.045294
v 0.210431 0.147792 -0.056385
v 0.207192 0.147792 -0.067321
v 0.203384 0.147792 -0.078072
v 0.199020 0.147792 -0.088609
v 0.194109 0.147792 -0.098904
v 0.188667 0.147792 -0.108927
v 0.182708 0.147792 -0.118652
v 0.176248 0.147792 -0.128051
v 0.169304 0.147792 -0.137100
v 0.161897 0.147792 -0.145773
v 0.154046 0.147792 -0.154046
v 0.145773 0.147792 -0.161897
v 0.137100 0.147792 -0.169304
v 0.128051 0.147792 -0.176248
v 0.118652 0.147792 -0.182708
v 0.108927 0.147792 -0.188667
v 0.098904 0.147792 -0.194109
v 0.088609 0.147792 -0.199020
v 0.078072 0.147792 -0.203384
v 0.067321 0.147792 -0.207192
v 0.056385 0.147792 -0.210431
v 0.045294 0.147792 -0.213093
v 0.034080 0.147792 -0.215172
v 0.022772 0.147792 -0.216661
v 0.011402 0.147792 -0.217556
v 0.000000 0.147792 -0.217854
v -0.011402 0.147792 -0.217556
v -0.022772 0.147792 -0.216661
v -0.034080 0.147792 -0.215172
v -0.045294 0.147792 -0.213093
v -0.056385 0.147792 -0.210431
v -0.067321 0.147792 -0.207192
v -0.078072 0.147792 -0.203384
v -0.088609 0.147792 -0.199020
v -0.098904 0.147792 -0.194109
v -0.108927 0.147792 -0.188667
v -0.118652 0.147792 -0.182708
v -0.128051 0.147792 -0.176248
v -0.137100 0.147792 -0.169304
v -0.145773 0.147792 -0.161897
v -0.154046 0.147792 -0.154046
v -0.161897 0.147792 -0.145773
v -0.169304 0.147792 -0.137100
v -0.176248 0.147792 -0.128051
v -0.182708 0.147792 -0.118652
v -0.188667 0.147792 -0.108927
v -0.194109 0.147792 -0.098904
v -0.199020 0.147792 -0.088609
v -0.203384 0.147792 -0.078072
v -0.207192 0.147792 -0.067321
v -0.210431 0.147792 -0.056385
v -0.213093 0.147792 -0.045294
v -0.215172 0.147792 -0.034080
v -0.216661 0.147792 -0.022772
v -0.217556 0.147792 -0.011402
v -0.217854 0.147792 -0.000000
v -0.217556 0.147792 0.011402
v -0.216661 0.147792 0.022772
v -0.215172 0.147792 0.034080
v -0.213093 0.147792 0.045294
v -0.210431 0.147792 0.056385
v -0.207192 0.147792 0.067321
v -0.203384 0.147792 0.078072
v -0.199020 0.147792 0.088609
v -0.194109 0.147792 0.098904
v -0.188667 0.147792 0.108927
v -0.182708 0.147792 0.118652
v -0.176248 0.147792 0.128051
v -0.169304 0.147792 0.137100
v -0.161897 0.147792 0.145773
v -0.154046 0.147792 0.154046
v -0.145773 0.147792 0.161897
v -0.137100 0.147792 0.169304
v -0.128051 0.147792 0.176248
v -0.118652 0.147792 0.182708
v -0.108927 0.147792 0.188667
v -0.098904 0.147792 0.194109
v -0.088609 0.147792 0.199020
v -0.078072 0.147792 0.203384
v -0.067321 0.147792 0.207192
v -0.056385 0.147792 0.210431
v -0.045294 0.147792 0.213093
v -0.034080 0.147792 0.215172
v -0.022772 0.147792 0.216661
v -0.011402 0.147792 0.217556
v -0.000000 0.147792 0.217854
v 0.011402 0.147792 0.217556
v 0.022772 0.147792 0.216661
v 0.034080 0.147792 0.215172
v 0.045294 0.147792 0.213093
v 0.056385 0.147792 0.210431
v 0.067321 0.147792 0.207192
v 0.078072 0.147792 0.203384
v 0.088609 0.147792 0.199020
v 0.098904 0.147792 0.194109
v 0.108927 0.147792 0.188667
v 0.118652 0.147792 0.182708
v 0.128051 0.147792 0.176248
v 0.137100 0.147792 0.169304
v 0.145773 0.147792 0.161897
v 0.154046 0.147792 0.154046
v 0.161897 0.147792 0.145773
v 0.169304 0.147792 0.137100
v 0.176248 0.147792 0.128051
v 0.182708 0.147792 0.118652
v 0.188667 0.147792 0.108927
v 0.194109 0.147792 0.098904
v 0.199020 0.147792 0.088609
v 0.203384 0.147792 0.078072
v 0.207192 0.147792 0.067321
v 0.210431 0.147792 0.056385
v 0.213093 0.147792 0.045294
v 0.215172 0.147792 0.034080
v 0.216661 0.147792 0.022772
v 0.217556 0.147792 0.011402
v 0.214500 0.147000 0.000000
v 0.214206 0.147000 -0.011226
v 0.213325 0.147000 -0.022421
v 0.211859 0.147000 -0.033555
v 0.209813 0.147000 -0.044597
v 0.207191 0.147000 -0.055517
v 0.204002 0.147000 -0.066284
v 0.200253 0.147000 -0.076870
v 0.195956 0.147000 -0.087245
v 0.191121 0.147000 -0.097381
v 0.185762 0.147000 -0.107250
v 0.179895 0.147000 -0.116825
v 0.173534 0.147000 -0.126080
v 0.166698 0.147000 -0.134989
v 0.159405 0.147000 -0.143529
v 0.151674 0.147000 -0.151674
v 0.143529 0.147000 -0.159405
v 0.134989 0.147000 -0.166698
v 0.126080 0.147000 -0.173534
v 0.116825 0.147000 -0.179895
v 0.107250 0.147000 -0.185762
v 0.097381 0.147000 -0.191121
v 0.087245 0.147000 -0.195956
v 0.076870 0.147000 -0.200253
v 0.066284 0.147000 -0.204002
v 0.055517 0.147000 -0.207191
v 0.044597 0.147000 -0.209813
v 0.033555 0.147000 -0.211859
v 0.022421 0.147000 -0.213325
v 0.011226 0.147000 -0.214206
v 0.000000 0.147000 -0.214500
v -0.011226 0.147000 -0.214206
v -0.022421 0.147000 -0.213325
v -0.033555 0.147000 -0.211859
v -0.044597 0.147000 -0.209813
v -0.055517 0.147000 -0.207191
v -0.066284 0.147000 -0.204002
v -0.076870 0.147000 -0.200253
v -0.087245 0.147000 -0.195956
v -0.097381 0.147000 -0.191121
v -0.107250 0.147000 -0.185762
v -0.116825 0.147000 -0.179895
v -0.126080 0.147000 -0.173534
v -0.134989 0.147000 -0.166698
v -0.143529 0.147000 -0.159405
v -0.151674 0.147000 -0.151674
v -0.159405 0.147000 -0.143529
v -0.166698 0.147000 -0.134989
v -0.173534 0.147000 -0.126080
v -0.179895 0.147000 -0.116825
v -0.185762 0.147000 -0.107250
v -0.191121 0.147000 -0.097381
v -0.195956 0.147000 -0.087245
v -0.200253 0.147000 -0.076870
v -0.204002 0.147000 -0.066284
v -0.207191 0.147000 -0.055517
v -0.209813 0.147000 -0.044597
v -0.211859 0.147000 -0.033555
v -0.213325 0.147000 -0.022421
v -0.214206 0.147000 -0.011226
v -0.214500 0.147000 -0.000000
v -0.214206 0.147000 0.011226
v -0.213325 0.147000 0.022421
v -0.211859 0.147000 0.033555
v -0.209813 0.147000 0.044597
v -0.207191 0.147000 0.055517
v -0.204002 0.147000 0.066284
v -0.200253 0.147000 0.076870
v -0.195956 0.147000 0.087245
v -0.191121 0.147000 0.097381
v -0.185762 0.147000 0.107250
v -0.179895 0.147000 0.116825
v -0.173534 0.147000 0.126080
v -0.166698 0.147000 0.134989
v -0.159405 0.147000 0.143529
v -0.151674 0.147000 0.151674
v -0.143529 0.147000 0.159405
v -0.134989 0.147000 0.166698
v -0.126080 0.147000 0.173534
v -0.116825 0.147000 0.179895
v -0.107250 0.147000 0.185762
v -0.097381 0.147000 0.191121
v -0.087245 0.147000 0.195956
v -0.076870 0.147000 0.200253
v -0.066284 0.147000 0.204002
v -0.055517 0.147000 0.207191
v -0.044597 0.147000 0.209813
v -0.033555 0.147000 0.211859
v -0.022421 0.147000 0.213325
v -0.011226 0.147000 0.214206
v -0.000000 0.147000 0.214500
v 0.011226 0.147000 0.214206
v 0.022421 0.147000 0.213325
v 0.033555 0.147000 0.211859
v 0.044597 0.147000 0.209813
v 0.055517 0.147000 0.207191
v 0.066284 0.147000 0.204002
v 0.076870 0.147000 0.200253
v 0.087245 0.147000 0.195956
v 0.097381 0.147000 0.191121
v 0.107250 0.147000 0.185762
v 0.116825 0.147000 0.179895
v 0.126080 0.147000 0.173534
v 0.134989 0.147000 0.166698
v 0.143529 0.147000 0.159405
v 0.151674 0.147000 0.151674
v 0.159405 0.147000 0.143529
v 0.166698 0.147000 0.134989
v 0.173534 0.147000 0.126080
v 0.179895 0.147000 0.116825
v 0.185762 0.147000 0.107250
v 0.191121 0.147000 0.097381
v 0.195956 0.147000 0.087245
v 0.200253 0.147000 0.076870
v 0.204002 0.147000 0.066284
v 0.207191 0.147000 0.055517
v 0.209813 0.147000 0.044597
v 0.211859 0.147000 0.033555
v 0.213325 0.147000 0.022421
v 0.214206 0.147000 0.011226
v 0.211146 0.147792 0.000000
v 0.210857 0.147792 -0.011051
v 0.209989 0.147792 -0.022071
v 0.208546 0.147792 -0.033030
v 0.206532 0.147792 -0.043900
v 0.203951 0.147792 -0.054649
v 0.200812 0.147792 -0.065248
v 0.197122 0.147792 -0.075668
v 0.192891 0.147792 -0.085881
v 0.188132 0.147792 -0.095858
v 0.182858 0.147792 -0.105573
v 0.177082 0.147792 -0.114998
v 0.170821 0.147792 -0.124108
v 0.164091 0.147792 -0.132878
v 0.156912 0.147792 -0.141284
v 0.149303 0.147792 -0.149303
v 0.141284 0.147792 -0.156912
v 0.132878 0.147792 -0.164091
v 0.124108 0.147792 -0.170821
v 0.114998 0.147792 -0.177082
v 0.105573 0.147792 -0.182858
v 0.095858 0.147792 -0.188132
v 0.085881 0.147792 -0.192891
v 0.075668 0.147792 -0.197122
v 0.065248 0.147792 -0.200812
v 0.054649 0.147792 -0.203951
v 0.043900 0.147792 -0.206532
v 0.033030 0.147792 -0.208546
v 0.022071 0.147792 -0.209989
v 0.011051 0.147792 -0.210857
v 0.000000 0.147792 -0.211146
v -0.011051 0.147792 -0.210857
v -0.022071 0.147792 -0.209989
v -0.033030 0.147792 -0.208546
v -0.043900 0.147792 -0.206532
v -0.054649 0.147792 -0.203951
v -0.065248 0.147792 -0.200812
v -0.075668 0.147792 -0.197122
v -0.085881 0.147792 -0.192891
v -0.095858 0.147792 -0.188132
v -0.105573 0.147792 -0.182858
v -0.114998 0.147792 -0.177082
v -0.124108 0.147792 -0.170821
v -0.132878 0.147792 -0.164091
v -0.141284 0.147792 -0.156912
v -0.149303 0.147792 -0.149303
v -0.156912 0.147792 -0.141284
v -0.164091 0.147792 -0.132878
v -0.170821 0.147792 -0.124108
v -0.177082 0.147792 -0.114998
v -0.182858 0.147792 -0.105573
v -0.188132 0.147792 -0.095858
v -0.192891 0.147792 -0.085881
v -0.197122 0.147792 -0.075668
v -0.200812 0.147792 -0.065248
v -0.203951 0.147792 -0.054649
v -0.206532 0.147792 -0.043900
v -0.208546 0.147792 -0.033030
v -0.209989 0.147792 -0.022071
v -0.210857 0.147792 -0.011051
v -0.211146 0.147792 -0.000000
v -0.210857 0.147792 0.011051
v -0.209989 0.147792 0.022071
v -0.208546 0.147792 0.033030
v -0.206532 0.147792 0.043900
v -0.203951 0.147792 0.054649
v -0.200812 0.147792 0.065248
v -0.197122 0.147792 0.075668
v -0.192891 0.147792 0.085881
v -0.188132 0.147792 0.095858
v -0.182858 0.147792 0.105573
v -0.177082 0.147792 0.114998
v -0.170821 0.147792 0.124108
v -0.164091 0.147792 0.132878
v -0.156912 0.147792 0.141284
v -0.149303 0.147792 0.149303
v -0.141284 0.147792 0.156912
v -0.132878 0.147792 0.164091
v -0.124108 0.147792 0.170821
v -0.114998 0.147792 0.177082
v -0.105573 0.147792 0.182858
v -0.095858 0.147792 0.188132
v -0.085881 0.147792 0.192891
v -0.075668 0.147792 0.197122
v -0.065248 0.147792 0.200812
v -0.054649 0.147792 0.203951
v -0.043900 0.147792 0.206532
v -0.033030 0.147792 0.208546
v -0.022071 0.147792 0.209989
v -0.011051 0.147792 0.210857
v -0.000000 0.147792 0.211146
v 0.011051 0.147792 0.210857
v 0.022071 0.147792 0.209989
v 0.033030 0.147792 0.208546
v 0.043900 0.147792 0.206532
v 0.054649 0.147792 0.203951
v 0.065248 0.147792 0.200812
v 0.075668 0.147792 0.197122
v 0.085881 0.147792 0.192891
v 0.095858 0.147792 0.188132
v 0.105573 0.147792 0.182858
v 0.114998 0.147792 0.177082
v 0.124108 0.147792 0.170821
v 0.132878 0.147792 0.164091
v 0.141284 0.147792 0.156912
v 0.149303 0.147792 0.149303
v 0.156912 0.147792 0.141284
v 0.164091 0.147792 0.132878
v 0.170821 0.147792 0.124108
v 0.177082 0.147792 0.114998
v 0.182858 0.147792 0.105573
v 0.188132 0.147792 0.095858
v 0.192891 0.147792 0.085881
v 0.197122 0.147792 0.075668
v 0.200812 0.147792 0.065248
v 0.203951 0.147792 0.054649
v 0.206532 0.147792 0.043900
v 0.208546 0.147792 0.033030
v 0.209989 0.147792 0.022071
v 0.210857 0.147792 0.011051
v 0.208500 0.150000 0.000000
v 0.208214 0.150000 -0.010912
v 0.207358 0.150000 -0.021794
v 0.205933 0.150000 -0.032617
v 0.203944 0.150000 -0.043350
v 0.201396 0.150000 -0.053964
v 0.198295 0.150000 -0.064430
v 0.194652 0.150000 -0.074720
v 0.190474 0.150000 -0.084805
v 0.185775 0.150000 -0.094657
v 0.180566 0.150000 -0.104250
v 0.174863 0.150000 -0.113557
v 0.168680 0.150000 -0.122553
v 0.162035 0.150000 -0.131213
v 0.154946 0.150000 -0.139514
v 0.147432 0.150000 -0.147432
v 0.139514 0.150000 -0.154946
v 0.131213 0.150000 -0.162035
v 0.122553 0.150000 -0.168680
v 0.113557 0.150000 -0.174863
v 0.104250 0.150000 -0.180566
v 0.094657 0.150000 -0.185775
v 0.084805 0.150000 -0.190474
v 0.074720 0.150000 -0.194652
v 0.064430 0.150000 -0.198295
v 0.053964 0.150000 -0.201396
v 0.043350 0.150000 -0.203944
v 0.032617 0.150000 -0.205933
v 0.021794 0.150000 -0.207358
v 0.010912 0.150000 -0.208214
v 0.000000 0.150000 -0.208500
v -0.010912 0.150000 -0.208214
v -0.021794 0.150000 -0.207358
v -0.032617 0.150000 -0.205933
v -0.043350 0.150000 -0.203944
v -0.053964 0.150000 -0.201396
v -0.064430 0.150000 -0.198295
v -0.074720 0.150000 -0.194652
v -0.084805 0.150000 -0.190474
v -0.094657 0.150000 -0.185775
v -0.104250 0.150000 -0.180566
v -0.113557 0.150000 -0.174863
v -0.122553 0.150000 -0.168680
v -0.131213 0.150000 -0.162035
v -0.139514 0.150000 -0.154946
v -0.147432 0.150000 -0.147432
v -0.154946 0.150000 -0.139514
v -0.162035 0.150000 -0.131213
v -0.168680 0.150000 -0.122553
v -0.174863 0.150000 -0.113557
v -0.180566 0.150000 -0.104250
v -0.185775 0.150000 -0.094657
v -0.190474 0.150000 -0.084805
v -0.194652 0.150000 -0.074720
v -0.198295 0.150000 -0.064430
v -0.201396 0.150000 -0.053964
v -0.203944 0.150000 -0.043350
v -0.205933 0.150000 -0.032617
v -0.207358 0.150000 -0.021794
v -0.208214 0.150000 -0.010912
v -0.208500 0.150000 -0.000000
v -0.208214 0.150000 0.010912
v -0.207358 0.150000 0.021794
v -0.205933 0.150000 0.032617
v -0.203944 0.150000 0.043350
v -0.201396 0.150000 0.053964
v -0.198295 0.150000 0.064430
v -0.194652 0.150000 0.074720
v -0.190474 0.150000 0.084805
v -0.185775 0.150000 0.094657
v -0.180566 0.150000 0.104250
v -0.174863 0.150000 0.113557
v -0.168680 0.150000 0.122553
v -0.162035 0.150000 0.131213
v -0.154946 0.150000 0.139514
v -0.147432 0.150000 0.147432
v -0.139514 0.150000 0.154946
v -0.131213 0.150000 0.162035
v -0.122553 0.150000 0.168680
v -0.113557 0.150000 0.174863
v -0.104250 0.150000 0.180566
v -0.094657 0.150000 0.185775
v -0.084805 0.150000 0.190474
v -0.074720 0.150000 0.194652
v -0.064430 0.150000 0.198295
v -0.053964 0.150000 0.201396
v -0.043350 0.150000 0.203944
v -0.032617 0.150000 0.205933
v -0.021794 0.150000 0.207358
v -0.010912 0.150000 0.208214
v -0.000000 0.150000 0.208500
v 0.010912 0.150000 0.208214
v 0.021794 0.150000 0.207358
v 0.032617 0.150000 0.205933
v 0.043350 0.150000 0.203944
v 0.053964 0.150000 0.201396
v 0.064430 0.150000 0.198295
v 0.074720 0.150000 0.194652
v 0.084805 0.150000 0.190474
v 0.094657 0.150000 0.185775
v 0.104250 0.150000 0.180566
v 0.113557 0.150000 0.174863
v 0.122553 0.150000 0.168680
v 0.131213 0.150000 0.162035
v 0.139514 0.150000 0.154946
v 0.147432 0.150000 0.147432
v 0.154946 0.150000 0.139514
v 0.162035 0.150000 0.131213
v 0.168680 0.150000 0.122553
v 0.174863 0.150000 0.113557
v 0.180566 0.150000 0.104250
v 0.185775 0.150000 0.094657
v 0.190474 0.150000 0.084805
v 0.194652 0.150000 0.074720
v 0.198295 0.150000 0.064430
v 0.201396 0.150000 0.053964
v 0.203944 0.150000 0.043350
v 0.205933 0.150000 0.032617
v 0.207358 0.150000 0.021794
v 0.208214 0.150000 0.010912
v 0.170000 0.150000 0.000000
v 0.169767 0.150000 -0.008897
v 0.169069 0.150000 -0.017770
v 0.167907 0.150000 -0.026594
v 0.166285 0.150000 -0.035345
v 0.164207 0.150000 -0.043999
v 0.161680 0.150000 -0.052533
v 0.158709 0.150000 -0.060923
v 0.155303 0.150000 -0.069145
v 0.151471 0.150000 -0.077178
v 0.147224 0.150000 -0.085000
v 0.142574 0.150000 -0.092589
v 0.137533 0.150000 -0.099923
v 0.132115 0.150000 -0.106984
v 0.126335 0.150000 -0.113752
v 0.120208 0.150000 -0.120208
v 0.113752 0.150000 -0.126335
v 0.106984 0.150000 -0.132115
v 0.099923 0.150000 -0.137533
v 0.092589 0.150000 -0.142574
v 0.085000 0.150000 -0.147224
v 0.077178 0.150000 -0.151471
v 0.069145 0.150000 -0.155303
v 0.060923 0.150000 -0.158709
v 0.052533 0.150000 -0.161680
v 0.043999 0.150000 -0.164207
v 0.035345 0.150000 -0.166285
v 0.026594 0.150000 -0.167907
v 0.017770 0.150000 -0.169069
v 0.008897 0.150000 -0.169767
v 0.000000 0.150000 -0.170000
v -0.008897 0.150000 -0.169767
v -0.017770 0.150000 -0.169069
v -0.026594 0.150000 -0.167907
v -0.035345 0.150000 -0.166285
v -0.043999 0.150000 -0.164207
v -0.052533 0.150000 -0.161680
v -0.060923 0.150000 -0.158709
v -0.069145 0.150000 -0.155303
v -0.077178 0.150000 -0.151471
v -0.085000 0.150000 -0.147224
v -0.092589 0.150000 -0.142574
v -0.099923 0.150000 -0.137533
v -0.106984 0.150000 -0.132115
v -0.113752 0.150000 -0.126335
v -0.120208 0.150000 -0.120208
v -0.126335 0.150000 -0.113752
v -0.132115 0.150000 -0.106984
v -0.137533 0.150000 -0.099923
v -0.142574 0.150000 -0.092589
v -0.147224 0.150000 -0.085000
v -0.151471 0.150000 -0.077178
v -0.155303 0.150000 -0.069145
v -0.158709 0.150000 -0.060923
v -0.161680 0.150000 -0.052533
v -0.164207 0.150000 -0.043999
v -0.166285 0.150000 -0.035345
v -0.167907 0.150000 -0.026594
v -0.169069 0.150000 -0.017770
v -0.169767 0.150000 -0.008897
v -0.170000 0.150000 -0.000000
v -0.169767 0.150000 0.008897
v -0.169069 0.150000 0.017770
v -0.167907 0.150000 0.026594
v -0.166285 0.150000 0.035345
v -0.164207 0.150000 0.043999
v -0.161680 0.150000 0.052533
v -0.158709 0.150000 0.060923
v -0.155303 0.150000 0.069145
v -0.151471 0.150000 0.077178
v -0.147224 0.150000 0.085000
v -0.142574 0.150000 0.092589
v -0.137533 0.150000 0.099923
v -0.132115 0.150000 0.106984
v -0.126335 0.150000 0.113752
v -0.120208 0.150000 0.120208
v -0.113752 0.150000 0.126335
v -0.106984 0.150000 0.132115
v -0.099923 0.150000 0.137533
v -0.092589 0.150000 0.142574
v -0.085000 0.150000 0.147224
v -0.077178 0.150000 0.151471
v -0.069145 0.150000 0.155303
v -0.060923 0.150000 0.158709
v -0.052533 0.150000 0.161680
v -0.043999 0.150000 0.164207
v -0.035345 0.150000 0.166285
v -0.026594 0.150000 0.167907
v -0.017770 0.150000 0.169069
v -0.008897 0.150000 0.169767
v -0.000000 0.150000 0.170000
v 0.008897 0.150000 0.169767
v 0.017770 0.150000 0.169069
v 0.026594 0.150000 0.167907
v 0.035345 0.150000 0.166285
v 0.043999 0.150000 0.164207
v 0.052533 0.150000 0.161680
v 0.060923 0.150000 0.158709
v 0.069145 0.150000 0.155303
v 0.077178 0.150000 0.151471
v 0.085000 0.150000 0.147224
v 0.092589 0.150000 0.142574
v 0.099923 0.150000 0.137533
v 0.106984 0.150000 0.132115
v 0.113752 0.150000 0.126335
v 0.120208 0.150000 0.120208
v 0.126335 0.150000 0.113752
v 0.132115 0.150000 0.106984
v 0.137533 0.150000 0.099923
v 0.142574 0.150000 0.092589
v 0.147224 0.150000 0.085000
v 0.151471 0.150000 0.077178
v 0.155303 0.150000 0.069145
v 0.158709 0.150000 0.060923
v 0.161680 0.150000 0.052533
v 0.164207 0.150000 0.043999
v 0.166285 0.150000 0.035345
v 0.167907 0.150000 0.026594
v 0.169069 0.150000 0.017770
v 0.169767 0.150000 0.008897
v 0.166963 0.148704 0.000000
v 0.166734 0.148704 -0.008738
v 0.166048 0.148704 -0.017452
v 0.164907 0.148704 -0.026119
v 0.163314 0.148704 -0.034714
v 0.161274 0.148704 -0.043213
v 0.158791 0.148704 -0.051594
v 0.155873 0.148704 -0.059834
v 0.152528 0.148704 -0.067910
v 0.148765 0.148704 -0.075800
v 0.144594 0.148704 -0.083481
v 0.140027 0.148704 -0.090935
v 0.135076 0.148704 -0.098138
v 0.129755 0.148704 -0.105073
v 0.124078 0.148704 -0.111720
v 0.118061 0.148704 -0.118061
v 0.111720 0.148704 -0.124078
v 0.105073 0.148704 -0.129755
v 0.098138 0.148704 -0.135076
v 0.090935 0.148704 -0.140027
v 0.083481 0.148704 -0.144594
v 0.075800 0.148704 -0.148765
v 0.067910 0.148704 -0.152528
v 0.059834 0.148704 -0.155873
v 0.051594 0.148704 -0.158791
v 0.043213 0.148704 -0.161274
v 0.034714 0.148704 -0.163314
v 0.026119 0.148704 -0.164907
v 0.017452 0.148704 -0.166048
v 0.008738 0.148704 -0.166734
v 0.000000 0.148704 -0.166963
v -0.008738 0.148704 -0.166734
v -0.017452 0.148704 -0.166048
v -0.026119 0.148704 -0.164907
v -0.034714 0.148704 -0.163314
v -0.043213 0.148704 -0.161274
v -0.051594 0.148704 -0.158791
v -0.059834 0.148704 -0.155873
v -0.067910 0.148704 -0.152528
v -0.075800 0.148704 -0.148765
v -0.083481 0.148704 -0.144594
v -0.090935 0.148704 -0.140027
v -0.098138 0.148704 -0.135076
v -0.105073 0.148704 -0.129755
v -0.111720 0.148704 -0.124078
v -0.118061 0.148704 -0.118061
v -0.124078 0.148704 -0.111720
v -0.129755 0.148704 -0.105073
v -0.135076 0.148704 -0.098138
v -0.140027 0.148704 -0.090935
v -0.144594 0.148704 -0.083481
v -0.148765 0.148704 -0.075800
v -0.152528 0.148704 -0.067910
v -0.155873 0.148704 -0.059834
v -0.158791 0.148704 -0.051594
v -0.161274 0.148704 -0.043213
v -0.163314 0.148704 -0.034714
v -0.164907 0.148704 -0.026119
v -0.166048 0.148704 -0.017452
v -0.166734 0.148704 -0.008738
v -0.166963 0.148704 -0.000000
v -0.166734 0.148704 0.008738
v -0.166048 0.148704 0.017452
v -0.164907 0.148704 0.026119
v -0.163314 0.148704 0.034714
v -0.161274 0.148704 0.043213
v -0.158791 0.148704 0.051594
v -0.155873 0.148704 0.059834
v -0.152528 0.148704 0.067910
v -0.148765 0.148704 0.075800
v -0.144594 0.148704 0.083481
v -0.140027 0.148704 0.090935
v -0.135076 0.148704 0.098138
v -0.129755 0.148704 0.105073
v -0.124078 0.148704 0.111720
v -0.118061 0.148704 0.118061
v -0.111720 0.148704 0.124078
v -0.105073 0.148704 0.129755
v -0.098138 0.148704 0.135076
v -0.090935 0.148704 0.140027
v -0.083481 0.148704 0.144594
v -0.075800 0.148704 0.148765
v -0.067910 0.148704 0.152528
v -0.059834 0.148704 0.155873
v -0.051594 0.148704 0.158791
v -0.043213 0.148704 0.161274
v -0.034714 0.148704 0.163314
v -0.026119 0.148704 0.164907
v -0.017452 0.148704 0.166048
v -0.008738 0.148704 0.166734
v -0.000000 0.148704 0.166963
v 0.008738 0.148704 0.166734
v 0.017452 0.148704 0.166048
v 0.026119 0.148704 0.164907
v 0.034714 0.148704 0.163314
v 0.043213 0.148704 0.161274
v 0.051594 0.148704 0.158791
v 0.059834 0.148704 0.155873
v 0.067910 0.148704 0.152528
v 0.075800 0.148704 0.148765
v 0.083481 0.148704 0.144594
v 0.090935 0.148704 0.140027
v 0.098138 0.148704 0.135076
v 0.105073 0.148704 0.129755
v 0.111720 0.148704 0.124078
v 0.118061 0.148704 0.118061
v 0.124078 0.148704 0.111720
v 0.129755 0.148704 0.105073
v 0.135076 0.148704 0.098138
v 0.140027 0.148704 0.090935
v 0.144594 0.148704 0.083481
v 0.148765 0.148704 0.075800
v 0.152528 0.148704 0.067910
v 0.155873 0.148704 0.059834
v 0.158791 0.148704 0.051594
v 0.161274 0.148704 0.043213
v 0.163314 0.148704 0.034714
v 0.164907 0.148704 0.026119
v 0.166048 0.148704 0.017452
v 0.166734 0.148704 0.008738
v 0.164370 0.146296 0.000000
v 0.164145 0.146296 -0.008602
v 0.163470 0.146296 -0.017181
v 0.162347 0.146296 -0.025713
v 0.160778 0.146296 -0.034175
v 0.158770 0.146296 -0.042542
v 0.156326 0.146296 -0.050793
v 0.153453 0.146296 -0.058905
v 0.150160 0.146296 -0.066855
v 0.146455 0.146296 -0.074623
v 0.142349 0.146296 -0.082185
v 0.137853 0.146296 -0.089523
v 0.132978 0.146296 -0.096614
v 0.127740 0.146296 -0.103442
v 0.122151 0.146296 -0.109985
v 0.116227 0.146296 -0.116227
v 0.109985 0.146296 -0.122151
v 0.103442 0.146296 -0.127740
v 0.096614 0.146296 -0.132978
v 0.089523 0.146296 -0.137853
v 0.082185 0.146296 -0.142349
v 0.074623 0.146296 -0.146455
v 0.066855 0.146296 -0.150160
v 0.058905 0.146296 -0.153453
v 0.050793 0.146296 -0.156326
v 0.042542 0.146296 -0.158770
v 0.034175 0.146296 -0.160778
v 0.025713 0.146296 -0.162347
v 0.017181 0.146296 -0.163470
v 0.008602 0.146296 -0.164145
v 0.000000 0.146296 -0.164370
v -0.008602 0.146296 -0.164145
v -0.017181 0.146296 -0.163470
v -0.025713 0.146296 -0.162347
v -0.034175 0.146296 -0.160778
v -0.042542 0.146296 -0.158770
v -0.050793 0.146296 -0.156326
v -0.058905 0.146296 -0.153453
v -0.066855 0.146296 -0.150160
v -0.074623 0.146296 -0.146455
v -0.082185 0.146296 -0.142349
v -0.089523 0.146296 -0.137853
v -0.096614 0.146296 -0.132978
v -0.103442 0.146296 -0.127740
v -0.109985 0.146296 -0.122151
v -0.116227 0.146296 -0.116227
v -0.122151 0.146296 -0.109985
v -0.127740 0.146296 -0.103442
v -0.132978 0.146296 -0.096614
v -0.137853 0.146296 -0.089523
v -0.142349 0.146296 -0.082185
v -0.146455 0.146296 -0.074623
v -0.150160 0.146296 -0.066855
v -0.153453 0.146296 -0.058905
v -0.156326 0.146296 -0.050793
v -0.158770 0.146296 -0.042542
v -0.160778 0.146296 -0.034175
v -0.162347 0.146296 -0.025713
v -0.163470 0.146296 -0.017181
v -0.164145 0.146296 -0.008602
v -0.164370 0.146296 -0.000000
v -0.164145 0.146296 0.008602
v -0.163470 0.146296 0.017181
v -0.162347 0.146296 0.025713
v -0.160778 0.146296 0.034175
v -0.158770 0.146296 0.042542
v -0.156326 0.146296 0.050793
v -0.153453 0.146296 0.058905
v -0.150160 0.146296 0.066855
v -0.146455 0.146296 0.074623
v -0.142349 0.146296 0.082185
v -0.137853 0.146296 0.089523
v -0.132978 0.146296 0.096614
v -0.127740 0.146296 0.103442
v -0.122151 0.146296 0.109985
v -0.116227 0.146296 0.116227
v -0.109985 0.146296 0.122151
v -0.103442 0.146296 0.127740
v -0.096614 0.146296 0.132978
v -0.089523 0.146296 0.137853
v -0.082185 0.146296 0.142349
v -0.074623 0.146296 0.146455
v -0.066855 0.146296 0.150160
v -0.058905 0.146296 0.153453
v -0.050793 0.146296 0.156326
v -0.042542 0.146296 0.158770
v -0.034175 0.146296 0.160778
v -0.025713 0.146296 0.162347
v -0.017181 0.146296 0.163470
v -0.008602 0.146296 0.164145
v -0.000000 0.146296 0.164370
v 0.008602 0.146296 0.164145
v 0.017181 0.146296 0.163470
v 0.025713 0.146296 0.162347
v 0.034175 0.146296 0.160778
v 0.042542 0.146296 0.158770
v 0.050793 0.146296 0.156326
v 0.058905 0.146296 0.153453
v 0.066855 0.146296 0.150160
v 0.074623 0.146296 0.146455
v 0.082185 0.146296 0.142349
v 0.089523 0.146296 0.137853
v 0.096614 0.146296 0.132978
v 0.103442 0.146296 0.127740
v 0.109985 0.146296 0.122151
v 0.116227 0.146296 0.116227
v 0.122151 0.146296 0.109985
v 0.127740 0.146296 0.103442
v 0.132978 0.146296 0.096614
v 0.137853 0.146296 0.089523
v 0.142349 0.146296 0.082185
v 0.146455 0.146296 0.074623
v 0.150160 0.146296 0.066855
v 0.153453 0.146296 0.058905
v 0.156326 0.146296 0.050793
v 0.158770 0.146296 0.042542
v 0.160778 0.146296 0.034175
v 0.162347 0.146296 0.025713
v 0.163470 0.146296 0.017181
v 0.164145 0.146296 0.008602
v 0.160000 0.145000 0.000000
v 0.159781 0.145000 -0.008374
v 0.159123 0.145000 -0.016725
v 0.158030 0.145000 -0.025030
v 0.156504 0.145000 -0.033266
v 0.154548 0.145000 -0.041411
v 0.152169 0.145000 -0.049443
v 0.149373 0.145000 -0.057339
v 0.146167 0.145000 -0.065078
v 0.142561 0.145000 -0.072638
v 0.138564 0.145000 -0.080000
v 0.134187 0.145000 -0.087142
v 0.129443 0.145000 -0.094046
v 0.124343 0.145000 -0.100691
v 0.118903 0.145000 -0.107061
v 0.113137 0.145000 -0.113137
v 0.107061 0.145000 -0.118903
v 0.100691 0.145000 -0.124343
v 0.094046 0.145000 -0.129443
v 0.087142 0.145000 -0.134187
v 0.080000 0.145000 -0.138564
v 0.072638 0.145000 -0.142561
v 0.065078 0.145000 -0.146167
v 0.057339 0.145000 -0.149373
v 0.049443 0.145000 -0.152169
v 0.041411 0.145000 -0.154548
v 0.033266 0.145000 -0.156504
v 0.025030 0.145000 -0.158030
v 0.016725 0.145000 -0.159123
v 0.008374 0.145000 -0.159781
v 0.000000 0.145000 -0.160000
v -0.008374 0.145000 -0.159781
v -0.016725 0.145000 -0.159123
v -0.025030 0.145000 -0.158030
v -0.033266 0.145000 -0.156504
v -0.041411 0.145000 -0.154548
v -0.049443 0.145000 -0.152169
v -0.057339 0.145000 -0.149373
v -0.065078 0.145000 -0.146167
v -0.072638 0.145000 -0.142561
v -0.080000 0.145000 -0.138564
v -0.087142 0.145000 -0.134187
v -0.094046 0.145000 -0.129443
v -0.100691 0.145000 -0.124343
v -0.107061 0.145000 -0.118903
v -0.113137 0.145000 -0.113137
v -0.118903 0.145000 -0.107061
v -0.124343 0.145000 -0.100691
v -0.129443 0.145000 -0.094046
v -0.134187 0.145000 -0.087142
v -0.138564 0.145000 -0.080000
v -0.142561 0.145000 -0.072638
v -0.146167 0.145000 -0.065078
v -0.149373 0.145000 -0.057339
v -0.152169 0.145000 -0.049443
v -0.154548 0.145000 -0.041411
v -0.156504 0.145000 -0.033266
v -0.158030 0.145000 -0.025030
v -0.159123 0.145000 -0.016725
v -0.159781 0.145000 -0.008374
v -0.160000 0.145000 -0.000000
v -0.159781 0.145000 0.008374
v -0.159123 0.145000 0.016725
v -0.158030 0.145000 0.025030
v -0.156504 0.145000 0.033266
v -0.154548 0.145000 0.041411
v -0.152169 0.145000 0.049443
v -0.149373 0.145000 0.057339
v -0.146167 0.145000 0.065078
v -0.142561 0.145000 0.072638
v -0.138564 0.145000 0.080000
v -0.134187 0.145000 0.087142
v -0.129443 0.145000 0.094046
v -0.124343 0.145000 0.100691
v -0.118903 0.145000 0.107061
v -0.113137 0.145000 0.113137
v -0.107061 0.145000 0.118903
v -0.100691 0.145000 0.124343
v -0.094046 0.145000 0.129443
v -0.087142 0.145000 0.134187
v -0.080000 0.145000 0.138564
v -0.072638 0.145000 0.142561
v -0.065078 0.145000 0.146167
v -0.057339 0.145000 0.149373
v -0.049443 0.145000 0.152169
v -0.041411 0.145000 0.154548
v -0.033266 0.145000 0.156504
v -0.025030 0.145000 0.158030
v -0.016725 0.145000 0.159123
v -0.008374 0.145000 0.159781
v -0.000000 0.145000 0.160000
v 0.008374 0.145000 0.159781
v 0.016725 0.145000 0.159123
v 0.025030 0.145000 0.158030
v 0.033266 0.145000 0.156504
v 0.041411 0.145000 0.154548
v 0.049443 0.145000 0.152169
v 0.057339 0.145000 0.149373
v 0.065078 0.145000 0.146167
v 0.072638 0.145000 0.142561
v 0.080000 0.145000 0.138564
v 0.087142 0.145000 0.134187
v 0.094046 0.145000 0.129443
v 0.100691 0.145000 0.124343
v 0.107061 0.145000 0.118903
v 0.113137 0.145000 0.113137
v 0.118903 0.145000 0.107061
v 0.124343 0.145000 0.100691
v 0.129443 0.145000 0.094046
v 0.134187 0.145000 0.087142
v 0.138564 0.145000 0.080000
v 0.142561 0.145000 0.072638
v 0.146167 0.145000 0.065078
v 0.149373 0.145000 0.057339
v 0.152169 0.145000 0.049443
v 0.154548 0.145000 0.041411
v 0.156504 0.145000 0.033266
v 0.158030 0.145000 0.025030
v 0.159123 0.145000 0.016725
v 0.159781 0.145000 0.008374
v 0.000000 0.145000 0.000000
v 0.250000 0.142500 0.000000
v 0.249657 0.142500 -0.013084
v 0.248630 0.142500 -0.026132
v 0.246922 0.142500 -0.039109
v 0.244537 0.142500 -0.051978
v 0.241481 0.142500 -0.064705
v 0.237764 0.142500 -0.077254
v 0.233395 0.142500 -0.089592
v 0.228386 0.142500 -0.101684
v 0.222752 0.142500 -0.113498
v 0.216506 0.142500 -0.125000
v 0.209668 0.142500 -0.136160
v 0.202254 0.142500 -0.146946
v 0.194286 0.142500 -0.157330
v 0.185786 0.142500 -0.167283
v 0.176777 0.142500 -0.176777
v 0.167283 0.142500 -0.185786
v 0.157330 0.142500 -0.194286
v 0.146946 0.142500 -0.202254
v 0.136160 0.142500 -0.209668
v 0.125000 0.142500 -0.216506
v 0.113498 0.142500 -0.222752
v 0.101684 0.142500 -0.228386
v 0.089592 0.142500 -0.233395
v 0.077254 0.142500 -0.237764
v 0.064705 0.142500 -0.241481
v 0.051978 0.142500 -0.244537
v 0.039109 0.142500 -0.246922
v 0.026132 0.142500 -0.248630
v 0.013084 0.142500 -0.249657
v 0.000000 0.142500 -0.250000
v -0.013084 0.142500 -0.249657
v -0.026132 0.142500 -0.248630
v -0.039109 0.142500 -0.246922
v -0.051978 0.142500 -0.244537
v -0.064705 0.142500 -0.241481
v -0.077254 0.142500 -0.237764
v -0.089592 0.142500 -0.233395
v -0.101684 0.142500 -0.228386
v -0.113498 0.142500 -0.222752
v -0.125000 0.142500 -0.216506
v -0.136160 0.142500 -0.209668
v -0.146946 0.142500 -0.202254
v -0.157330 0.142500 -0.194286
v -0.167283 0.142500 -0.185786
v -0.176777 0.142500 -0.176777
v -0.185786 0.142500 -0.167283
v -0.194286 0.142500 -0.157330
v -0.202254 0.142500 -0.146946
v -0.209668 0.142500 -0.136160
v -0.216506 0.142500 -0.125000
v -0.222752 0.142500 -0.113498
v -0.228386 0.142500 -0.101684
v -0.233395 0.142500 -0.089592
v -0.237764 0.142500 -0.077254
v -0.241481 0.142500 -0.064705
v -0.244537 0.142500 -0.051978
v -0.246922 0.142500 -0.039109
v -0.248630 0.142500 -0.026132
v -0.249657 0.142500 -0.013084
v -0.250000 0.142500 -0.000000
v -0.249657 0.142500 0.013084
v -0.248630 0.142500 0.026132
v -0.246922 0.142500 0.039109
v -0.244537 0.142500 0.051978
v -0.241481 0.142500 0.064705
v -0.237764 0.142500 0.077254
v -0.233395 0.142500 0.089592
v -0.228386 0.142500 0.101684
v -0.222752 0.142500 0.113498
v -0.216506 0.142500 0.125000
v -0.209668 0.142500 0.136160
v -0.202254 0.142500 0.146946
v -0.194286 0.142500 0.157330
v -0.185786 0.142500 0.167283
v -0.176777 0.142500 0.176777
v -0.167283 0.142500 0.185786
v -0.157330 0.142500 0.194286
v -0.146946 0.142500 0.202254
v -0.136160 0.142500 0.209668
v -0.125000 0.142500 0.216506
v -0.113498 0.142500 0.222752
v -0.101684 0.142500 0.228386
v -0.089592 0.142500 0.233395
v -0.077254 0.142500 0.237764
v -0.064705 0.142500 0.241481
v -0.051978 0.142500 0.244537
v -0.039109 0.142500 0.246922
v -0.026132 0.142500 0.248630
v -0.013084 0.142500 0.249657
v -0.000000 0.142500 0.250000
v 0.013084 0.142500 0.249657
v 0.026132 0.142500 0.248630
v 0.039109 0.142500 0.246922
v 0.051978 0.142500 0.244537
v 0.064705 0.142500 0.241481
v 0.077254 0.142500 0.237764
v 0.089592 0.142500 0.233395
v 0.101684 0.142500 0.228386
v 0.113498 0.142500 0.222752
v 0.125000 0.142500 0.216506
v 0.136160 0.142500 0.209668
v 0.146946 0.142500 0.202254
v 0.157330 0.142500 0.194286
v 0.167283 0.142500 0.185786
v 0.176777 0.142500 0.176777
v 0.185786 0.142500 0.167283
v 0.194286 0.142500 0.157330
v 0.202254 0.142500 0.146946
v 0.209668 0.142500 0.136160
v 0.216506 0.142500 0.125000
v 0.222752 0.142500 0.113498
v 0.228386 0.142500 0.101684
v 0.233395 0.142500 0.089592
v 0.237764 0.142500 0.077254
v 0.241481 0.142500 0.064705
v 0.244537 0.142500 0.051978
v 0.246922 0.142500 0.039109
v 0.248630 0.142500 0.026132
v 0.249657 0.142500 0.013084
v 0.258500 0.142500 0.000000
v 0.258146 0.142500 -0.013529
v 0.257084 0.142500 -0.027021
v 0.255317 0.142500 -0.040438
v 0.252851 0.142500 -0.053745
v 0.249692 0.142500 -0.066905
v 0.245848 0.142500 -0.079881
v 0.241331 0.142500 -0.092638
v 0.236152 0.142500 -0.105141
v 0.230325 0.142500 -0.117357
v 0.223868 0.142500 -0.129250
v 0.216796 0.142500 -0.140789
v 0.209131 0.142500 -0.151942
v 0.200892 0.142500 -0.162679
v 0.192103 0.142500 -0.172970
v 0.182787 0.142500 -0.182787
v 0.172970 0.142500 -0.192103
v 0.162679 0.142500 -0.200892
v 0.151942 0.142500 -0.209131
v 0.140789 0.142500 -0.216796
v 0.129250 0.142500 -0.223868
v 0.117357 0.142500 -0.230325
v 0.105141 0.142500 -0.236152
v 0.092638 0.142500 -0.241331
v 0.079881 0.142500 -0.245848
v 0.066905 0.142500 -0.249692
v 0.053745 0.142500 -0.252851
v 0.040438 0.142500 -0.255317
v 0.027021 0.142500 -0.257084
v 0.013529 0.142500 -0.258146
v 0.000000 0.142500 -0.258500
v -0.013529 0.142500 -0.258146
v -0.027021 0.142500 -0.257084
v -0.040438 0.142500 -0.255317
v -0.053745 0.142500 -0.252851
v -0.066905 0.142500 -0.249692
v -0.079881 0.142500 -0.245848
v -0.092638 0.142500 -0.241331
v -0.105141 0.142500 -0.236152
v -0.117357 0.142500 -0.230325
v -0.129250 0.142500 -0.223868
v -0.140789 0.142500 -0.216796
v -0.151942 0.142500 -0.209131
v -0.162679 0.142500 -0.200892
v -0.172970 0.142500 -0.192103
v -0.182787 0.142500 -0.182787
v -0.192103 0.142500 -0.172970
v -0.200892 0.142500 -0.162679
v -0.209131 0.142500 -0.151942
v -0.216796 0.142500 -0.140789
v -0.223868 0.142500 -0.129250
v -0.230325 0.142500 -0.117357
v -0.236152 0.142500 -0.105141
v -0.241331 0.142500 -0.092638
v -0.245848 0.142500 -0.079881
v -0.249692 0.142500 -0.066905
v -0.252851 0.142500 -0.053745
v -0.255317 0.142500 -0.040438
v -0.257084 0.142500 -0.027021
v -0.258146 0.142500 -0.013529
v -0.258500 0.142500 -0.000000
v -0.258146 0.142500 0.013529
v -0.257084 0.142500 0.027021
v -0.255317 0.142500 0.040438
v -0.252851 0.142500 0.053745
v -0.249692 0.142500 0.066905
v -0.245848 0.142500 0.079881
v -0.241331 0.142500 0.092638
v -0.236152 0.142500 0.105141
v -0.230325 0.142500 0.117357
v -0.223868 0.142500 0.129250
v -0.216796 0.142500 0.140789
v -0.209131 0.142500 0.151942
v -0.200892 0.142500 0.162679
v -0.192103 0.142500 0.172970
v -0.182787 0.142500 0.182787
v -0.172970 0.142500 0.192103
v -0.162679 0.142500 0.200892
v -0.151942 0.142500 0.209131
v -0.140789 0.142500 0.216796
v -0.129250 0.142500 0.223868
v -0.117357 0.142500 0.230325
v -0.105141 0.142500 0.236152
v -0.092638 0.142500 0.241331
v -0.079881 0.142500 0.245848
v -0.066905 0.142500 0.249692
v -0.053745 0.142500 0.252851
v -0.040438 0.142500 0.255317
v -0.027021 0.142500 0.257084
v -0.013529 0.142500 0.258146
v -0.000000 0.142500 0.258500
v 0.013529 0.142500 0.258146
v 0.027021 0.142500 0.257084
v 0.040438 0.142500 0.255317
v 0.053745 0.142500 0.252851
v 0.066905 0.142500 0.249692
v 0.079881 0.142500 0.245848
v 0.092638 0.142500 0.241331
v 0.105141 0.142500 0.236152
v 0.117357 0.142500 0.230325
v 0.129250 0.142500 0.223868
v 0.140789 0.142500 0.216796
v 0.151942 0.142500 0.209131
v 0.162679 0.142500 0.200892
v 0.172970 0.142500 0.192103
v 0.182787 0.142500 0.182787
v 0.192103 0.142500 0.172970
v 0.200892 0.142500 0.162679
v 0.209131 0.142500 0.151942
v 0.216796 0.142500 0.140789
v 0.223868 0.142500 0.129250
v 0.230325 0.142500 0.117357
v 0.236152 0.142500 0.105141
v 0.241331 0.142500 0.092638
v 0.245848 0.142500 0.079881
v 0.249692 0.142500 0.066905
v 0.252851 0.142500 0.053745
v 0.255317 0.142500 0.040438
v 0.257084 0.142500 0.027021
v 0.258146 0.142500 0.013529
v 0.258500 0.151500 0.000000
v 0.258146 0.151500 -0.013529
v 0.257084 0.151500 -0.027021
v 0.255317 0.151500 -0.040438
v 0.252851 0.151500 -0.053745
v 0.249692 0.151500 -0.066905
v 0.245848 0.151500 -0.079881
v 0.241331 0.151500 -0.092638
v 0.236152 0.151500 -0.105141
v 0.230325 0.151500 -0.117357
v 0.223868 0.151500 -0.129250
v 0.216796 0.151500 -0.140789
v 0.209131 0.151500 -0.151942
v 0.200892 0.151500 -0.162679
v 0.192103 0.151500 -0.172970
v 0.182787 0.151500 -0.182787
v 0.172970 0.151500 -0.192103
v 0.162679 0.151500 -0.200892
v 0.151942 0.151500 -0.209131
v 0.140789 0.151500 -0.216796
v 0.129250 0.151500 -0.223868
v 0.117357 0.151500 -0.230325
v 0.105141 0.151500 -0.236152
v 0.092638 0.151500 -0.241331
v 0.079881 0.151500 -0.245848
v 0.066905 0.151500 -0.249692
v 0.053745 0.151500 -0.252851
v 0.040438 0.151500 -0.255317
v 0.027021 0.151500 -0.257084
v 0.013529 0.151500 -0.258146
v 0.000000 0.151500 -0.258500
v -0.013529 0.151500 -0.258146
v -0.027021 0.151500 -0.257084
v -0.040438 0.151500 -0.255317
v -0.053745 0.151500 -0.252851
v -0.066905 0.151500 -0.249692
v -0.079881 0.151500 -0.245848
v -0.092638 0.151500 -0.241331
v -0.105141 0.151500 -0.236152
v -0.117357 0.151500 -0.230325
v -0.129250 0.151500 -0.223868
v -0.140789 0.151500 -0.216796
v -0.151942 0.151500 -0.209131
v -0.162679 0.151500 -0.200892
v -0.172970 0.151500 -0.192103
v -0.182787 0.151500 -0.182787
v -0.192103 0.151500 -0.172970
v -0.200892 0.151500 -0.162679
v -0.209131 0.151500 -0.151942
v -0.216796 0.151500 -0.140789
v -0.223868 0.151500 -0.129250
v -0.230325 0.151500 -0.117357
v -0.236152 0.151500 -0.105141
v -0.241331 0.151500 -0.092638
v -0.245848 0.151500 -0.079881
v -0.249692 0.151500 -0.066905
v -0.252851 0.151500 -0.053745
v -0.255317 0.151500 -0.040438
v -0.257084 0.151500 -0.027021
v -0.258146 0.151500 -0.013529
v -0.258500 0.151500 -0.000000
v -0.258146 0.151500 0.013529
v -0.257084 0.151500 0.027021
v -0.255317 0.151500 0.040438
v -0.252851 0.151500 0.053745
v -0.249692 0.151500 0.066905
v -0.245848 0.151500 0.079881
v -0.241331 0.151500 0.092638
v -0.236152 0.151500 0.105141
v -0.230325 0.151500 0.117357
v -0.223868 0.151500 0.129250
v -0.216796 0.151500 0.140789
v -0.209131 0.151500 0.151942
v -0.200892 0.151500 0.162679
v -0.192103 0.151500 0.172970
v -0.182787 0.151500 0.182787
v -0.172970 0.151500 0.192103
v -0.162679 0.151500 0.200892
v -0.151942 0.151500 0.209131
v -0.140789 0.151500 0.216796
v -0.129250 0.151500 0.223868
v -0.117357 0.151500 0.230325
v -0.105141 0.151500 0.236152
v -0.092638 0.151500 0.241331
v -0.079881 0.151500 0.245848
v -0.066905 0.151500 0.249692
v -0.053745 0.151500 0.252851
v -0.040438 0.151500 0.255317
v -0.027021 0.151500 0.257084
v -0.013529 0.151500 0.258146
v -0.000000 0.151500 0.258500
v 0.013529 0.151500 0.258146
v 0.027021 0.151500 0.257084
v 0.040438 0.151500 0.255317
v 0.053745 0.151500 0.252851
v 0.066905 0.151500 0.249692
v 0.079881 0.151500 0.245848
v 0.092638 0.151500 0.241331
v 0.105141 0.151500 0.236152
v 0.117357 0.151500 0.230325
v 0.129250 0.151500 0.223868
v 0.140789 0.151500 0.216796
v 0.151942 0.151500 0.209131
v 0.162679 0.151500 0.200892
v 0.172970 0.151500 0.192103
v 0.182787 0.151500 0.182787
v 0.192103 0.151500 0.172970
v 0.200892 0.151500 0.162679
v 0.209131 0.151500 0.151942
v 0.216796 0.151500 0.140789
v 0.223868 0.151500 0.129250
v 0.230325 0.151500 0.117357
v 0.236152 0.151500 0.105141
v 0.241331 0.151500 0.092638
v 0.245848 0.151500 0.079881
v 0.249692 0.151500 0.066905
v 0.252851 0.151500 0.053745
v 0.255317 0.151500 0.040438
v 0.257084 0.151500 0.027021
v 0.258146 0.151500 0.013529
v 0.250000 0.151500 0.000000
v 0.249657 0.151500 -0.013084
v 0.248630 0.151500 -0.026132
v 0.246922 0.151500 -0.039109
v 0.244537 0.151500 -0.051978
v 0.241481 0.151500 -0.064705
v 0.237764 0.151500 -0.077254
v 0.233395 0.151500 -0.089592
v 0.228386 0.151500 -0.101684
v 0.222752 0.151500 -0.113498
v 0.216506 0.151500 -0.125000
v 0.209668 0.151500 -0.136160
v 0.202254 0.151500 -0.146946
v 0.194286 0.151500 -0.157330
v 0.185786 0.151500 -0.167283
v 0.176777 0.151500 -0.176777
v 0.167283 0.151500 -0.185786
v 0.157330 0.151500 -0.194286
v 0.146946 0.151500 -0.202254
v 0.136160 0.151500 -0.209668
v 0.125000 0.151500 -0.216506
v 0.113498 0.151500 -0.222752
v 0.101684 0.151500 -0.228386
v 0.089592 0.151500 -0.233395
v 0.077254 0.151500 -0.237764
v 0.064705 0.151500 -0.241481
v 0.051978 0.151500 -0.244537
v 0.039109 0.151500 -0.246922
v 0.026132 0.151500 -0.248630
v 0.013084 0.151500 -0.249657
v 0.000000 0.151500 -0.250000
v -0.013084 0.151500 -0.249657
v -0.026132 0.151500 -0.248630
v -0.039109 0.151500 -0.246922
v -0.051978 0.151500 -0.244537
v -0.064705 0.151500 -0.241481
v -0.077254 0.151500 -0.237764
v -0.089592 0.151500 -0.233395
v -0.101684 0.151500 -0.228386
v -0.113498 0.151500 -0.222752
v -0.125000 0.151500 -0.216506
v -0.136160 0.151500 -0.209668
v -0.146946 0.151500 -0.202254
v -0.157330 0.151500 -0.194286
v -0.167283 0.151500 -0.185786
v -0.176777 0.151500 -0.176777
v -0.185786 0.151500 -0.167283
v -0.194286 0.151500 -0.157330
v -0.202254 0.151500 -0.146946
v -0.209668 0.151500 -0.136160
v -0.216506 0.151500 -0.125000
v -0.222752 0.151500 -0.113498
v -0.228386 0.151500 -0.101684
v -0.233395 0.151500 -0.089592
v -0.237764 0.151500 -0.077254
v -0.241481 0.151500 -0.064705
v -0.244537 0.151500 -0.051978
v -0.246922 0.151500 -0.039109
v -0.248630 0.151500 -0.026132
v -0.249657 0.151500 -0.013084
v -0.250000 0.151500 -0.000000
v -0.249657 0.151500 0.013084
v -0.248630 0.151500 0.026132
v -0.246922 0.151500 0.039109
v -0.244537 0.151500 0.051978
v -0.241481 0.151500 0.064705
v -0.237764 0.151500 0.077254
v -0.233395 0.151500 0.089592
v -0.228386 0.151500 0.101684
v -0.222752 0.151500 0.113498
v -0.216506 0.151500 0.125000
v -0.209668 0.151500 0.136160
v -0.202254 0.151500 0.146946
v -0.194286 0.151500 0.157330
v -0.185786 0.151500 0.167283
v -0.176777 0.151500 0.176777
v -0.167283 0.151500 0.185786
v -0.157330 0.151500 0.194286
v -0.146946 0.151500 0.202254
v -0.136160 0.151500 0.209668
v -0.125000 0.151500 0.216506
v -0.113498 0.151500 0.222752
v -0.101684 0.151500 0.228386
v -0.089592 0.151500 0.233395
v -0.077254 0.151500 0.237764
v -0.064705 0.151500 0.241481
v -0.051978 0.151500 0.244537
v -0.039109 0.151500 0.246922
v -0.026132 0.151500 0.248630
v -0.013084 0.151500 0.249657
v -0.000000 0.151500 0.250000
v 0.013084 0.151500 0.249657
v 0.026132 0.151500 0.248630
v 0.039109 0.151500 0.246922
v 0.051978 0.151500 0.244537
v 0.064705 0.151500 0.241481
v 0.077254 0.151500 0.237764
v 0.089592 0.151500 0.233395
v 0.101684 0.151500 0.228386
v 0.113498 0.151500 0.222752
v 0.125000 0.151500 0.216506
v 0.136160 0.151500 0.209668
v 0.146946 0.151500 0.202254
v 0.157330 0.151500 0.194286
v 0.167283 0.151500 0.185786
v 0.176777 0.151500 0.176777
v 0.185786 0.151500 0.167283
v 0.194286 0.151500 0.157330
v 0.202254 0.151500 0.146946
v 0.209668 0.151500 0.136160
v 0.216506 0.151500 0.125000
v 0.222752 0.151500 0.113498
v 0.228386 0.151500 0.101684
v 0.233395 0.151500 0.089592
v 0.237764 0.151500 0.077254
v 0.241481 0.151500 0.064705
v 0.244537 0.151500 0.051978
v 0.246922 0.151500 0.039109
v 0.248630 0.151500 0.026132
v 0.249657 0.151500 0.013084
vn -0.7070 0.0179 0.7070
vn -0.8282 0.0229 0.5600
vn -0.6844 0.4550 0.5697
vn -0.6721 0.3107 0.6721
vn -0.0000 -1.0000 -0.0000
vn 0.2588 -0.9659 -0.0000
vn 0.2580 -0.9659 -0.0203
vn 0.5015 -0.8643 -0.0395
vn 0.5030 -0.8643 -0.0000
vn 0.2556 -0.9659 -0.0405
vn 0.4968 -0.8643 -0.0787
vn 0.2517 -0.9659 -0.0604
vn 0.4891 -0.8643 -0.1174
vn 0.2462 -0.9659 -0.0800
vn 0.4784 -0.8643 -0.1554
vn 0.2391 -0.9659 -0.0990
vn 0.4647 -0.8643 -0.1925
vn 0.2306 -0.9659 -0.1175
vn 0.4482 -0.8643 -0.2284
vn 0.2207 -0.9659 -0.1352
vn 0.4289 -0.8643 -0.2628
vn 0.2094 -0.9659 -0.1521
vn 0.4069 -0.8643 -0.2957
vn 0.1968 -0.9659 -0.1681
vn 0.3825 -0.8643 -0.3267
vn 0.1830 -0.9659 -0.1830
vn 0.3557 -0.8643 -0.3557
vn 0.1681 -0.9659 -0.1968
vn 0.3267 -0.8643 -0.3825
vn 0.1521 -0.9659 -0.2094
vn 0.2957 -0.8643 -0.4069
vn 0.1352 -0.9659 -0.2207
vn 0.2628 -0.8643 -0.4289
vn 0.1175 -0.9659 -0.2306
vn 0.2284 -0.8643 -0.4482
vn 0.0990 -0.9659 -0.2391
vn 0.1925 -0.8643 -0.4647
vn 0.0800 -0.9659 -0.2462
vn 0.1554 -0.8643 -0.4784
vn 0.0604 -0.9659 -0.2517
vn 0.1174 -0.8643 -0.4891
vn 0.0405 -0.9659 -0.2556
vn 0.0787 -0.8643 -0.4968
vn 0.0203 -0.9659 -0.2580
vn 0.0395 -0.8643 -0.5015
vn -0.0000 -0.9659 -0.2588
vn -0.0000 -0.8643 -0.5030
vn -0.0203 -0.9659 -0.2580
vn -0.0395 -0.8643 -0.5015
vn -0.0405 -0.9659 -0.2556
vn -0.0787 -0.8643 -0.4968
vn -0.0604 -0.9659 -0.2517
vn -0.1174 -0.8643 -0.4891
vn -0.0800 -0.9659 -0.2462
vn -0.1554 -0.8643 -0.4784
vn -0.0990 -0.9659 -0.2391
vn -0.1925 -0.8643 -0.4647
vn -0.1175 -0.9659 -0.2306
vn -0.2284 -0.8643 -0.4482
vn -0.1352 -0.9659 -0.2207
vn -0.2628 -0.8643 -0.4289
vn -0.1521 -0.9659 -0.2094
vn -0.2957 -0.8643 -0.4069
vn -0.1681 -0.9659 -0.1968
vn -0.3267 -0.8643 -0.3825
vn -0.1830 -0.9659 -0.1830
vn -0.3557 -0.8643 -0.3557
vn -0.1968 -0.9659 -0.1681
vn -0.3825 -0.8643 -0.3267
vn -0.2094 -0.9659 -0.1521
vn -0.4069 -0.8643 -0.2957
vn -0.2207 -0.9659 -0.1352
vn -0.4289 -0.8643 -0.2628
vn -0.2306 -0.9659 -0.1175
vn -0.4482 -0.8643 -0.2284
vn -0.2391 -0.9659 -0.0990
vn -0.4647 -0.8643 -0.1925
vn -0.2462 -0.9659 -0.0800
vn -0.4784 -0.8643 -0.1554
vn -0.2517 -0.9659 -0.0604
vn -0.4891 -0.8643 -0.1174
vn -0.2556 -0.9659 -0.0405
vn -0.4968 -0.8643 -0.0787
vn -0.2580 -0.9659 -0.0203
vn -0.5015 -0.8643 -0.0395
vn -0.2588 -0.9659 -0.0000
vn -0.5030 -0.8643 -0.0000
vn -0.2580 -0.9659 0.0203
vn -0.5015 -0.8643 0.0395
vn -0.2556 -0.9659 0.0405
vn -0.4968 -0.8643 0.0787
vn -0.2517 -0.9659 0.0604
vn -0.4891 -0.8643 0.1174
vn -0.2462 -0.9659 0.0800
vn -0.4784 -0.8643 0.1554
vn -0.2391 -0.9659 0.0990
vn -0.4647 -0.8643 0.1925
vn -0.2306 -0.9659 0.1175
vn -0.4482 -0.8643 0.2284
vn -0.2207 -0.9659 0.1352
vn -0.4289 -0.8643 0.2628
vn -0.2094 -0.9659 0.1521
vn -0.4069 -0.8643 0.2957
vn -0.1968 -0.9659 0.1681
vn -0.3825 -0.8643 0.3267
vn -0.1830 -0.9659 0.1830
vn -0.3557 -0.8643 0.3557
vn -0.1681 -0.9659 0.1968
vn -0.3267 -0.8643 0.3825
vn -0.1521 -0.9659 0.2094
vn -0.2957 -0.8643 0.4069
vn -0.1352 -0.9659 0.2207
vn -0.2628 -0.8643 0.4289
vn -0.1175 -0.9659 0.2306
vn -0.2284 -0.8643 0.4482
vn -0.0990 -0.9659 0.2391
vn -0.1925 -0.8643 0.4647
vn -0.0800 -0.9659 0.2462
vn -0.1554 -0.8643 0.4784
vn -0.0604 -0.9659 0.2517
vn -0.1174 -0.8643 0.4891
vn -0.0405 -0.9659 0.2556
vn -0.0787 -0.8643 0.4968
vn -0.0203 -0.9659 0.2580
vn -0.0395 -0.8643 0.5015
vn -0.0000 -0.9659 0.2588
vn -0.0000 -0.8643 0.5030
vn 0.0203 -0.9659 0.2580
vn 0.0395 -0.8643 0.5015
vn 0.0405 -0.9659 0.2556
vn 0.0787 -0.8643 0.4968
vn 0.0604 -0.9659 0.2517
vn 0.1174 -0.8643 0.4891
vn 0.0800 -0.9659 0.2462
vn 0.1554 -0.8643 0.4784
vn 0.0990 -0.9659 0.2391
vn 0.1925 -0.8643 0.4647
vn 0.1175 -0.9659 0.2306
vn 0.2284 -0.8643 0.4482
vn 0.1352 -0.9659 0.2207
vn 0.2628 -0.8643 0.4289
vn 0.1521 -0.9659 0.2094
vn 0.2957 -0.8643 0.4069
vn 0.1681 -0.9659 0.1968
vn 0.3267 -0.8643 0.3825
vn 0.1830 -0.9659 0.1830
vn 0.3557 -0.8643 0.3557
vn 0.1968 -0.9659 0.1681
vn 0.3825 -0.8643 0.3267
vn 0.2094 -0.9659 0.1521
vn 0.4069 -0.8643 0.2957
vn 0.2207 -0.9659 0.1352
vn 0.4289 -0.8643 0.2628
vn 0.2306 -0.9659 0.1175
vn 0.4482 -0.8643 0.2284
vn 0.2391 -0.9659 0.0990
vn 0.4647 -0.8643 0.1925
vn 0.2462 -0.9659 0.0800
vn 0.4784 -0.8643 0.1554
vn 0.2517 -0.9659 0.0604
vn 0.4891 -0.8643 0.1174
vn 0.2556 -0.9659 0.0405
vn 0.4968 -0.8643 0.0787
vn 0.2580 -0.9659 0.0203
vn 0.5015 -0.8643 0.0395
vn 0.8409 -0.5395 -0.0431
vn 0.8126 -0.5825 0.0175
vn 0.8563 -0.4981 -0.1367
vn 0.8460 -0.4852 -0.2212
vn 0.7783 -0.5825 -0.2345
vn 0.7864 -0.5395 -0.3008
vn 0.7721 -0.4981 -0.3946
vn 0.7362 -0.4852 -0.4718
vn 0.6677 -0.5825 -0.4635
vn 0.6549 -0.5395 -0.5291
vn 0.6124 -0.4981 -0.6139
vn 0.5544 -0.4852 -0.6762
vn 0.4918 -0.5825 -0.6471
vn 0.4594 -0.5395 -0.7056
vn 0.3927 -0.4981 -0.7731
vn 0.3183 -0.4852 -0.8144
vn 0.2678 -0.5825 -0.7674
vn 0.2188 -0.5395 -0.8130
vn 0.1346 -0.4981 -0.8566
vn 0.0511 -0.4852 -0.8729
vn 0.0175 -0.5825 -0.8126
vn -0.0431 -0.5395 -0.8409
vn -0.1367 -0.4981 -0.8563
vn -0.2212 -0.4852 -0.8460
vn -0.2345 -0.5825 -0.7783
vn -0.3008 -0.5395 -0.7864
vn -0.3946 -0.4981 -0.7721
vn -0.4718 -0.4852 -0.7362
vn -0.4635 -0.5825 -0.6677
vn -0.5291 -0.5395 -0.6549
vn -0.6139 -0.4981 -0.6124
vn -0.6762 -0.4852 -0.5544
vn -0.6471 -0.5825 -0.4918
vn -0.7056 -0.5395 -0.4594
vn -0.7731 -0.4981 -0.3927
vn -0.8144 -0.4852 -0.3183
vn -0.7674 -0.5825 -0.2678
vn -0.8130 -0.5395 -0.2188
vn -0.8566 -0.4981 -0.1346
vn -0.8729 -0.4852 -0.0511
vn -0.8126 -0.5825 -0.0175
vn -0.8409 -0.5395 0.0431
vn -0.8563 -0.4981 0.1367
vn -0.8460 -0.4852 0.2212
vn -0.7783 -0.5825 0.2345
vn -0.7864 -0.5395 0.3008
vn -0.7721 -0.4981 0.3946
vn -0.7362 -0.4852 0.4718
vn -0.6677 -0.5825 0.4635
vn -0.6549 -0.5395 0.5291
vn -0.6124 -0.4981 0.6139
vn -0.5544 -0.4852 0.6762
vn -0.4918 -0.5825 0.6471
vn -0.4594 -0.5395 0.7056
vn -0.3927 -0.4981 0.7731
vn -0.3183 -0.4852 0.8144
vn -0.2678 -0.5825 0.7674
vn -0.2188 -0.5395 0.8130
vn -0.1346 -0.4981 0.8566
vn -0.0511 -0.4852 0.8729
vn -0.0175 -0.5825 0.8126
vn 0.0431 -0.5395 0.8409
vn 0.1367 -0.4981 0.8563
vn 0.2212 -0.4852 0.8460
vn 0.2345 -0.5825 0.7783
vn 0.3008 -0.5395 0.7864
vn 0.3946 -0.4981 0.7721
vn 0.4718 -0.4852 0.7362
vn 0.4635 -0.5825 0.6677
vn 0.5291 -0.5395 0.6549
vn 0.6139 -0.4981 0.6124
vn 0.6762 -0.4852 0.5544
vn 0.6471 -0.5825 0.4918
vn 0.7056 -0.5395 0.4594
vn 0.7731 -0.4981 0.3927
vn 0.8144 -0.4852 0.3183
vn 0.7674 -0.5825 0.2678
vn 0.8130 -0.5395 0.2188
vn 0.8566 -0.4981 0.1346
vn 0.8729 -0.4852 0.0511
vn 0.9724 -0.0118 -0.2331
vn 0.9999 -0.0137 -0.0000
vn 0.8379 0.4021 -0.3691
vn 0.9149 0.0225 -0.4030
vn 0.9894 -0.0106 0.1446
vn 0.9522 -0.0101 0.3052
vn 0.9940 -0.0301 -0.1054
vn 0.9378 -0.0010 -0.3472
vn 0.8680 0.0068 -0.4966
vn 0.9995 -0.0213 0.0241
vn 0.9789 0.0068 0.2040
vn 0.9780 -0.0143 -0.2079
vn 0.8963 -0.0106 -0.4433
vn 0.8357 0.0059 -0.5491
vn 0.9559 0.1168 -0.2696
vn 0.9977 -0.0214 -0.0642
vn 0.9945 -0.0281 0.1005
vn 0.9510 -0.0137 -0.3090
vn 0.8528 -0.0118 -0.5222
vn 0.6828 0.4021 -0.6099
vn 0.7456 0.0225 -0.6660
vn 0.9857 -0.0106 -0.1682
vn 0.9999 -0.0101 -0.0040
vn 0.9128 -0.0301 -0.4074
vn 0.7846 -0.0010 -0.6200
vn 0.6721 0.0068 -0.7405
vn 0.9580 -0.0213 -0.2860
vn 0.9941 0.0068 -0.1085
vn 0.8659 -0.0143 -0.4999
vn 0.7155 -0.0106 -0.6986
vn 0.6251 0.0059 -0.7805
vn 0.8258 0.1168 -0.5518
vn 0.9290 -0.0215 -0.3694
vn 0.9769 -0.0281 -0.2117
vn 0.8089 -0.0137 -0.5877
vn 0.6497 -0.0118 -0.7601
vn 0.4609 0.4021 -0.7911
vn 0.5033 0.0225 -0.8638
vn 0.8855 -0.0106 -0.4646
vn 0.9498 -0.0101 -0.3128
vn 0.7422 -0.0301 -0.6695
vn 0.5546 -0.0010 -0.8321
vn 0.4104 0.0068 -0.9119
vn 0.8227 -0.0213 -0.5680
vn 0.9119 0.0068 -0.4104
vn 0.6691 -0.0143 -0.7431
vn 0.4646 -0.0106 -0.8855
vn 0.3534 0.0059 -0.9355
vn 0.6149 0.1168 -0.7799
vn 0.7694 -0.0215 -0.6384
vn 0.8637 -0.0281 -0.5032
vn 0.5877 -0.0137 -0.8089
vn 0.3830 -0.0118 -0.9237
vn 0.1939 0.4021 -0.8948
vn 0.2118 0.0225 -0.9771
vn 0.6986 -0.0106 -0.7155
vn 0.8066 -0.0101 -0.5910
vn 0.4990 -0.0301 -0.8661
vn 0.2704 -0.0010 -0.9628
vn 0.1085 0.0068 -0.9941
vn 0.6069 -0.0213 -0.7945
vn 0.7405 0.0068 -0.6721
vn 0.4067 -0.0143 -0.9134
vn 0.1682 -0.0106 -0.9857
vn 0.0470 0.0059 -0.9989
vn 0.3437 0.1168 -0.9318
vn 0.5344 -0.0215 -0.8449
vn 0.6659 -0.0281 -0.7455
vn 0.3090 -0.0137 -0.9510
vn 0.0788 -0.0118 -0.9968
vn -0.0921 0.4021 -0.9109
vn -0.1005 0.0225 -0.9947
vn 0.4433 -0.0106 -0.8963
vn 0.5845 -0.0101 -0.8113
vn 0.2069 -0.0301 -0.9779
vn -0.0404 -0.0010 -0.9992
vn -0.2040 0.0068 -0.9789
vn 0.3317 -0.0213 -0.9431
vn 0.4965 0.0068 -0.8680
vn 0.1045 -0.0144 -0.9944
vn -0.1446 -0.0106 -0.9894
vn -0.2640 0.0059 -0.9645
vn 0.0390 0.1168 -0.9924
vn 0.2472 -0.0215 -0.9687
vn 0.4029 -0.0281 -0.9148
vn -0.0000 -0.0137 -0.9999
vn -0.2331 -0.0118 -0.9724
vn -0.3691 0.4021 -0.8379
vn -0.4030 0.0225 -0.9149
vn 0.1446 -0.0106 -0.9894
vn 0.3052 -0.0101 -0.9522
vn -0.1054 -0.0301 -0.9940
vn -0.3472 -0.0010 -0.9378
vn -0.4965 0.0068 -0.8680
vn 0.0241 -0.0213 -0.9995
vn 0.2040 0.0068 -0.9789
vn -0.2079 -0.0143 -0.9780
vn -0.4433 -0.0106 -0.8963
vn -0.5491 0.0059 -0.8357
vn -0.2696 0.1168 -0.9559
vn -0.0643 -0.0215 -0.9977
vn 0.1005 -0.0281 -0.9945
vn -0.3090 -0.0137 -0.9510
vn -0.5222 -0.0118 -0.8528
vn -0.6099 0.4021 -0.6828
vn -0.6660 0.0225 -0.7456
vn -0.1682 -0.0106 -0.9857
vn -0.0040 -0.0101 -0.9999
vn -0.4074 -0.0301 -0.9128
vn -0.6200 -0.0010 -0.7846
vn -0.7405 0.0068 -0.6721
vn -0.2860 -0.0213 -0.9580
vn -0.1085 0.0068 -0.9941
vn -0.4999 -0.0143 -0.8659
vn -0.6986 -0.0106 -0.7155
vn -0.7805 0.0059 -0.6251
vn -0.5518 0.1168 -0.8258
vn -0.3694 -0.0215 -0.9290
vn -0.2117 -0.0281 -0.9769
vn -0.5877 -0.0137 -0.8089
vn -0.7601 -0.0118 -0.6497
vn -0.7911 0.4021 -0.4609
vn -0.8638 0.0225 -0.5033
vn -0.4646 -0.0106 -0.8855
vn -0.3128 -0.0101 -0.9498
vn -0.6695 -0.0301 -0.7422
vn -0.8321 -0.0010 -0.5546
vn -0.9119 0.0068 -0.4104
vn -0.5680 -0.0213 -0.8227
vn -0.4104 0.0068 -0.9119
vn -0.7431 -0.0143 -0.6691
vn -0.8855 -0.0106 -0.4646
vn -0.9355 0.0059 -0.3534
vn -0.7799 0.1168 -0.6149
vn -0.6384 -0.0215 -0.7694
vn -0.5032 -0.0281 -0.8637
vn -0.8089 -0.0137 -0.5877
vn -0.9237 -0.0118 -0.3830
vn -0.8948 0.4021 -0.1939
vn -0.9770 0.0225 -0.2118
vn -0.7155 -0.0106 -0.6986
vn -0.5910 -0.0101 -0.8066
vn -0.8661 -0.0301 -0.4990
vn -0.9628 -0.0010 -0.2704
vn -0.9941 0.0068 -0.1085
vn -0.7945 -0.0213 -0.6069
vn -0.6721 0.0068 -0.7405
vn -0.9134 -0.0143 -0.4067
vn -0.9857 -0.0106 -0.1682
vn -0.9989 0.0059 -0.0470
vn -0.9318 0.1168 -0.3437
vn -0.8449 -0.0215 -0.5344
vn -0.7455 -0.0281 -0.6659
vn -0.9510 -0.0137 -0.3090
vn -0.9968 -0.0118 -0.0788
vn -0.9109 0.4021 0.0921
vn -0.9947 0.0225 0.1006
vn -0.8963 -0.0106 -0.4433
vn -0.8113 -0.0101 -0.5845
vn -0.9779 -0.0301 -0.2069
vn -0.9992 -0.0010 0.0404
vn -0.9789 0.0068 0.2040
vn -0.9431 -0.0213 -0.3317
vn -0.8680 0.0068 -0.4965
vn -0.9944 -0.0143 -0.1045
vn -0.9894 -0.0106 0.1446
vn -0.9645 0.0059 0.2640
vn -0.9924 0.1168 -0.0390
vn -0.9687 -0.0215 -0.2472
vn -0.9148 -0.0281 -0.4029
vn -0.9999 -0.0137 -0.0000
vn -0.9724 -0.0118 0.2331
vn -0.8379 0.4021 0.3691
vn -0.9149 0.0225 0.4030
vn -0.9894 -0.0106 -0.1446
vn -0.9522 -0.0101 -0.3052
vn -0.9940 -0.0301 0.1054
vn -0.9378 -0.0010 0.3472
vn -0.8680 0.0068 0.4966
vn -0.9995 -0.0213 -0.0241
vn -0.9789 0.0068 -0.2040
vn -0.9780 -0.0143 0.2079
vn -0.8963 -0.0106 0.4433
vn -0.8357 0.0059 0.5491
vn -0.9559 0.1168 0.2696
vn -0.9977 -0.0214 0.0642
vn -0.9945 -0.0281 -0.1005
vn -0.9510 -0.0137 0.3090
vn -0.8528 -0.0118 0.5222
vn -0.6828 0.4021 0.6099
vn -0.7456 0.0225 0.6660
vn -0.9857 -0.0106 0.1682
vn -0.9999 -0.0101 0.0040
vn -0.9128 -0.0301 0.4074
vn -0.7846 -0.0010 0.6200
vn -0.6721 0.0068 0.7405
vn -0.9580 -0.0213 0.2860
vn -0.9941 0.0068 0.1085
vn -0.8659 -0.0143 0.4999
vn -0.7155 -0.0106 0.6986
vn -0.6251 0.0059 0.7805
vn -0.8258 0.1168 0.5518
vn -0.9290 -0.0215 0.3694
vn -0.9769 -0.0281 0.2117
vn -0.8089 -0.0137 0.5877
vn -0.6497 -0.0118 0.7601
vn -0.4609 0.4021 0.7911
vn -0.5033 0.0225 0.8638
vn -0.8855 -0.0106 0.4646
vn -0.9498 -0.0101 0.3128
vn -0.7422 -0.0301 0.6695
vn -0.5546 -0.0010 0.8321
vn -0.4104 0.0068 0.9119
vn -0.8227 -0.0213 0.5680
vn -0.9119 0.0068 0.4104
vn -0.6691 -0.0143 0.7431
vn -0.4646 -0.0106 0.8855
vn -0.3534 0.0059 0.9355
vn -0.6149 0.1168 0.7799
vn -0.7694 -0.0214 0.6384
vn -0.8637 -0.0281 0.5032
vn -0.5877 -0.0137 0.8089
vn -0.3830 -0.0118 0.9237
vn -0.1939 0.4021 0.8948
vn -0.2118 0.0225 0.9771
vn -0.6986 -0.0106 0.7155
vn -0.8066 -0.0101 0.5910
vn -0.4990 -0.0301 0.8661
vn -0.2704 -0.0010 0.9628
vn -0.1085 0.0068 0.9941
vn -0.6069 -0.0213 0.7945
vn -0.7405 0.0068 0.6721
vn -0.4067 -0.0143 0.9134
vn -0.1682 -0.0106 0.9857
vn -0.0470 0.0059 0.9989
vn -0.3437 0.1168 0.9318
vn -0.5344 -0.0215 0.8449
vn -0.6659 -0.0281 0.7455
vn -0.3090 -0.0137 0.9510
vn -0.0788 -0.0118 0.9968
vn 0.0921 0.4021 0.9109
vn 0.1005 0.0225 0.9947
vn -0.4433 -0.0106 0.8963
vn -0.5845 -0.0101 0.8113
vn -0.2069 -0.0301 0.9779
vn 0.0404 -0.0010 0.9992
vn 0.2040 0.0068 0.9789
vn -0.3317 -0.0213 0.9431
vn -0.4965 0.0068 0.8680
vn -0.1045 -0.0144 0.9944
vn 0.1446 -0.0106 0.9894
vn 0.2640 0.0059 0.9645
vn -0.0390 0.1168 0.9924
vn -0.2472 -0.0215 0.9687
vn -0.4029 -0.0281 0.9148
vn -0.0000 -0.0137 0.9999
vn 0.2331 -0.0118 0.9724
vn 0.3691 0.4021 0.8379
vn 0.4030 0.0225 0.9149
vn -0.1446 -0.0106 0.9894
vn -0.3052 -0.0101 0.9522
vn 0.1054 -0.0301 0.9940
vn 0.3472 -0.0010 0.9378
vn 0.4965 0.0068 0.8680
vn -0.0241 -0.0213 0.9995
vn -0.2040 0.0068 0.9789
vn 0.2079 -0.0143 0.9780
vn 0.4433 -0.0106 0.8963
vn 0.5491 0.0059 0.8357
vn 0.2696 0.1168 0.9559
vn 0.0643 -0.0215 0.9977
vn -0.1005 -0.0281 0.9945
vn 0.3090 -0.0137 0.9510
vn 0.5222 -0.0118 0.8528
vn 0.6099 0.4021 0.6828
vn 0.6660 0.0225 0.7456
vn 0.1682 -0.0106 0.9857
vn 0.0040 -0.0101 0.9999
vn 0.4074 -0.0301 0.9128
vn 0.6200 -0.0010 0.7846
vn 0.7405 0.0068 0.6721
vn 0.2860 -0.0213 0.9580
vn 0.1085 0.0068 0.9941
vn 0.4999 -0.0143 0.8659
vn 0.6986 -0.0106 0.7155
vn 0.7805 0.0059 0.6251
vn 0.5518 0.1168 0.8258
vn 0.3694 -0.0215 0.9290
vn 0.2117 -0.0281 0.9769
vn 0.5877 -0.0137 0.8089
vn 0.7601 -0.0118 0.6497
vn 0.7911 0.4021 0.4609
vn 0.8638 0.0225 0.5033
vn 0.4646 -0.0106 0.8855
vn 0.3128 -0.0101 0.9498
vn 0.6695 -0.0301 0.7422
vn 0.8321 -0.0010 0.5546
vn 0.9119 0.0068 0.4104
vn 0.5680 -0.0213 0.8227
vn 0.4104 0.0068 0.9119
vn 0.7431 -0.0143 0.6691
vn 0.8855 -0.0106 0.4646
vn 0.9355 0.0059 0.3534
vn 0.7799 0.1168 0.6149
vn 0.6384 -0.0215 0.7694
vn 0.5032 -0.0281 0.8637
vn 0.8089 -0.0137 0.5877
vn 0.9237 -0.0118 0.3830
vn 0.8948 0.4021 0.1939
vn 0.9770 0.0225 0.2118
vn 0.7155 -0.0106 0.6986
vn 0.5910 -0.0101 0.8066
vn 0.8661 -0.0301 0.4990
vn 0.9628 -0.0010 0.2704
vn 0.9941 0.0068 0.1085
vn 0.7945 -0.0213 0.6069
vn 0.6721 0.0068 0.7405
vn 0.9134 -0.0143 0.4067
vn 0.9857 -0.0106 0.1682
vn 0.9989 0.0059 0.0470
vn 0.9318 0.1168 0.3437
vn 0.8449 -0.0215 0.5344
vn 0.7455 -0.0281 0.6659
vn 0.9510 -0.0137 0.3090
vn 0.9968 -0.0118 0.0788
vn 0.9109 0.4021 -0.0921
vn 0.9947 0.0225 -0.1006
vn 0.8963 -0.0106 0.4433
vn 0.8113 -0.0101 0.5845
vn 0.9779 -0.0301 0.2069
vn 0.9992 -0.0010 -0.0404
vn 0.9789 0.0068 -0.2040
vn 0.9431 -0.0213 0.3317
vn 0.8680 0.0068 0.4965
vn 0.9944 -0.0143 0.1045
vn 0.9894 -0.0106 -0.1446
vn 0.9645 0.0059 -0.2640
vn 0.9924 0.1168 0.0390
vn 0.9687 -0.0215 0.2472
vn 0.9148 -0.0281 0.4029
vn 0.9703 0.0229 -0.2407
vn 0.9996 0.0288 -0.0000
vn 0.9985 0.0179 -0.0523
vn 0.9902 0.0229 0.1380
vn 0.9941 0.0288 -0.1045
vn 0.9398 0.0229 -0.3408
vn 0.9875 0.0179 -0.1564
vn 0.9992 0.0229 0.0337
vn 0.9777 0.0288 -0.2078
vn 0.8991 0.0229 -0.4372
vn 0.9658 0.0179 -0.2588
vn 0.9972 0.0229 -0.0709
vn 0.9507 0.0288 -0.3089
vn 0.8484 0.0229 -0.5288
vn 0.9334 0.0179 -0.3583
vn 0.9843 0.0229 -0.1748
vn 0.9132 0.0288 -0.4066
vn 0.7885 0.0229 -0.6146
vn 0.8909 0.0179 -0.4539
vn 0.9607 0.0229 -0.2767
vn 0.8657 0.0288 -0.4998
vn 0.7200 0.0229 -0.6936
vn 0.8385 0.0179 -0.5446
vn 0.9265 0.0229 -0.3756
vn 0.8087 0.0288 -0.5875
vn 0.6435 0.0229 -0.7651
vn 0.7770 0.0179 -0.6292
vn 0.8822 0.0229 -0.4704
vn 0.7428 0.0288 -0.6688
vn 0.5600 0.0229 -0.8282
vn 0.7070 0.0179 -0.7070
vn 0.8282 0.0229 -0.5600
vn 0.6689 0.0288 -0.7428
vn 0.4704 0.0229 -0.8822
vn 0.6292 0.0179 -0.7770
vn 0.7651 0.0229 -0.6435
vn 0.5875 0.0288 -0.8087
vn 0.3756 0.0229 -0.9265
vn 0.5446 0.0179 -0.8385
vn 0.6936 0.0229 -0.7200
vn 0.4998 0.0288 -0.8657
vn 0.2767 0.0229 -0.9607
vn 0.4539 0.0179 -0.8909
vn 0.6146 0.0229 -0.7885
vn 0.4066 0.0288 -0.9132
vn 0.1748 0.0229 -0.9843
vn 0.3583 0.0180 -0.9334
vn 0.5288 0.0229 -0.8484
vn 0.3089 0.0288 -0.9507
vn 0.0709 0.0229 -0.9972
vn 0.2588 0.0179 -0.9658
vn 0.4372 0.0229 -0.8991
vn 0.2078 0.0288 -0.9777
vn -0.0337 0.0229 -0.9992
vn 0.1564 0.0180 -0.9875
vn 0.3408 0.0229 -0.9398
vn 0.1045 0.0288 -0.9941
vn -0.1380 0.0229 -0.9902
vn 0.0523 0.0179 -0.9985
vn 0.2407 0.0229 -0.9703
vn -0.0000 0.0288 -0.9996
vn -0.2407 0.0229 -0.9703
vn -0.0523 0.0179 -0.9985
vn 0.1380 0.0229 -0.9902
vn -0.1045 0.0288 -0.9941
vn -0.3408 0.0229 -0.9398
vn -0.1564 0.0179 -0.9875
vn 0.0337 0.0229 -0.9992
vn -0.2078 0.0288 -0.9777
vn -0.4372 0.0229 -0.8991
vn -0.2588 0.0179 -0.9658
vn -0.0709 0.0229 -0.9972
vn -0.3089 0.0288 -0.9507
vn -0.5288 0.0229 -0.8484
vn -0.3583 0.0180 -0.9334
vn -0.1748 0.0229 -0.9843
vn -0.4066 0.0288 -0.9132
vn -0.6146 0.0229 -0.7885
vn -0.4539 0.0179 -0.8909
vn -0.2767 0.0229 -0.9607
vn -0.4998 0.0288 -0.8657
vn -0.6936 0.0229 -0.7200
vn -0.5446 0.0179 -0.8385
vn -0.3756 0.0229 -0.9265
vn -0.5875 0.0288 -0.8087
vn -0.7651 0.0229 -0.6435
vn -0.6292 0.0179 -0.7770
vn -0.4704 0.0229 -0.8822
vn -0.6688 0.0288 -0.7428
vn -0.8282 0.0229 -0.5600
vn -0.7070 0.0179 -0.7070
vn -0.5600 0.0229 -0.8282
vn -0.7428 0.0288 -0.6689
vn -0.8822 0.0229 -0.4704
vn -0.7770 0.0179 -0.6292
vn -0.6435 0.0229 -0.7651
vn -0.8087 0.0288 -0.5875
vn -0.9265 0.0229 -0.3756
vn -0.8385 0.0179 -0.5446
vn -0.7200 0.0229 -0.6936
vn -0.8657 0.0288 -0.4998
vn -0.9607 0.0229 -0.2767
vn -0.8909 0.0179 -0.4539
vn -0.7885 0.0229 -0.6146
vn -0.9132 0.0288 -0.4066
vn -0.9843 0.0229 -0.1748
vn -0.9334 0.0179 -0.3583
vn -0.8484 0.0229 -0.5288
vn -0.9507 0.0288 -0.3089
vn -0.9972 0.0229 -0.0709
vn -0.9658 0.0179 -0.2588
vn -0.8991 0.0229 -0.4372
vn -0.9777 0.0288 -0.2078
vn -0.9992 0.0229 0.0337
vn -0.9875 0.0179 -0.1564
vn -0.9398 0.0229 -0.3408
vn -0.9941 0.0288 -0.1045
vn -0.9902 0.0229 0.1380
vn -0.9985 0.0179 -0.0523
vn -0.9703 0.0229 -0.2407
vn -0.9996 0.0288 -0.0000
vn -0.9703 0.0229 0.2407
vn -0.9985 0.0179 0.0523
vn -0.9902 0.0229 -0.1380
vn -0.9941 0.0288 0.1045
vn -0.9398 0.0229 0.3408
vn -0.9875 0.0179 0.1564
vn -0.9992 0.0229 -0.0337
vn -0.9777 0.0288 0.2078
vn -0.8991 0.0229 0.4372
vn -0.9658 0.0179 0.2588
vn -0.9972 0.0229 0.0709
vn -0.9507 0.0288 0.3089
vn -0.8484 0.0229 0.5288
vn -0.9334 0.0179 0.3583
vn -0.9843 0.0229 0.1748
vn -0.9132 0.0288 0.4066
vn -0.7885 0.0229 0.6146
vn -0.8909 0.0179 0.4539
vn -0.9607 0.0229 0.2767
vn -0.8657 0.0288 0.4998
vn -0.7200 0.0229 0.6936
vn -0.8385 0.0179 0.5446
vn -0.9265 0.0229 0.3756
vn -0.8087 0.0288 0.5875
vn -0.6435 0.0229 0.7651
vn -0.7770 0.0179 0.6292
vn -0.8822 0.0229 0.4704
vn -0.7428 0.0288 0.6688
vn -0.5600 0.0229 0.8282
vn -0.6689 0.0288 0.7428
vn -0.4704 0.0229 0.8822
vn -0.6292 0.0179 0.7770
vn -0.7651 0.0229 0.6435
vn -0.5875 0.0288 0.8087
vn -0.3756 0.0229 0.9265
vn -0.5446 0.0179 0.8385
vn -0.6936 0.0229 0.7200
vn -0.4998 0.0288 0.8657
vn -0.2767 0.0229 0.9607
vn -0.4539 0.0179 0.8909
vn -0.6146 0.0229 0.7885
vn -0.4066 0.0288 0.9132
vn -0.1748 0.0229 0.9843
vn -0.3583 0.0180 0.9334
vn -0.5288 0.0229 0.8484
vn -0.3089 0.0288 0.9507
vn -0.0709 0.0229 0.9972
vn -0.2588 0.0179 0.9658
vn -0.4372 0.0229 0.8991
vn -0.2078 0.0288 0.9777
vn 0.0337 0.0229 0.9992
vn -0.1564 0.0180 0.9875
vn -0.3408 0.0229 0.9398
vn -0.1045 0.0288 0.9941
vn 0.1380 0.0229 0.9902
vn -0.0523 0.0179 0.9985
vn -0.2407 0.0229 0.9703
vn -0.0000 0.0288 0.9996
vn 0.2407 0.0229 0.9703
vn 0.0523 0.0179 0.9985
vn -0.1380 0.0229 0.9902
vn 0.1045 0.0288 0.9941
vn 0.3408 0.0229 0.9398
vn 0.1564 0.0179 0.9875
vn -0.0337 0.0229 0.9992
vn 0.2078 0.0288 0.9777
vn 0.4372 0.0229 0.8991
vn 0.2588 0.0179 0.9658
vn 0.0709 0.0229 0.9972
vn 0.3089 0.0288 0.9507
vn 0.5288 0.0229 0.8484
vn 0.3583 0.0180 0.9334
vn 0.1748 0.0229 0.9843
vn 0.4066 0.0288 0.9132
vn 0.6146 0.0229 0.7885
vn 0.4539 0.0179 0.8909
vn 0.2767 0.0229 0.9607
vn 0.4998 0.0288 0.8657
vn 0.6936 0.0229 0.7200
vn 0.5446 0.0179 0.8385
vn 0.3756 0.0229 0.9265
vn 0.5875 0.0288 0.8087
vn 0.7651 0.0229 0.6435
vn 0.6292 0.0179 0.7770
vn 0.4704 0.0229 0.8822
vn 0.6688 0.0288 0.7428
vn 0.8282 0.0229 0.5600
vn 0.7070 0.0179 0.7070
vn 0.5600 0.0229 0.8282
vn 0.7428 0.0288 0.6689
vn 0.8822 0.0229 0.4704
vn 0.7770 0.0179 0.6292
vn 0.6435 0.0229 0.7651
vn 0.8087 0.0288 0.5875
vn 0.9265 0.0229 0.3756
vn 0.8385 0.0179 0.5446
vn 0.7200 0.0229 0.6936
vn 0.8657 0.0288 0.4998
vn 0.9607 0.0229 0.2767
vn 0.8909 0.0179 0.4539
vn 0.7885 0.0229 0.6146
vn 0.9132 0.0288 0.4066
vn 0.9843 0.0229 0.1748
vn 0.9334 0.0179 0.3583
vn 0.8484 0.0229 0.5288
vn 0.9507 0.0288 0.3089
vn 0.9972 0.0229 0.0709
vn 0.9658 0.0179 0.2588
vn 0.8991 0.0229 0.4372
vn 0.9777 0.0288 0.2078
vn 0.9992 0.0229 -0.0337
vn 0.9875 0.0179 0.1564
vn 0.9398 0.0229 0.3408
vn 0.9941 0.0288 0.1045
vn 0.9902 0.0229 -0.1380
vn 0.9985 0.0179 0.0523
vn 0.9703 0.0229 0.2407
vn 0.8813 0.4550 -0.1274
vn 0.9105 0.4136 -0.0000
vn 0.9492 0.3107 -0.0498
vn 0.8898 0.4550 0.0346
vn 0.9055 0.4136 -0.0952
vn 0.8632 0.4550 -0.2188
vn 0.9388 0.3107 -0.1487
vn 0.8886 0.4550 -0.0586
vn 0.8906 0.4136 -0.1893
vn 0.8356 0.4550 -0.3078
vn 0.9181 0.3107 -0.2460
vn 0.8775 0.4550 -0.1512
vn 0.8659 0.4136 -0.2813
vn 0.7988 0.4550 -0.3935
vn 0.8874 0.3107 -0.3406
vn 0.8570 0.4550 -0.2421
vn 0.8317 0.4136 -0.3703
vn 0.7533 0.4550 -0.4748
vn 0.8469 0.3107 -0.4315
vn 0.8269 0.4550 -0.3304
vn 0.7885 0.4136 -0.4552
vn 0.6995 0.4550 -0.5510
vn 0.7971 0.3107 -0.5177
vn 0.7879 0.4550 -0.4150
vn 0.7366 0.4136 -0.5352
vn 0.6381 0.4550 -0.6211
vn 0.7387 0.3107 -0.5982
vn 0.7402 0.4550 -0.4951
vn 0.6766 0.4136 -0.6092
vn 0.5697 0.4550 -0.6844
vn 0.6721 0.3107 -0.6721
vn 0.6844 0.4550 -0.5697
vn 0.6092 0.4136 -0.6766
vn 0.4951 0.4550 -0.7402
vn 0.5982 0.3107 -0.7387
vn 0.6211 0.4550 -0.6381
vn 0.5352 0.4136 -0.7366
vn 0.4150 0.4550 -0.7879
vn 0.5177 0.3107 -0.7972
vn 0.5510 0.4550 -0.6996
vn 0.4552 0.4136 -0.7885
vn 0.3303 0.4550 -0.8269
vn 0.4315 0.3107 -0.8469
vn 0.4748 0.4550 -0.7533
vn 0.3703 0.4136 -0.8317
vn 0.2421 0.4550 -0.8569
vn 0.3406 0.3107 -0.8874
vn 0.3935 0.4550 -0.7988
vn 0.2813 0.4136 -0.8659
vn 0.1512 0.4550 -0.8776
vn 0.2460 0.3107 -0.9181
vn 0.3079 0.4550 -0.8356
vn 0.1893 0.4136 -0.8906
vn 0.0586 0.4550 -0.8885
vn 0.1487 0.3107 -0.9388
vn 0.2188 0.4550 -0.8632
vn 0.0952 0.4136 -0.9055
vn -0.0346 0.4550 -0.8898
vn 0.0497 0.3107 -0.9492
vn 0.1274 0.4550 -0.8813
vn -0.0000 0.4136 -0.9105
vn -0.1274 0.4550 -0.8813
vn -0.0498 0.3107 -0.9492
vn 0.0346 0.4550 -0.8898
vn -0.0952 0.4136 -0.9055
vn -0.2188 0.4550 -0.8632
vn -0.1487 0.3107 -0.9388
vn -0.0586 0.4550 -0.8885
vn -0.1893 0.4136 -0.8906
vn -0.3078 0.4550 -0.8356
vn -0.2460 0.3107 -0.9181
vn -0.1512 0.4550 -0.8775
vn -0.2813 0.4136 -0.8659
vn -0.3935 0.4550 -0.7988
vn -0.3406 0.3107 -0.8874
vn -0.2421 0.4550 -0.8569
vn -0.3703 0.4136 -0.8317
vn -0.4748 0.4550 -0.7533
vn -0.4315 0.3107 -0.8469
vn -0.3303 0.4550 -0.8269
vn -0.4552 0.4136 -0.7885
vn -0.5510 0.4550 -0.6995
vn -0.5177 0.3107 -0.7971
vn -0.4150 0.4550 -0.7879
vn -0.5352 0.4136 -0.7366
vn -0.6211 0.4550 -0.6381
vn -0.5982 0.3107 -0.7387
vn -0.4951 0.4550 -0.7402
vn -0.6092 0.4136 -0.6766
vn -0.6844 0.4550 -0.5697
vn -0.6721 0.3107 -0.6721
vn -0.5697 0.4550 -0.6844
vn -0.6766 0.4136 -0.6092
vn -0.7402 0.4550 -0.4951
vn -0.7387 0.3107 -0.5982
vn -0.6381 0.4550 -0.6211
vn -0.7366 0.4136 -0.5352
vn -0.7879 0.4550 -0.4150
vn -0.7972 0.3107 -0.5177
vn -0.6996 0.4550 -0.5510
vn -0.7885 0.4136 -0.4552
vn -0.8269 0.4550 -0.3304
vn -0.8469 0.3107 -0.4315
vn -0.7533 0.4550 -0.4748
vn -0.8317 0.4136 -0.3703
vn -0.8569 0.4550 -0.2421
vn -0.8874 0.3107 -0.3406
vn -0.7988 0.4550 -0.3935
vn -0.8659 0.4136 -0.2813
vn -0.8775 0.4550 -0.1512
vn -0.9181 0.3107 -0.2460
vn -0.8356 0.4550 -0.3078
vn -0.8906 0.4136 -0.1893
vn -0.8885 0.4550 -0.0586
vn -0.9388 0.3107 -0.1487
vn -0.8632 0.4550 -0.2188
vn -0.9055 0.4136 -0.0952
vn -0.8898 0.4550 0.0346
vn -0.9492 0.3107 -0.0497
vn -0.8813 0.4550 -0.1274
vn -0.9105 0.4136 -0.0000
vn -0.8813 0.4550 0.1274
vn -0.9492 0.3107 0.0498
vn -0.8898 0.4550 -0.0346
vn -0.9055 0.4136 0.0952
vn -0.8632 0.4550 0.2188
vn -0.9388 0.3107 0.1487
vn -0.8886 0.4550 0.0586
vn -0.8906 0.4136 0.1893
vn -0.8356 0.4550 0.3078
vn -0.9181 0.3107 0.2460
vn -0.8775 0.4550 0.1512
vn -0.8659 0.4136 0.2813
vn -0.7988 0.4550 0.3935
vn -0.8874 0.3107 0.3406
vn -0.8570 0.4550 0.2421
vn -0.8317 0.4136 0.3703
vn -0.7533 0.4550 0.4748
vn -0.8469 0.3107 0.4315
vn -0.8269 0.4550 0.3304
vn -0.7885 0.4136 0.4552
vn -0.6995 0.4550 0.5510
vn -0.7971 0.3107 0.5177
vn -0.7879 0.4550 0.4150
vn -0.7366 0.4136 0.5352
vn -0.6381 0.4550 0.6211
vn -0.7387 0.3107 0.5982
vn -0.7402 0.4550 0.4951
vn -0.6766 0.4136 0.6092
vn -0.5697 0.4550 0.6844
vn -0.6092 0.4136 0.6766
vn -0.4951 0.4550 0.7402
vn -0.5982 0.3107 0.7387
vn -0.6211 0.4550 0.6381
vn -0.5352 0.4136 0.7366
vn -0.4150 0.4550 0.7879
vn -0.5177 0.3107 0.7972
vn -0.5510 0.4550 0.6996
vn -0.4552 0.4136 0.7885
vn -0.3303 0.4550 0.8269
vn -0.4315 0.3107 0.8469
vn -0.4748 0.4550 0.7533
vn -0.3703 0.4136 0.8317
vn -0.2421 0.4550 0.8569
vn -0.3406 0.3107 0.8874
vn -0.3935 0.4550 0.7988
vn -0.2813 0.4136 0.8659
vn -0.1512 0.4550 0.8776
vn -0.2460 0.3107 0.9181
vn -0.3079 0.4550 0.8356
vn -0.1893 0.4136 0.8906
vn -0.0586 0.4550 0.8885
vn -0.1487 0.3107 0.9388
vn -0.2188 0.4550 0.8632
vn -0.0952 0.4136 0.9055
vn 0.0346 0.4550 0.8898
vn -0.0497 0.3107 0.9492
vn -0.1274 0.4550 0.8813
vn -0.0000 0.4136 0.9105
vn 0.1274 0.4550 0.8813
vn 0.0498 0.3107 0.9492
vn -0.0346 0.4550 0.8898
vn 0.0952 0.4136 0.9055
vn 0.2188 0.4550 0.8632
vn 0.1487 0.3107 0.9388
vn 0.0586 0.4550 0.8885
vn 0.1893 0.4136 0.8906
vn 0.3078 0.4550 0.8356
vn 0.2460 0.3107 0.9181
vn 0.1512 0.4550 0.8775
vn 0.2813 0.4136 0.8659
vn 0.3935 0.4550 0.7988
vn 0.3406 0.3107 0.8874
vn 0.2421 0.4550 0.8569
vn 0.3703 0.4136 0.8317
vn 0.4748 0.4550 0.7533
vn 0.4315 0.3107 0.8469
vn 0.3303 0.4550 0.8269
vn 0.4552 0.4136 0.7885
vn 0.5510 0.4550 0.6995
vn 0.5177 0.3107 0.7971
vn 0.4150 0.4550 0.7879
vn 0.5352 0.4136 0.7366
vn 0.6211 0.4550 0.6381
vn 0.5982 0.3107 0.7387
vn 0.4951 0.4550 0.7402
vn 0.6092 0.4136 0.6766
vn 0.6844 0.4550 0.5697
vn 0.6721 0.3107 0.6721
vn 0.5697 0.4550 0.6844
vn 0.6766 0.4136 0.6092
vn 0.7402 0.4550 0.4951
vn 0.7387 0.3107 0.5982
vn 0.6381 0.4550 0.6211
vn 0.7366 0.4136 0.5352
vn 0.7879 0.4550 0.4150
vn 0.7972 0.3107 0.5177
vn 0.6996 0.4550 0.5510
vn 0.7885 0.4136 0.4552
vn 0.8269 0.4550 0.3304
vn 0.8469 0.3107 0.4315
vn 0.7533 0.4550 0.4748
vn 0.8317 0.4136 0.3703
vn 0.8569 0.4550 0.2421
vn 0.8874 0.3107 0.3406
vn 0.7988 0.4550 0.3935
vn 0.8659 0.4136 0.2813
vn 0.8775 0.4550 0.1512
vn 0.9181 0.3107 0.2460
vn 0.8356 0.4550 0.3078
vn 0.8906 0.4136 0.1893
vn 0.8885 0.4550 0.0586
vn 0.9388 0.3107 0.1487
vn 0.8632 0.4550 0.2188
vn 0.9055 0.4136 0.0952
vn 0.8898 0.4550 -0.0346
vn 0.9492 0.3107 0.0497
vn 0.8813 0.4550 0.1274
vn 0.4709 0.8822 -0.0000
vn 0.4800 0.8769 -0.0252
vn 0.4683 0.8822 -0.0492
vn 0.4747 0.8769 -0.0752
vn 0.4606 0.8822 -0.0979
vn 0.4643 0.8769 -0.1244
vn 0.4478 0.8822 -0.1455
vn 0.4487 0.8769 -0.1722
vn 0.4302 0.8822 -0.1915
vn 0.4282 0.8769 -0.2182
vn 0.4078 0.8822 -0.2354
vn 0.4031 0.8769 -0.2618
vn 0.3809 0.8822 -0.2768
vn 0.3735 0.8769 -0.3025
vn 0.3499 0.8822 -0.3151
vn 0.3399 0.8769 -0.3399
vn 0.3151 0.8822 -0.3499
vn 0.3025 0.8769 -0.3735
vn 0.2768 0.8822 -0.3809
vn 0.2618 0.8769 -0.4031
vn 0.2354 0.8822 -0.4078
vn 0.2182 0.8769 -0.4282
vn 0.1915 0.8822 -0.4302
vn 0.1722 0.8769 -0.4487
vn 0.1455 0.8822 -0.4478
vn 0.1244 0.8769 -0.4643
vn 0.0979 0.8822 -0.4606
vn 0.0752 0.8769 -0.4747
vn 0.0492 0.8822 -0.4683
vn 0.0252 0.8769 -0.4800
vn -0.0000 0.8822 -0.4709
vn -0.0252 0.8769 -0.4800
vn -0.0492 0.8822 -0.4683
vn -0.0752 0.8769 -0.4747
vn -0.0979 0.8822 -0.4606
vn -0.1244 0.8769 -0.4643
vn -0.1455 0.8822 -0.4478
vn -0.1722 0.8769 -0.4487
vn -0.1915 0.8822 -0.4302
vn -0.2182 0.8769 -0.4282
vn -0.2354 0.8822 -0.4078
vn -0.2618 0.8769 -0.4031
vn -0.2768 0.8822 -0.3809
vn -0.3025 0.8769 -0.3735
vn -0.3151 0.8822 -0.3499
vn -0.3399 0.8769 -0.3399
vn -0.3499 0.8822 -0.3151
vn -0.3735 0.8769 -0.3025
vn -0.3809 0.8822 -0.2768
vn -0.4031 0.8769 -0.2618
vn -0.4078 0.8822 -0.2354
vn -0.4282 0.8769 -0.2182
vn -0.4302 0.8822 -0.1915
vn -0.4487 0.8769 -0.1722
vn -0.4478 0.8822 -0.1455
vn -0.4643 0.8769 -0.1244
vn -0.4606 0.8822 -0.0979
vn -0.4747 0.8769 -0.0752
vn -0.4683 0.8822 -0.0492
vn -0.4800 0.8769 -0.0252
vn -0.4709 0.8822 -0.0000
vn -0.4800 0.8769 0.0252
vn -0.4683 0.8822 0.0492
vn -0.4747 0.8769 0.0752
vn -0.4606 0.8822 0.0979
vn -0.4643 0.8769 0.1244
vn -0.4478 0.8822 0.1455
vn -0.4487 0.8769 0.1722
vn -0.4302 0.8822 0.1915
vn -0.4282 0.8769 0.2182
vn -0.4078 0.8822 0.2354
vn -0.4031 0.8769 0.2618
vn -0.3809 0.8822 0.2768
vn -0.3735 0.8769 0.3025
vn -0.3499 0.8822 0.3151
vn -0.3399 0.8769 0.3399
vn -0.3151 0.8822 0.3499
vn -0.3025 0.8769 0.3735
vn -0.2768 0.8822 0.3809
vn -0.2618 0.8769 0.4031
vn -0.2354 0.8822 0.4078
vn -0.2182 0.8769 0.4282
vn -0.1915 0.8822 0.4302
vn -0.1722 0.8769 0.4487
vn -0.1455 0.8822 0.4478
vn -0.1244 0.8769 0.4643
vn -0.0979 0.8822 0.4606
vn -0.0752 0.8769 0.4747
vn -0.0492 0.8822 0.4683
vn -0.0252 0.8769 0.4800
vn -0.0000 0.8822 0.4709
vn 0.0252 0.8769 0.4800
vn 0.0492 0.8822 0.4683
vn 0.0752 0.8769 0.4747
vn 0.0979 0.8822 0.4606
vn 0.1244 0.8769 0.4643
vn 0.1455 0.8822 0.4478
vn 0.1722 0.8769 0.4487
vn 0.1915 0.8822 0.4302
vn 0.2182 0.8769 0.4282
vn 0.2354 0.8822 0.4078
vn 0.2618 0.8769 0.4031
vn 0.2768 0.8822 0.3809
vn 0.3025 0.8769 0.3735
vn 0.3151 0.8822 0.3499
vn 0.3399 0.8769 0.3399
vn 0.3499 0.8822 0.3151
vn 0.3735 0.8769 0.3025
vn 0.3809 0.8822 0.2768
vn 0.4031 0.8769 0.2618
vn 0.4078 0.8822 0.2354
vn 0.4282 0.8769 0.2182
vn 0.4302 0.8822 0.1915
vn 0.4487 0.8769 0.1722
vn 0.4478 0.8822 0.1455
vn 0.4643 0.8769 0.1244
vn 0.4606 0.8822 0.0979
vn 0.4747 0.8769 0.0752
vn 0.4683 0.8822 0.0492
vn 0.4800 0.8769 0.0252
vn 0.0659 0.9978 -0.0035
vn 0.0660 0.9978 -0.0000
vn 0.0657 0.9978 -0.0069
vn 0.0652 0.9978 -0.0103
vn 0.0646 0.9978 -0.0137
vn 0.0638 0.9978 -0.0171
vn 0.0628 0.9978 -0.0204
vn 0.0616 0.9978 -0.0237
vn 0.0603 0.9978 -0.0269
vn 0.0588 0.9978 -0.0300
vn 0.0572 0.9978 -0.0330
vn 0.0554 0.9978 -0.0360
vn 0.0534 0.9978 -0.0388
vn 0.0513 0.9978 -0.0416
vn 0.0491 0.9978 -0.0442
vn 0.0467 0.9978 -0.0467
vn 0.0442 0.9978 -0.0491
vn 0.0415 0.9978 -0.0513
vn 0.0388 0.9978 -0.0534
vn 0.0360 0.9978 -0.0554
vn 0.0330 0.9978 -0.0572
vn 0.0300 0.9978 -0.0588
vn 0.0268 0.9978 -0.0603
vn 0.0237 0.9978 -0.0616
vn 0.0204 0.9978 -0.0628
vn 0.0171 0.9978 -0.0638
vn 0.0137 0.9978 -0.0646
vn 0.0103 0.9978 -0.0652
vn 0.0069 0.9978 -0.0657
vn 0.0034 0.9978 -0.0659
vn -0.0000 0.9978 -0.0660
vn -0.0035 0.9978 -0.0659
vn -0.0069 0.9978 -0.0657
vn -0.0103 0.9978 -0.0652
vn -0.0137 0.9978 -0.0646
vn -0.0171 0.9978 -0.0638
vn -0.0204 0.9978 -0.0628
vn -0.0237 0.9978 -0.0616
vn -0.0269 0.9978 -0.0603
vn -0.0300 0.9978 -0.0588
vn -0.0330 0.9978 -0.0572
vn -0.0360 0.9978 -0.0554
vn -0.0388 0.9978 -0.0534
vn -0.0416 0.9978 -0.0513
vn -0.0442 0.9978 -0.0491
vn -0.0467 0.9978 -0.0467
vn -0.0491 0.9978 -0.0442
vn -0.0513 0.9978 -0.0415
vn -0.0534 0.9978 -0.0388
vn -0.0554 0.9978 -0.0360
vn -0.0572 0.9978 -0.0330
vn -0.0588 0.9978 -0.0300
vn -0.0603 0.9978 -0.0268
vn -0.0616 0.9978 -0.0237
vn -0.0628 0.9978 -0.0204
vn -0.0638 0.9978 -0.0171
vn -0.0646 0.9978 -0.0137
vn -0.0652 0.9978 -0.0103
vn -0.0657 0.9978 -0.0069
vn -0.0659 0.9978 -0.0034
vn -0.0660 0.9978 -0.0000
vn -0.0659 0.9978 0.0035
vn -0.0657 0.9978 0.0069
vn -0.0652 0.9978 0.0103
vn -0.0646 0.9978 0.0137
vn -0.0638 0.9978 0.0171
vn -0.0628 0.9978 0.0204
vn -0.0616 0.9978 0.0237
vn -0.0603 0.9978 0.0269
vn -0.0588 0.9978 0.0300
vn -0.0572 0.9978 0.0330
vn -0.0554 0.9978 0.0360
vn -0.0534 0.9978 0.0388
vn -0.0513 0.9978 0.0416
vn -0.0491 0.9978 0.0442
vn -0.0467 0.9978 0.0467
vn -0.0442 0.9978 0.0491
vn -0.0415 0.9978 0.0513
vn -0.0388 0.9978 0.0534
vn -0.0360 0.9978 0.0554
vn -0.0330 0.9978 0.0572
vn -0.0300 0.9978 0.0588
vn -0.0268 0.9978 0.0603
vn -0.0237 0.9978 0.0616
vn -0.0204 0.9978 0.0628
vn -0.0171 0.9978 0.0638
vn -0.0137 0.9978 0.0646
vn -0.0103 0.9978 0.0652
vn -0.0069 0.9978 0.0657
vn -0.0034 0.9978 0.0659
vn -0.0000 0.9978 0.0660
vn 0.0035 0.9978 0.0659
vn 0.0069 0.9978 0.0657
vn 0.0103 0.9978 0.0652
vn 0.0137 0.9978 0.0646
vn 0.0171 0.9978 0.0638
vn 0.0204 0.9978 0.0628
vn 0.0237 0.9978 0.0616
vn 0.0269 0.9978 0.0603
vn 0.0300 0.9978 0.0588
vn 0.0330 0.9978 0.0572
vn 0.0360 0.9978 0.0554
vn 0.0388 0.9978 0.0534
vn 0.0416 0.9978 0.0513
vn 0.0442 0.9978 0.0491
vn 0.0467 0.9978 0.0467
vn 0.0491 0.9978 0.0442
vn 0.0513 0.9978 0.0415
vn 0.0534 0.9978 0.0388
vn 0.0554 0.9978 0.0360
vn 0.0572 0.9978 0.0330
vn 0.0588 0.9978 0.0300
vn 0.0603 0.9978 0.0268
vn 0.0616 0.9978 0.0237
vn 0.0628 0.9978 0.0204
vn 0.0638 0.9978 0.0171
vn 0.0646 0.9978 0.0137
vn 0.0652 0.9978 0.0103
vn 0.0657 0.9978 0.0069
vn 0.0659 0.9978 0.0034
vn -0.0000 1.0000 -0.0000
vn -0.6407 0.7678 -0.0000
vn -0.6399 0.7678 0.0335
vn -0.4476 0.8939 0.0235
vn -0.4482 0.8939 -0.0000
vn -0.6372 0.7678 0.0670
vn -0.4458 0.8939 0.0469
vn -0.6329 0.7677 0.1002
vn -0.4427 0.8939 0.0701
vn -0.6267 0.7677 0.1332
vn -0.4385 0.8939 0.0932
vn -0.6189 0.7677 0.1658
vn -0.4329 0.8939 0.1160
vn -0.6094 0.7677 0.1980
vn -0.4263 0.8939 0.1385
vn -0.5982 0.7677 0.2296
vn -0.4184 0.8939 0.1606
vn -0.5854 0.7677 0.2606
vn -0.4095 0.8939 0.1823
vn -0.5709 0.7677 0.2909
vn -0.3994 0.8939 0.2035
vn -0.5549 0.7678 0.3204
vn -0.3882 0.8939 0.2241
vn -0.5374 0.7678 0.3490
vn -0.3759 0.8939 0.2441
vn -0.5184 0.7678 0.3766
vn -0.3626 0.8939 0.2635
vn -0.4980 0.7678 0.4032
vn -0.3484 0.8939 0.2821
vn -0.4762 0.7678 0.4287
vn -0.3331 0.8939 0.2999
vn -0.4531 0.7677 0.4531
vn -0.3170 0.8939 0.3170
vn -0.4287 0.7678 0.4762
vn -0.2999 0.8939 0.3331
vn -0.4032 0.7678 0.4980
vn -0.2821 0.8939 0.3484
vn -0.3766 0.7677 0.5184
vn -0.2635 0.8939 0.3626
vn -0.3490 0.7677 0.5374
vn -0.2441 0.8939 0.3759
vn -0.3204 0.7678 0.5549
vn -0.2241 0.8939 0.3882
vn -0.2909 0.7678 0.5709
vn -0.2035 0.8939 0.3994
vn -0.2606 0.7677 0.5854
vn -0.1823 0.8939 0.4095
vn -0.2296 0.7677 0.5982
vn -0.1606 0.8939 0.4184
vn -0.1980 0.7678 0.6094
vn -0.1385 0.8939 0.4263
vn -0.1658 0.7678 0.6189
vn -0.1160 0.8939 0.4329
vn -0.1332 0.7677 0.6268
vn -0.0932 0.8939 0.4384
vn -0.1002 0.7677 0.6329
vn -0.0701 0.8939 0.4428
vn -0.0670 0.7678 0.6372
vn -0.0469 0.8939 0.4458
vn -0.0335 0.7678 0.6399
vn -0.0235 0.8939 0.4476
vn -0.0000 0.7678 0.6407
vn -0.0000 0.8939 0.4482
vn 0.0335 0.7678 0.6399
vn 0.0235 0.8939 0.4476
vn 0.0670 0.7678 0.6372
vn 0.0469 0.8939 0.4458
vn 0.1002 0.7677 0.6329
vn 0.0701 0.8939 0.4427
vn 0.1332 0.7677 0.6268
vn 0.0932 0.8939 0.4384
vn 0.1658 0.7678 0.6189
vn 0.1160 0.8939 0.4330
vn 0.1980 0.7678 0.6094
vn 0.1385 0.8939 0.4263
vn 0.2296 0.7677 0.5982
vn 0.1606 0.8939 0.4184
vn 0.2606 0.7677 0.5854
vn 0.1823 0.8939 0.4095
vn 0.2909 0.7678 0.5709
vn 0.2035 0.8939 0.3994
vn 0.3204 0.7678 0.5549
vn 0.2241 0.8939 0.3882
vn 0.3490 0.7677 0.5374
vn 0.2441 0.8939 0.3759
vn 0.3766 0.7677 0.5184
vn 0.2635 0.8939 0.3626
vn 0.4032 0.7678 0.4980
vn 0.2821 0.8939 0.3484
vn 0.4287 0.7677 0.4762
vn 0.2999 0.8939 0.3331
vn 0.4531 0.7677 0.4531
vn 0.3170 0.8939 0.3170
vn 0.4762 0.7677 0.4287
vn 0.3331 0.8939 0.2999
vn 0.4980 0.7677 0.4032
vn 0.3484 0.8939 0.2821
vn 0.5184 0.7678 0.3766
vn 0.3626 0.8939 0.2635
vn 0.5374 0.7678 0.3490
vn 0.3759 0.8939 0.2441
vn 0.5549 0.7678 0.3204
vn 0.3882 0.8939 0.2241
vn 0.5709 0.7677 0.2909
vn 0.3994 0.8939 0.2035
vn 0.5854 0.7677 0.2606
vn 0.4095 0.8939 0.1823
vn 0.5982 0.7677 0.2296
vn 0.4185 0.8939 0.1606
vn 0.6094 0.7677 0.1980
vn 0.4263 0.8939 0.1385
vn 0.6189 0.7677 0.1658
vn 0.4329 0.8939 0.1160
vn 0.6267 0.7677 0.1332
vn 0.4385 0.8939 0.0932
vn 0.6329 0.7677 0.1002
vn 0.4427 0.8939 0.0701
vn 0.6372 0.7678 0.0670
vn 0.4458 0.8939 0.0469
vn 0.6399 0.7678 0.0335
vn 0.4476 0.8939 0.0235
vn 0.6407 0.7678 -0.0000
vn 0.4482 0.8939 -0.0000
vn 0.6399 0.7678 -0.0335
vn 0.4476 0.8939 -0.0235
vn 0.6372 0.7678 -0.0670
vn 0.4458 0.8939 -0.0469
vn 0.6329 0.7677 -0.1002
vn 0.4427 0.8939 -0.0701
vn 0.6267 0.7677 -0.1332
vn 0.4385 0.8939 -0.0932
vn 0.6189 0.7677 -0.1658
vn 0.4329 0.8939 -0.1160
vn 0.6094 0.7677 -0.1980
vn 0.4263 0.8939 -0.1385
vn 0.5982 0.7677 -0.2296
vn 0.4184 0.8939 -0.1606
vn 0.5854 0.7677 -0.2606
vn 0.4095 0.8939 -0.1823
vn 0.5709 0.7677 -0.2909
vn 0.3994 0.8939 -0.2035
vn 0.5549 0.7678 -0.3204
vn 0.3882 0.8939 -0.2241
vn 0.5374 0.7678 -0.3490
vn 0.3759 0.8939 -0.2441
vn 0.5184 0.7678 -0.3766
vn 0.3626 0.8939 -0.2635
vn 0.4980 0.7678 -0.4032
vn 0.3484 0.8939 -0.2821
vn 0.4762 0.7678 -0.4287
vn 0.3331 0.8939 -0.2999
vn 0.4531 0.7677 -0.4531
vn 0.3170 0.8939 -0.3170
vn 0.4287 0.7678 -0.4762
vn 0.2999 0.8939 -0.3331
vn 0.4032 0.7678 -0.4980
vn 0.2821 0.8939 -0.3484
vn 0.3766 0.7677 -0.5184
vn 0.2635 0.8939 -0.3626
vn 0.3490 0.7677 -0.5374
vn 0.2441 0.8939 -0.3759
vn 0.3204 0.7678 -0.5549
vn 0.2241 0.8939 -0.3882
vn 0.2909 0.7678 -0.5709
vn 0.2035 0.8939 -0.3994
vn 0.2606 0.7677 -0.5854
vn 0.1823 0.8939 -0.4095
vn 0.2296 0.7677 -0.5982
vn 0.1606 0.8939 -0.4184
vn 0.1980 0.7678 -0.6094
vn 0.1385 0.8939 -0.4263
vn 0.1658 0.7678 -0.6189
vn 0.1160 0.8939 -0.4329
vn 0.1332 0.7677 -0.6268
vn 0.0932 0.8939 -0.4384
vn 0.1002 0.7677 -0.6329
vn 0.0701 0.8939 -0.4428
vn 0.0670 0.7678 -0.6372
vn 0.0469 0.8939 -0.4458
vn 0.0335 0.7678 -0.6399
vn 0.0235 0.8939 -0.4476
vn -0.0000 0.7678 -0.6407
vn -0.0000 0.8939 -0.4482
vn -0.0335 0.7678 -0.6399
vn -0.0235 0.8939 -0.4476
vn -0.0670 0.7678 -0.6372
vn -0.0469 0.8939 -0.4458
vn -0.1002 0.7677 -0.6329
vn -0.0701 0.8939 -0.4427
vn -0.1332 0.7677 -0.6268
vn -0.0932 0.8939 -0.4384
vn -0.1658 0.7678 -0.6189
vn -0.1160 0.8939 -0.4330
vn -0.1980 0.7678 -0.6094
vn -0.1385 0.8939 -0.4263
vn -0.2296 0.7677 -0.5982
vn -0.1606 0.8939 -0.4184
vn -0.2606 0.7677 -0.5854
vn -0.1823 0.8939 -0.4095
vn -0.2909 0.7678 -0.5709
vn -0.2035 0.8939 -0.3994
vn -0.3204 0.7678 -0.5549
vn -0.2241 0.8939 -0.3882
vn -0.3490 0.7677 -0.5374
vn -0.2441 0.8939 -0.3759
vn -0.3766 0.7677 -0.5184
vn -0.2635 0.8939 -0.3626
vn -0.4032 0.7678 -0.4980
vn -0.2821 0.8939 -0.3484
vn -0.4287 0.7677 -0.4762
vn -0.2999 0.8939 -0.3331
vn -0.4531 0.7677 -0.4531
vn -0.3170 0.8939 -0.3170
vn -0.4762 0.7677 -0.4287
vn -0.3331 0.8939 -0.2999
vn -0.4980 0.7677 -0.4032
vn -0.3484 0.8939 -0.2821
vn -0.5184 0.7678 -0.3766
vn -0.3626 0.8939 -0.2635
vn -0.5374 0.7678 -0.3490
vn -0.3759 0.8939 -0.2441
vn -0.5549 0.7678 -0.3204
vn -0.3882 0.8939 -0.2241
vn -0.5709 0.7677 -0.2909
vn -0.3994 0.8939 -0.2035
vn -0.5854 0.7677 -0.2606
vn -0.4095 0.8939 -0.1823
vn -0.5982 0.7677 -0.2296
vn -0.4185 0.8939 -0.1606
vn -0.6094 0.7677 -0.1980
vn -0.4263 0.8939 -0.1385
vn -0.6189 0.7677 -0.1658
vn -0.4329 0.8939 -0.1160
vn -0.6267 0.7677 -0.1332
vn -0.4385 0.8939 -0.0932
vn -0.6329 0.7677 -0.1002
vn -0.4427 0.8939 -0.0701
vn -0.6372 0.7678 -0.0670
vn -0.4458 0.8939 -0.0469
vn -0.6399 0.7678 -0.0335
vn -0.4476 0.8939 -0.0235
vn -0.0013 1.0000 0.0001
vn -0.0013 1.0000 -0.0000
vn -0.0013 1.0000 0.0002
vn -0.0013 1.0000 0.0003
vn -0.0012 1.0000 0.0003
vn -0.0012 1.0000 0.0004
vn -0.0012 1.0000 0.0005
vn -0.0012 1.0000 0.0006
vn -0.0011 1.0000 0.0006
vn -0.0011 1.0000 0.0007
vn -0.0011 1.0000 0.0008
vn -0.0010 1.0000 0.0008
vn -0.0010 1.0000 0.0009
vn -0.0009 1.0000 0.0009
vn -0.0009 1.0000 0.0010
vn -0.0008 1.0000 0.0010
vn -0.0008 1.0000 0.0011
vn -0.0007 1.0000 0.0011
vn -0.0006 1.0000 0.0011
vn -0.0006 1.0000 0.0012
vn -0.0005 1.0000 0.0012
vn -0.0005 1.0000 0.0013
vn -0.0004 1.0000 0.0013
vn -0.0003 1.0000 0.0012
vn -0.0003 1.0000 0.0013
vn -0.0002 1.0000 0.0013
vn -0.0001 1.0000 0.0013
vn -0.0000 1.0000 0.0013
vn 0.0001 1.0000 0.0013
vn 0.0002 1.0000 0.0013
vn 0.0003 1.0000 0.0013
vn 0.0004 1.0000 0.0012
vn 0.0005 1.0000 0.0012
vn 0.0006 1.0000 0.0012
vn 0.0006 1.0000 0.0011
vn 0.0007 1.0000 0.0011
vn 0.0008 1.0000 0.0010
vn 0.0009 1.0000 0.0010
vn 0.0009 1.0000 0.0009
vn 0.0010 1.0000 0.0009
vn 0.0010 1.0000 0.0008
vn 0.0011 1.0000 0.0007
vn 0.0011 1.0000 0.0006
vn 0.0012 1.0000 0.0006
vn 0.0012 1.0000 0.0005
vn 0.0012 1.0000 0.0004
vn 0.0012 1.0000 0.0003
vn 0.0013 1.0000 0.0003
vn 0.0013 1.0000 0.0002
vn 0.0013 1.0000 0.0001
vn 0.0013 1.0000 -0.0000
vn 0.0013 1.0000 -0.0001
vn 0.0013 1.0000 -0.0002
vn 0.0013 1.0000 -0.0003
vn 0.0012 1.0000 -0.0003
vn 0.0012 1.0000 -0.0004
vn 0.0012 1.0000 -0.0005
vn 0.0012 1.0000 -0.0006
vn 0.0011 1.0000 -0.0006
vn 0.0011 1.0000 -0.0007
vn 0.0011 1.0000 -0.0008
vn 0.0010 1.0000 -0.0008
vn 0.0010 1.0000 -0.0009
vn 0.0009 1.0000 -0.0009
vn 0.0009 1.0000 -0.0010
vn 0.0008 1.0000 -0.0010
vn 0.0008 1.0000 -0.0011
vn 0.0007 1.0000 -0.0011
vn 0.0006 1.0000 -0.0011
vn 0.0006 1.0000 -0.0012
vn 0.0005 1.0000 -0.0012
vn 0.0005 1.0000 -0.0013
vn 0.0004 1.0000 -0.0013
vn 0.0003 1.0000 -0.0012
vn 0.0003 1.0000 -0.0013
vn 0.0002 1.0000 -0.0013
vn 0.0001 1.0000 -0.0013
vn -0.0000 1.0000 -0.0013
vn -0.0001 1.0000 -0.0013
vn -0.0002 1.0000 -0.0013
vn -0.0003 1.0000 -0.0013
vn -0.0004 1.0000 -0.0012
vn -0.0005 1.0000 -0.0012
vn -0.0006 1.0000 -0.0012
vn -0.0006 1.0000 -0.0011
vn -0.0007 1.0000 -0.0011
vn -0.0008 1.0000 -0.0010
vn -0.0009 1.0000 -0.0010
vn -0.0009 1.0000 -0.0009
vn -0.0010 1.0000 -0.0009
vn -0.0010 1.0000 -0.0008
vn -0.0011 1.0000 -0.0007
vn -0.0011 1.0000 -0.0006
vn -0.0012 1.0000 -0.0006
vn -0.0012 1.0000 -0.0005
vn -0.0012 1.0000 -0.0004
vn -0.0012 1.0000 -0.0003
vn -0.0013 1.0000 -0.0003
vn -0.0013 1.0000 -0.0002
vn -0.0013 1.0000 -0.0001
vn 0.4455 0.8950 -0.0233
vn 0.4462 0.8949 -0.0000
vn 0.4437 0.8950 -0.0466
vn 0.4406 0.8950 -0.0698
vn 0.4364 0.8949 -0.0928
vn 0.4309 0.8950 -0.1155
vn 0.4243 0.8950 -0.1379
vn 0.4165 0.8949 -0.1599
vn 0.4076 0.8949 -0.1815
vn 0.3975 0.8950 -0.2025
vn 0.3864 0.8949 -0.2231
vn 0.3742 0.8949 -0.2430
vn 0.3609 0.8950 -0.2622
vn 0.3467 0.8950 -0.2808
vn 0.3316 0.8949 -0.2986
vn 0.3155 0.8950 -0.3155
vn 0.2985 0.8950 -0.3315
vn 0.2808 0.8950 -0.3467
vn 0.2623 0.8949 -0.3610
vn 0.2430 0.8950 -0.3742
vn 0.2231 0.8950 -0.3864
vn 0.2025 0.8950 -0.3975
vn 0.1815 0.8950 -0.4076
vn 0.1599 0.8950 -0.4165
vn 0.1379 0.8949 -0.4243
vn 0.1155 0.8950 -0.4309
vn 0.0928 0.8950 -0.4364
vn 0.0698 0.8950 -0.4406
vn 0.0466 0.8950 -0.4437
vn 0.0234 0.8949 -0.4456
vn -0.0000 0.8949 -0.4462
vn -0.0233 0.8950 -0.4455
vn -0.0466 0.8950 -0.4437
vn -0.0698 0.8950 -0.4406
vn -0.0928 0.8950 -0.4364
vn -0.1155 0.8950 -0.4309
vn -0.1379 0.8950 -0.4243
vn -0.1599 0.8950 -0.4165
vn -0.1815 0.8949 -0.4076
vn -0.2025 0.8950 -0.3975
vn -0.2231 0.8949 -0.3864
vn -0.2430 0.8950 -0.3742
vn -0.2622 0.8950 -0.3609
vn -0.2808 0.8950 -0.3467
vn -0.2985 0.8950 -0.3315
vn -0.3155 0.8949 -0.3155
vn -0.3315 0.8950 -0.2985
vn -0.3467 0.8950 -0.2808
vn -0.3609 0.8950 -0.2622
vn -0.3742 0.8950 -0.2430
vn -0.3864 0.8950 -0.2231
vn -0.3975 0.8950 -0.2025
vn -0.4076 0.8949 -0.1815
vn -0.4165 0.8950 -0.1599
vn -0.4243 0.8950 -0.1379
vn -0.4310 0.8949 -0.1155
vn -0.4364 0.8950 -0.0928
vn -0.4407 0.8949 -0.0698
vn -0.4437 0.8949 -0.0466
vn -0.4455 0.8950 -0.0233
vn -0.4462 0.8949 -0.0000
vn -0.4455 0.8950 0.0233
vn -0.4437 0.8950 0.0466
vn -0.4406 0.8950 0.0698
vn -0.4364 0.8949 0.0928
vn -0.4309 0.8950 0.1155
vn -0.4243 0.8950 0.1379
vn -0.4165 0.8949 0.1599
vn -0.4076 0.8949 0.1815
vn -0.3975 0.8950 0.2025
vn -0.3864 0.8949 0.2231
vn -0.3742 0.8949 0.2430
vn -0.3609 0.8950 0.2622
vn -0.3467 0.8950 0.2808
vn -0.3316 0.8949 0.2986
vn -0.3155 0.8950 0.3155
vn -0.2985 0.8950 0.3315
vn -0.2808 0.8950 0.3467
vn -0.2623 0.8949 0.3610
vn -0.2430 0.8950 0.3742
vn -0.2231 0.8950 0.3864
vn -0.2025 0.8950 0.3975
vn -0.1815 0.8950 0.4076
vn -0.1599 0.8950 0.4165
vn -0.1379 0.8949 0.4243
vn -0.1155 0.8950 0.4309
vn -0.0928 0.8950 0.4364
vn -0.0698 0.8950 0.4406
vn -0.0466 0.8950 0.4437
vn -0.0234 0.8949 0.4456
vn -0.0000 0.8949 0.4462
vn 0.0233 0.8950 0.4455
vn 0.0466 0.8950 0.4437
vn 0.0698 0.8950 0.4406
vn 0.0928 0.8950 0.4364
vn 0.1155 0.8950 0.4309
vn 0.1379 0.8950 0.4243
vn 0.1599 0.8950 0.4165
vn 0.1815 0.8949 0.4076
vn 0.2025 0.8950 0.3975
vn 0.2231 0.8949 0.3864
vn 0.2430 0.8950 0.3742
vn 0.2622 0.8950 0.3609
vn 0.2808 0.8950 0.3467
vn 0.2985 0.8950 0.3315
vn 0.3155 0.8949 0.3155
vn 0.3315 0.8950 0.2985
vn 0.3467 0.8950 0.2808
vn 0.3609 0.8950 0.2622
vn 0.3742 0.8950 0.2430
vn 0.3864 0.8950 0.2231
vn 0.3975 0.8950 0.2025
vn 0.4076 0.8949 0.1815
vn 0.4165 0.8950 0.1599
vn 0.4243 0.8950 0.1379
vn 0.4310 0.8949 0.1155
vn 0.4364 0.8950 0.0928
vn 0.4407 0.8949 0.0698
vn 0.4437 0.8949 0.0466
vn 0.4455 0.8950 0.0233
vn 0.6329 0.7678 -0.1002
vn 0.6267 0.7678 -0.1332
vn 0.6189 0.7678 -0.1658
vn 0.6094 0.7678 -0.1980
vn 0.5982 0.7678 -0.2296
vn 0.5854 0.7678 -0.2606
vn 0.5709 0.7678 -0.2909
vn 0.4531 0.7678 -0.4531
vn 0.3766 0.7678 -0.5184
vn 0.3490 0.7678 -0.5374
vn 0.2606 0.7678 -0.5853
vn 0.2296 0.7678 -0.5982
vn 0.1332 0.7678 -0.6267
vn 0.1002 0.7678 -0.6329
vn -0.1002 0.7678 -0.6329
vn -0.1332 0.7678 -0.6267
vn -0.2296 0.7678 -0.5982
vn -0.2606 0.7678 -0.5853
vn -0.3490 0.7678 -0.5374
vn -0.3766 0.7678 -0.5184
vn -0.4287 0.7678 -0.4762
vn -0.4531 0.7678 -0.4531
vn -0.4762 0.7678 -0.4287
vn -0.4980 0.7678 -0.4032
vn -0.5709 0.7678 -0.2909
vn -0.5854 0.7678 -0.2606
vn -0.5982 0.7678 -0.2296
vn -0.6094 0.7678 -0.1980
vn -0.6189 0.7678 -0.1658
vn -0.6267 0.7678 -0.1332
vn -0.6329 0.7678 -0.1002
vn -0.6329 0.7678 0.1002
vn -0.6267 0.7678 0.1332
vn -0.6189 0.7678 0.1658
vn -0.6094 0.7678 0.1980
vn -0.5982 0.7678 0.2296
vn -0.5854 0.7678 0.2606
vn -0.5709 0.7678 0.2909
vn -0.4531 0.7678 0.4531
vn -0.3766 0.7678 0.5184
vn -0.3490 0.7678 0.5374
vn -0.2606 0.7678 0.5853
vn -0.2296 0.7678 0.5982
vn -0.1332 0.7678 0.6267
vn -0.1002 0.7678 0.6329
vn 0.1002 0.7678 0.6329
vn 0.1332 0.7678 0.6267
vn 0.2296 0.7678 0.5982
vn 0.2606 0.7678 0.5853
vn 0.3490 0.7678 0.5374
vn 0.3766 0.7678 0.5184
vn 0.4287 0.7678 0.4762
vn 0.4531 0.7678 0.4531
vn 0.4762 0.7678 0.4287
vn 0.4980 0.7678 0.4032
vn 0.5709 0.7678 0.2909
vn 0.5854 0.7678 0.2606
vn 0.5982 0.7678 0.2296
vn 0.6094 0.7678 0.1980
vn 0.6189 0.7678 0.1658
vn 0.6267 0.7678 0.1332
vn 0.6329 0.7678 0.1002
vn -0.4481 0.8937 0.0235
vn -0.4486 0.8937 -0.0000
vn -0.4462 0.8937 0.0469
vn -0.4432 0.8937 0.0702
vn -0.4389 0.8937 0.0933
vn -0.4334 0.8937 0.1161
vn -0.4267 0.8937 0.1387
vn -0.4188 0.8937 0.1608
vn -0.4099 0.8937 0.1825
vn -0.3998 0.8937 0.2037
vn -0.3886 0.8937 0.2243
vn -0.3763 0.8937 0.2444
vn -0.3630 0.8937 0.2637
vn -0.3487 0.8937 0.2823
vn -0.3334 0.8937 0.3002
vn -0.3173 0.8937 0.3173
vn -0.3002 0.8937 0.3334
vn -0.2824 0.8937 0.3487
vn -0.2637 0.8937 0.3630
vn -0.2443 0.8937 0.3763
vn -0.2243 0.8937 0.3886
vn -0.2037 0.8937 0.3998
vn -0.2606 0.7678 0.5854
vn -0.1825 0.8937 0.4099
vn -0.1608 0.8937 0.4189
vn -0.1387 0.8937 0.4267
vn -0.1161 0.8937 0.4334
vn -0.0933 0.8937 0.4389
vn -0.0702 0.8937 0.4432
vn -0.0469 0.8937 0.4462
vn -0.0235 0.8937 0.4480
vn -0.0000 0.8937 0.4486
vn 0.0235 0.8937 0.4481
vn 0.0469 0.8937 0.4462
vn 0.0702 0.8937 0.4431
vn 0.0933 0.8937 0.4389
vn 0.1161 0.8937 0.4334
vn 0.1387 0.8937 0.4267
vn 0.1608 0.8937 0.4189
vn 0.2606 0.7678 0.5854
vn 0.1825 0.8937 0.4099
vn 0.2037 0.8937 0.3998
vn 0.2243 0.8937 0.3885
vn 0.2443 0.8937 0.3763
vn 0.2637 0.8937 0.3630
vn 0.2824 0.8937 0.3487
vn 0.3002 0.8937 0.3334
vn 0.3172 0.8937 0.3172
vn 0.3334 0.8937 0.3002
vn 0.3487 0.8937 0.2824
vn 0.3630 0.8937 0.2637
vn 0.3763 0.8937 0.2444
vn 0.3886 0.8937 0.2243
vn 0.3997 0.8937 0.2037
vn 0.4099 0.8937 0.1825
vn 0.4189 0.8937 0.1608
vn 0.4267 0.8937 0.1387
vn 0.4334 0.8937 0.1161
vn 0.4388 0.8937 0.0933
vn 0.4431 0.8937 0.0702
vn 0.4462 0.8937 0.0469
vn 0.4481 0.8937 0.0235
vn 0.4486 0.8937 -0.0000
vn 0.4481 0.8937 -0.0235
vn 0.4462 0.8937 -0.0469
vn 0.4432 0.8937 -0.0702
vn 0.4389 0.8937 -0.0933
vn 0.4334 0.8937 -0.1161
vn 0.4267 0.8937 -0.1387
vn 0.4188 0.8937 -0.1608
vn 0.4099 0.8937 -0.1825
vn 0.3998 0.8937 -0.2037
vn 0.3886 0.8937 -0.2243
vn 0.3763 0.8937 -0.2444
vn 0.3630 0.8937 -0.2637
vn 0.3487 0.8937 -0.2823
vn 0.3334 0.8937 -0.3002
vn 0.3173 0.8937 -0.3173
vn 0.3002 0.8937 -0.3334
vn 0.2824 0.8937 -0.3487
vn 0.2637 0.8937 -0.3630
vn 0.2443 0.8937 -0.3763
vn 0.2243 0.8937 -0.3886
vn 0.2037 0.8937 -0.3998
vn 0.2606 0.7678 -0.5854
vn 0.1825 0.8937 -0.4099
vn 0.1608 0.8937 -0.4189
vn 0.1387 0.8937 -0.4267
vn 0.1161 0.8937 -0.4334
vn 0.0933 0.8937 -0.4389
vn 0.0702 0.8937 -0.4432
vn 0.0469 0.8937 -0.4462
vn 0.0235 0.8937 -0.4480
vn -0.0000 0.8937 -0.4486
vn -0.0235 0.8937 -0.4481
vn -0.0469 0.8937 -0.4462
vn -0.0702 0.8937 -0.4431
vn -0.0933 0.8937 -0.4389
vn -0.1161 0.8937 -0.4334
vn -0.1387 0.8937 -0.4267
vn -0.1608 0.8937 -0.4189
vn -0.2606 0.7678 -0.5854
vn -0.1825 0.8937 -0.4099
vn -0.2037 0.8937 -0.3998
vn -0.2243 0.8937 -0.3885
vn -0.2443 0.8937 -0.3763
vn -0.2637 0.8937 -0.3630
vn -0.2824 0.8937 -0.3487
vn -0.3002 0.8937 -0.3334
vn -0.3172 0.8937 -0.3172
vn -0.3334 0.8937 -0.3002
vn -0.3487 0.8937 -0.2824
vn -0.3630 0.8937 -0.2637
vn -0.3763 0.8937 -0.2444
vn -0.3886 0.8937 -0.2243
vn -0.3997 0.8937 -0.2037
vn -0.4099 0.8937 -0.1825
vn -0.4189 0.8937 -0.1608
vn -0.4267 0.8937 -0.1387
vn -0.4334 0.8937 -0.1161
vn -0.4388 0.8937 -0.0933
vn -0.4431 0.8937 -0.0702
vn -0.4462 0.8937 -0.0469
vn -0.4481 0.8937 -0.0235
vn -0.0018 1.0000 0.0001
vn -0.0018 1.0000 -0.0000
vn -0.0019 1.0000 0.0002
vn -0.0018 1.0000 0.0003
vn -0.0018 1.0000 0.0004
vn -0.0018 1.0000 0.0005
vn -0.0017 1.0000 0.0006
vn -0.0017 1.0000 0.0007
vn -0.0017 1.0000 0.0008
vn -0.0016 1.0000 0.0009
vn -0.0016 1.0000 0.0010
vn -0.0015 1.0000 0.0011
vn -0.0015 1.0000 0.0012
vn -0.0014 1.0000 0.0013
vn -0.0013 1.0000 0.0013
vn -0.0013 1.0000 0.0014
vn -0.0011 1.0000 0.0014
vn -0.0011 1.0000 0.0015
vn -0.0010 1.0000 0.0016
vn -0.0009 1.0000 0.0016
vn -0.0008 1.0000 0.0017
vn -0.0007 1.0000 0.0017
vn -0.0006 1.0000 0.0018
vn -0.0005 1.0000 0.0018
vn -0.0004 1.0000 0.0018
vn -0.0003 1.0000 0.0018
vn -0.0002 1.0000 0.0019
vn -0.0001 1.0000 0.0019
vn -0.0000 1.0000 0.0018
vn 0.0001 1.0000 0.0019
vn 0.0002 1.0000 0.0019
vn 0.0003 1.0000 0.0018
vn 0.0004 1.0000 0.0018
vn 0.0005 1.0000 0.0018
vn 0.0006 1.0000 0.0018
vn 0.0007 1.0000 0.0017
vn 0.0008 1.0000 0.0017
vn 0.0008 1.0000 0.0016
vn 0.0009 1.0000 0.0016
vn 0.0010 1.0000 0.0015
vn 0.0011 1.0000 0.0015
vn 0.0011 1.0000 0.0014
vn 0.0013 1.0000 0.0014
vn 0.0013 1.0000 0.0013
vn 0.0014 1.0000 0.0012
vn 0.0015 1.0000 0.0012
vn 0.0015 1.0000 0.0011
vn 0.0015 1.0000 0.0010
vn 0.0016 1.0000 0.0009
vn 0.0017 1.0000 0.0008
vn 0.0017 1.0000 0.0007
vn 0.0018 1.0000 0.0006
vn 0.0018 1.0000 0.0005
vn 0.0018 1.0000 0.0004
vn 0.0018 1.0000 0.0003
vn 0.0018 1.0000 0.0002
vn 0.0018 1.0000 0.0001
vn 0.0018 1.0000 -0.0000
vn 0.0018 1.0000 -0.0001
vn 0.0019 1.0000 -0.0002
vn 0.0018 1.0000 -0.0003
vn 0.0018 1.0000 -0.0004
vn 0.0018 1.0000 -0.0005
vn 0.0017 1.0000 -0.0006
vn 0.0017 1.0000 -0.0007
vn 0.0017 1.0000 -0.0008
vn 0.0016 1.0000 -0.0009
vn 0.0016 1.0000 -0.0010
vn 0.0015 1.0000 -0.0011
vn 0.0015 1.0000 -0.0012
vn 0.0014 1.0000 -0.0013
vn 0.0013 1.0000 -0.0013
vn 0.0013 1.0000 -0.0014
vn 0.0011 1.0000 -0.0014
vn 0.0011 1.0000 -0.0015
vn 0.0010 1.0000 -0.0016
vn 0.0009 1.0000 -0.0016
vn 0.0008 1.0000 -0.0017
vn 0.0007 1.0000 -0.0017
vn 0.0006 1.0000 -0.0018
vn 0.0005 1.0000 -0.0018
vn 0.0004 1.0000 -0.0018
vn 0.0003 1.0000 -0.0018
vn 0.0002 1.0000 -0.0019
vn 0.0001 1.0000 -0.0019
vn -0.0000 1.0000 -0.0018
vn -0.0001 1.0000 -0.0019
vn -0.0002 1.0000 -0.0019
vn -0.0003 1.0000 -0.0018
vn -0.0004 1.0000 -0.0018
vn -0.0005 1.0000 -0.0018
vn -0.0006 1.0000 -0.0018
vn -0.0007 1.0000 -0.0017
vn -0.0008 1.0000 -0.0017
vn -0.0008 1.0000 -0.0016
vn -0.0009 1.0000 -0.0016
vn -0.0010 1.0000 -0.0015
vn -0.0011 1.0000 -0.0015
vn -0.0011 1.0000 -0.0014
vn -0.0013 1.0000 -0.0014
vn -0.0013 1.0000 -0.0013
vn -0.0014 1.0000 -0.0012
vn -0.0015 1.0000 -0.0012
vn -0.0015 1.0000 -0.0011
vn -0.0015 1.0000 -0.0010
vn -0.0016 1.0000 -0.0009
vn -0.0017 1.0000 -0.0008
vn -0.0017 1.0000 -0.0007
vn -0.0018 1.0000 -0.0006
vn -0.0018 1.0000 -0.0005
vn -0.0018 1.0000 -0.0004
vn -0.0018 1.0000 -0.0003
vn -0.0018 1.0000 -0.0002
vn -0.0018 1.0000 -0.0001
vn 0.4451 0.8952 -0.0233
vn 0.4457 0.8952 -0.0000
vn 0.4432 0.8952 -0.0466
vn 0.4402 0.8952 -0.0697
vn 0.4360 0.8952 -0.0927
vn 0.4305 0.8952 -0.1153
vn 0.4239 0.8952 -0.1377
vn 0.4161 0.8952 -0.1597
vn 0.4072 0.8952 -0.1813
vn 0.3971 0.8952 -0.2023
vn 0.3860 0.8952 -0.2228
vn 0.3738 0.8952 -0.2427
vn 0.3606 0.8952 -0.2620
vn 0.3463 0.8952 -0.2805
vn 0.3312 0.8952 -0.2982
vn 0.3152 0.8952 -0.3152
vn 0.2982 0.8952 -0.3312
vn 0.2805 0.8952 -0.3464
vn 0.2620 0.8952 -0.3606
vn 0.2427 0.8952 -0.3738
vn 0.2229 0.8952 -0.3860
vn 0.2023 0.8952 -0.3971
vn 0.1813 0.8952 -0.4072
vn 0.1597 0.8952 -0.4161
vn 0.1377 0.8952 -0.4239
vn 0.1154 0.8952 -0.4305
vn 0.0927 0.8952 -0.4359
vn 0.0697 0.8952 -0.4402
vn 0.0466 0.8952 -0.4433
vn 0.0233 0.8952 -0.4451
vn -0.0000 0.8952 -0.4457
vn -0.0233 0.8952 -0.4451
vn -0.0466 0.8952 -0.4433
vn -0.0697 0.8952 -0.4402
vn -0.0927 0.8952 -0.4359
vn -0.1154 0.8952 -0.4305
vn -0.1377 0.8952 -0.4239
vn -0.1597 0.8952 -0.4161
vn -0.1813 0.8952 -0.4072
vn -0.2023 0.8952 -0.3971
vn -0.2229 0.8952 -0.3860
vn -0.2427 0.8952 -0.3738
vn -0.2620 0.8952 -0.3606
vn -0.2805 0.8952 -0.3464
vn -0.2982 0.8952 -0.3312
vn -0.3151 0.8952 -0.3151
vn -0.3312 0.8952 -0.2982
vn -0.3464 0.8952 -0.2805
vn -0.3606 0.8952 -0.2620
vn -0.3738 0.8952 -0.2427
vn -0.3860 0.8952 -0.2228
vn -0.3971 0.8952 -0.2023
vn -0.4072 0.8952 -0.1813
vn -0.4161 0.8952 -0.1597
vn -0.4239 0.8952 -0.1377
vn -0.4305 0.8952 -0.1154
vn -0.4360 0.8952 -0.0927
vn -0.4402 0.8952 -0.0697
vn -0.4432 0.8952 -0.0466
vn -0.4451 0.8952 -0.0233
vn -0.4457 0.8952 -0.0000
vn -0.4451 0.8952 0.0233
vn -0.4432 0.8952 0.0466
vn -0.4402 0.8952 0.0697
vn -0.4360 0.8952 0.0927
vn -0.4305 0.8952 0.1153
vn -0.4239 0.8952 0.1377
vn -0.4161 0.8952 0.1597
vn -0.4072 0.8952 0.1813
vn -0.3971 0.8952 0.2023
vn -0.3860 0.8952 0.2228
vn -0.3738 0.8952 0.2427
vn -0.3606 0.8952 0.2620
vn -0.3463 0.8952 0.2805
vn -0.3312 0.8952 0.2982
vn -0.3152 0.8952 0.3152
vn -0.2982 0.8952 0.3312
vn -0.2805 0.8952 0.3464
vn -0.2620 0.8952 0.3606
vn -0.2427 0.8952 0.3738
vn -0.2229 0.8952 0.3860
vn -0.2023 0.8952 0.3971
vn -0.1813 0.8952 0.4072
vn -0.1597 0.8952 0.4161
vn -0.1377 0.8952 0.4239
vn -0.1154 0.8952 0.4305
vn -0.0927 0.8952 0.4359
vn -0.0697 0.8952 0.4402
vn -0.0466 0.8952 0.4433
vn -0.0233 0.8952 0.4451
vn -0.0000 0.8952 0.4457
vn 0.0233 0.8952 0.4451
vn 0.0466 0.8952 0.4433
vn 0.0697 0.8952 0.4402
vn 0.0927 0.8952 0.4359
vn 0.1154 0.8952 0.4305
vn 0.1377 0.8952 0.4239
vn 0.1597 0.8952 0.4161
vn 0.1813 0.8952 0.4072
vn 0.2023 0.8952 0.3971
vn 0.2229 0.8952 0.3860
vn 0.2427 0.8952 0.3738
vn 0.2620 0.8952 0.3606
vn 0.2805 0.8952 0.3464
vn 0.2982 0.8952 0.3312
vn 0.3151 0.8952 0.3151
vn 0.3312 0.8952 0.2982
vn 0.3464 0.8952 0.2805
vn 0.3606 0.8952 0.2620
vn 0.3738 0.8952 0.2427
vn 0.3860 0.8952 0.2228
vn 0.3971 0.8952 0.2023
vn 0.4072 0.8952 0.1813
vn 0.4161 0.8952 0.1597
vn 0.4239 0.8952 0.1377
vn 0.4305 0.8952 0.1154
vn 0.4360 0.8952 0.0927
vn 0.4402 0.8952 0.0697
vn 0.4432 0.8952 0.0466
vn 0.4451 0.8952 0.0233
vn -0.3926 0.9197 -0.0000
vn -0.3920 0.9197 0.0205
vn -0.5476 0.8362 0.0287
vn -0.5484 0.8362 -0.0000
vn -0.3904 0.9197 0.0410
vn -0.5454 0.8362 0.0573
vn -0.3877 0.9197 0.0614
vn -0.5416 0.8362 0.0858
vn -0.3840 0.9197 0.0816
vn -0.5364 0.8362 0.1140
vn -0.3792 0.9197 0.1016
vn -0.5297 0.8362 0.1419
vn -0.3734 0.9197 0.1213
vn -0.5216 0.8362 0.1695
vn -0.3665 0.9197 0.1407
vn -0.5120 0.8362 0.1965
vn -0.3586 0.9197 0.1597
vn -0.5010 0.8362 0.2231
vn -0.3498 0.9197 0.1782
vn -0.4886 0.8362 0.2490
vn -0.3400 0.9197 0.1963
vn -0.4749 0.8362 0.2742
vn -0.3292 0.9197 0.2138
vn -0.4599 0.8362 0.2987
vn -0.3176 0.9197 0.2307
vn -0.4437 0.8362 0.3223
vn -0.3051 0.9197 0.2470
vn -0.4262 0.8362 0.3451
vn -0.2917 0.9197 0.2627
vn -0.4075 0.8362 0.3669
vn -0.2776 0.9197 0.2776
vn -0.3878 0.8362 0.3878
vn -0.2627 0.9197 0.2917
vn -0.3670 0.8362 0.4075
vn -0.2471 0.9197 0.3051
vn -0.3451 0.8362 0.4262
vn -0.2307 0.9197 0.3176
vn -0.3223 0.8362 0.4437
vn -0.2138 0.9197 0.3292
vn -0.2987 0.8362 0.4599
vn -0.1963 0.9197 0.3400
vn -0.2742 0.8362 0.4749
vn -0.1782 0.9197 0.3498
vn -0.2490 0.8362 0.4886
vn -0.1597 0.9197 0.3586
vn -0.2231 0.8362 0.5010
vn -0.1407 0.9197 0.3665
vn -0.1965 0.8362 0.5120
vn -0.1213 0.9197 0.3734
vn -0.1695 0.8362 0.5216
vn -0.1016 0.9197 0.3792
vn -0.1419 0.8362 0.5297
vn -0.0816 0.9197 0.3840
vn -0.1140 0.8362 0.5364
vn -0.0614 0.9197 0.3877
vn -0.0858 0.8362 0.5416
vn -0.0410 0.9197 0.3904
vn -0.0573 0.8362 0.5454
vn -0.0205 0.9197 0.3920
vn -0.0287 0.8362 0.5476
vn -0.0000 0.9197 0.3926
vn -0.0000 0.8362 0.5484
vn 0.0205 0.9197 0.3920
vn 0.0287 0.8362 0.5476
vn 0.0410 0.9197 0.3904
vn 0.0573 0.8362 0.5454
vn 0.0614 0.9197 0.3877
vn 0.0858 0.8362 0.5416
vn 0.0816 0.9197 0.3840
vn 0.1140 0.8362 0.5364
vn 0.1016 0.9197 0.3792
vn 0.1419 0.8362 0.5297
vn 0.1213 0.9197 0.3734
vn 0.1695 0.8362 0.5215
vn 0.1407 0.9197 0.3665
vn 0.1965 0.8362 0.5119
vn 0.1597 0.9197 0.3586
vn 0.2231 0.8362 0.5010
vn 0.1782 0.9197 0.3498
vn 0.2490 0.8362 0.4886
vn 0.1963 0.9197 0.3400
vn 0.2742 0.8362 0.4749
vn 0.2138 0.9197 0.3292
vn 0.2987 0.8362 0.4599
vn 0.2307 0.9197 0.3176
vn 0.3223 0.8362 0.4437
vn 0.2470 0.9197 0.3051
vn 0.3451 0.8362 0.4262
vn 0.2627 0.9197 0.2917
vn 0.3669 0.8362 0.4075
vn 0.2776 0.9197 0.2776
vn 0.3878 0.8362 0.3878
vn 0.2917 0.9197 0.2627
vn 0.4075 0.8362 0.3669
vn 0.3051 0.9197 0.2470
vn 0.4262 0.8362 0.3451
vn 0.3176 0.9197 0.2307
vn 0.4437 0.8362 0.3223
vn 0.3292 0.9197 0.2138
vn 0.4599 0.8362 0.2987
vn 0.3400 0.9197 0.1963
vn 0.4749 0.8362 0.2742
vn 0.3498 0.9197 0.1782
vn 0.4886 0.8362 0.2490
vn 0.3586 0.9197 0.1597
vn 0.5010 0.8362 0.2231
vn 0.3665 0.9197 0.1407
vn 0.5120 0.8362 0.1965
vn 0.3734 0.9197 0.1213
vn 0.5216 0.8362 0.1695
vn 0.3792 0.9197 0.1016
vn 0.5297 0.8362 0.1419
vn 0.3840 0.9197 0.0816
vn 0.5364 0.8362 0.1140
vn 0.3877 0.9197 0.0614
vn 0.5416 0.8362 0.0858
vn 0.3904 0.9197 0.0410
vn 0.5454 0.8362 0.0573
vn 0.3920 0.9197 0.0205
vn 0.5476 0.8362 0.0287
vn 0.3926 0.9197 -0.0000
vn 0.5484 0.8362 -0.0000
vn 0.3920 0.9197 -0.0205
vn 0.5476 0.8362 -0.0287
vn 0.3904 0.9197 -0.0410
vn 0.5454 0.8362 -0.0573
vn 0.3877 0.9197 -0.0614
vn 0.5416 0.8362 -0.0858
vn 0.3840 0.9197 -0.0816
vn 0.5364 0.8362 -0.1140
vn 0.3792 0.9197 -0.1016
vn 0.5297 0.8362 -0.1419
vn 0.3734 0.9197 -0.1213
vn 0.5216 0.8362 -0.1695
vn 0.3665 0.9197 -0.1407
vn 0.5120 0.8362 -0.1965
vn 0.3586 0.9197 -0.1597
vn 0.5010 0.8362 -0.2231
vn 0.3498 0.9197 -0.1782
vn 0.4886 0.8362 -0.2490
vn 0.3400 0.9197 -0.1963
vn 0.4749 0.8362 -0.2742
vn 0.3292 0.9197 -0.2138
vn 0.4599 0.8362 -0.2987
vn 0.3176 0.9197 -0.2307
vn 0.4437 0.8362 -0.3223
vn 0.3051 0.9197 -0.2470
vn 0.4262 0.8362 -0.3451
vn 0.2917 0.9197 -0.2627
vn 0.4075 0.8362 -0.3669
vn 0.2776 0.9197 -0.2776
vn 0.3878 0.8362 -0.3878
vn 0.2627 0.9197 -0.2917
vn 0.3670 0.8362 -0.4075
vn 0.2471 0.9197 -0.3051
vn 0.3451 0.8362 -0.4262
vn 0.2307 0.9197 -0.3176
vn 0.3223 0.8362 -0.4437
vn 0.2138 0.9197 -0.3292
vn 0.2987 0.8362 -0.4599
vn 0.1963 0.9197 -0.3400
vn 0.2742 0.8362 -0.4749
vn 0.1782 0.9197 -0.3498
vn 0.2490 0.8362 -0.4886
vn 0.1597 0.9197 -0.3586
vn 0.2231 0.8362 -0.5010
vn 0.1407 0.9197 -0.3665
vn 0.1965 0.8362 -0.5120
vn 0.1213 0.9197 -0.3734
vn 0.1695 0.8362 -0.5216
vn 0.1016 0.9197 -0.3792
vn 0.1419 0.8362 -0.5297
vn 0.0816 0.9197 -0.3840
vn 0.1140 0.8362 -0.5364
vn 0.0614 0.9197 -0.3877
vn 0.0858 0.8362 -0.5416
vn 0.0410 0.9197 -0.3904
vn 0.0573 0.8362 -0.5454
vn 0.0205 0.9197 -0.3920
vn 0.0287 0.8362 -0.5476
vn -0.0000 0.9197 -0.3926
vn -0.0000 0.8362 -0.5484
vn -0.0205 0.9197 -0.3920
vn -0.0287 0.8362 -0.5476
vn -0.0410 0.9197 -0.3904
vn -0.0573 0.8362 -0.5454
vn -0.0614 0.9197 -0.3877
vn -0.0858 0.8362 -0.5416
vn -0.0816 0.9197 -0.3840
vn -0.1140 0.8362 -0.5364
vn -0.1016 0.9197 -0.3792
vn -0.1419 0.8362 -0.5297
vn -0.1213 0.9197 -0.3734
vn -0.1695 0.8362 -0.5215
vn -0.1407 0.9197 -0.3665
vn -0.1965 0.8362 -0.5119
vn -0.1597 0.9197 -0.3586
vn -0.2231 0.8362 -0.5010
vn -0.1782 0.9197 -0.3498
vn -0.2490 0.8362 -0.4886
vn -0.1963 0.9197 -0.3400
vn -0.2742 0.8362 -0.4749
vn -0.2138 0.9197 -0.3292
vn -0.2987 0.8362 -0.4599
vn -0.2307 0.9197 -0.3176
vn -0.3223 0.8362 -0.4437
vn -0.2470 0.9197 -0.3051
vn -0.3451 0.8362 -0.4262
vn -0.2627 0.9197 -0.2917
vn -0.3670 0.8362 -0.4075
vn -0.2776 0.9197 -0.2776
vn -0.3878 0.8362 -0.3878
vn -0.2917 0.9197 -0.2627
vn -0.4075 0.8362 -0.3669
vn -0.3051 0.9197 -0.2470
vn -0.4262 0.8362 -0.3451
vn -0.3176 0.9197 -0.2307
vn -0.4437 0.8362 -0.3223
vn -0.3292 0.9197 -0.2138
vn -0.4599 0.8362 -0.2987
vn -0.3400 0.9197 -0.1963
vn -0.4749 0.8362 -0.2742
vn -0.3498 0.9197 -0.1782
vn -0.4886 0.8362 -0.2490
vn -0.3586 0.9197 -0.1597
vn -0.5010 0.8362 -0.2231
vn -0.3665 0.9197 -0.1407
vn -0.5120 0.8362 -0.1965
vn -0.3734 0.9197 -0.1213
vn -0.5216 0.8362 -0.1695
vn -0.3792 0.9197 -0.1016
vn -0.5297 0.8362 -0.1419
vn -0.3840 0.9197 -0.0816
vn -0.5364 0.8362 -0.1140
vn -0.3877 0.9197 -0.0614
vn -0.5416 0.8362 -0.0858
vn -0.3904 0.9197 -0.0410
vn -0.5454 0.8362 -0.0573
vn -0.3920 0.9197 -0.0205
vn -0.5476 0.8362 -0.0287
vn -0.4711 0.8817 0.0247
vn -0.4718 0.8817 -0.0000
vn -0.4692 0.8817 0.0493
vn -0.4660 0.8817 0.0738
vn -0.4615 0.8817 0.0981
vn -0.4557 0.8817 0.1221
vn -0.4487 0.8817 0.1458
vn -0.4404 0.8817 0.1691
vn -0.4310 0.8817 0.1919
vn -0.4204 0.8817 0.2142
vn -0.4086 0.8817 0.2359
vn -0.3957 0.8817 0.2570
vn -0.3817 0.8817 0.2773
vn -0.3666 0.8817 0.2969
vn -0.3506 0.8817 0.3157
vn -0.3336 0.8817 0.3336
vn -0.3157 0.8817 0.3506
vn -0.2969 0.8817 0.3666
vn -0.2773 0.8817 0.3817
vn -0.2569 0.8817 0.3957
vn -0.2359 0.8817 0.4086
vn -0.2142 0.8817 0.4204
vn -0.1919 0.8817 0.4310
vn -0.1691 0.8817 0.4404
vn -0.1458 0.8817 0.4487
vn -0.1221 0.8817 0.4557
vn -0.0981 0.8817 0.4615
vn -0.0738 0.8817 0.4660
vn -0.0493 0.8817 0.4692
vn -0.0247 0.8817 0.4711
vn -0.0000 0.8817 0.4718
vn 0.0247 0.8817 0.4711
vn 0.0493 0.8817 0.4692
vn 0.0738 0.8817 0.4660
vn 0.0981 0.8817 0.4615
vn 0.1221 0.8817 0.4557
vn 0.1458 0.8817 0.4487
vn 0.1691 0.8817 0.4404
vn 0.1919 0.8817 0.4310
vn 0.2142 0.8817 0.4204
vn 0.2359 0.8817 0.4086
vn 0.2570 0.8817 0.3957
vn 0.2773 0.8817 0.3817
vn 0.2969 0.8817 0.3666
vn 0.3157 0.8817 0.3506
vn 0.3336 0.8817 0.3336
vn 0.3506 0.8817 0.3157
vn 0.3666 0.8817 0.2969
vn 0.3817 0.8817 0.2773
vn 0.3957 0.8817 0.2569
vn 0.4086 0.8817 0.2359
vn 0.4204 0.8817 0.2142
vn 0.4310 0.8817 0.1919
vn 0.4404 0.8817 0.1691
vn 0.4487 0.8817 0.1458
vn 0.4557 0.8817 0.1221
vn 0.4615 0.8817 0.0981
vn 0.4660 0.8817 0.0738
vn 0.4692 0.8817 0.0493
vn 0.4711 0.8817 0.0247
vn 0.4718 0.8817 -0.0000
vn 0.4711 0.8817 -0.0247
vn 0.4692 0.8817 -0.0493
vn 0.4660 0.8817 -0.0738
vn 0.4615 0.8817 -0.0981
vn 0.4557 0.8817 -0.1221
vn 0.4487 0.8817 -0.1458
vn 0.4404 0.8817 -0.1691
vn 0.4310 0.8817 -0.1919
vn 0.4204 0.8817 -0.2142
vn 0.4086 0.8817 -0.2359
vn 0.3957 0.8817 -0.2570
vn 0.3817 0.8817 -0.2773
vn 0.3666 0.8817 -0.2969
vn 0.3506 0.8817 -0.3157
vn 0.3336 0.8817 -0.3336
vn 0.3157 0.8817 -0.3506
vn 0.2969 0.8817 -0.3666
vn 0.2773 0.8817 -0.3817
vn 0.2569 0.8817 -0.3957
vn 0.2359 0.8817 -0.4086
vn 0.2142 0.8817 -0.4204
vn 0.1919 0.8817 -0.4310
vn 0.1691 0.8817 -0.4404
vn 0.1458 0.8817 -0.4487
vn 0.1221 0.8817 -0.4557
vn 0.0981 0.8817 -0.4615
vn 0.0738 0.8817 -0.4660
vn 0.0493 0.8817 -0.4692
vn 0.0247 0.8817 -0.4711
vn -0.0000 0.8817 -0.4718
vn -0.0247 0.8817 -0.4711
vn -0.0493 0.8817 -0.4692
vn -0.0738 0.8817 -0.4660
vn -0.0981 0.8817 -0.4615
vn -0.1221 0.8817 -0.4557
vn -0.1458 0.8817 -0.4487
vn -0.1691 0.8817 -0.4404
vn -0.1919 0.8817 -0.4310
vn -0.2142 0.8817 -0.4204
vn -0.2359 0.8817 -0.4086
vn -0.2570 0.8817 -0.3957
vn -0.2773 0.8817 -0.3817
vn -0.2969 0.8817 -0.3666
vn -0.3157 0.8817 -0.3506
vn -0.3336 0.8817 -0.3336
vn -0.3506 0.8817 -0.3157
vn -0.3666 0.8817 -0.2969
vn -0.3817 0.8817 -0.2773
vn -0.3957 0.8817 -0.2569
vn -0.4086 0.8817 -0.2359
vn -0.4204 0.8817 -0.2142
vn -0.4310 0.8817 -0.1919
vn -0.4404 0.8817 -0.1691
vn -0.4487 0.8817 -0.1458
vn -0.4557 0.8817 -0.1221
vn -0.4615 0.8817 -0.0981
vn -0.4660 0.8817 -0.0738
vn -0.4692 0.8817 -0.0493
vn -0.4711 0.8817 -0.0247
vn -0.2840 0.9587 0.0149
vn -0.2844 0.9587 -0.0000
vn -0.2828 0.9587 0.0297
vn -0.2809 0.9587 0.0445
vn -0.2782 0.9587 0.0591
vn -0.2747 0.9587 0.0736
vn -0.2704 0.9587 0.0879
vn -0.2655 0.9587 0.1019
vn -0.2598 0.9587 0.1157
vn -0.2534 0.9587 0.1291
vn -0.2463 0.9587 0.1422
vn -0.2385 0.9587 0.1549
vn -0.2301 0.9587 0.1671
vn -0.2210 0.9587 0.1790
vn -0.2113 0.9587 0.1903
vn -0.2011 0.9587 0.2011
vn -0.1903 0.9587 0.2113
vn -0.1790 0.9587 0.2210
vn -0.1671 0.9587 0.2301
vn -0.1549 0.9587 0.2385
vn -0.1422 0.9587 0.2463
vn -0.1291 0.9587 0.2534
vn -0.1157 0.9587 0.2598
vn -0.1019 0.9587 0.2655
vn -0.0879 0.9587 0.2704
vn -0.0736 0.9587 0.2747
vn -0.0591 0.9587 0.2782
vn -0.0445 0.9587 0.2809
vn -0.0297 0.9587 0.2828
vn -0.0149 0.9587 0.2840
vn -0.0000 0.9587 0.2844
vn 0.0149 0.9587 0.2840
vn 0.0297 0.9587 0.2828
vn 0.0445 0.9587 0.2809
vn 0.0591 0.9587 0.2782
vn 0.0736 0.9587 0.2747
vn 0.0879 0.9587 0.2704
vn 0.1019 0.9587 0.2655
vn 0.1157 0.9587 0.2598
vn 0.1291 0.9587 0.2534
vn 0.1422 0.9587 0.2463
vn 0.1549 0.9587 0.2385
vn 0.1671 0.9587 0.2301
vn 0.1790 0.9587 0.2210
vn 0.1903 0.9587 0.2113
vn 0.2011 0.9587 0.2011
vn 0.2113 0.9587 0.1903
vn 0.2210 0.9587 0.1790
vn 0.2301 0.9587 0.1671
vn 0.2385 0.9587 0.1549
vn 0.2463 0.9587 0.1422
vn 0.2534 0.9587 0.1291
vn 0.2598 0.9587 0.1157
vn 0.2655 0.9587 0.1019
vn 0.2704 0.9587 0.0879
vn 0.2747 0.9587 0.0736
vn 0.2782 0.9587 0.0591
vn 0.2809 0.9587 0.0445
vn 0.2828 0.9587 0.0297
vn 0.2840 0.9587 0.0149
vn 0.2844 0.9587 -0.0000
vn 0.2840 0.9587 -0.0149
vn 0.2828 0.9587 -0.0297
vn 0.2809 0.9587 -0.0445
vn 0.2782 0.9587 -0.0591
vn 0.2747 0.9587 -0.0736
vn 0.2704 0.9587 -0.0879
vn 0.2655 0.9587 -0.1019
vn 0.2598 0.9587 -0.1157
vn 0.2534 0.9587 -0.1291
vn 0.2463 0.9587 -0.1422
vn 0.2385 0.9587 -0.1549
vn 0.2301 0.9587 -0.1671
vn 0.2210 0.9587 -0.1790
vn 0.2113 0.9587 -0.1903
vn 0.2011 0.9587 -0.2011
vn 0.1903 0.9587 -0.2113
vn 0.1790 0.9587 -0.2210
vn 0.1671 0.9587 -0.2301
vn 0.1549 0.9587 -0.2385
vn 0.1422 0.9587 -0.2463
vn 0.1291 0.9587 -0.2534
vn 0.1157 0.9587 -0.2598
vn 0.1019 0.9587 -0.2655
vn 0.0879 0.9587 -0.2704
vn 0.0736 0.9587 -0.2747
vn 0.0591 0.9587 -0.2782
vn 0.0445 0.9587 -0.2809
vn 0.0297 0.9587 -0.2828
vn 0.0149 0.9587 -0.2840
vn -0.0000 0.9587 -0.2844
vn -0.0149 0.9587 -0.2840
vn -0.0297 0.9587 -0.2828
vn -0.0445 0.9587 -0.2809
vn -0.0591 0.9587 -0.2782
vn -0.0736 0.9587 -0.2747
vn -0.0879 0.9587 -0.2704
vn -0.1019 0.9587 -0.2655
vn -0.1157 0.9587 -0.2598
vn -0.1291 0.9587 -0.2534
vn -0.1422 0.9587 -0.2463
vn -0.1549 0.9587 -0.2385
vn -0.1671 0.9587 -0.2301
vn -0.1790 0.9587 -0.2210
vn -0.1903 0.9587 -0.2113
vn -0.2011 0.9587 -0.2011
vn -0.2113 0.9587 -0.1903
vn -0.2210 0.9587 -0.1790
vn -0.2301 0.9587 -0.1671
vn -0.2385 0.9587 -0.1549
vn -0.2463 0.9587 -0.1422
vn -0.2534 0.9587 -0.1291
vn -0.2598 0.9587 -0.1157
vn -0.2655 0.9587 -0.1019
vn -0.2704 0.9587 -0.0879
vn -0.2747 0.9587 -0.0736
vn -0.2782 0.9587 -0.0591
vn -0.2809 0.9587 -0.0445
vn -0.2828 0.9587 -0.0297
vn -0.2840 0.9587 -0.0149
vn -0.9986 -0.0000 -0.0523
vn -1.0000 -0.0000 -0.0000
vn 1.0000 -0.0000 -0.0000
vn 0.9986 -0.0000 -0.0523
vn 0.9945 -0.0000 -0.1045
vn 0.9877 -0.0000 -0.1564
vn 0.9781 -0.0000 -0.2079
vn 0.9659 -0.0000 -0.2588
vn 0.9511 -0.0000 -0.3090
vn 0.9336 -0.0000 -0.3584
vn 0.9135 -0.0000 -0.4067
vn 0.8910 -0.0000 -0.4540
vn 0.8660 -0.0000 -0.5000
vn 0.8387 -0.0000 -0.5446
vn 0.8090 -0.0000 -0.5878
vn 0.7771 -0.0000 -0.6293
vn 0.7431 -0.0000 -0.6691
vn 0.7071 -0.0000 -0.7071
vn 0.6691 -0.0000 -0.7431
vn 0.6293 -0.0000 -0.7771
vn 0.5878 -0.0000 -0.8090
vn 0.5446 -0.0000 -0.8387
vn 0.5000 -0.0000 -0.8660
vn 0.4540 -0.0000 -0.8910
vn 0.4067 -0.0000 -0.9135
vn 0.3584 -0.0000 -0.9336
vn 0.3090 -0.0000 -0.9511
vn 0.2588 -0.0000 -0.9659
vn 0.2079 -0.0000 -0.9781
vn 0.1564 -0.0000 -0.9877
vn 0.1045 -0.0000 -0.9945
vn 0.0523 -0.0000 -0.9986
vn -0.0000 -0.0000 -1.0000
vn -0.0523 -0.0000 -0.9986
vn -0.1045 -0.0000 -0.9945
vn -0.1564 -0.0000 -0.9877
vn -0.2079 -0.0000 -0.9781
vn -0.2588 -0.0000 -0.9659
vn -0.3090 -0.0000 -0.9511
vn -0.3584 -0.0000 -0.9336
vn -0.4067 -0.0000 -0.9135
vn -0.4540 -0.0000 -0.8910
vn -0.5000 -0.0000 -0.8660
vn -0.5446 -0.0000 -0.8387
vn -0.5878 -0.0000 -0.8090
vn -0.6293 -0.0000 -0.7771
vn -0.6691 -0.0000 -0.7431
vn -0.7071 -0.0000 -0.7071
vn -0.7431 -0.0000 -0.6691
vn -0.7771 -0.0000 -0.6293
vn -0.8090 -0.0000 -0.5878
vn -0.8387 -0.0000 -0.5446
vn -0.8660 -0.0000 -0.5000
vn -0.8910 -0.0000 -0.4540
vn -0.9135 -0.0000 -0.4067
vn -0.9336 -0.0000 -0.3584
vn -0.9511 -0.0000 -0.3090
vn -0.9659 -0.0000 -0.2588
vn -0.9781 -0.0000 -0.2079
vn -0.9877 -0.0000 -0.1564
vn -0.9945 -0.0000 -0.1045
vn -0.9986 -0.0000 0.0523
vn -0.9945 -0.0000 0.1045
vn -0.9877 -0.0000 0.1564
vn -0.9781 -0.0000 0.2079
vn -0.9659 -0.0000 0.2588
vn -0.9511 -0.0000 0.3090
vn -0.9336 -0.0000 0.3584
vn -0.9135 -0.0000 0.4067
vn -0.8910 -0.0000 0.4540
vn -0.8660 -0.0000 0.5000
vn -0.8387 -0.0000 0.5446
vn -0.8090 -0.0000 0.5878
vn -0.7771 -0.0000 0.6293
vn -0.7431 -0.0000 0.6691
vn -0.7071 -0.0000 0.7071
vn -0.6691 -0.0000 0.7431
vn -0.6293 -0.0000 0.7771
vn -0.5878 -0.0000 0.8090
vn -0.5446 -0.0000 0.8387
vn -0.5000 -0.0000 0.8660
vn -0.4540 -0.0000 0.8910
vn -0.4067 -0.0000 0.9135
vn -0.3584 -0.0000 0.9336
vn -0.3090 -0.0000 0.9511
vn -0.2588 -0.0000 0.9659
vn -0.2079 -0.0000 0.9781
vn -0.1564 -0.0000 0.9877
vn -0.1045 -0.0000 0.9945
vn -0.0523 -0.0000 0.9986
vn -0.0000 -0.0000 1.0000
vn 0.0523 -0.0000 0.9986
vn 0.1045 -0.0000 0.9945
vn 0.1564 -0.0000 0.9877
vn 0.2079 -0.0000 0.9781
vn 0.2588 -0.0000 0.9659
vn 0.3090 -0.0000 0.9511
vn 0.3584 -0.0000 0.9336
vn 0.4067 -0.0000 0.9135
vn 0.4540 -0.0000 0.8910
vn 0.5000 -0.0000 0.8660
vn 0.5446 -0.0000 0.8387
vn 0.5878 -0.0000 0.8090
vn 0.6293 -0.0000 0.7771
vn 0.6691 -0.0000 0.7431
vn 0.7071 -0.0000 0.7071
vn 0.7431 -0.0000 0.6691
vn 0.7771 -0.0000 0.6293
vn 0.8090 -0.0000 0.5878
vn 0.8387 -0.0000 0.5446
vn 0.8660 -0.0000 0.5000
vn 0.8910 -0.0000 0.4540
vn 0.9135 -0.0000 0.4067
vn 0.9336 -0.0000 0.3584
vn 0.9511 -0.0000 0.3090
vn 0.9659 -0.0000 0.2588
vn 0.9781 -0.0000 0.2079
vn 0.9877 -0.0000 0.1564
vn 0.9945 -0.0000 0.1045
vn 0.9986 -0.0000 0.0523
vt 0.625000 0.494164
vt 0.629167 0.494164
vt 0.629167 0.507623
vt 0.625000 0.507623
vt 0.018750 0.000000
vt 0.025000 0.358000
vt 0.012500 0.358000
vt 0.031250 0.000000
vt 0.037500 0.358000
vt 0.043750 0.000000
vt 0.050000 0.358000
vt 0.056250 0.000000
vt 0.062500 0.358000
vt 0.068750 0.000000
vt 0.075000 0.358000
vt 0.081250 0.000000
vt 0.087500 0.358000
vt 0.093750 0.000000
vt 0.100000 0.358000
vt 0.106250 0.000000
vt 0.112500 0.358000
vt 0.118750 0.000000
vt 0.125000 0.358000
vt 0.131250 0.000000
vt 0.137500 0.358000
vt 0.143750 0.000000
vt 0.150000 0.358000
vt 0.156250 0.000000
vt 0.162500 0.358000
vt 0.168750 0.000000
vt 0.175000 0.358000
vt 0.181250 0.000000
vt 0.187500 0.358000
vt 0.193750 0.000000
vt 0.200000 0.358000
vt 0.206250 0.000000
vt 0.212500 0.358000
vt 0.218750 0.000000
vt 0.225000 0.358000
vt 0.231250 0.000000
vt 0.237500 0.358000
vt 0.243750 0.000000
vt 0.250000 0.358000
vt 0.256250 0.000000
vt 0.262500 0.358000
vt 0.268750 0.000000
vt 0.275000 0.358000
vt 0.281250 0.000000
vt 0.287500 0.358000
vt 0.293750 0.000000
vt 0.300000 0.358000
vt 0.306250 0.000000
vt 0.312500 0.358000
vt 0.318750 0.000000
vt 0.325000 0.358000
vt 0.331250 0.000000
vt 0.337500 0.358000
vt 0.343750 0.000000
vt 0.350000 0.358000
vt 0.356250 0.000000
vt 0.362500 0.358000
vt 0.368750 0.000000
vt 0.375000 0.358000
vt 0.381250 0.000000
vt 0.387500 0.358000
vt 0.393750 0.000000
vt 0.400000 0.358000
vt 0.406250 0.000000
vt 0.412500 0.358000
vt 0.418750 0.000000
vt 0.425000 0.358000
vt 0.431250 0.000000
vt 0.437500 0.358000
vt 0.443750 0.000000
vt 0.450000 0.358000
vt 0.456250 0.000000
vt 0.462500 0.358000
vt 0.468750 0.000000
vt 0.475000 0.358000
vt 0.481250 0.000000
vt 0.487500 0.358000
vt 0.493750 0.000000
vt 0.500000 0.358000
vt 0.506250 0.000000
vt 0.512500 0.358000
vt 0.518750 0.000000
vt 0.525000 0.358000
vt 0.531250 0.000000
vt 0.537500 0.358000
vt 0.543750 0.000000
vt 0.550000 0.358000
vt 0.556250 0.000000
vt 0.562500 0.358000
vt 0.568750 0.000000
vt 0.575000 0.358000
vt 0.581250 0.000000
vt 0.587500 0.358000
vt 0.593750 0.000000
vt 0.600000 0.358000
vt 0.606250 0.000000
vt 0.612500 0.358000
vt 0.618750 0.000000
vt 0.625000 0.358000
vt 0.631250 0.000000
vt 0.637500 0.358000
vt 0.643750 0.000000
vt 0.650000 0.358000
vt 0.656250 0.000000
vt 0.662500 0.358000
vt 0.668750 0.000000
vt 0.675000 0.358000
vt 0.681250 0.000000
vt 0.687500 0.358000
vt 0.693750 0.000000
vt 0.700000 0.358000
vt 0.706250 0.000000
vt 0.712500 0.358000
vt 0.718750 0.000000
vt 0.725000 0.358000
vt 0.731250 0.000000
vt 0.737500 0.358000
vt 0.743750 0.000000
vt 0.750000 0.358000
vt 0.756250 0.000000
vt 0.762500 0.358000
vt 0.768750 0.000000
vt 0.775000 0.358000
vt 0.781250 0.000000
vt 0.787500 0.358000
vt 0.793750 0.000000
vt 0.800000 0.358000
vt 0.806250 0.000000
vt 0.812500 0.358000
vt 0.818750 0.000000
vt 0.825000 0.358000
vt 0.831250 0.000000
vt 0.837500 0.358000
vt 0.843750 0.000000
vt 0.850000 0.358000
vt 0.856250 0.000000
vt 0.862500 0.358000
vt 0.868750 0.000000
vt 0.875000 0.358000
vt 0.881250 0.000000
vt 0.887500 0.358000
vt 0.893750 0.000000
vt 0.900000 0.358000
vt 0.906250 0.000000
vt 0.912500 0.358000
vt 0.918750 0.000000
vt 0.925000 0.358000
vt 0.931250 0.000000
vt 0.937500 0.358000
vt 0.943750 0.000000
vt 0.950000 0.358000
vt 0.956250 0.000000
vt 0.962500 0.358000
vt 0.968750 0.000000
vt 0.975000 0.358000
vt 0.981250 0.000000
vt 0.987500 0.358000
vt 0.993750 0.000000
vt 1.000000 0.358000
vt 0.000000 0.358000
vt 0.012500 0.369388
vt 0.000000 0.369388
vt 0.025000 0.369388
vt 0.037500 0.369388
vt 0.050000 0.369388
vt 0.062500 0.369388
vt 0.075000 0.369388
vt 0.087500 0.369388
vt 0.100000 0.369388
vt 0.112500 0.369388
vt 0.125000 0.369388
vt 0.137500 0.369388
vt 0.150000 0.369388
vt 0.162500 0.369388
vt 0.175000 0.369388
vt 0.187500 0.369388
vt 0.200000 0.369388
vt 0.212500 0.369388
vt 0.225000 0.369388
vt 0.237500 0.369388
vt 0.250000 0.369388
vt 0.262500 0.369388
vt 0.275000 0.369388
vt 0.287500 0.369388
vt 0.300000 0.369388
vt 0.312500 0.369388
vt 0.325000 0.369388
vt 0.337500 0.369388
vt 0.350000 0.369388
vt 0.362500 0.369388
vt 0.375000 0.369388
vt 0.387500 0.369388
vt 0.400000 0.369388
vt 0.412500 0.369388
vt 0.425000 0.369388
vt 0.437500 0.369388
vt 0.450000 0.369388
vt 0.462500 0.369388
vt 0.475000 0.369388
vt 0.487500 0.369388
vt 0.500000 0.369388
vt 0.512500 0.369388
vt 0.525000 0.369388
vt 0.537500 0.369388
vt 0.550000 0.369388
vt 0.562500 0.369388
vt 0.575000 0.369388
vt 0.587500 0.369388
vt 0.600000 0.369388
vt 0.612500 0.369388
vt 0.625000 0.369388
vt 0.637500 0.369388
vt 0.650000 0.369388
vt 0.662500 0.369388
vt 0.675000 0.369388
vt 0.687500 0.369388
vt 0.700000 0.369388
vt 0.712500 0.369388
vt 0.725000 0.369388
vt 0.737500 0.369388
vt 0.750000 0.369388
vt 0.762500 0.369388
vt 0.775000 0.369388
vt 0.787500 0.369388
vt 0.800000 0.369388
vt 0.812500 0.369388
vt 0.825000 0.369388
vt 0.837500 0.369388
vt 0.850000 0.369388
vt 0.862500 0.369388
vt 0.875000 0.369388
vt 0.887500 0.369388
vt 0.900000 0.369388
vt 0.912500 0.369388
vt 0.925000 0.369388
vt 0.937500 0.369388
vt 0.950000 0.369388
vt 0.962500 0.369388
vt 0.975000 0.369388
vt 0.987500 0.369388
vt 1.000000 0.369388
vt 0.012500 0.380776
vt 0.000000 0.380776
vt 0.025000 0.380776
vt 0.037500 0.380776
vt 0.050000 0.380776
vt 0.062500 0.380776
vt 0.075000 0.380776
vt 0.087500 0.380776
vt 0.100000 0.380776
vt 0.112500 0.380776
vt 0.125000 0.380776
vt 0.137500 0.380776
vt 0.150000 0.380776
vt 0.162500 0.380776
vt 0.175000 0.380776
vt 0.187500 0.380776
vt 0.200000 0.380776
vt 0.212500 0.380776
vt 0.225000 0.380776
vt 0.237500 0.380776
vt 0.250000 0.380776
vt 0.262500 0.380776
vt 0.275000 0.380776
vt 0.287500 0.380776
vt 0.300000 0.380776
vt 0.312500 0.380776
vt 0.325000 0.380776
vt 0.337500 0.380776
vt 0.350000 0.380776
vt 0.362500 0.380776
vt 0.375000 0.380776
vt 0.387500 0.380776
vt 0.400000 0.380776
vt 0.412500 0.380776
vt 0.425000 0.380776
vt 0.437500 0.380776
vt 0.450000 0.380776
vt 0.462500 0.380776
vt 0.475000 0.380776
vt 0.487500 0.380776
vt 0.500000 0.380776
vt 0.512500 0.380776
vt 0.525000 0.380776
vt 0.537500 0.380776
vt 0.550000 0.380776
vt 0.562500 0.380776
vt 0.575000 0.380776
vt 0.587500 0.380776
vt 0.600000 0.380776
vt 0.612500 0.380776
vt 0.625000 0.380776
vt 0.637500 0.380776
vt 0.650000 0.380776
vt 0.662500 0.380776
vt 0.675000 0.380776
vt 0.687500 0.380776
vt 0.700000 0.380776
vt 0.712500 0.380776
vt 0.725000 0.380776
vt 0.737500 0.380776
vt 0.750000 0.380776
vt 0.762500 0.380776
vt 0.775000 0.380776
vt 0.787500 0.380776
vt 0.800000 0.380776
vt 0.812500 0.380776
vt 0.825000 0.380776
vt 0.837500 0.380776
vt 0.850000 0.380776
vt 0.862500 0.380776
vt 0.875000 0.380776
vt 0.887500 0.380776
vt 0.900000 0.380776
vt 0.912500 0.380776
vt 0.925000 0.380776
vt 0.937500 0.380776
vt 0.950000 0.380776
vt 0.962500 0.380776
vt 0.975000 0.380776
vt 0.987500 0.380776
vt 1.000000 0.380776
vt 0.004167 0.392164
vt 0.000000 0.392164
vt 0.008333 0.392164
vt 0.012500 0.392164
vt 0.016667 0.392164
vt 0.020833 0.392164
vt 0.025000 0.392164
vt 0.029167 0.392164
vt 0.033333 0.392164
vt 0.037500 0.392164
vt 0.041667 0.392164
vt 0.045833 0.392164
vt 0.050000 0.392164
vt 0.054167 0.392164
vt 0.058333 0.392164
vt 0.062500 0.392164
vt 0.066667 0.392164
vt 0.070833 0.392164
vt 0.075000 0.392164
vt 0.079167 0.392164
vt 0.083333 0.392164
vt 0.087500 0.392164
vt 0.091667 0.392164
vt 0.095833 0.392164
vt 0.100000 0.392164
vt 0.104167 0.392164
vt 0.108333 0.392164
vt 0.112500 0.392164
vt 0.116667 0.392164
vt 0.120833 0.392164
vt 0.125000 0.392164
vt 0.129167 0.392164
vt 0.133333 0.392164
vt 0.137500 0.392164
vt 0.141667 0.392164
vt 0.145833 0.392164
vt 0.150000 0.392164
vt 0.154167 0.392164
vt 0.158333 0.392164
vt 0.162500 0.392164
vt 0.166667 0.392164
vt 0.170833 0.392164
vt 0.175000 0.392164
vt 0.179167 0.392164
vt 0.183333 0.392164
vt 0.187500 0.392164
vt 0.191667 0.392164
vt 0.195833 0.392164
vt 0.200000 0.392164
vt 0.204167 0.392164
vt 0.208333 0.392164
vt 0.212500 0.392164
vt 0.216667 0.392164
vt 0.220833 0.392164
vt 0.225000 0.392164
vt 0.229167 0.392164
vt 0.233333 0.392164
vt 0.237500 0.392164
vt 0.241667 0.392164
vt 0.245833 0.392164
vt 0.250000 0.392164
vt 0.254167 0.392164
vt 0.258333 0.392164
vt 0.262500 0.392164
vt 0.266667 0.392164
vt 0.270833 0.392164
vt 0.275000 0.392164
vt 0.279167 0.392164
vt 0.283333 0.392164
vt 0.287500 0.392164
vt 0.291667 0.392164
vt 0.295833 0.392164
vt 0.300000 0.392164
vt 0.304167 0.392164
vt 0.308333 0.392164
vt 0.312500 0.392164
vt 0.316667 0.392164
vt 0.320833 0.392164
vt 0.325000 0.392164
vt 0.329167 0.392164
vt 0.333333 0.392164
vt 0.337500 0.392164
vt 0.341667 0.392164
vt 0.345833 0.392164
vt 0.350000 0.392164
vt 0.354167 0.392164
vt 0.358333 0.392164
vt 0.362500 0.392164
vt 0.366667 0.392164
vt 0.370833 0.392164
vt 0.375000 0.392164
vt 0.379167 0.392164
vt 0.383333 0.392164
vt 0.387500 0.392164
vt 0.391667 0.392164
vt 0.395833 0.392164
vt 0.400000 0.392164
vt 0.404167 0.392164
vt 0.408333 0.392164
vt 0.412500 0.392164
vt 0.416667 0.392164
vt 0.420833 0.392164
vt 0.425000 0.392164
vt 0.429167 0.392164
vt 0.433333 0.392164
vt 0.437500 0.392164
vt 0.441667 0.392164
vt 0.445833 0.392164
vt 0.450000 0.392164
vt 0.454167 0.392164
vt 0.458333 0.392164
vt 0.462500 0.392164
vt 0.466667 0.392164
vt 0.470833 0.392164
vt 0.475000 0.392164
vt 0.479167 0.392164
vt 0.483333 0.392164
vt 0.487500 0.392164
vt 0.491667 0.392164
vt 0.495833 0.392164
vt 0.500000 0.392164
vt 0.504167 0.392164
vt 0.508333 0.392164
vt 0.512500 0.392164
vt 0.516667 0.392164
vt 0.520833 0.392164
vt 0.525000 0.392164
vt 0.529167 0.392164
vt 0.533333 0.392164
vt 0.537500 0.392164
vt 0.541667 0.392164
vt 0.545833 0.392164
vt 0.550000 0.392164
vt 0.554167 0.392164
vt 0.558333 0.392164
vt 0.562500 0.392164
vt 0.566667 0.392164
vt 0.570833 0.392164
vt 0.575000 0.392164
vt 0.579167 0.392164
vt 0.583333 0.392164
vt 0.587500 0.392164
vt 0.591667 0.392164
vt 0.595833 0.392164
vt 0.600000 0.392164
vt 0.604167 0.392164
vt 0.608333 0.392164
vt 0.612500 0.392164
vt 0.616667 0.392164
vt 0.620833 0.392164
vt 0.625000 0.392164
vt 0.629167 0.392164
vt 0.633333 0.392164
vt 0.637500 0.392164
vt 0.641667 0.392164
vt 0.645833 0.392164
vt 0.650000 0.392164
vt 0.654167 0.392164
vt 0.658333 0.392164
vt 0.662500 0.392164
vt 0.666667 0.392164
vt 0.670833 0.392164
vt 0.675000 0.392164
vt 0.679167 0.392164
vt 0.683333 0.392164
vt 0.687500 0.392164
vt 0.691667 0.392164
vt 0.695833 0.392164
vt 0.700000 0.392164
vt 0.704167 0.392164
vt 0.708333 0.392164
vt 0.712500 0.392164
vt 0.716667 0.392164
vt 0.720833 0.392164
vt 0.725000 0.392164
vt 0.729167 0.392164
vt 0.733333 0.392164
vt 0.737500 0.392164
vt 0.741667 0.392164
vt 0.745833 0.392164
vt 0.750000 0.392164
vt 0.754167 0.392164
vt 0.758333 0.392164
vt 0.762500 0.392164
vt 0.766667 0.392164
vt 0.770833 0.392164
vt 0.775000 0.392164
vt 0.779167 0.392164
vt 0.783333 0.392164
vt 0.787500 0.392164
vt 0.791667 0.392164
vt 0.795833 0.392164
vt 0.800000 0.392164
vt 0.804167 0.392164
vt 0.808333 0.392164
vt 0.812500 0.392164
vt 0.816667 0.392164
vt 0.820833 0.392164
vt 0.825000 0.392164
vt 0.829167 0.392164
vt 0.833333 0.392164
vt 0.837500 0.392164
vt 0.841667 0.392164
vt 0.845833 0.392164
vt 0.850000 0.392164
vt 0.854167 0.392164
vt 0.858333 0.392164
vt 0.862500 0.392164
vt 0.866667 0.392164
vt 0.870833 0.392164
vt 0.875000 0.392164
vt 0.879167 0.392164
vt 0.883333 0.392164
vt 0.887500 0.392164
vt 0.891667 0.392164
vt 0.895833 0.392164
vt 0.900000 0.392164
vt 0.904167 0.392164
vt 0.908333 0.392164
vt 0.912500 0.392164
vt 0.916667 0.392164
vt 0.920833 0.392164
vt 0.925000 0.392164
vt 0.929167 0.392164
vt 0.933333 0.392164
vt 0.937500 0.392164
vt 0.941667 0.392164
vt 0.945833 0.392164
vt 0.950000 0.392164
vt 0.954167 0.392164
vt 0.958333 0.392164
vt 0.962500 0.392164
vt 0.966667 0.392164
vt 0.970833 0.392164
vt 0.975000 0.392164
vt 0.979167 0.392164
vt 0.983333 0.392164
vt 0.987500 0.392164
vt 0.991667 0.392164
vt 0.995833 0.392164
vt 1.000000 0.392164
vt 0.004167 0.494164
vt 0.000000 0.494164
vt 0.008333 0.494164
vt 0.012500 0.494164
vt 0.016667 0.494164
vt 0.020833 0.494164
vt 0.025000 0.494164
vt 0.029167 0.494164
vt 0.033333 0.494164
vt 0.037500 0.494164
vt 0.041667 0.494164
vt 0.045833 0.494164
vt 0.050000 0.494164
vt 0.054167 0.494164
vt 0.058333 0.494164
vt 0.062500 0.494164
vt 0.066667 0.494164
vt 0.070833 0.494164
vt 0.075000 0.494164
vt 0.079167 0.494164
vt 0.083333 0.494164
vt 0.087500 0.494164
vt 0.091667 0.494164
vt 0.095833 0.494164
vt 0.100000 0.494164
vt 0.104167 0.494164
vt 0.108333 0.494164
vt 0.112500 0.494164
vt 0.116667 0.494164
vt 0.120833 0.494164
vt 0.125000 0.494164
vt 0.129167 0.494164
vt 0.133333 0.494164
vt 0.137500 0.494164
vt 0.141667 0.494164
vt 0.145833 0.494164
vt 0.150000 0.494164
vt 0.154167 0.494164
vt 0.158333 0.494164
vt 0.162500 0.494164
vt 0.166667 0.494164
vt 0.170833 0.494164
vt 0.175000 0.494164
vt 0.179167 0.494164
vt 0.183333 0.494164
vt 0.187500 0.494164
vt 0.191667 0.494164
vt 0.195833 0.494164
vt 0.200000 0.494164
vt 0.204167 0.494164
vt 0.208333 0.494164
vt 0.212500 0.494164
vt 0.216667 0.494164
vt 0.220833 0.494164
vt 0.225000 0.494164
vt 0.229167 0.494164
vt 0.233333 0.494164
vt 0.237500 0.494164
vt 0.241667 0.494164
vt 0.245833 0.494164
vt 0.250000 0.494164
vt 0.254167 0.494164
vt 0.258333 0.494164
vt 0.262500 0.494164
vt 0.266667 0.494164
vt 0.270833 0.494164
vt 0.275000 0.494164
vt 0.279167 0.494164
vt 0.283333 0.494164
vt 0.287500 0.494164
vt 0.291667 0.494164
vt 0.295833 0.494164
vt 0.300000 0.494164
vt 0.304167 0.494164
vt 0.308333 0.494164
vt 0.312500 0.494164
vt 0.316667 0.494164
vt 0.320833 0.494164
vt 0.325000 0.494164
vt 0.329167 0.494164
vt 0.333333 0.494164
vt 0.337500 0.494164
vt 0.341667 0.494164
vt 0.345833 0.494164
vt 0.350000 0.494164
vt 0.354167 0.494164
vt 0.358333 0.494164
vt 0.362500 0.494164
vt 0.366667 0.494164
vt 0.370833 0.494164
vt 0.375000 0.494164
vt 0.379167 0.494164
vt 0.383333 0.494164
vt 0.387500 0.494164
vt 0.391667 0.494164
vt 0.395833 0.494164
vt 0.400000 0.494164
vt 0.404167 0.494164
vt 0.408333 0.494164
vt 0.412500 0.494164
vt 0.416667 0.494164
vt 0.420833 0.494164
vt 0.425000 0.494164
vt 0.429167 0.494164
vt 0.433333 0.494164
vt 0.437500 0.494164
vt 0.441667 0.494164
vt 0.445833 0.494164
vt 0.450000 0.494164
vt 0.454167 0.494164
vt 0.458333 0.494164
vt 0.462500 0.494164
vt 0.466667 0.494164
vt 0.470833 0.494164
vt 0.475000 0.494164
vt 0.479167 0.494164
vt 0.483333 0.494164
vt 0.487500 0.494164
vt 0.491667 0.494164
vt 0.495833 0.494164
vt 0.500000 0.494164
vt 0.504167 0.494164
vt 0.508333 0.494164
vt 0.512500 0.494164
vt 0.516667 0.494164
vt 0.520833 0.494164
vt 0.525000 0.494164
vt 0.529167 0.494164
vt 0.533333 0.494164
vt 0.537500 0.494164
vt 0.541667 0.494164
vt 0.545833 0.494164
vt 0.550000 0.494164
vt 0.554167 0.494164
vt 0.558333 0.494164
vt 0.562500 0.494164
vt 0.566667 0.494164
vt 0.570833 0.494164
vt 0.575000 0.494164
vt 0.579167 0.494164
vt 0.583333 0.494164
vt 0.587500 0.494164
vt 0.591667 0.494164
vt 0.595833 0.494164
vt 0.600000 0.494164
vt 0.604167 0.494164
vt 0.608333 0.494164
vt 0.612500 0.494164
vt 0.616667 0.494164
vt 0.620833 0.494164
vt 0.633333 0.494164
vt 0.637500 0.494164
vt 0.641667 0.494164
vt 0.645833 0.494164
vt 0.650000 0.494164
vt 0.654167 0.494164
vt 0.658333 0.494164
vt 0.662500 0.494164
vt 0.666667 0.494164
vt 0.670833 0.494164
vt 0.675000 0.494164
vt 0.679167 0.494164
vt 0.683333 0.494164
vt 0.687500 0.494164
vt 0.691667 0.494164
vt 0.695833 0.494164
vt 0.700000 0.494164
vt 0.704167 0.494164
vt 0.708333 0.494164
vt 0.712500 0.494164
vt 0.716667 0.494164
vt 0.720833 0.494164
vt 0.725000 0.494164
vt 0.729167 0.494164
vt 0.733333 0.494164
vt 0.737500 0.494164
vt 0.741667 0.494164
vt 0.745833 0.494164
vt 0.750000 0.494164
vt 0.754167 0.494164
vt 0.758333 0.494164
vt 0.762500 0.494164
vt 0.766667 0.494164
vt 0.770833 0.494164
vt 0.775000 0.494164
vt 0.779167 0.494164
vt 0.783333 0.494164
vt 0.787500 0.494164
vt 0.791667 0.494164
vt 0.795833 0.494164
vt 0.800000 0.494164
vt 0.804167 0.494164
vt 0.808333 0.494164
vt 0.812500 0.494164
vt 0.816667 0.494164
vt 0.820833 0.494164
vt 0.825000 0.494164
vt 0.829167 0.494164
vt 0.833333 0.494164
vt 0.837500 0.494164
vt 0.841667 0.494164
vt 0.845833 0.494164
vt 0.850000 0.494164
vt 0.854167 0.494164
vt 0.858333 0.494164
vt 0.862500 0.494164
vt 0.866667 0.494164
vt 0.870833 0.494164
vt 0.875000 0.494164
vt 0.879167 0.494164
vt 0.883333 0.494164
vt 0.887500 0.494164
vt 0.891667 0.494164
vt 0.895833 0.494164
vt 0.900000 0.494164
vt 0.904167 0.494164
vt 0.908333 0.494164
vt 0.912500 0.494164
vt 0.916667 0.494164
vt 0.920833 0.494164
vt 0.925000 0.494164
vt 0.929167 0.494164
vt 0.933333 0.494164
vt 0.937500 0.494164
vt 0.941667 0.494164
vt 0.945833 0.494164
vt 0.950000 0.494164
vt 0.954167 0.494164
vt 0.958333 0.494164
vt 0.962500 0.494164
vt 0.966667 0.494164
vt 0.970833 0.494164
vt 0.975000 0.494164
vt 0.979167 0.494164
vt 0.983333 0.494164
vt 0.987500 0.494164
vt 0.991667 0.494164
vt 0.995833 0.494164
vt 1.000000 0.494164
vt 0.004167 0.507623
vt 0.000000 0.507623
vt 0.008333 0.507623
vt 0.012500 0.507623
vt 0.016667 0.507623
vt 0.020833 0.507623
vt 0.025000 0.507623
vt 0.029167 0.507623
vt 0.033333 0.507623
vt 0.037500 0.507623
vt 0.041667 0.507623
vt 0.045833 0.507623
vt 0.050000 0.507623
vt 0.054167 0.507623
vt 0.058333 0.507623
vt 0.062500 0.507623
vt 0.066667 0.507623
vt 0.070833 0.507623
vt 0.075000 0.507623
vt 0.079167 0.507623
vt 0.083333 0.507623
vt 0.087500 0.507623
vt 0.091667 0.507623
vt 0.095833 0.507623
vt 0.100000 0.507623
vt 0.104167 0.507623
vt 0.108333 0.507623
vt 0.112500 0.507623
vt 0.116667 0.507623
vt 0.120833 0.507623
vt 0.125000 0.507623
vt 0.129167 0.507623
vt 0.133333 0.507623
vt 0.137500 0.507623
vt 0.141667 0.507623
vt 0.145833 0.507623
vt 0.150000 0.507623
vt 0.154167 0.507623
vt 0.158333 0.507623
vt 0.162500 0.507623
vt 0.166667 0.507623
vt 0.170833 0.507623
vt 0.175000 0.507623
vt 0.179167 0.507623
vt 0.183333 0.507623
vt 0.187500 0.507623
vt 0.191667 0.507623
vt 0.195833 0.507623
vt 0.200000 0.507623
vt 0.204167 0.507623
vt 0.208333 0.507623
vt 0.212500 0.507623
vt 0.216667 0.507623
vt 0.220833 0.507623
vt 0.225000 0.507623
vt 0.229167 0.507623
vt 0.233333 0.507623
vt 0.237500 0.507623
vt 0.241667 0.507623
vt 0.245833 0.507623
vt 0.250000 0.507623
vt 0.254167 0.507623
vt 0.258333 0.507623
vt 0.262500 0.507623
vt 0.266667 0.507623
vt 0.270833 0.507623
vt 0.275000 0.507623
vt 0.279167 0.507623
vt 0.283333 0.507623
vt 0.287500 0.507623
vt 0.291667 0.507623
vt 0.295833 0.507623
vt 0.300000 0.507623
vt 0.304167 0.507623
vt 0.308333 0.507623
vt 0.312500 0.507623
vt 0.316667 0.507623
vt 0.320833 0.507623
vt 0.325000 0.507623
vt 0.329167 0.507623
vt 0.333333 0.507623
vt 0.337500 0.507623
vt 0.341667 0.507623
vt 0.345833 0.507623
vt 0.350000 0.507623
vt 0.354167 0.507623
vt 0.358333 0.507623
vt 0.362500 0.507623
vt 0.366667 0.507623
vt 0.370833 0.507623
vt 0.375000 0.507623
vt 0.379167 0.507623
vt 0.383333 0.507623
vt 0.387500 0.507623
vt 0.391667 0.507623
vt 0.395833 0.507623
vt 0.400000 0.507623
vt 0.404167 0.507623
vt 0.408333 0.507623
vt 0.412500 0.507623
vt 0.416667 0.507623
vt 0.420833 0.507623
vt 0.425000 0.507623
vt 0.429167 0.507623
vt 0.433333 0.507623
vt 0.437500 0.507623
vt 0.441667 0.507623
vt 0.445833 0.507623
vt 0.450000 0.507623
vt 0.454167 0.507623
vt 0.458333 0.507623
vt 0.462500 0.507623
vt 0.466667 0.507623
vt 0.470833 0.507623
vt 0.475000 0.507623
vt 0.479167 0.507623
vt 0.483333 0.507623
vt 0.487500 0.507623
vt 0.491667 0.507623
vt 0.495833 0.507623
vt 0.500000 0.507623
vt 0.504167 0.507623
vt 0.508333 0.507623
vt 0.512500 0.507623
vt 0.516667 0.507623
vt 0.520833 0.507623
vt 0.525000 0.507623
vt 0.529167 0.507623
vt 0.533333 0.507623
vt 0.537500 0.507623
vt 0.541667 0.507623
vt 0.545833 0.507623
vt 0.550000 0.507623
vt 0.554167 0.507623
vt 0.558333 0.507623
vt 0.562500 0.507623
vt 0.566667 0.507623
vt 0.570833 0.507623
vt 0.575000 0.507623
vt 0.579167 0.507623
vt 0.583333 0.507623
vt 0.587500 0.507623
vt 0.591667 0.507623
vt 0.595833 0.507623
vt 0.600000 0.507623
vt 0.604167 0.507623
vt 0.608333 0.507623
vt 0.612500 0.507623
vt 0.616667 0.507623
vt 0.620833 0.507623
vt 0.006250 0.000000
vt 0.633333 0.507623
vt 0.637500 0.507623
vt 0.641667 0.507623
vt 0.645833 0.507623
vt 0.650000 0.507623
vt 0.654167 0.507623
vt 0.658333 0.507623
vt 0.662500 0.507623
vt 0.666667 0.507623
vt 0.670833 0.507623
vt 0.675000 0.507623
vt 0.679167 0.507623
vt 0.683333 0.507623
vt 0.687500 0.507623
vt 0.691667 0.507623
vt 0.695833 0.507623
vt 0.700000 0.507623
vt 0.704167 0.507623
vt 0.708333 0.507623
vt 0.712500 0.507623
vt 0.716667 0.507623
vt 0.720833 0.507623
vt 0.725000 0.507623
vt 0.729167 0.507623
vt 0.733333 0.507623
vt 0.737500 0.507623
vt 0.741667 0.507623
vt 0.745833 0.507623
vt 0.750000 0.507623
vt 0.754167 0.507623
vt 0.758333 0.507623
vt 0.762500 0.507623
vt 0.766667 0.507623
vt 0.770833 0.507623
vt 0.775000 0.507623
vt 0.779167 0.507623
vt 0.783333 0.507623
vt 0.787500 0.507623
vt 0.791667 0.507623
vt 0.795833 0.507623
vt 0.800000 0.507623
vt 0.804167 0.507623
vt 0.808333 0.507623
vt 0.812500 0.507623
vt 0.816667 0.507623
vt 0.820833 0.507623
vt 0.825000 0.507623
vt 0.829167 0.507623
vt 0.833333 0.507623
vt 0.837500 0.507623
vt 0.841667 0.507623
vt 0.845833 0.507623
vt 0.850000 0.507623
vt 0.854167 0.507623
vt 0.858333 0.507623
vt 0.862500 0.507623
vt 0.866667 0.507623
vt 0.870833 0.507623
vt 0.875000 0.507623
vt 0.879167 0.507623
vt 0.883333 0.507623
vt 0.887500 0.507623
vt 0.891667 0.507623
vt 0.895833 0.507623
vt 0.900000 0.507623
vt 0.904167 0.507623
vt 0.908333 0.507623
vt 0.912500 0.507623
vt 0.916667 0.507623
vt 0.920833 0.507623
vt 0.925000 0.507623
vt 0.929167 0.507623
vt 0.933333 0.507623
vt 0.937500 0.507623
vt 0.941667 0.507623
vt 0.945833 0.507623
vt 0.950000 0.507623
vt 0.954167 0.507623
vt 0.958333 0.507623
vt 0.962500 0.507623
vt 0.966667 0.507623
vt 0.970833 0.507623
vt 0.975000 0.507623
vt 0.979167 0.507623
vt 0.983333 0.507623
vt 0.987500 0.507623
vt 0.991667 0.507623
vt 0.995833 0.507623
vt 1.000000 0.507623
vt 0.000000 0.521081
vt 0.008333 0.521081
vt 0.016667 0.521081
vt 0.025000 0.521081
vt 0.033333 0.521081
vt 0.041667 0.521081
vt 0.050000 0.521081
vt 0.058333 0.521081
vt 0.066667 0.521081
vt 0.075000 0.521081
vt 0.083333 0.521081
vt 0.091667 0.521081
vt 0.100000 0.521081
vt 0.108333 0.521081
vt 0.116667 0.521081
vt 0.125000 0.521081
vt 0.133333 0.521081
vt 0.141667 0.521081
vt 0.150000 0.521081
vt 0.158333 0.521081
vt 0.166667 0.521081
vt 0.175000 0.521081
vt 0.183333 0.521081
vt 0.191667 0.521081
vt 0.200000 0.521081
vt 0.208333 0.521081
vt 0.216667 0.521081
vt 0.225000 0.521081
vt 0.233333 0.521081
vt 0.241667 0.521081
vt 0.250000 0.521081
vt 0.258333 0.521081
vt 0.266667 0.521081
vt 0.275000 0.521081
vt 0.283333 0.521081
vt 0.291667 0.521081
vt 0.300000 0.521081
vt 0.308333 0.521081
vt 0.316667 0.521081
vt 0.325000 0.521081
vt 0.333333 0.521081
vt 0.341667 0.521081
vt 0.350000 0.521081
vt 0.358333 0.521081
vt 0.366667 0.521081
vt 0.375000 0.521081
vt 0.383333 0.521081
vt 0.391667 0.521081
vt 0.400000 0.521081
vt 0.408333 0.521081
vt 0.416667 0.521081
vt 0.425000 0.521081
vt 0.433333 0.521081
vt 0.441667 0.521081
vt 0.450000 0.521081
vt 0.458333 0.521081
vt 0.466667 0.521081
vt 0.475000 0.521081
vt 0.483333 0.521081
vt 0.491667 0.521081
vt 0.500000 0.521081
vt 0.508333 0.521081
vt 0.516667 0.521081
vt 0.525000 0.521081
vt 0.533333 0.521081
vt 0.541667 0.521081
vt 0.550000 0.521081
vt 0.558333 0.521081
vt 0.566667 0.521081
vt 0.575000 0.521081
vt 0.583333 0.521081
vt 0.591667 0.521081
vt 0.600000 0.521081
vt 0.608333 0.521081
vt 0.616667 0.521081
vt 0.625000 0.521081
vt 0.633333 0.521081
vt 0.641667 0.521081
vt 0.650000 0.521081
vt 0.658333 0.521081
vt 0.666667 0.521081
vt 0.675000 0.521081
vt 0.683333 0.521081
vt 0.691667 0.521081
vt 0.700000 0.521081
vt 0.708333 0.521081
vt 0.716667 0.521081
vt 0.725000 0.521081
vt 0.733333 0.521081
vt 0.741667 0.521081
vt 0.750000 0.521081
vt 0.758333 0.521081
vt 0.766667 0.521081
vt 0.775000 0.521081
vt 0.783333 0.521081
vt 0.791667 0.521081
vt 0.800000 0.521081
vt 0.808333 0.521081
vt 0.816667 0.521081
vt 0.825000 0.521081
vt 0.833333 0.521081
vt 0.841667 0.521081
vt 0.850000 0.521081
vt 0.858333 0.521081
vt 0.866667 0.521081
vt 0.875000 0.521081
vt 0.883333 0.521081
vt 0.891667 0.521081
vt 0.900000 0.521081
vt 0.908333 0.521081
vt 0.916667 0.521081
vt 0.925000 0.521081
vt 0.933333 0.521081
vt 0.941667 0.521081
vt 0.950000 0.521081
vt 0.958333 0.521081
vt 0.966667 0.521081
vt 0.975000 0.521081
vt 0.983333 0.521081
vt 0.991667 0.521081
vt 1.000000 0.521081
vt 0.008333 0.534540
vt 0.000000 0.534540
vt 0.016667 0.534540
vt 0.025000 0.534540
vt 0.033333 0.534540
vt 0.041667 0.534540
vt 0.050000 0.534540
vt 0.058333 0.534540
vt 0.066667 0.534540
vt 0.075000 0.534540
vt 0.083333 0.534540
vt 0.091667 0.534540
vt 0.100000 0.534540
vt 0.108333 0.534540
vt 0.116667 0.534540
vt 0.125000 0.534540
vt 0.133333 0.534540
vt 0.141667 0.534540
vt 0.150000 0.534540
vt 0.158333 0.534540
vt 0.166667 0.534540
vt 0.175000 0.534540
vt 0.183333 0.534540
vt 0.191667 0.534540
vt 0.200000 0.534540
vt 0.208333 0.534540
vt 0.216667 0.534540
vt 0.225000 0.534540
vt 0.233333 0.534540
vt 0.241667 0.534540
vt 0.250000 0.534540
vt 0.258333 0.534540
vt 0.266667 0.534540
vt 0.275000 0.534540
vt 0.283333 0.534540
vt 0.291667 0.534540
vt 0.300000 0.534540
vt 0.308333 0.534540
vt 0.316667 0.534540
vt 0.325000 0.534540
vt 0.333333 0.534540
vt 0.341667 0.534540
vt 0.350000 0.534540
vt 0.358333 0.534540
vt 0.366667 0.534540
vt 0.375000 0.534540
vt 0.383333 0.534540
vt 0.391667 0.534540
vt 0.400000 0.534540
vt 0.408333 0.534540
vt 0.416667 0.534540
vt 0.425000 0.534540
vt 0.433333 0.534540
vt 0.441667 0.534540
vt 0.450000 0.534540
vt 0.458333 0.534540
vt 0.466667 0.534540
vt 0.475000 0.534540
vt 0.483333 0.534540
vt 0.491667 0.534540
vt 0.500000 0.534540
vt 0.508333 0.534540
vt 0.516667 0.534540
vt 0.525000 0.534540
vt 0.533333 0.534540
vt 0.541667 0.534540
vt 0.550000 0.534540
vt 0.558333 0.534540
vt 0.566667 0.534540
vt 0.575000 0.534540
vt 0.583333 0.534540
vt 0.591667 0.534540
vt 0.600000 0.534540
vt 0.608333 0.534540
vt 0.616667 0.534540
vt 0.625000 0.534540
vt 0.633333 0.534540
vt 0.641667 0.534540
vt 0.650000 0.534540
vt 0.658333 0.534540
vt 0.666667 0.534540
vt 0.675000 0.534540
vt 0.683333 0.534540
vt 0.691667 0.534540
vt 0.700000 0.534540
vt 0.708333 0.534540
vt 0.716667 0.534540
vt 0.725000 0.534540
vt 0.733333 0.534540
vt 0.741667 0.534540
vt 0.750000 0.534540
vt 0.758333 0.534540
vt 0.766667 0.534540
vt 0.775000 0.534540
vt 0.783333 0.534540
vt 0.791667 0.534540
vt 0.800000 0.534540
vt 0.808333 0.534540
vt 0.816667 0.534540
vt 0.825000 0.534540
vt 0.833333 0.534540
vt 0.841667 0.534540
vt 0.850000 0.534540
vt 0.858333 0.534540
vt 0.866667 0.534540
vt 0.875000 0.534540
vt 0.883333 0.534540
vt 0.891667 0.534540
vt 0.900000 0.534540
vt 0.908333 0.534540
vt 0.916667 0.534540
vt 0.925000 0.534540
vt 0.933333 0.534540
vt 0.941667 0.534540
vt 0.950000 0.534540
vt 0.958333 0.534540
vt 0.966667 0.534540
vt 0.975000 0.534540
vt 0.983333 0.534540
vt 0.991667 0.534540
vt 1.000000 0.534540
vt 0.008333 0.577540
vt 0.000000 0.577540
vt 0.016667 0.577540
vt 0.025000 0.577540
vt 0.033333 0.577540
vt 0.041667 0.577540
vt 0.050000 0.577540
vt 0.058333 0.577540
vt 0.066667 0.577540
vt 0.075000 0.577540
vt 0.083333 0.577540
vt 0.091667 0.577540
vt 0.100000 0.577540
vt 0.108333 0.577540
vt 0.116667 0.577540
vt 0.125000 0.577540
vt 0.133333 0.577540
vt 0.141667 0.577540
vt 0.150000 0.577540
vt 0.158333 0.577540
vt 0.166667 0.577540
vt 0.175000 0.577540
vt 0.183333 0.577540
vt 0.191667 0.577540
vt 0.200000 0.577540
vt 0.208333 0.577540
vt 0.216667 0.577540
vt 0.225000 0.577540
vt 0.233333 0.577540
vt 0.241667 0.577540
vt 0.250000 0.577540
vt 0.258333 0.577540
vt 0.266667 0.577540
vt 0.275000 0.577540
vt 0.283333 0.577540
vt 0.291667 0.577540
vt 0.300000 0.577540
vt 0.308333 0.577540
vt 0.316667 0.577540
vt 0.325000 0.577540
vt 0.333333 0.577540
vt 0.341667 0.577540
vt 0.350000 0.577540
vt 0.358333 0.577540
vt 0.366667 0.577540
vt 0.375000 0.577540
vt 0.383333 0.577540
vt 0.391667 0.577540
vt 0.400000 0.577540
vt 0.408333 0.577540
vt 0.416667 0.577540
vt 0.425000 0.577540
vt 0.433333 0.577540
vt 0.441667 0.577540
vt 0.450000 0.577540
vt 0.458333 0.577540
vt 0.466667 0.577540
vt 0.475000 0.577540
vt 0.483333 0.577540
vt 0.491667 0.577540
vt 0.500000 0.577540
vt 0.508333 0.577540
vt 0.516667 0.577540
vt 0.525000 0.577540
vt 0.533333 0.577540
vt 0.541667 0.577540
vt 0.550000 0.577540
vt 0.558333 0.577540
vt 0.566667 0.577540
vt 0.575000 0.577540
vt 0.583333 0.577540
vt 0.591667 0.577540
vt 0.600000 0.577540
vt 0.608333 0.577540
vt 0.616667 0.577540
vt 0.625000 0.577540
vt 0.633333 0.577540
vt 0.641667 0.577540
vt 0.650000 0.577540
vt 0.658333 0.577540
vt 0.666667 0.577540
vt 0.675000 0.577540
vt 0.683333 0.577540
vt 0.691667 0.577540
vt 0.700000 0.577540
vt 0.708333 0.577540
vt 0.716667 0.577540
vt 0.725000 0.577540
vt 0.733333 0.577540
vt 0.741667 0.577540
vt 0.750000 0.577540
vt 0.758333 0.577540
vt 0.766667 0.577540
vt 0.775000 0.577540
vt 0.783333 0.577540
vt 0.791667 0.577540
vt 0.800000 0.577540
vt 0.808333 0.577540
vt 0.816667 0.577540
vt 0.825000 0.577540
vt 0.833333 0.577540
vt 0.841667 0.577540
vt 0.850000 0.577540
vt 0.858333 0.577540
vt 0.866667 0.577540
vt 0.875000 0.577540
vt 0.883333 0.577540
vt 0.891667 0.577540
vt 0.900000 0.577540
vt 0.908333 0.577540
vt 0.916667 0.577540
vt 0.925000 0.577540
vt 0.933333 0.577540
vt 0.941667 0.577540
vt 0.950000 0.577540
vt 0.958333 0.577540
vt 0.966667 0.577540
vt 0.975000 0.577540
vt 0.983333 0.577540
vt 0.991667 0.577540
vt 1.000000 0.577540
vt 0.008333 0.580986
vt 0.000000 0.580986
vt 0.016667 0.580986
vt 0.025000 0.580986
vt 0.033333 0.580986
vt 0.041667 0.580986
vt 0.050000 0.580986
vt 0.058333 0.580986
vt 0.066667 0.580986
vt 0.075000 0.580986
vt 0.083333 0.580986
vt 0.091667 0.580986
vt 0.100000 0.580986
vt 0.108333 0.580986
vt 0.116667 0.580986
vt 0.125000 0.580986
vt 0.133333 0.580986
vt 0.141667 0.580986
vt 0.150000 0.580986
vt 0.158333 0.580986
vt 0.166667 0.580986
vt 0.175000 0.580986
vt 0.183333 0.580986
vt 0.191667 0.580986
vt 0.200000 0.580986
vt 0.208333 0.580986
vt 0.216667 0.580986
vt 0.225000 0.580986
vt 0.233333 0.580986
vt 0.241667 0.580986
vt 0.250000 0.580986
vt 0.258333 0.580986
vt 0.266667 0.580986
vt 0.275000 0.580986
vt 0.283333 0.580986
vt 0.291667 0.580986
vt 0.300000 0.580986
vt 0.308333 0.580986
vt 0.316667 0.580986
vt 0.325000 0.580986
vt 0.333333 0.580986
vt 0.341667 0.580986
vt 0.350000 0.580986
vt 0.358333 0.580986
vt 0.366667 0.580986
vt 0.375000 0.580986
vt 0.383333 0.580986
vt 0.391667 0.580986
vt 0.400000 0.580986
vt 0.408333 0.580986
vt 0.416667 0.580986
vt 0.425000 0.580986
vt 0.433333 0.580986
vt 0.441667 0.580986
vt 0.450000 0.580986
vt 0.458333 0.580986
vt 0.466667 0.580986
vt 0.475000 0.580986
vt 0.483333 0.580986
vt 0.491667 0.580986
vt 0.500000 0.580986
vt 0.508333 0.580986
vt 0.516667 0.580986
vt 0.525000 0.580986
vt 0.533333 0.580986
vt 0.541667 0.580986
vt 0.550000 0.580986
vt 0.558333 0.580986
vt 0.566667 0.580986
vt 0.575000 0.580986
vt 0.583333 0.580986
vt 0.591667 0.580986
vt 0.600000 0.580986
vt 0.608333 0.580986
vt 0.616667 0.580986
vt 0.625000 0.580986
vt 0.633333 0.580986
vt 0.641667 0.580986
vt 0.650000 0.580986
vt 0.658333 0.580986
vt 0.666667 0.580986
vt 0.675000 0.580986
vt 0.683333 0.580986
vt 0.691667 0.580986
vt 0.700000 0.580986
vt 0.708333 0.580986
vt 0.716667 0.580986
vt 0.725000 0.580986
vt 0.733333 0.580986
vt 0.741667 0.580986
vt 0.750000 0.580986
vt 0.758333 0.580986
vt 0.766667 0.580986
vt 0.775000 0.580986
vt 0.783333 0.580986
vt 0.791667 0.580986
vt 0.800000 0.580986
vt 0.808333 0.580986
vt 0.816667 0.580986
vt 0.825000 0.580986
vt 0.833333 0.580986
vt 0.841667 0.580986
vt 0.850000 0.580986
vt 0.858333 0.580986
vt 0.866667 0.580986
vt 0.875000 0.580986
vt 0.883333 0.580986
vt 0.891667 0.580986
vt 0.900000 0.580986
vt 0.908333 0.580986
vt 0.916667 0.580986
vt 0.925000 0.580986
vt 0.933333 0.580986
vt 0.941667 0.580986
vt 0.950000 0.580986
vt 0.958333 0.580986
vt 0.966667 0.580986
vt 0.975000 0.580986
vt 0.983333 0.580986
vt 0.991667 0.580986
vt 1.000000 0.580986
vt 0.008333 0.584432
vt 0.000000 0.584432
vt 0.016667 0.584432
vt 0.025000 0.584432
vt 0.033333 0.584432
vt 0.041667 0.584432
vt 0.050000 0.584432
vt 0.058333 0.584432
vt 0.066667 0.584432
vt 0.075000 0.584432
vt 0.083333 0.584432
vt 0.091667 0.584432
vt 0.100000 0.584432
vt 0.108333 0.584432
vt 0.116667 0.584432
vt 0.125000 0.584432
vt 0.133333 0.584432
vt 0.141667 0.584432
vt 0.150000 0.584432
vt 0.158333 0.584432
vt 0.166667 0.584432
vt 0.175000 0.584432
vt 0.183333 0.584432
vt 0.191667 0.584432
vt 0.200000 0.584432
vt 0.208333 0.584432
vt 0.216667 0.584432
vt 0.225000 0.584432
vt 0.233333 0.584432
vt 0.241667 0.584432
vt 0.250000 0.584432
vt 0.258333 0.584432
vt 0.266667 0.584432
vt 0.275000 0.584432
vt 0.283333 0.584432
vt 0.291667 0.584432
vt 0.300000 0.584432
vt 0.308333 0.584432
vt 0.316667 0.584432
vt 0.325000 0.584432
vt 0.333333 0.584432
vt 0.341667 0.584432
vt 0.350000 0.584432
vt 0.358333 0.584432
vt 0.366667 0.584432
vt 0.375000 0.584432
vt 0.383333 0.584432
vt 0.391667 0.584432
vt 0.400000 0.584432
vt 0.408333 0.584432
vt 0.416667 0.584432
vt 0.425000 0.584432
vt 0.433333 0.584432
vt 0.441667 0.584432
vt 0.450000 0.584432
vt 0.458333 0.584432
vt 0.466667 0.584432
vt 0.475000 0.584432
vt 0.483333 0.584432
vt 0.491667 0.584432
vt 0.500000 0.584432
vt 0.508333 0.584432
vt 0.516667 0.584432
vt 0.525000 0.584432
vt 0.533333 0.584432
vt 0.541667 0.584432
vt 0.550000 0.584432
vt 0.558333 0.584432
vt 0.566667 0.584432
vt 0.575000 0.584432
vt 0.583333 0.584432
vt 0.591667 0.584432
vt 0.600000 0.584432
vt 0.608333 0.584432
vt 0.616667 0.584432
vt 0.625000 0.584432
vt 0.633333 0.584432
vt 0.641667 0.584432
vt 0.650000 0.584432
vt 0.658333 0.584432
vt 0.666667 0.584432
vt 0.675000 0.584432
vt 0.683333 0.584432
vt 0.691667 0.584432
vt 0.700000 0.584432
vt 0.708333 0.584432
vt 0.716667 0.584432
vt 0.725000 0.584432
vt 0.733333 0.584432
vt 0.741667 0.584432
vt 0.750000 0.584432
vt 0.758333 0.584432
vt 0.766667 0.584432
vt 0.775000 0.584432
vt 0.783333 0.584432
vt 0.791667 0.584432
vt 0.800000 0.584432
vt 0.808333 0.584432
vt 0.816667 0.584432
vt 0.825000 0.584432
vt 0.833333 0.584432
vt 0.841667 0.584432
vt 0.850000 0.584432
vt 0.858333 0.584432
vt 0.866667 0.584432
vt 0.875000 0.584432
vt 0.883333 0.584432
vt 0.891667 0.584432
vt 0.900000 0.584432
vt 0.908333 0.584432
vt 0.916667 0.584432
vt 0.925000 0.584432
vt 0.933333 0.584432
vt 0.941667 0.584432
vt 0.950000 0.584432
vt 0.958333 0.584432
vt 0.966667 0.584432
vt 0.975000 0.584432
vt 0.983333 0.584432
vt 0.991667 0.584432
vt 1.000000 0.584432
vt 0.008333 0.587879
vt 0.000000 0.587879
vt 0.016667 0.587879
vt 0.025000 0.587879
vt 0.033333 0.587879
vt 0.041667 0.587879
vt 0.050000 0.587879
vt 0.058333 0.587879
vt 0.066667 0.587879
vt 0.075000 0.587879
vt 0.083333 0.587879
vt 0.091667 0.587879
vt 0.100000 0.587879
vt 0.108333 0.587879
vt 0.116667 0.587879
vt 0.125000 0.587879
vt 0.133333 0.587879
vt 0.141667 0.587879
vt 0.150000 0.587879
vt 0.158333 0.587879
vt 0.166667 0.587879
vt 0.175000 0.587879
vt 0.183333 0.587879
vt 0.191667 0.587879
vt 0.200000 0.587879
vt 0.208333 0.587879
vt 0.216667 0.587879
vt 0.225000 0.587879
vt 0.233333 0.587879
vt 0.241667 0.587879
vt 0.250000 0.587879
vt 0.258333 0.587879
vt 0.266667 0.587879
vt 0.275000 0.587879
vt 0.283333 0.587879
vt 0.291667 0.587879
vt 0.300000 0.587879
vt 0.308333 0.587879
vt 0.316667 0.587879
vt 0.325000 0.587879
vt 0.333333 0.587879
vt 0.341667 0.587879
vt 0.350000 0.587879
vt 0.358333 0.587879
vt 0.366667 0.587879
vt 0.375000 0.587879
vt 0.383333 0.587879
vt 0.391667 0.587879
vt 0.400000 0.587879
vt 0.408333 0.587879
vt 0.416667 0.587879
vt 0.425000 0.587879
vt 0.433333 0.587879
vt 0.441667 0.587879
vt 0.450000 0.587879
vt 0.458333 0.587879
vt 0.466667 0.587879
vt 0.475000 0.587879
vt 0.483333 0.587879
vt 0.491667 0.587879
vt 0.500000 0.587879
vt 0.508333 0.587879
vt 0.516667 0.587879
vt 0.525000 0.587879
vt 0.533333 0.587879
vt 0.541667 0.587879
vt 0.550000 0.587879
vt 0.558333 0.587879
vt 0.566667 0.587879
vt 0.575000 0.587879
vt 0.583333 0.587879
vt 0.591667 0.587879
vt 0.600000 0.587879
vt 0.608333 0.587879
vt 0.616667 0.587879
vt 0.625000 0.587879
vt 0.633333 0.587879
vt 0.641667 0.587879
vt 0.650000 0.587879
vt 0.658333 0.587879
vt 0.666667 0.587879
vt 0.675000 0.587879
vt 0.683333 0.587879
vt 0.691667 0.587879
vt 0.700000 0.587879
vt 0.708333 0.587879
vt 0.716667 0.587879
vt 0.725000 0.587879
vt 0.733333 0.587879
vt 0.741667 0.587879
vt 0.750000 0.587879
vt 0.758333 0.587879
vt 0.766667 0.587879
vt 0.775000 0.587879
vt 0.783333 0.587879
vt 0.791667 0.587879
vt 0.800000 0.587879
vt 0.808333 0.587879
vt 0.816667 0.587879
vt 0.825000 0.587879
vt 0.833333 0.587879
vt 0.841667 0.587879
vt 0.850000 0.587879
vt 0.858333 0.587879
vt 0.866667 0.587879
vt 0.875000 0.587879
vt 0.883333 0.587879
vt 0.891667 0.587879
vt 0.900000 0.587879
vt 0.908333 0.587879
vt 0.916667 0.587879
vt 0.925000 0.587879
vt 0.933333 0.587879
vt 0.941667 0.587879
vt 0.950000 0.587879
vt 0.958333 0.587879
vt 0.966667 0.587879
vt 0.975000 0.587879
vt 0.983333 0.587879
vt 0.991667 0.587879
vt 1.000000 0.587879
vt 0.008333 0.591325
vt 0.000000 0.591325
vt 0.016667 0.591325
vt 0.025000 0.591325
vt 0.033333 0.591325
vt 0.041667 0.591325
vt 0.050000 0.591325
vt 0.058333 0.591325
vt 0.066667 0.591325
vt 0.075000 0.591325
vt 0.083333 0.591325
vt 0.091667 0.591325
vt 0.100000 0.591325
vt 0.108333 0.591325
vt 0.116667 0.591325
vt 0.125000 0.591325
vt 0.133333 0.591325
vt 0.141667 0.591325
vt 0.150000 0.591325
vt 0.158333 0.591325
vt 0.166667 0.591325
vt 0.175000 0.591325
vt 0.183333 0.591325
vt 0.191667 0.591325
vt 0.200000 0.591325
vt 0.208333 0.591325
vt 0.216667 0.591325
vt 0.225000 0.591325
vt 0.233333 0.591325
vt 0.241667 0.591325
vt 0.250000 0.591325
vt 0.258333 0.591325
vt 0.266667 0.591325
vt 0.275000 0.591325
vt 0.283333 0.591325
vt 0.291667 0.591325
vt 0.300000 0.591325
vt 0.308333 0.591325
vt 0.316667 0.591325
vt 0.325000 0.591325
vt 0.333333 0.591325
vt 0.341667 0.591325
vt 0.350000 0.591325
vt 0.358333 0.591325
vt 0.366667 0.591325
vt 0.375000 0.591325
vt 0.383333 0.591325
vt 0.391667 0.591325
vt 0.400000 0.591325
vt 0.408333 0.591325
vt 0.416667 0.591325
vt 0.425000 0.591325
vt 0.433333 0.591325
vt 0.441667 0.591325
vt 0.450000 0.591325
vt 0.458333 0.591325
vt 0.466667 0.591325
vt 0.475000 0.591325
vt 0.483333 0.591325
vt 0.491667 0.591325
vt 0.500000 0.591325
vt 0.508333 0.591325
vt 0.516667 0.591325
vt 0.525000 0.591325
vt 0.533333 0.591325
vt 0.541667 0.591325
vt 0.550000 0.591325
vt 0.558333 0.591325
vt 0.566667 0.591325
vt 0.575000 0.591325
vt 0.583333 0.591325
vt 0.591667 0.591325
vt 0.600000 0.591325
vt 0.608333 0.591325
vt 0.616667 0.591325
vt 0.625000 0.591325
vt 0.633333 0.591325
vt 0.641667 0.591325
vt 0.650000 0.591325
vt 0.658333 0.591325
vt 0.666667 0.591325
vt 0.675000 0.591325
vt 0.683333 0.591325
vt 0.691667 0.591325
vt 0.700000 0.591325
vt 0.708333 0.591325
vt 0.716667 0.591325
vt 0.725000 0.591325
vt 0.733333 0.591325
vt 0.741667 0.591325
vt 0.750000 0.591325
vt 0.758333 0.591325
vt 0.766667 0.591325
vt 0.775000 0.591325
vt 0.783333 0.591325
vt 0.791667 0.591325
vt 0.800000 0.591325
vt 0.808333 0.591325
vt 0.816667 0.591325
vt 0.825000 0.591325
vt 0.833333 0.591325
vt 0.841667 0.591325
vt 0.850000 0.591325
vt 0.858333 0.591325
vt 0.866667 0.591325
vt 0.875000 0.591325
vt 0.883333 0.591325
vt 0.891667 0.591325
vt 0.900000 0.591325
vt 0.908333 0.591325
vt 0.916667 0.591325
vt 0.925000 0.591325
vt 0.933333 0.591325
vt 0.941667 0.591325
vt 0.950000 0.591325
vt 0.958333 0.591325
vt 0.966667 0.591325
vt 0.975000 0.591325
vt 0.983333 0.591325
vt 0.991667 0.591325
vt 1.000000 0.591325
vt 0.008333 0.669825
vt 0.000000 0.669825
vt 0.016667 0.669825
vt 0.025000 0.669825
vt 0.033333 0.669825
vt 0.041667 0.669825
vt 0.050000 0.669825
vt 0.058333 0.669825
vt 0.066667 0.669825
vt 0.075000 0.669825
vt 0.083333 0.669825
vt 0.091667 0.669825
vt 0.100000 0.669825
vt 0.108333 0.669825
vt 0.116667 0.669825
vt 0.125000 0.669825
vt 0.133333 0.669825
vt 0.141667 0.669825
vt 0.150000 0.669825
vt 0.158333 0.669825
vt 0.166667 0.669825
vt 0.175000 0.669825
vt 0.183333 0.669825
vt 0.191667 0.669825
vt 0.200000 0.669825
vt 0.208333 0.669825
vt 0.216667 0.669825
vt 0.225000 0.669825
vt 0.233333 0.669825
vt 0.241667 0.669825
vt 0.250000 0.669825
vt 0.258333 0.669825
vt 0.266667 0.669825
vt 0.275000 0.669825
vt 0.283333 0.669825
vt 0.291667 0.669825
vt 0.300000 0.669825
vt 0.308333 0.669825
vt 0.316667 0.669825
vt 0.325000 0.669825
vt 0.333333 0.669825
vt 0.341667 0.669825
vt 0.350000 0.669825
vt 0.358333 0.669825
vt 0.366667 0.669825
vt 0.375000 0.669825
vt 0.383333 0.669825
vt 0.391667 0.669825
vt 0.400000 0.669825
vt 0.408333 0.669825
vt 0.416667 0.669825
vt 0.425000 0.669825
vt 0.433333 0.669825
vt 0.441667 0.669825
vt 0.450000 0.669825
vt 0.458333 0.669825
vt 0.466667 0.669825
vt 0.475000 0.669825
vt 0.483333 0.669825
vt 0.491667 0.669825
vt 0.500000 0.669825
vt 0.508333 0.669825
vt 0.516667 0.669825
vt 0.525000 0.669825
vt 0.533333 0.669825
vt 0.541667 0.669825
vt 0.550000 0.669825
vt 0.558333 0.669825
vt 0.566667 0.669825
vt 0.575000 0.669825
vt 0.583333 0.669825
vt 0.591667 0.669825
vt 0.600000 0.669825
vt 0.608333 0.669825
vt 0.616667 0.669825
vt 0.625000 0.669825
vt 0.633333 0.669825
vt 0.641667 0.669825
vt 0.650000 0.669825
vt 0.658333 0.669825
vt 0.666667 0.669825
vt 0.675000 0.669825
vt 0.683333 0.669825
vt 0.691667 0.669825
vt 0.700000 0.669825
vt 0.708333 0.669825
vt 0.716667 0.669825
vt 0.725000 0.669825
vt 0.733333 0.669825
vt 0.741667 0.669825
vt 0.750000 0.669825
vt 0.758333 0.669825
vt 0.766667 0.669825
vt 0.775000 0.669825
vt 0.783333 0.669825
vt 0.791667 0.669825
vt 0.800000 0.669825
vt 0.808333 0.669825
vt 0.816667 0.669825
vt 0.825000 0.669825
vt 0.833333 0.669825
vt 0.841667 0.669825
vt 0.850000 0.669825
vt 0.858333 0.669825
vt 0.866667 0.669825
vt 0.875000 0.669825
vt 0.883333 0.669825
vt 0.891667 0.669825
vt 0.900000 0.669825
vt 0.908333 0.669825
vt 0.916667 0.669825
vt 0.925000 0.669825
vt 0.933333 0.669825
vt 0.941667 0.669825
vt 0.950000 0.669825
vt 0.958333 0.669825
vt 0.966667 0.669825
vt 0.975000 0.669825
vt 0.983333 0.669825
vt 0.991667 0.669825
vt 1.000000 0.669825
vt 0.008333 0.673271
vt 0.000000 0.673271
vt 0.016667 0.673271
vt 0.025000 0.673271
vt 0.033333 0.673271
vt 0.041667 0.673271
vt 0.050000 0.673271
vt 0.058333 0.673271
vt 0.066667 0.673271
vt 0.075000 0.673271
vt 0.083333 0.673271
vt 0.091667 0.673271
vt 0.100000 0.673271
vt 0.108333 0.673271
vt 0.116667 0.673271
vt 0.125000 0.673271
vt 0.133333 0.673271
vt 0.141667 0.673271
vt 0.150000 0.673271
vt 0.158333 0.673271
vt 0.166667 0.673271
vt 0.175000 0.673271
vt 0.183333 0.673271
vt 0.191667 0.673271
vt 0.200000 0.673271
vt 0.208333 0.673271
vt 0.216667 0.673271
vt 0.225000 0.673271
vt 0.233333 0.673271
vt 0.241667 0.673271
vt 0.250000 0.673271
vt 0.258333 0.673271
vt 0.266667 0.673271
vt 0.275000 0.673271
vt 0.283333 0.673271
vt 0.291667 0.673271
vt 0.300000 0.673271
vt 0.308333 0.673271
vt 0.316667 0.673271
vt 0.325000 0.673271
vt 0.333333 0.673271
vt 0.341667 0.673271
vt 0.350000 0.673271
vt 0.358333 0.673271
vt 0.366667 0.673271
vt 0.375000 0.673271
vt 0.383333 0.673271
vt 0.391667 0.673271
vt 0.400000 0.673271
vt 0.408333 0.673271
vt 0.416667 0.673271
vt 0.425000 0.673271
vt 0.433333 0.673271
vt 0.441667 0.673271
vt 0.450000 0.673271
vt 0.458333 0.673271
vt 0.466667 0.673271
vt 0.475000 0.673271
vt 0.483333 0.673271
vt 0.491667 0.673271
vt 0.500000 0.673271
vt 0.508333 0.673271
vt 0.516667 0.673271
vt 0.525000 0.673271
vt 0.533333 0.673271
vt 0.541667 0.673271
vt 0.550000 0.673271
vt 0.558333 0.673271
vt 0.566667 0.673271
vt 0.575000 0.673271
vt 0.583333 0.673271
vt 0.591667 0.673271
vt 0.600000 0.673271
vt 0.608333 0.673271
vt 0.616667 0.673271
vt 0.625000 0.673271
vt 0.633333 0.673271
vt 0.641667 0.673271
vt 0.650000 0.673271
vt 0.658333 0.673271
vt 0.666667 0.673271
vt 0.675000 0.673271
vt 0.683333 0.673271
vt 0.691667 0.673271
vt 0.700000 0.673271
vt 0.708333 0.673271
vt 0.716667 0.673271
vt 0.725000 0.673271
vt 0.733333 0.673271
vt 0.741667 0.673271
vt 0.750000 0.673271
vt 0.758333 0.673271
vt 0.766667 0.673271
vt 0.775000 0.673271
vt 0.783333 0.673271
vt 0.791667 0.673271
vt 0.800000 0.673271
vt 0.808333 0.673271
vt 0.816667 0.673271
vt 0.825000 0.673271
vt 0.833333 0.673271
vt 0.841667 0.673271
vt 0.850000 0.673271
vt 0.858333 0.673271
vt 0.866667 0.673271
vt 0.875000 0.673271
vt 0.883333 0.673271
vt 0.891667 0.673271
vt 0.900000 0.673271
vt 0.908333 0.673271
vt 0.916667 0.673271
vt 0.925000 0.673271
vt 0.933333 0.673271
vt 0.941667 0.673271
vt 0.950000 0.673271
vt 0.958333 0.673271
vt 0.966667 0.673271
vt 0.975000 0.673271
vt 0.983333 0.673271
vt 0.991667 0.673271
vt 1.000000 0.673271
vt 0.008333 0.676718
vt 0.000000 0.676718
vt 0.016667 0.676718
vt 0.025000 0.676718
vt 0.033333 0.676718
vt 0.041667 0.676718
vt 0.050000 0.676718
vt 0.058333 0.676718
vt 0.066667 0.676718
vt 0.075000 0.676718
vt 0.083333 0.676718
vt 0.091667 0.676718
vt 0.100000 0.676718
vt 0.108333 0.676718
vt 0.116667 0.676718
vt 0.125000 0.676718
vt 0.133333 0.676718
vt 0.141667 0.676718
vt 0.150000 0.676718
vt 0.158333 0.676718
vt 0.166667 0.676718
vt 0.175000 0.676718
vt 0.183333 0.676718
vt 0.191667 0.676718
vt 0.200000 0.676718
vt 0.208333 0.676718
vt 0.216667 0.676718
vt 0.225000 0.676718
vt 0.233333 0.676718
vt 0.241667 0.676718
vt 0.250000 0.676718
vt 0.258333 0.676718
vt 0.266667 0.676718
vt 0.275000 0.676718
vt 0.283333 0.676718
vt 0.291667 0.676718
vt 0.300000 0.676718
vt 0.308333 0.676718
vt 0.316667 0.676718
vt 0.325000 0.676718
vt 0.333333 0.676718
vt 0.341667 0.676718
vt 0.350000 0.676718
vt 0.358333 0.676718
vt 0.366667 0.676718
vt 0.375000 0.676718
vt 0.383333 0.676718
vt 0.391667 0.676718
vt 0.400000 0.676718
vt 0.408333 0.676718
vt 0.416667 0.676718
vt 0.425000 0.676718
vt 0.433333 0.676718
vt 0.441667 0.676718
vt 0.450000 0.676718
vt 0.458333 0.676718
vt 0.466667 0.676718
vt 0.475000 0.676718
vt 0.483333 0.676718
vt 0.491667 0.676718
vt 0.500000 0.676718
vt 0.508333 0.676718
vt 0.516667 0.676718
vt 0.525000 0.676718
vt 0.533333 0.676718
vt 0.541667 0.676718
vt 0.550000 0.676718
vt 0.558333 0.676718
vt 0.566667 0.676718
vt 0.575000 0.676718
vt 0.583333 0.676718
vt 0.591667 0.676718
vt 0.600000 0.676718
vt 0.608333 0.676718
vt 0.616667 0.676718
vt 0.625000 0.676718
vt 0.633333 0.676718
vt 0.641667 0.676718
vt 0.650000 0.676718
vt 0.658333 0.676718
vt 0.666667 0.676718
vt 0.675000 0.676718
vt 0.683333 0.676718
vt 0.691667 0.676718
vt 0.700000 0.676718
vt 0.708333 0.676718
vt 0.716667 0.676718
vt 0.725000 0.676718
vt 0.733333 0.676718
vt 0.741667 0.676718
vt 0.750000 0.676718
vt 0.758333 0.676718
vt 0.766667 0.676718
vt 0.775000 0.676718
vt 0.783333 0.676718
vt 0.791667 0.676718
vt 0.800000 0.676718
vt 0.808333 0.676718
vt 0.816667 0.676718
vt 0.825000 0.676718
vt 0.833333 0.676718
vt 0.841667 0.676718
vt 0.850000 0.676718
vt 0.858333 0.676718
vt 0.866667 0.676718
vt 0.875000 0.676718
vt 0.883333 0.676718
vt 0.891667 0.676718
vt 0.900000 0.676718
vt 0.908333 0.676718
vt 0.916667 0.676718
vt 0.925000 0.676718
vt 0.933333 0.676718
vt 0.941667 0.676718
vt 0.950000 0.676718
vt 0.958333 0.676718
vt 0.966667 0.676718
vt 0.975000 0.676718
vt 0.983333 0.676718
vt 0.991667 0.676718
vt 1.000000 0.676718
vt 0.008333 0.680164
vt 0.000000 0.680164
vt 0.016667 0.680164
vt 0.025000 0.680164
vt 0.033333 0.680164
vt 0.041667 0.680164
vt 0.050000 0.680164
vt 0.058333 0.680164
vt 0.066667 0.680164
vt 0.075000 0.680164
vt 0.083333 0.680164
vt 0.091667 0.680164
vt 0.100000 0.680164
vt 0.108333 0.680164
vt 0.116667 0.680164
vt 0.125000 0.680164
vt 0.133333 0.680164
vt 0.141667 0.680164
vt 0.150000 0.680164
vt 0.158333 0.680164
vt 0.166667 0.680164
vt 0.175000 0.680164
vt 0.183333 0.680164
vt 0.191667 0.680164
vt 0.200000 0.680164
vt 0.208333 0.680164
vt 0.216667 0.680164
vt 0.225000 0.680164
vt 0.233333 0.680164
vt 0.241667 0.680164
vt 0.250000 0.680164
vt 0.258333 0.680164
vt 0.266667 0.680164
vt 0.275000 0.680164
vt 0.283333 0.680164
vt 0.291667 0.680164
vt 0.300000 0.680164
vt 0.308333 0.680164
vt 0.316667 0.680164
vt 0.325000 0.680164
vt 0.333333 0.680164
vt 0.341667 0.680164
vt 0.350000 0.680164
vt 0.358333 0.680164
vt 0.366667 0.680164
vt 0.375000 0.680164
vt 0.383333 0.680164
vt 0.391667 0.680164
vt 0.400000 0.680164
vt 0.408333 0.680164
vt 0.416667 0.680164
vt 0.425000 0.680164
vt 0.433333 0.680164
vt 0.441667 0.680164
vt 0.450000 0.680164
vt 0.458333 0.680164
vt 0.466667 0.680164
vt 0.475000 0.680164
vt 0.483333 0.680164
vt 0.491667 0.680164
vt 0.500000 0.680164
vt 0.508333 0.680164
vt 0.516667 0.680164
vt 0.525000 0.680164
vt 0.533333 0.680164
vt 0.541667 0.680164
vt 0.550000 0.680164
vt 0.558333 0.680164
vt 0.566667 0.680164
vt 0.575000 0.680164
vt 0.583333 0.680164
vt 0.591667 0.680164
vt 0.600000 0.680164
vt 0.608333 0.680164
vt 0.616667 0.680164
vt 0.625000 0.680164
vt 0.633333 0.680164
vt 0.641667 0.680164
vt 0.650000 0.680164
vt 0.658333 0.680164
vt 0.666667 0.680164
vt 0.675000 0.680164
vt 0.683333 0.680164
vt 0.691667 0.680164
vt 0.700000 0.680164
vt 0.708333 0.680164
vt 0.716667 0.680164
vt 0.725000 0.680164
vt 0.733333 0.680164
vt 0.741667 0.680164
vt 0.750000 0.680164
vt 0.758333 0.680164
vt 0.766667 0.680164
vt 0.775000 0.680164
vt 0.783333 0.680164
vt 0.791667 0.680164
vt 0.800000 0.680164
vt 0.808333 0.680164
vt 0.816667 0.680164
vt 0.825000 0.680164
vt 0.833333 0.680164
vt 0.841667 0.680164
vt 0.850000 0.680164
vt 0.858333 0.680164
vt 0.866667 0.680164
vt 0.875000 0.680164
vt 0.883333 0.680164
vt 0.891667 0.680164
vt 0.900000 0.680164
vt 0.908333 0.680164
vt 0.916667 0.680164
vt 0.925000 0.680164
vt 0.933333 0.680164
vt 0.941667 0.680164
vt 0.950000 0.680164
vt 0.958333 0.680164
vt 0.966667 0.680164
vt 0.975000 0.680164
vt 0.983333 0.680164
vt 0.991667 0.680164
vt 1.000000 0.680164
vt 0.008333 0.683610
vt 0.000000 0.683610
vt 0.016667 0.683610
vt 0.025000 0.683610
vt 0.033333 0.683610
vt 0.041667 0.683610
vt 0.050000 0.683610
vt 0.058333 0.683610
vt 0.066667 0.683610
vt 0.075000 0.683610
vt 0.083333 0.683610
vt 0.091667 0.683610
vt 0.100000 0.683610
vt 0.108333 0.683610
vt 0.116667 0.683610
vt 0.125000 0.683610
vt 0.133333 0.683610
vt 0.141667 0.683610
vt 0.150000 0.683610
vt 0.158333 0.683610
vt 0.166667 0.683610
vt 0.175000 0.683610
vt 0.183333 0.683610
vt 0.191667 0.683610
vt 0.200000 0.683610
vt 0.208333 0.683610
vt 0.216667 0.683610
vt 0.225000 0.683610
vt 0.233333 0.683610
vt 0.241667 0.683610
vt 0.250000 0.683610
vt 0.258333 0.683610
vt 0.266667 0.683610
vt 0.275000 0.683610
vt 0.283333 0.683610
vt 0.291667 0.683610
vt 0.300000 0.683610
vt 0.308333 0.683610
vt 0.316667 0.683610
vt 0.325000 0.683610
vt 0.333333 0.683610
vt 0.341667 0.683610
vt 0.350000 0.683610
vt 0.358333 0.683610
vt 0.366667 0.683610
vt 0.375000 0.683610
vt 0.383333 0.683610
vt 0.391667 0.683610
vt 0.400000 0.683610
vt 0.408333 0.683610
vt 0.416667 0.683610
vt 0.425000 0.683610
vt 0.433333 0.683610
vt 0.441667 0.683610
vt 0.450000 0.683610
vt 0.458333 0.683610
vt 0.466667 0.683610
vt 0.475000 0.683610
vt 0.483333 0.683610
vt 0.491667 0.683610
vt 0.500000 0.683610
vt 0.508333 0.683610
vt 0.516667 0.683610
vt 0.525000 0.683610
vt 0.533333 0.683610
vt 0.541667 0.683610
vt 0.550000 0.683610
vt 0.558333 0.683610
vt 0.566667 0.683610
vt 0.575000 0.683610
vt 0.583333 0.683610
vt 0.591667 0.683610
vt 0.600000 0.683610
vt 0.608333 0.683610
vt 0.616667 0.683610
vt 0.625000 0.683610
vt 0.633333 0.683610
vt 0.641667 0.683610
vt 0.650000 0.683610
vt 0.658333 0.683610
vt 0.666667 0.683610
vt 0.675000 0.683610
vt 0.683333 0.683610
vt 0.691667 0.683610
vt 0.700000 0.683610
vt 0.708333 0.683610
vt 0.716667 0.683610
vt 0.725000 0.683610
vt 0.733333 0.683610
vt 0.741667 0.683610
vt 0.750000 0.683610
vt 0.758333 0.683610
vt 0.766667 0.683610
vt 0.775000 0.683610
vt 0.783333 0.683610
vt 0.791667 0.683610
vt 0.800000 0.683610
vt 0.808333 0.683610
vt 0.816667 0.683610
vt 0.825000 0.683610
vt 0.833333 0.683610
vt 0.841667 0.683610
vt 0.850000 0.683610
vt 0.858333 0.683610
vt 0.866667 0.683610
vt 0.875000 0.683610
vt 0.883333 0.683610
vt 0.891667 0.683610
vt 0.900000 0.683610
vt 0.908333 0.683610
vt 0.916667 0.683610
vt 0.925000 0.683610
vt 0.933333 0.683610
vt 0.941667 0.683610
vt 0.950000 0.683610
vt 0.958333 0.683610
vt 0.966667 0.683610
vt 0.975000 0.683610
vt 0.983333 0.683610
vt 0.991667 0.683610
vt 1.000000 0.683610
vt 0.008333 0.722110
vt 0.000000 0.722110
vt 0.016667 0.722110
vt 0.025000 0.722110
vt 0.033333 0.722110
vt 0.041667 0.722110
vt 0.050000 0.722110
vt 0.058333 0.722110
vt 0.066667 0.722110
vt 0.075000 0.722110
vt 0.083333 0.722110
vt 0.091667 0.722110
vt 0.100000 0.722110
vt 0.108333 0.722110
vt 0.116667 0.722110
vt 0.125000 0.722110
vt 0.133333 0.722110
vt 0.141667 0.722110
vt 0.150000 0.722110
vt 0.158333 0.722110
vt 0.166667 0.722110
vt 0.175000 0.722110
vt 0.183333 0.722110
vt 0.191667 0.722110
vt 0.200000 0.722110
vt 0.208333 0.722110
vt 0.216667 0.722110
vt 0.225000 0.722110
vt 0.233333 0.722110
vt 0.241667 0.722110
vt 0.250000 0.722110
vt 0.258333 0.722110
vt 0.266667 0.722110
vt 0.275000 0.722110
vt 0.283333 0.722110
vt 0.291667 0.722110
vt 0.300000 0.722110
vt 0.308333 0.722110
vt 0.316667 0.722110
vt 0.325000 0.722110
vt 0.333333 0.722110
vt 0.341667 0.722110
vt 0.350000 0.722110
vt 0.358333 0.722110
vt 0.366667 0.722110
vt 0.375000 0.722110
vt 0.383333 0.722110
vt 0.391667 0.722110
vt 0.400000 0.722110
vt 0.408333 0.722110
vt 0.416667 0.722110
vt 0.425000 0.722110
vt 0.433333 0.722110
vt 0.441667 0.722110
vt 0.450000 0.722110
vt 0.458333 0.722110
vt 0.466667 0.722110
vt 0.475000 0.722110
vt 0.483333 0.722110
vt 0.491667 0.722110
vt 0.500000 0.722110
vt 0.508333 0.722110
vt 0.516667 0.722110
vt 0.525000 0.722110
vt 0.533333 0.722110
vt 0.541667 0.722110
vt 0.550000 0.722110
vt 0.558333 0.722110
vt 0.566667 0.722110
vt 0.575000 0.722110
vt 0.583333 0.722110
vt 0.591667 0.722110
vt 0.600000 0.722110
vt 0.608333 0.722110
vt 0.616667 0.722110
vt 0.625000 0.722110
vt 0.633333 0.722110
vt 0.641667 0.722110
vt 0.650000 0.722110
vt 0.658333 0.722110
vt 0.666667 0.722110
vt 0.675000 0.722110
vt 0.683333 0.722110
vt 0.691667 0.722110
vt 0.700000 0.722110
vt 0.708333 0.722110
vt 0.716667 0.722110
vt 0.725000 0.722110
vt 0.733333 0.722110
vt 0.741667 0.722110
vt 0.750000 0.722110
vt 0.758333 0.722110
vt 0.766667 0.722110
vt 0.775000 0.722110
vt 0.783333 0.722110
vt 0.791667 0.722110
vt 0.800000 0.722110
vt 0.808333 0.722110
vt 0.816667 0.722110
vt 0.825000 0.722110
vt 0.833333 0.722110
vt 0.841667 0.722110
vt 0.850000 0.722110
vt 0.858333 0.722110
vt 0.866667 0.722110
vt 0.875000 0.722110
vt 0.883333 0.722110
vt 0.891667 0.722110
vt 0.900000 0.722110
vt 0.908333 0.722110
vt 0.916667 0.722110
vt 0.925000 0.722110
vt 0.933333 0.722110
vt 0.941667 0.722110
vt 0.950000 0.722110
vt 0.958333 0.722110
vt 0.966667 0.722110
vt 0.975000 0.722110
vt 0.983333 0.722110
vt 0.991667 0.722110
vt 1.000000 0.722110
vt 0.008333 0.725412
vt 0.000000 0.725412
vt 0.016667 0.725412
vt 0.025000 0.725412
vt 0.033333 0.725412
vt 0.041667 0.725412
vt 0.050000 0.725412
vt 0.058333 0.725412
vt 0.066667 0.725412
vt 0.075000 0.725412
vt 0.083333 0.725412
vt 0.091667 0.725412
vt 0.100000 0.725412
vt 0.108333 0.725412
vt 0.116667 0.725412
vt 0.125000 0.725412
vt 0.133333 0.725412
vt 0.141667 0.725412
vt 0.150000 0.725412
vt 0.158333 0.725412
vt 0.166667 0.725412
vt 0.175000 0.725412
vt 0.183333 0.725412
vt 0.191667 0.725412
vt 0.200000 0.725412
vt 0.208333 0.725412
vt 0.216667 0.725412
vt 0.225000 0.725412
vt 0.233333 0.725412
vt 0.241667 0.725412
vt 0.250000 0.725412
vt 0.258333 0.725412
vt 0.266667 0.725412
vt 0.275000 0.725412
vt 0.283333 0.725412
vt 0.291667 0.725412
vt 0.300000 0.725412
vt 0.308333 0.725412
vt 0.316667 0.725412
vt 0.325000 0.725412
vt 0.333333 0.725412
vt 0.341667 0.725412
vt 0.350000 0.725412
vt 0.358333 0.725412
vt 0.366667 0.725412
vt 0.375000 0.725412
vt 0.383333 0.725412
vt 0.391667 0.725412
vt 0.400000 0.725412
vt 0.408333 0.725412
vt 0.416667 0.725412
vt 0.425000 0.725412
vt 0.433333 0.725412
vt 0.441667 0.725412
vt 0.450000 0.725412
vt 0.458333 0.725412
vt 0.466667 0.725412
vt 0.475000 0.725412
vt 0.483333 0.725412
vt 0.491667 0.725412
vt 0.500000 0.725412
vt 0.508333 0.725412
vt 0.516667 0.725412
vt 0.525000 0.725412
vt 0.533333 0.725412
vt 0.541667 0.725412
vt 0.550000 0.725412
vt 0.558333 0.725412
vt 0.566667 0.725412
vt 0.575000 0.725412
vt 0.583333 0.725412
vt 0.591667 0.725412
vt 0.600000 0.725412
vt 0.608333 0.725412
vt 0.616667 0.725412
vt 0.625000 0.725412
vt 0.633333 0.725412
vt 0.641667 0.725412
vt 0.650000 0.725412
vt 0.658333 0.725412
vt 0.666667 0.725412
vt 0.675000 0.725412
vt 0.683333 0.725412
vt 0.691667 0.725412
vt 0.700000 0.725412
vt 0.708333 0.725412
vt 0.716667 0.725412
vt 0.725000 0.725412
vt 0.733333 0.725412
vt 0.741667 0.725412
vt 0.750000 0.725412
vt 0.758333 0.725412
vt 0.766667 0.725412
vt 0.775000 0.725412
vt 0.783333 0.725412
vt 0.791667 0.725412
vt 0.800000 0.725412
vt 0.808333 0.725412
vt 0.816667 0.725412
vt 0.825000 0.725412
vt 0.833333 0.725412
vt 0.841667 0.725412
vt 0.850000 0.725412
vt 0.858333 0.725412
vt 0.866667 0.725412
vt 0.875000 0.725412
vt 0.883333 0.725412
vt 0.891667 0.725412
vt 0.900000 0.725412
vt 0.908333 0.725412
vt 0.916667 0.725412
vt 0.925000 0.725412
vt 0.933333 0.725412
vt 0.941667 0.725412
vt 0.950000 0.725412
vt 0.958333 0.725412
vt 0.966667 0.725412
vt 0.975000 0.725412
vt 0.983333 0.725412
vt 0.991667 0.725412
vt 1.000000 0.725412
vt 0.008333 0.728950
vt 0.000000 0.728950
vt 0.016667 0.728950
vt 0.025000 0.728950
vt 0.033333 0.728950
vt 0.041667 0.728950
vt 0.050000 0.728950
vt 0.058333 0.728950
vt 0.066667 0.728950
vt 0.075000 0.728950
vt 0.083333 0.728950
vt 0.091667 0.728950
vt 0.100000 0.728950
vt 0.108333 0.728950
vt 0.116667 0.728950
vt 0.125000 0.728950
vt 0.133333 0.728950
vt 0.141667 0.728950
vt 0.150000 0.728950
vt 0.158333 0.728950
vt 0.166667 0.728950
vt 0.175000 0.728950
vt 0.183333 0.728950
vt 0.191667 0.728950
vt 0.200000 0.728950
vt 0.208333 0.728950
vt 0.216667 0.728950
vt 0.225000 0.728950
vt 0.233333 0.728950
vt 0.241667 0.728950
vt 0.250000 0.728950
vt 0.258333 0.728950
vt 0.266667 0.728950
vt 0.275000 0.728950
vt 0.283333 0.728950
vt 0.291667 0.728950
vt 0.300000 0.728950
vt 0.308333 0.728950
vt 0.316667 0.728950
vt 0.325000 0.728950
vt 0.333333 0.728950
vt 0.341667 0.728950
vt 0.350000 0.728950
vt 0.358333 0.728950
vt 0.366667 0.728950
vt 0.375000 0.728950
vt 0.383333 0.728950
vt 0.391667 0.728950
vt 0.400000 0.728950
vt 0.408333 0.728950
vt 0.416667 0.728950
vt 0.425000 0.728950
vt 0.433333 0.728950
vt 0.441667 0.728950
vt 0.450000 0.728950
vt 0.458333 0.728950
vt 0.466667 0.728950
vt 0.475000 0.728950
vt 0.483333 0.728950
vt 0.491667 0.728950
vt 0.500000 0.728950
vt 0.508333 0.728950
vt 0.516667 0.728950
vt 0.525000 0.728950
vt 0.533333 0.728950
vt 0.541667 0.728950
vt 0.550000 0.728950
vt 0.558333 0.728950
vt 0.566667 0.728950
vt 0.575000 0.728950
vt 0.583333 0.728950
vt 0.591667 0.728950
vt 0.600000 0.728950
vt 0.608333 0.728950
vt 0.616667 0.728950
vt 0.625000 0.728950
vt 0.633333 0.728950
vt 0.641667 0.728950
vt 0.650000 0.728950
vt 0.658333 0.728950
vt 0.666667 0.728950
vt 0.675000 0.728950
vt 0.683333 0.728950
vt 0.691667 0.728950
vt 0.700000 0.728950
vt 0.708333 0.728950
vt 0.716667 0.728950
vt 0.725000 0.728950
vt 0.733333 0.728950
vt 0.741667 0.728950
vt 0.750000 0.728950
vt 0.758333 0.728950
vt 0.766667 0.728950
vt 0.775000 0.728950
vt 0.783333 0.728950
vt 0.791667 0.728950
vt 0.800000 0.728950
vt 0.808333 0.728950
vt 0.816667 0.728950
vt 0.825000 0.728950
vt 0.833333 0.728950
vt 0.841667 0.728950
vt 0.850000 0.728950
vt 0.858333 0.728950
vt 0.866667 0.728950
vt 0.875000 0.728950
vt 0.883333 0.728950
vt 0.891667 0.728950
vt 0.900000 0.728950
vt 0.908333 0.728950
vt 0.916667 0.728950
vt 0.925000 0.728950
vt 0.933333 0.728950
vt 0.941667 0.728950
vt 0.950000 0.728950
vt 0.958333 0.728950
vt 0.966667 0.728950
vt 0.975000 0.728950
vt 0.983333 0.728950
vt 0.991667 0.728950
vt 1.000000 0.728950
vt 0.008333 0.733509
vt 0.000000 0.733509
vt 0.016667 0.733509
vt 0.025000 0.733509
vt 0.033333 0.733509
vt 0.041667 0.733509
vt 0.050000 0.733509
vt 0.058333 0.733509
vt 0.066667 0.733509
vt 0.075000 0.733509
vt 0.083333 0.733509
vt 0.091667 0.733509
vt 0.100000 0.733509
vt 0.108333 0.733509
vt 0.116667 0.733509
vt 0.125000 0.733509
vt 0.133333 0.733509
vt 0.141667 0.733509
vt 0.150000 0.733509
vt 0.158333 0.733509
vt 0.166667 0.733509
vt 0.175000 0.733509
vt 0.183333 0.733509
vt 0.191667 0.733509
vt 0.200000 0.733509
vt 0.208333 0.733509
vt 0.216667 0.733509
vt 0.225000 0.733509
vt 0.233333 0.733509
vt 0.241667 0.733509
vt 0.250000 0.733509
vt 0.258333 0.733509
vt 0.266667 0.733509
vt 0.275000 0.733509
vt 0.283333 0.733509
vt 0.291667 0.733509
vt 0.300000 0.733509
vt 0.308333 0.733509
vt 0.316667 0.733509
vt 0.325000 0.733509
vt 0.333333 0.733509
vt 0.341667 0.733509
vt 0.350000 0.733509
vt 0.358333 0.733509
vt 0.366667 0.733509
vt 0.375000 0.733509
vt 0.383333 0.733509
vt 0.391667 0.733509
vt 0.400000 0.733509
vt 0.408333 0.733509
vt 0.416667 0.733509
vt 0.425000 0.733509
vt 0.433333 0.733509
vt 0.441667 0.733509
vt 0.450000 0.733509
vt 0.458333 0.733509
vt 0.466667 0.733509
vt 0.475000 0.733509
vt 0.483333 0.733509
vt 0.491667 0.733509
vt 0.500000 0.733509
vt 0.508333 0.733509
vt 0.516667 0.733509
vt 0.525000 0.733509
vt 0.533333 0.733509
vt 0.541667 0.733509
vt 0.550000 0.733509
vt 0.558333 0.733509
vt 0.566667 0.733509
vt 0.575000 0.733509
vt 0.583333 0.733509
vt 0.591667 0.733509
vt 0.600000 0.733509
vt 0.608333 0.733509
vt 0.616667 0.733509
vt 0.625000 0.733509
vt 0.633333 0.733509
vt 0.641667 0.733509
vt 0.650000 0.733509
vt 0.658333 0.733509
vt 0.666667 0.733509
vt 0.675000 0.733509
vt 0.683333 0.733509
vt 0.691667 0.733509
vt 0.700000 0.733509
vt 0.708333 0.733509
vt 0.716667 0.733509
vt 0.725000 0.733509
vt 0.733333 0.733509
vt 0.741667 0.733509
vt 0.750000 0.733509
vt 0.758333 0.733509
vt 0.766667 0.733509
vt 0.775000 0.733509
vt 0.783333 0.733509
vt 0.791667 0.733509
vt 0.800000 0.733509
vt 0.808333 0.733509
vt 0.816667 0.733509
vt 0.825000 0.733509
vt 0.833333 0.733509
vt 0.841667 0.733509
vt 0.850000 0.733509
vt 0.858333 0.733509
vt 0.866667 0.733509
vt 0.875000 0.733509
vt 0.883333 0.733509
vt 0.891667 0.733509
vt 0.900000 0.733509
vt 0.908333 0.733509
vt 0.916667 0.733509
vt 0.925000 0.733509
vt 0.933333 0.733509
vt 0.941667 0.733509
vt 0.950000 0.733509
vt 0.958333 0.733509
vt 0.966667 0.733509
vt 0.975000 0.733509
vt 0.983333 0.733509
vt 0.991667 0.733509
vt 1.000000 0.733509
vt 0.004167 0.893509
vt 0.012500 0.893509
vt 0.020833 0.893509
vt 0.029167 0.893509
vt 0.037500 0.893509
vt 0.045833 0.893509
vt 0.054167 0.893509
vt 0.062500 0.893509
vt 0.070833 0.893509
vt 0.079167 0.893509
vt 0.087500 0.893509
vt 0.095833 0.893509
vt 0.104167 0.893509
vt 0.112500 0.893509
vt 0.120833 0.893509
vt 0.129167 0.893509
vt 0.137500 0.893509
vt 0.145833 0.893509
vt 0.154167 0.893509
vt 0.162500 0.893509
vt 0.170833 0.893509
vt 0.179167 0.893509
vt 0.187500 0.893509
vt 0.195833 0.893509
vt 0.204167 0.893509
vt 0.212500 0.893509
vt 0.220833 0.893509
vt 0.229167 0.893509
vt 0.237500 0.893509
vt 0.245833 0.893509
vt 0.254167 0.893509
vt 0.262500 0.893509
vt 0.270833 0.893509
vt 0.279167 0.893509
vt 0.287500 0.893509
vt 0.295833 0.893509
vt 0.304167 0.893509
vt 0.312500 0.893509
vt 0.320833 0.893509
vt 0.329167 0.893509
vt 0.337500 0.893509
vt 0.345833 0.893509
vt 0.354167 0.893509
vt 0.362500 0.893509
vt 0.370833 0.893509
vt 0.379167 0.893509
vt 0.387500 0.893509
vt 0.395833 0.893509
vt 0.404167 0.893509
vt 0.412500 0.893509
vt 0.420833 0.893509
vt 0.429167 0.893509
vt 0.437500 0.893509
vt 0.445833 0.893509
vt 0.454167 0.893509
vt 0.462500 0.893509
vt 0.470833 0.893509
vt 0.479167 0.893509
vt 0.487500 0.893509
vt 0.495833 0.893509
vt 0.504167 0.893509
vt 0.512500 0.893509
vt 0.520833 0.893509
vt 0.529167 0.893509
vt 0.537500 0.893509
vt 0.545833 0.893509
vt 0.554167 0.893509
vt 0.562500 0.893509
vt 0.570833 0.893509
vt 0.579167 0.893509
vt 0.587500 0.893509
vt 0.595833 0.893509
vt 0.604167 0.893509
vt 0.612500 0.893509
vt 0.620833 0.893509
vt 0.629167 0.893509
vt 0.637500 0.893509
vt 0.645833 0.893509
vt 0.654167 0.893509
vt 0.662500 0.893509
vt 0.670833 0.893509
vt 0.679167 0.893509
vt 0.687500 0.893509
vt 0.695833 0.893509
vt 0.704167 0.893509
vt 0.712500 0.893509
vt 0.720833 0.893509
vt 0.729167 0.893509
vt 0.737500 0.893509
vt 0.745833 0.893509
vt 0.754167 0.893509
vt 0.762500 0.893509
vt 0.770833 0.893509
vt 0.779167 0.893509
vt 0.787500 0.893509
vt 0.795833 0.893509
vt 0.804167 0.893509
vt 0.812500 0.893509
vt 0.820833 0.893509
vt 0.829167 0.893509
vt 0.837500 0.893509
vt 0.845833 0.893509
vt 0.854167 0.893509
vt 0.862500 0.893509
vt 0.870833 0.893509
vt 0.879167 0.893509
vt 0.887500 0.893509
vt 0.895833 0.893509
vt 0.904167 0.893509
vt 0.912500 0.893509
vt 0.920833 0.893509
vt 0.929167 0.893509
vt 0.937500 0.893509
vt 0.945833 0.893509
vt 0.954167 0.893509
vt 0.962500 0.893509
vt 0.970833 0.893509
vt 0.979167 0.893509
vt 0.987500 0.893509
vt 0.995833 0.893509
vt 0.991667 0.026000
vt 1.000000 0.026000
vt 1.000000 0.035000
vt 0.991667 0.035000
vt 0.008333 0.000000
vt 0.016667 0.000000
vt 0.016667 0.008500
vt 0.008333 0.008500
vt 0.025000 0.000000
vt 0.025000 0.008500
vt 0.033333 0.000000
vt 0.033333 0.008500
vt 0.041667 0.000000
vt 0.041667 0.008500
vt 0.050000 0.000000
vt 0.050000 0.008500
vt 0.058333 0.000000
vt 0.058333 0.008500
vt 0.066667 0.000000
vt 0.066667 0.008500
vt 0.075000 0.000000
vt 0.075000 0.008500
vt 0.083333 0.000000
vt 0.083333 0.008500
vt 0.091667 0.000000
vt 0.091667 0.008500
vt 0.100000 0.000000
vt 0.100000 0.008500
vt 0.108333 0.000000
vt 0.108333 0.008500
vt 0.116667 0.000000
vt 0.116667 0.008500
vt 0.125000 0.000000
vt 0.125000 0.008500
vt 0.133333 0.000000
vt 0.133333 0.008500
vt 0.141667 0.000000
vt 0.141667 0.008500
vt 0.150000 0.000000
vt 0.150000 0.008500
vt 0.158333 0.000000
vt 0.158333 0.008500
vt 0.166667 0.000000
vt 0.166667 0.008500
vt 0.175000 0.000000
vt 0.175000 0.008500
vt 0.183333 0.000000
vt 0.183333 0.008500
vt 0.191667 0.000000
vt 0.191667 0.008500
vt 0.200000 0.000000
vt 0.200000 0.008500
vt 0.208333 0.000000
vt 0.208333 0.008500
vt 0.216667 0.000000
vt 0.216667 0.008500
vt 0.225000 0.000000
vt 0.225000 0.008500
vt 0.233333 0.000000
vt 0.233333 0.008500
vt 0.241667 0.000000
vt 0.241667 0.008500
vt 0.250000 0.000000
vt 0.250000 0.008500
vt 0.258333 0.000000
vt 0.258333 0.008500
vt 0.266667 0.000000
vt 0.266667 0.008500
vt 0.275000 0.000000
vt 0.275000 0.008500
vt 0.283333 0.000000
vt 0.283333 0.008500
vt 0.291667 0.000000
vt 0.291667 0.008500
vt 0.300000 0.000000
vt 0.300000 0.008500
vt 0.308333 0.000000
vt 0.308333 0.008500
vt 0.316667 0.000000
vt 0.316667 0.008500
vt 0.325000 0.000000
vt 0.325000 0.008500
vt 0.333333 0.000000
vt 0.333333 0.008500
vt 0.341667 0.000000
vt 0.341667 0.008500
vt 0.350000 0.000000
vt 0.350000 0.008500
vt 0.358333 0.000000
vt 0.358333 0.008500
vt 0.366667 0.000000
vt 0.366667 0.008500
vt 0.375000 0.000000
vt 0.375000 0.008500
vt 0.383333 0.000000
vt 0.383333 0.008500
vt 0.391667 0.000000
vt 0.391667 0.008500
vt 0.400000 0.000000
vt 0.400000 0.008500
vt 0.408333 0.000000
vt 0.408333 0.008500
vt 0.416667 0.000000
vt 0.416667 0.008500
vt 0.425000 0.000000
vt 0.425000 0.008500
vt 0.433333 0.000000
vt 0.433333 0.008500
vt 0.441667 0.000000
vt 0.441667 0.008500
vt 0.450000 0.000000
vt 0.450000 0.008500
vt 0.458333 0.000000
vt 0.458333 0.008500
vt 0.466667 0.000000
vt 0.466667 0.008500
vt 0.475000 0.000000
vt 0.475000 0.008500
vt 0.483333 0.000000
vt 0.483333 0.008500
vt 0.491667 0.000000
vt 0.491667 0.008500
vt 0.500000 0.000000
vt 0.500000 0.008500
vt 0.508333 0.000000
vt 0.508333 0.008500
vt 0.516667 0.000000
vt 0.516667 0.008500
vt 0.525000 0.000000
vt 0.525000 0.008500
vt 0.533333 0.000000
vt 0.533333 0.008500
vt 0.541667 0.000000
vt 0.541667 0.008500
vt 0.550000 0.000000
vt 0.550000 0.008500
vt 0.558333 0.000000
vt 0.558333 0.008500
vt 0.566667 0.000000
vt 0.566667 0.008500
vt 0.575000 0.000000
vt 0.575000 0.008500
vt 0.583333 0.000000
vt 0.583333 0.008500
vt 0.591667 0.000000
vt 0.591667 0.008500
vt 0.600000 0.000000
vt 0.600000 0.008500
vt 0.608333 0.000000
vt 0.608333 0.008500
vt 0.616667 0.000000
vt 0.616667 0.008500
vt 0.625000 0.000000
vt 0.625000 0.008500
vt 0.633333 0.000000
vt 0.633333 0.008500
vt 0.641667 0.000000
vt 0.641667 0.008500
vt 0.650000 0.000000
vt 0.650000 0.008500
vt 0.658333 0.000000
vt 0.658333 0.008500
vt 0.666667 0.000000
vt 0.666667 0.008500
vt 0.675000 0.000000
vt 0.675000 0.008500
vt 0.683333 0.000000
vt 0.683333 0.008500
vt 0.691667 0.000000
vt 0.691667 0.008500
vt 0.700000 0.000000
vt 0.700000 0.008500
vt 0.708333 0.000000
vt 0.708333 0.008500
vt 0.716667 0.000000
vt 0.716667 0.008500
vt 0.725000 0.000000
vt 0.725000 0.008500
vt 0.733333 0.000000
vt 0.733333 0.008500
vt 0.741667 0.000000
vt 0.741667 0.008500
vt 0.750000 0.000000
vt 0.750000 0.008500
vt 0.758333 0.000000
vt 0.758333 0.008500
vt 0.766667 0.000000
vt 0.766667 0.008500
vt 0.775000 0.000000
vt 0.775000 0.008500
vt 0.783333 0.000000
vt 0.783333 0.008500
vt 0.791667 0.000000
vt 0.791667 0.008500
vt 0.800000 0.000000
vt 0.800000 0.008500
vt 0.808333 0.000000
vt 0.808333 0.008500
vt 0.816667 0.000000
vt 0.816667 0.008500
vt 0.825000 0.000000
vt 0.825000 0.008500
vt 0.833333 0.000000
vt 0.833333 0.008500
vt 0.841667 0.000000
vt 0.841667 0.008500
vt 0.850000 0.000000
vt 0.850000 0.008500
vt 0.858333 0.000000
vt 0.858333 0.008500
vt 0.866667 0.000000
vt 0.866667 0.008500
vt 0.875000 0.000000
vt 0.875000 0.008500
vt 0.883333 0.000000
vt 0.883333 0.008500
vt 0.891667 0.000000
vt 0.891667 0.008500
vt 0.900000 0.000000
vt 0.900000 0.008500
vt 0.908333 0.000000
vt 0.908333 0.008500
vt 0.916667 0.000000
vt 0.916667 0.008500
vt 0.925000 0.000000
vt 0.925000 0.008500
vt 0.933333 0.000000
vt 0.933333 0.008500
vt 0.941667 0.000000
vt 0.941667 0.008500
vt 0.950000 0.000000
vt 0.950000 0.008500
vt 0.958333 0.000000
vt 0.958333 0.008500
vt 0.966667 0.000000
vt 0.966667 0.008500
vt 0.975000 0.000000
vt 0.975000 0.008500
vt 0.983333 0.000000
vt 0.983333 0.008500
vt 0.991667 0.000000
vt 0.991667 0.008500
vt 1.000000 0.000000
vt 1.000000 0.008500
vt 0.000000 0.008500
vt 0.008333 0.017500
vt 0.000000 0.017500
vt 0.016667 0.017500
vt 0.025000 0.017500
vt 0.033333 0.017500
vt 0.041667 0.017500
vt 0.050000 0.017500
vt 0.058333 0.017500
vt 0.066667 0.017500
vt 0.075000 0.017500
vt 0.083333 0.017500
vt 0.091667 0.017500
vt 0.100000 0.017500
vt 0.108333 0.017500
vt 0.116667 0.017500
vt 0.125000 0.017500
vt 0.133333 0.017500
vt 0.141667 0.017500
vt 0.150000 0.017500
vt 0.158333 0.017500
vt 0.166667 0.017500
vt 0.175000 0.017500
vt 0.183333 0.017500
vt 0.191667 0.017500
vt 0.200000 0.017500
vt 0.208333 0.017500
vt 0.216667 0.017500
vt 0.225000 0.017500
vt 0.233333 0.017500
vt 0.241667 0.017500
vt 0.250000 0.017500
vt 0.258333 0.017500
vt 0.266667 0.017500
vt 0.275000 0.017500
vt 0.283333 0.017500
vt 0.291667 0.017500
vt 0.300000 0.017500
vt 0.308333 0.017500
vt 0.316667 0.017500
vt 0.325000 0.017500
vt 0.333333 0.017500
vt 0.341667 0.017500
vt 0.350000 0.017500
vt 0.358333 0.017500
vt 0.366667 0.017500
vt 0.375000 0.017500
vt 0.383333 0.017500
vt 0.391667 0.017500
vt 0.400000 0.017500
vt 0.408333 0.017500
vt 0.416667 0.017500
vt 0.425000 0.017500
vt 0.433333 0.017500
vt 0.441667 0.017500
vt 0.450000 0.017500
vt 0.458333 0.017500
vt 0.466667 0.017500
vt 0.475000 0.017500
vt 0.483333 0.017500
vt 0.491667 0.017500
vt 0.500000 0.017500
vt 0.508333 0.017500
vt 0.516667 0.017500
vt 0.525000 0.017500
vt 0.533333 0.017500
vt 0.541667 0.017500
vt 0.550000 0.017500
vt 0.558333 0.017500
vt 0.566667 0.017500
vt 0.575000 0.017500
vt 0.583333 0.017500
vt 0.591667 0.017500
vt 0.600000 0.017500
vt 0.608333 0.017500
vt 0.616667 0.017500
vt 0.625000 0.017500
vt 0.633333 0.017500
vt 0.641667 0.017500
vt 0.650000 0.017500
vt 0.658333 0.017500
vt 0.666667 0.017500
vt 0.675000 0.017500
vt 0.683333 0.017500
vt 0.691667 0.017500
vt 0.700000 0.017500
vt 0.708333 0.017500
vt 0.716667 0.017500
vt 0.725000 0.017500
vt 0.733333 0.017500
vt 0.741667 0.017500
vt 0.750000 0.017500
vt 0.758333 0.017500
vt 0.766667 0.017500
vt 0.775000 0.017500
vt 0.783333 0.017500
vt 0.791667 0.017500
vt 0.800000 0.017500
vt 0.808333 0.017500
vt 0.816667 0.017500
vt 0.825000 0.017500
vt 0.833333 0.017500
vt 0.841667 0.017500
vt 0.850000 0.017500
vt 0.858333 0.017500
vt 0.866667 0.017500
vt 0.875000 0.017500
vt 0.883333 0.017500
vt 0.891667 0.017500
vt 0.900000 0.017500
vt 0.908333 0.017500
vt 0.916667 0.017500
vt 0.925000 0.017500
vt 0.933333 0.017500
vt 0.941667 0.017500
vt 0.950000 0.017500
vt 0.958333 0.017500
vt 0.966667 0.017500
vt 0.975000 0.017500
vt 0.983333 0.017500
vt 0.991667 0.017500
vt 1.000000 0.017500
vt 0.008333 0.026000
vt 0.000000 0.026000
vt 0.016667 0.026000
vt 0.025000 0.026000
vt 0.033333 0.026000
vt 0.041667 0.026000
vt 0.050000 0.026000
vt 0.058333 0.026000
vt 0.066667 0.026000
vt 0.075000 0.026000
vt 0.083333 0.026000
vt 0.091667 0.026000
vt 0.100000 0.026000
vt 0.108333 0.026000
vt 0.116667 0.026000
vt 0.125000 0.026000
vt 0.133333 0.026000
vt 0.141667 0.026000
vt 0.150000 0.026000
vt 0.158333 0.026000
vt 0.166667 0.026000
vt 0.175000 0.026000
vt 0.183333 0.026000
vt 0.191667 0.026000
vt 0.200000 0.026000
vt 0.208333 0.026000
vt 0.216667 0.026000
vt 0.225000 0.026000
vt 0.233333 0.026000
vt 0.241667 0.026000
vt 0.250000 0.026000
vt 0.258333 0.026000
vt 0.266667 0.026000
vt 0.275000 0.026000
vt 0.283333 0.026000
vt 0.291667 0.026000
vt 0.300000 0.026000
vt 0.308333 0.026000
vt 0.316667 0.026000
vt 0.325000 0.026000
vt 0.333333 0.026000
vt 0.341667 0.026000
vt 0.350000 0.026000
vt 0.358333 0.026000
vt 0.366667 0.026000
vt 0.375000 0.026000
vt 0.383333 0.026000
vt 0.391667 0.026000
vt 0.400000 0.026000
vt 0.408333 0.026000
vt 0.416667 0.026000
vt 0.425000 0.026000
vt 0.433333 0.026000
vt 0.441667 0.026000
vt 0.450000 0.026000
vt 0.458333 0.026000
vt 0.466667 0.026000
vt 0.475000 0.026000
vt 0.483333 0.026000
vt 0.491667 0.026000
vt 0.500000 0.026000
vt 0.508333 0.026000
vt 0.516667 0.026000
vt 0.525000 0.026000
vt 0.533333 0.026000
vt 0.541667 0.026000
vt 0.550000 0.026000
vt 0.558333 0.026000
vt 0.566667 0.026000
vt 0.575000 0.026000
vt 0.583333 0.026000
vt 0.591667 0.026000
vt 0.600000 0.026000
vt 0.608333 0.026000
vt 0.616667 0.026000
vt 0.625000 0.026000
vt 0.633333 0.026000
vt 0.641667 0.026000
vt 0.650000 0.026000
vt 0.658333 0.026000
vt 0.666667 0.026000
vt 0.675000 0.026000
vt 0.683333 0.026000
vt 0.691667 0.026000
vt 0.700000 0.026000
vt 0.708333 0.026000
vt 0.716667 0.026000
vt 0.725000 0.026000
vt 0.733333 0.026000
vt 0.741667 0.026000
vt 0.750000 0.026000
vt 0.758333 0.026000
vt 0.766667 0.026000
vt 0.775000 0.026000
vt 0.783333 0.026000
vt 0.791667 0.026000
vt 0.800000 0.026000
vt 0.808333 0.026000
vt 0.816667 0.026000
vt 0.825000 0.026000
vt 0.833333 0.026000
vt 0.841667 0.026000
vt 0.850000 0.026000
vt 0.858333 0.026000
vt 0.866667 0.026000
vt 0.875000 0.026000
vt 0.883333 0.026000
vt 0.891667 0.026000
vt 0.900000 0.026000
vt 0.908333 0.026000
vt 0.916667 0.026000
vt 0.925000 0.026000
vt 0.933333 0.026000
vt 0.941667 0.026000
vt 0.950000 0.026000
vt 0.958333 0.026000
vt 0.966667 0.026000
vt 0.975000 0.026000
vt 0.983333 0.026000
vt 0.008333 0.035000
vt 0.000000 0.035000
vt 0.016667 0.035000
vt 0.025000 0.035000
vt 0.033333 0.035000
vt 0.041667 0.035000
vt 0.050000 0.035000
vt 0.058333 0.035000
vt 0.066667 0.035000
vt 0.075000 0.035000
vt 0.083333 0.035000
vt 0.091667 0.035000
vt 0.100000 0.035000
vt 0.108333 0.035000
vt 0.116667 0.035000
vt 0.125000 0.035000
vt 0.133333 0.035000
vt 0.141667 0.035000
vt 0.150000 0.035000
vt 0.158333 0.035000
vt 0.166667 0.035000
vt 0.175000 0.035000
vt 0.183333 0.035000
vt 0.191667 0.035000
vt 0.200000 0.035000
vt 0.208333 0.035000
vt 0.216667 0.035000
vt 0.225000 0.035000
vt 0.233333 0.035000
vt 0.241667 0.035000
vt 0.250000 0.035000
vt 0.258333 0.035000
vt 0.266667 0.035000
vt 0.275000 0.035000
vt 0.283333 0.035000
vt 0.291667 0.035000
vt 0.300000 0.035000
vt 0.308333 0.035000
vt 0.316667 0.035000
vt 0.325000 0.035000
vt 0.333333 0.035000
vt 0.341667 0.035000
vt 0.350000 0.035000
vt 0.358333 0.035000
vt 0.366667 0.035000
vt 0.375000 0.035000
vt 0.383333 0.035000
vt 0.391667 0.035000
vt 0.400000 0.035000
vt 0.408333 0.035000
vt 0.416667 0.035000
vt 0.425000 0.035000
vt 0.433333 0.035000
vt 0.441667 0.035000
vt 0.450000 0.035000
vt 0.458333 0.035000
vt 0.466667 0.035000
vt 0.475000 0.035000
vt 0.483333 0.035000
vt 0.491667 0.035000
vt 0.500000 0.035000
vt 0.508333 0.035000
vt 0.516667 0.035000
vt 0.525000 0.035000
vt 0.533333 0.035000
vt 0.541667 0.035000
vt 0.550000 0.035000
vt 0.558333 0.035000
vt 0.566667 0.035000
vt 0.575000 0.035000
vt 0.583333 0.035000
vt 0.591667 0.035000
vt 0.600000 0.035000
vt 0.608333 0.035000
vt 0.616667 0.035000
vt 0.625000 0.035000
vt 0.633333 0.035000
vt 0.641667 0.035000
vt 0.650000 0.035000
vt 0.658333 0.035000
vt 0.666667 0.035000
vt 0.675000 0.035000
vt 0.683333 0.035000
vt 0.691667 0.035000
vt 0.700000 0.035000
vt 0.708333 0.035000
vt 0.716667 0.035000
vt 0.725000 0.035000
vt 0.733333 0.035000
vt 0.741667 0.035000
vt 0.750000 0.035000
vt 0.758333 0.035000
vt 0.766667 0.035000
vt 0.775000 0.035000
vt 0.783333 0.035000
vt 0.791667 0.035000
vt 0.800000 0.035000
vt 0.808333 0.035000
vt 0.816667 0.035000
vt 0.825000 0.035000
vt 0.833333 0.035000
vt 0.841667 0.035000
vt 0.850000 0.035000
vt 0.858333 0.035000
vt 0.866667 0.035000
vt 0.875000 0.035000
vt 0.883333 0.035000
vt 0.891667 0.035000
vt 0.900000 0.035000
vt 0.908333 0.035000
vt 0.916667 0.035000
vt 0.925000 0.035000
vt 0.933333 0.035000
vt 0.941667 0.035000
vt 0.950000 0.035000
vt 0.958333 0.035000
vt 0.966667 0.035000
vt 0.975000 0.035000
vt 0.983333 0.035000
vt 0.000000 0.000000
s 1
usemtl body
f 632/1/1 633/2/2 873/3/3 872/4/4
f 1/5/5 4/6/5 3/7/5
f 1/8/5 5/9/5 4/6/5
f 1/10/5 6/11/5 5/9/5
f 1/12/5 7/13/5 6/11/5
f 1/14/5 8/15/5 7/13/5
f 1/16/5 9/17/5 8/15/5
f 1/18/5 10/19/5 9/17/5
f 1/20/5 11/21/5 10/19/5
f 1/22/5 12/23/5 11/21/5
f 1/24/5 13/25/5 12/23/5
f 1/26/5 14/27/5 13/25/5
f 1/28/5 15/29/5 14/27/5
f 1/30/5 16/31/5 15/29/5
f 1/32/5 17/33/5 16/31/5
f 1/34/5 18/35/5 17/33/5
f 1/36/5 19/37/5 18/35/5
f 1/38/5 20/39/5 19/37/5
f 1/40/5 21/41/5 20/39/5
f 1/42/5 22/43/5 21/41/5
f 1/44/5 23/45/5 22/43/5
f 1/46/5 24/47/5 23/45/5
f 1/48/5 25/49/5 24/47/5
f 1/50/5 26/51/5 25/49/5
f 1/52/5 27/53/5 26/51/5
f 1/54/5 28/55/5 27/53/5
f 1/56/5 29/57/5 28/55/5
f 1/58/5 30/59/5 29/57/5
f 1/60/5 31/61/5 30/59/5
f 1/62/5 32/63/5 31/61/5
f 1/64/5 33/65/5 32/63/5
f 1/66/5 34/67/5 33/65/5
f 1/68/5 35/69/5 34/67/5
f 1/70/5 36/71/5 35/69/5
f 1/72/5 37/73/5 36/71/5
f 1/74/5 38/75/5 37/73/5
f 1/76/5 39/77/5 38/75/5
f 1/78/5 40/79/5 39/77/5
f 1/80/5 41/81/5 40/79/5
f 1/82/5 42/83/5 41/81/5
f 1/84/5 43/85/5 42/83/5
f 1/86/5 44/87/5 43/85/5
f 1/88/5 45/89/5 44/87/5
f 1/90/5 46/91/5 45/89/5
f 1/92/5 47/93/5 46/91/5
f 1/94/5 48/95/5 47/93/5
f 1/96/5 49/97/5 48/95/5
f 1/98/5 50/99/5 49/97/5
f 1/100/5 51/101/5 50/99/5
f 1/102/5 52/103/5 51/101/5
f 1/104/5 53/105/5 52/103/5
f 1/106/5 54/107/5 53/105/5
f 1/108/5 55/109/5 54/107/5
f 1/110/5 56/111/5 55/109/5
f 1/112/5 57/113/5 56/111/5
f 1/114/5 58/115/5 57/113/5
f 1/116/5 59/117/5 58/115/5
f 1/118/5 60/119/5 59/117/5
f 1/120/5 61/121/5 60/119/5
f 1/122/5 62/123/5 61/121/5
f 1/124/5 63/125/5 62/123/5
f 1/126/5 64/127/5 63/125/5
f 1/128/5 65/129/5 64/127/5
f 1/130/5 66/131/5 65/129/5
f 1/132/5 67/133/5 66/131/5
f 1/134/5 68/135/5 67/133/5
f 1/136/5 69/137/5 68/135/5
f 1/138/5 70/139/5 69/137/5
f 1/140/5 71/141/5 70/139/5
f 1/142/5 72/143/5 71/141/5
f 1/144/5 73/145/5 72/143/5
f 1/146/5 74/147/5 73/145/5
f 1/148/5 75/149/5 74/147/5
f 1/150/5 76/151/5 75/149/5
f 1/152/5 77/153/5 76/151/5
f 1/154/5 78/155/5 77/153/5
f 1/156/5 79/157/5 78/155/5
f 1/158/5 80/159/5 79/157/5
f 1/160/5 81/161/5 80/159/5
f 1/162/5 2/163/5 81/161/5
f 2/164/6 3/7/7 83/165/8 82/166/9
f 3/7/7 4/6/10 84/167/11 83/165/8
f 4/6/10 5/9/12 85/168/13 84/167/11
f 5/9/12 6/11/14 86/169/15 85/168/13
f 6/11/14 7/13/16 87/170/17 86/169/15
f 7/13/16 8/15/18 88/171/19 87/170/17
f 8/15/18 9/17/20 89/172/21 88/171/19
f 9/17/20 10/19/22 90/173/23 89/172/21
f 10/19/22 11/21/24 91/174/25 90/173/23
f 11/21/24 12/23/26 92/175/27 91/174/25
f 12/23/26 13/25/28 93/176/29 92/175/27
f 13/25/28 14/27/30 94/177/31 93/176/29
f 14/27/30 15/29/32 95/178/33 94/177/31
f 15/29/32 16/31/34 96/179/35 95/178/33
f 16/31/34 17/33/36 97/180/37 96/179/35
f 17/33/36 18/35/38 98/181/39 97/180/37
f 18/35/38 19/37/40 99/182/41 98/181/39
f 19/37/40 20/39/42 100/183/43 99/182/41
f 20/39/42 21/41/44 101/184/45 100/183/43
f 21/41/44 22/43/46 102/185/47 101/184/45
f 22/43/46 23/45/48 103/186/49 102/185/47
f 23/45/48 24/47/50 104/187/51 103/186/49
f 24/47/50 25/49/52 105/188/53 104/187/51
f 25/49/52 26/51/54 106/189/55 105/188/53
f 26/51/54 27/53/56 107/190/57 106/189/55
f 27/53/56 28/55/58 108/191/59 107/190/57
f 28/55/58 29/57/60 109/192/61 108/191/59
f 29/57/60 30/59/62 110/193/63 109/192/61
f 30/59/62 31/61/64 111/194/65 110/193/63
f 31/61/64 32/63/66 112/195/67 111/194/65
f 32/63/66 33/65/68 113/196/69 112/195/67
f 33/65/68 34/67/70 114/197/71 113/196/69
f 34/67/70 35/69/72 115/198/73 114/197/71
f 35/69/72 36/71/74 116/199/75 115/198/73
f 36/71/74 37/73/76 117/200/77 116/199/75
f 37/73/76 38/75/78 118/201/79 117/200/77
f 38/75/78 39/77/80 119/202/81 118/201/79
f 39/77/80 40/79/82 120/203/83 119/202/81
f 40/79/82 41/81/84 121/204/85 120/203/83
f 41/81/84 42/83/86 122/205/87 121/204/85
f 42/83/86 43/85/88 123/206/89 122/205/87
f 43/85/88 44/87/90 124/207/91 123/206/89
f 44/87/90 45/89/92 125/208/93 124/207/91
f 45/89/92 46/91/94 126/209/95 125/208/93
f 46/91/94 47/93/96 127/210/97 126/209/95
f 47/93/96 48/95/98 128/211/99 127/210/97
f 48/95/98 49/97/100 129/212/101 128/211/99
f 49/97/100 50/99/102 130/213/103 129/212/101
f 50/99/102 51/101/104 131/214/105 130/213/103
f 51/101/104 52/103/106 132/215/107 131/214/105
f 52/103/106 53/105/108 133/216/109 132/215/107
f 53/105/108 54/107/110 134/217/111 133/216/109
f 54/107/110 55/109/112 135/218/113 134/217/111
f 55/109/112 56/111/114 136/219/115 135/218/113
f 56/111/114 57/113/116 137/220/117 136/219/115
f 57/113/116 58/115/118 138/221/119 137/220/117
f 58/115/118 59/117/120 139/222/121 138/221/119
f 59/117/120 60/119/122 140/223/123 139/222/121
f 60/119/122 61/121/124 141/224/125 140/223/123
f 61/121/124 62/123/126 142/225/127 141/224/125
f 62/123/126 63/125/128 143/226/129 142/225/127
f 63/125/128 64/127/130 144/227/131 143/226/129
f 64/127/130 65/129/132 145/228/133 144/227/131
f 65/129/132 66/131/134 146/229/135 145/228/133
f 66/131/134 67/133/136 147/230/137 146/229/135
f 67/133/136 68/135/138 148/231/139 147/230/137
f 68/135/138 69/137/140 149/232/141 148/231/139
f 69/137/140 70/139/142 150/233/143 149/232/141
f 70/139/142 71/141/144 151/234/145 150/233/143
f 71/141/144 72/143/146 152/235/147 151/234/145
f 72/143/146 73/145/148 153/236/149 152/235/147
f 73/145/148 74/147/150 154/237/151 153/236/149
f 74/147/150 75/149/152 155/238/153 154/237/151
f 75/149/152 76/151/154 156/239/155 155/238/153
f 76/151/154 77/153/156 157/240/157 156/239/155
f 77/153/156 78/155/158 158/241/159 157/240/157
f 78/155/158 79/157/160 159/242/161 158/241/159
f 79/157/160 80/159/162 160/243/163 159/242/161
f 80/159/162 81/161/164 161/244/165 160/243/163
f 81/161/164 2/163/6 82/245/9 161/244/165
f 82/166/9 83/165/8 163/246/166 162/247/167
f 83/165/8 84/167/11 164/248/168 163/246/166
f 84/167/11 85/168/13 165/249/169 164/248/168
f 85/168/13 86/169/15 166/250/170 165/249/169
f 86/169/15 87/170/17 167/251/171 166/250/170
f 87/170/17 88/171/19 168/252/172 167/251/171
f 88/171/19 89/172/21 169/253/173 168/252/172
f 89/172/21 90/173/23 170/254/174 169/253/173
f 90/173/23 91/174/25 171/255/175 170/254/174
f 91/174/25 92/175/27 172/256/176 171/255/175
f 92/175/27 93/176/29 173/257/177 172/256/176
f 93/176/29 94/177/31 174/258/178 173/257/177
f 94/177/31 95/178/33 175/259/179 174/258/178
f 95/178/33 96/179/35 176/260/180 175/259/179
f 96/179/35 97/180/37 177/261/181 176/260/180
f 97/180/37 98/181/39 178/262/182 177/261/181
f 98/181/39 99/182/41 179/263/183 178/262/182
f 99/182/41 100/183/43 180/264/184 179/263/183
f 100/183/43 101/184/45 181/265/185 180/264/184
f 101/184/45 102/185/47 182/266/186 181/265/185
f 102/185/47 103/186/49 183/267/187 182/266/186
f 103/186/49 104/187/51 184/268/188 183/267/187
f 104/187/51 105/188/53 185/269/189 184/268/188
f 105/188/53 106/189/55 186/270/190 185/269/189
f 106/189/55 107/190/57 187/271/191 186/270/190
f 107/190/57 108/191/59 188/272/192 187/271/191
f 108/191/59 109/192/61 189/273/193 188/272/192
f 109/192/61 110/193/63 190/274/194 189/273/193
f 110/193/63 111/194/65 191/275/195 190/274/194
f 111/194/65 112/195/67 192/276/196 191/275/195
f 112/195/67 113/196/69 193/277/197 192/276/196
f 113/196/69 114/197/71 194/278/198 193/277/197
f 114/197/71 115/198/73 195/279/199 194/278/198
f 115/198/73 116/199/75 196/280/200 195/279/199
f 116/199/75 117/200/77 197/281/201 196/280/200
f 117/200/77 118/201/79 198/282/202 197/281/201
f 118/201/79 119/202/81 199/283/203 198/282/202
f 119/202/81 120/203/83 200/284/204 199/283/203
f 120/203/83 121/204/85 201/285/205 200/284/204
f 121/204/85 122/205/87 202/286/206 201/285/205
f 122/205/87 123/206/89 203/287/207 202/286/206
f 123/206/89 124/207/91 204/288/208 203/287/207
f 124/207/91 125/208/93 205/289/209 204/288/208
f 125/208/93 126/209/95 206/290/210 205/289/209
f 126/209/95 127/210/97 207/291/211 206/290/210
f 127/210/97 128/211/99 208/292/212 207/291/211
f 128/211/99 129/212/101 209/293/213 208/292/212
f 129/212/101 130/213/103 210/294/214 209/293/213
f 130/213/103 131/214/105 211/295/215 210/294/214
f 131/214/105 132/215/107 212/296/216 211/295/215
f 132/215/107 133/216/109 213/297/217 212/296/216
f 133/216/109 134/217/111 214/298/218 213/297/217
f 134/217/111 135/218/113 215/299/219 214/298/218
f 135/218/113 136/219/115 216/300/220 215/299/219
f 136/219/115 137/220/117 217/301/221 216/300/220
f 137/220/117 138/221/119 218/302/222 217/301/221
f 138/221/119 139/222/121 219/303/223 218/302/222
f 139/222/121 140/223/123 220/304/224 219/303/223
f 140/223/123 141/224/125 221/305/225 220/304/224
f 141/224/125 142/225/127 222/306/226 221/305/225
f 142/225/127 143/226/129 223/307/227 222/306/226
f 143/226/129 144/227/131 224/308/228 223/307/227
f 144/227/131 145/228/133 225/309/229 224/308/228
f 145/228/133 146/229/135 226/310/230 225/309/229
f 146/229/135 147/230/137 227/311/231 226/310/230
f 147/230/137 148/231/139 228/312/232 227/311/231
f 148/231/139 149/232/141 229/313/233 228/312/232
f 149/232/141 150/233/143 230/314/234 229/313/233
f 150/233/143 151/234/145 231/315/235 230/314/234
f 151/234/145 152/235/147 232/316/236 231/315/235
f 152/235/147 153/236/149 233/317/237 232/316/236
f 153/236/149 154/237/151 234/318/238 233/317/237
f 154/237/151 155/238/153 235/319/239 234/318/238
f 155/238/153 156/239/155 236/320/240 235/319/239
f 156/239/155 157/240/157 237/321/241 236/320/240
f 157/240/157 158/241/159 238/322/242 237/321/241
f 158/241/159 159/242/161 239/323/243 238/322/242
f 159/242/161 160/243/163 240/324/244 239/323/243
f 160/243/163 161/244/165 241/325/245 240/324/244
f 161/244/165 82/245/9 162/326/167 241/325/245
f 162/247/167 243/327/246 242/328/247
f 162/247/167 163/246/166 243/327/246
f 163/246/248 244/329/249 243/327/246
f 163/246/166 245/330/250 244/329/251
f 163/246/166 246/331/252 245/330/250
f 163/246/166 164/248/168 246/331/252
f 164/248/168 247/332/253 246/331/252
f 164/248/168 248/333/254 247/332/253
f 164/248/168 249/334/255 248/333/256
f 164/248/168 165/249/169 249/334/255
f 165/249/169 250/335/257 249/334/255
f 165/249/169 251/336/258 250/335/257
f 165/249/169 252/337/259 251/336/258
f 165/249/169 166/250/260 252/337/259
f 166/250/170 253/338/261 252/337/262
f 166/250/170 254/339/263 253/338/261
f 166/250/170 255/340/264 254/339/263
f 166/250/170 167/251/171 255/340/264
f 167/251/265 256/341/266 255/340/264
f 167/251/171 257/342/267 256/341/268
f 167/251/171 258/343/269 257/342/267
f 167/251/171 168/252/172 258/343/269
f 168/252/172 259/344/270 258/343/269
f 168/252/172 260/345/271 259/344/270
f 168/252/172 261/346/272 260/345/273
f 168/252/172 169/253/173 261/346/272
f 169/253/173 262/347/274 261/346/272
f 169/253/173 263/348/275 262/347/274
f 169/253/173 264/349/276 263/348/275
f 169/253/173 170/254/277 264/349/276
f 170/254/174 265/350/278 264/349/279
f 170/254/174 266/351/280 265/350/278
f 170/254/174 267/352/281 266/351/280
f 170/254/174 171/255/175 267/352/281
f 171/255/282 268/353/283 267/352/281
f 171/255/175 269/354/284 268/353/285
f 171/255/175 270/355/286 269/354/284
f 171/255/175 172/256/176 270/355/286
f 172/256/176 271/356/287 270/355/286
f 172/256/176 272/357/288 271/356/287
f 172/256/176 273/358/289 272/357/290
f 172/256/176 173/257/177 273/358/289
f 173/257/177 274/359/291 273/358/289
f 173/257/177 275/360/292 274/359/291
f 173/257/177 276/361/293 275/360/292
f 173/257/177 174/258/294 276/361/293
f 174/258/178 277/362/295 276/361/296
f 174/258/178 278/363/297 277/362/295
f 174/258/178 279/364/298 278/363/297
f 174/258/178 175/259/179 279/364/298
f 175/259/299 280/365/300 279/364/298
f 175/259/179 281/366/301 280/365/302
f 175/259/179 282/367/303 281/366/301
f 175/259/179 176/260/180 282/367/303
f 176/260/180 283/368/304 282/367/303
f 176/260/180 284/369/305 283/368/304
f 176/260/180 285/370/306 284/369/307
f 176/260/180 177/261/181 285/370/306
f 177/261/181 286/371/308 285/370/306
f 177/261/181 287/372/309 286/371/308
f 177/261/181 288/373/310 287/372/309
f 177/261/181 178/262/311 288/373/310
f 178/262/182 289/374/312 288/373/313
f 178/262/182 290/375/314 289/374/312
f 178/262/182 291/376/315 290/375/314
f 178/262/182 179/263/183 291/376/315
f 179/263/316 292/377/317 291/376/315
f 179/263/183 293/378/318 292/377/319
f 179/263/183 294/379/320 293/378/318
f 179/263/183 180/264/184 294/379/320
f 180/264/184 295/380/321 294/379/320
f 180/264/184 296/381/322 295/380/321
f 180/264/184 297/382/323 296/381/324
f 180/264/184 181/265/185 297/382/323
f 181/265/185 298/383/325 297/382/323
f 181/265/185 299/384/326 298/383/325
f 181/265/185 300/385/327 299/384/326
f 181/265/185 182/266/328 300/385/327
f 182/266/186 301/386/329 300/385/330
f 182/266/186 302/387/331 301/386/329
f 182/266/186 303/388/332 302/387/331
f 182/266/186 183/267/187 303/388/332
f 183/267/333 304/389/334 303/388/332
f 183/267/187 305/390/335 304/389/336
f 183/267/187 306/391/337 305/390/335
f 183/267/187 184/268/188 306/391/337
f 184/268/188 307/392/338 306/391/337
f 184/268/188 308/393/339 307/392/338
f 184/268/188 309/394/340 308/393/341
f 184/268/188 185/269/189 309/394/340
f 185/269/189 310/395/342 309/394/340
f 185/269/189 311/396/343 310/395/342
f 185/269/189 312/397/344 311/396/343
f 185/269/189 186/270/345 312/397/344
f 186/270/190 313/398/346 312/397/347
f 186/270/190 314/399/348 313/398/346
f 186/270/190 315/400/349 314/399/348
f 186/270/190 187/271/191 315/400/349
f 187/271/350 316/401/351 315/400/349
f 187/271/191 317/402/352 316/401/353
f 187/271/191 318/403/354 317/402/352
f 187/271/191 188/272/192 318/403/354
f 188/272/192 319/404/355 318/403/354
f 188/272/192 320/405/356 319/404/355
f 188/272/192 321/406/357 320/405/358
f 188/272/192 189/273/193 321/406/357
f 189/273/193 322/407/359 321/406/357
f 189/273/193 323/408/360 322/407/359
f 189/273/193 324/409/361 323/408/360
f 189/273/193 190/274/362 324/409/361
f 190/274/194 325/410/363 324/409/364
f 190/274/194 326/411/365 325/410/363
f 190/274/194 327/412/366 326/411/365
f 190/274/194 191/275/195 327/412/366
f 191/275/367 328/413/368 327/412/366
f 191/275/195 329/414/369 328/413/370
f 191/275/195 330/415/371 329/414/369
f 191/275/195 192/276/196 330/415/371
f 192/276/196 331/416/372 330/415/371
f 192/276/196 332/417/373 331/416/372
f 192/276/196 333/418/374 332/417/375
f 192/276/196 193/277/197 333/418/374
f 193/277/197 334/419/376 333/418/374
f 193/277/197 335/420/377 334/419/376
f 193/277/197 336/421/378 335/420/377
f 193/277/197 194/278/379 336/421/378
f 194/278/198 337/422/380 336/421/381
f 194/278/198 338/423/382 337/422/380
f 194/278/198 339/424/383 338/423/382
f 194/278/198 195/279/199 339/424/383
f 195/279/384 340/425/385 339/424/383
f 195/279/199 341/426/386 340/425/387
f 195/279/199 342/427/388 341/426/386
f 195/279/199 196/280/200 342/427/388
f 196/280/200 343/428/389 342/427/388
f 196/280/200 344/429/390 343/428/389
f 196/280/200 345/430/391 344/429/392
f 196/280/200 197/281/201 345/430/391
f 197/281/201 346/431/393 345/430/391
f 197/281/201 347/432/394 346/431/393
f 197/281/201 348/433/395 347/432/394
f 197/281/201 198/282/396 348/433/395
f 198/282/202 349/434/397 348/433/398
f 198/282/202 350/435/399 349/434/397
f 198/282/202 351/436/400 350/435/399
f 198/282/202 199/283/203 351/436/400
f 199/283/401 352/437/402 351/436/400
f 199/283/203 353/438/403 352/437/404
f 199/283/203 354/439/405 353/438/403
f 199/283/203 200/284/204 354/439/405
f 200/284/204 355/440/406 354/439/405
f 200/284/204 356/441/407 355/440/406
f 200/284/204 357/442/408 356/441/409
f 200/284/204 201/285/205 357/442/408
f 201/285/205 358/443/410 357/442/408
f 201/285/205 359/444/411 358/443/410
f 201/285/205 360/445/412 359/444/411
f 201/285/205 202/286/413 360/445/412
f 202/286/206 361/446/414 360/445/415
f 202/286/206 362/447/416 361/446/414
f 202/286/206 363/448/417 362/447/416
f 202/286/206 203/287/207 363/448/417
f 203/287/418 364/449/419 363/448/417
f 203/287/207 365/450/420 364/449/421
f 203/287/207 366/451/422 365/450/420
f 203/287/207 204/288/208 366/451/422
f 204/288/208 367/452/423 366/451/422
f 204/288/208 368/453/424 367/452/423
f 204/288/208 369/454/425 368/453/426
f 204/288/208 205/289/209 369/454/425
f 205/289/209 370/455/427 369/454/425
f 205/289/209 371/456/428 370/455/427
f 205/289/209 372/457/429 371/456/428
f 205/289/209 206/290/430 372/457/429
f 206/290/210 373/458/431 372/457/432
f 206/290/210 374/459/433 373/458/431
f 206/290/210 375/460/434 374/459/433
f 206/290/210 207/291/211 375/460/434
f 207/291/435 376/461/436 375/460/434
f 207/291/211 377/462/437 376/461/438
f 207/291/211 378/463/439 377/462/437
f 207/291/211 208/292/212 378/463/439
f 208/292/212 379/464/440 378/463/439
f 208/292/212 380/465/441 379/464/440
f 208/292/212 381/466/442 380/465/443
f 208/292/212 209/293/213 381/466/442
f 209/293/213 382/467/444 381/466/442
f 209/293/213 383/468/445 382/467/444
f 209/293/213 384/469/446 383/468/445
f 209/293/213 210/294/447 384/469/446
f 210/294/214 385/470/448 384/469/449
f 210/294/214 386/471/450 385/470/448
f 210/294/214 387/472/451 386/471/450
f 210/294/214 211/295/215 387/472/451
f 211/295/452 388/473/453 387/472/451
f 211/295/215 389/474/454 388/473/455
f 211/295/215 390/475/456 389/474/454
f 211/295/215 212/296/216 390/475/456
f 212/296/216 391/476/457 390/475/456
f 212/296/216 392/477/458 391/476/457
f 212/296/216 393/478/459 392/477/460
f 212/296/216 213/297/217 393/478/459
f 213/297/217 394/479/461 393/478/459
f 213/297/217 395/480/462 394/479/461
f 213/297/217 396/481/463 395/480/462
f 213/297/217 214/298/464 396/481/463
f 214/298/218 397/482/465 396/481/466
f 214/298/218 398/483/467 397/482/465
f 214/298/218 399/484/468 398/483/467
f 214/298/218 215/299/219 399/484/468
f 215/299/469 400/485/470 399/484/468
f 215/299/219 401/486/471 400/485/472
f 215/299/219 402/487/473 401/486/471
f 215/299/219 216/300/220 402/487/473
f 216/300/220 403/488/474 402/487/473
f 216/300/220 404/489/475 403/488/474
f 216/300/220 405/490/476 404/489/477
f 216/300/220 217/301/221 405/490/476
f 217/301/221 406/491/478 405/490/476
f 217/301/221 407/492/479 406/491/478
f 217/301/221 408/493/480 407/492/479
f 217/301/221 218/302/481 408/493/480
f 218/302/222 409/494/482 408/493/483
f 218/302/222 410/495/484 409/494/482
f 218/302/222 411/496/485 410/495/484
f 218/302/222 219/303/223 411/496/485
f 219/303/486 412/497/487 411/496/485
f 219/303/223 413/498/488 412/497/489
f 219/303/223 414/499/490 413/498/488
f 219/303/223 220/304/224 414/499/490
f 220/304/224 415/500/491 414/499/490
f 220/304/224 416/501/492 415/500/491
f 220/304/224 417/502/493 416/501/494
f 220/304/224 221/305/225 417/502/493
f 221/305/225 418/503/495 417/502/493
f 221/305/225 419/504/496 418/503/495
f 221/305/225 420/505/497 419/504/496
f 221/305/225 222/306/498 420/505/497
f 222/306/226 421/506/499 420/505/500
f 222/306/226 422/507/501 421/506/499
f 222/306/226 423/508/502 422/507/501
f 222/306/226 223/307/227 423/508/502
f 223/307/503 424/509/504 423/508/502
f 223/307/227 425/510/505 424/509/506
f 223/307/227 426/511/507 425/510/505
f 223/307/227 224/308/228 426/511/507
f 224/308/228 427/512/508 426/511/507
f 224/308/228 428/513/509 427/512/508
f 224/308/228 429/514/510 428/513/511
f 224/308/228 225/309/229 429/514/510
f 225/309/229 430/515/512 429/514/510
f 225/309/229 431/516/513 430/515/512
f 225/309/229 432/517/514 431/516/513
f 225/309/229 226/310/515 432/517/514
f 226/310/230 433/518/516 432/517/517
f 226/310/230 434/519/518 433/518/516
f 226/310/230 435/520/519 434/519/518
f 226/310/230 227/311/231 435/520/519
f 227/311/520 436/521/521 435/520/519
f 227/311/231 437/522/522 436/521/523
f 227/311/231 438/523/524 437/522/522
f 227/311/231 228/312/232 438/523/524
f 228/312/232 439/524/525 438/523/524
f 228/312/232 440/525/526 439/524/525
f 228/312/232 441/526/527 440/525/528
f 228/312/232 229/313/233 441/526/527
f 229/313/233 442/527/529 441/526/527
f 229/313/233 443/528/530 442/527/529
f 229/313/233 444/529/531 443/528/530
f 229/313/233 230/314/532 444/529/531
f 230/314/234 445/530/533 444/529/534
f 230/314/234 446/531/535 445/530/533
f 230/314/234 447/532/536 446/531/535
f 230/314/234 231/315/235 447/532/536
f 231/315/537 448/533/538 447/532/536
f 231/315/235 449/534/539 448/533/540
f 231/315/235 450/535/541 449/534/539
f 231/315/235 232/316/236 450/535/541
f 232/316/236 451/536/542 450/535/541
f 232/316/236 452/537/543 451/536/542
f 232/316/236 453/538/544 452/537/545
f 232/316/236 233/317/237 453/538/544
f 233/317/237 454/539/546 453/538/544
f 233/317/237 455/540/547 454/539/546
f 233/317/237 456/541/548 455/540/547
f 233/317/237 234/318/549 456/541/548
f 234/318/238 457/542/550 456/541/551
f 234/318/238 458/543/552 457/542/550
f 234/318/238 459/544/553 458/543/552
f 234/318/238 235/319/239 459/544/553
f 235/319/554 460/545/555 459/544/553
f 235/319/239 461/546/556 460/545/557
f 235/319/239 462/547/558 461/546/556
f 235/319/239 236/320/240 462/547/558
f 236/320/240 463/548/559 462/547/558
f 236/320/240 464/549/560 463/548/559
f 236/320/240 465/550/561 464/549/562
f 236/320/240 237/321/241 465/550/561
f 237/321/241 466/551/563 465/550/561
f 237/321/241 467/552/564 466/551/563
f 237/321/241 468/553/565 467/552/564
f 237/321/241 238/322/566 468/553/565
f 238/322/242 469/554/567 468/553/568
f 238/322/242 470/555/569 469/554/567
f 238/322/242 471/556/570 470/555/569
f 238/322/242 239/323/243 471/556/570
f 239/323/571 472/557/572 471/556/570
f 239/323/243 473/558/573 472/557/574
f 239/323/243 474/559/575 473/558/573
f 239/323/243 240/324/244 474/559/575
f 240/324/244 475/560/576 474/559/575
f 240/324/244 476/561/577 475/560/576
f 240/324/244 477/562/578 476/561/579
f 240/324/244 241/325/245 477/562/578
f 241/325/245 478/563/580 477/562/578
f 241/325/245 479/564/581 478/563/580
f 241/325/245 480/565/582 479/564/581
f 241/325/245 162/326/583 480/565/582
f 162/326/167 481/566/584 480/565/585
f 162/326/167 242/567/247 481/566/584
f 242/328/247 243/327/246 483/568/586 482/569/587
f 243/327/246 244/329/249 484/570/588 483/568/586
f 244/329/251 245/330/250 485/571/589 484/570/588
f 245/330/250 246/331/252 486/572/590 485/571/589
f 246/331/252 247/332/253 487/573/591 486/572/590
f 247/332/253 248/333/254 488/574/592 487/573/591
f 248/333/256 249/334/255 489/575/593 488/574/592
f 249/334/255 250/335/257 490/576/594 489/575/593
f 250/335/257 251/336/258 491/577/595 490/576/594
f 251/336/258 252/337/259 492/578/596 491/577/595
f 252/337/262 253/338/261 493/579/597 492/578/596
f 253/338/261 254/339/263 494/580/598 493/579/597
f 254/339/263 255/340/264 495/581/599 494/580/598
f 255/340/264 256/341/266 496/582/600 495/581/599
f 256/341/268 257/342/267 497/583/601 496/582/600
f 257/342/267 258/343/269 498/584/602 497/583/601
f 258/343/269 259/344/270 499/585/603 498/584/602
f 259/344/270 260/345/271 500/586/604 499/585/603
f 260/345/273 261/346/272 501/587/605 500/586/604
f 261/346/272 262/347/274 502/588/606 501/587/605
f 262/347/274 263/348/275 503/589/607 502/588/606
f 263/348/275 264/349/276 504/590/608 503/589/607
f 264/349/279 265/350/278 505/591/609 504/590/608
f 265/350/278 266/351/280 506/592/610 505/591/609
f 266/351/280 267/352/281 507/593/611 506/592/610
f 267/352/281 268/353/283 508/594/612 507/593/611
f 268/353/285 269/354/284 509/595/613 508/594/612
f 269/354/284 270/355/286 510/596/614 509/595/613
f 270/355/286 271/356/287 511/597/615 510/596/614
f 271/356/287 272/357/288 512/598/616 511/597/615
f 272/357/290 273/358/289 513/599/617 512/598/616
f 273/358/289 274/359/291 514/600/618 513/599/617
f 274/359/291 275/360/292 515/601/619 514/600/618
f 275/360/292 276/361/293 516/602/620 515/601/619
f 276/361/296 277/362/295 517/603/621 516/602/620
f 277/362/295 278/363/297 518/604/622 517/603/621
f 278/363/297 279/364/298 519/605/623 518/604/622
f 279/364/298 280/365/300 520/606/624 519/605/623
f 280/365/302 281/366/301 521/607/625 520/606/624
f 281/366/301 282/367/303 522/608/626 521/607/625
f 282/367/303 283/368/304 523/609/627 522/608/626
f 283/368/304 284/369/305 524/610/628 523/609/627
f 284/369/307 285/370/306 525/611/629 524/610/628
f 285/370/306 286/371/308 526/612/630 525/611/629
f 286/371/308 287/372/309 527/613/631 526/612/630
f 287/372/309 288/373/310 528/614/632 527/613/631
f 288/373/313 289/374/312 529/615/633 528/614/632
f 289/374/312 290/375/314 530/616/634 529/615/633
f 290/375/314 291/376/315 531/617/635 530/616/634
f 291/376/315 292/377/317 532/618/636 531/617/635
f 292/377/319 293/378/318 533/619/637 532/618/636
f 293/378/318 294/379/320 534/620/638 533/619/637
f 294/379/320 295/380/321 535/621/639 534/620/638
f 295/380/321 296/381/322 536/622/640 535/621/639
f 296/381/324 297/382/323 537/623/641 536/622/640
f 297/382/323 298/383/325 538/624/642 537/623/641
f 298/383/325 299/384/326 539/625/643 538/624/642
f 299/384/326 300/385/327 540/626/644 539/625/643
f 300/385/330 301/386/329 541/627/645 540/626/644
f 301/386/329 302/387/331 542/628/646 541/627/645
f 302/387/331 303/388/332 543/629/647 542/628/646
f 303/388/332 304/389/334 544/630/648 543/629/647
f 304/389/336 305/390/335 545/631/649 544/630/648
f 305/390/335 306/391/337 546/632/650 545/631/649
f 306/391/337 307/392/338 547/633/651 546/632/650
f 307/392/338 308/393/339 548/634/652 547/633/651
f 308/393/341 309/394/340 549/635/653 548/634/652
f 309/394/340 310/395/342 550/636/654 549/635/653
f 310/395/342 311/396/343 551/637/655 550/636/654
f 311/396/343 312/397/344 552/638/656 551/637/655
f 312/397/347 313/398/346 553/639/657 552/638/656
f 313/398/346 314/399/348 554/640/658 553/639/657
f 314/399/348 315/400/349 555/641/659 554/640/658
f 315/400/349 316/401/351 556/642/660 555/641/659
f 316/401/353 317/402/352 557/643/661 556/642/660
f 317/402/352 318/403/354 558/644/662 557/643/661
f 318/403/354 319/404/355 559/645/663 558/644/662
f 319/404/355 320/405/356 560/646/664 559/645/663
f 320/405/358 321/406/357 561/647/665 560/646/664
f 321/406/357 322/407/359 562/648/666 561/647/665
f 322/407/359 323/408/360 563/649/667 562/648/666
f 323/408/360 324/409/361 564/650/668 563/649/667
f 324/409/364 325/410/363 565/651/669 564/650/668
f 325/410/363 326/411/365 566/652/670 565/651/669
f 326/411/365 327/412/366 567/653/671 566/652/670
f 327/412/366 328/413/368 568/654/672 567/653/671
f 328/413/370 329/414/369 569/655/673 568/654/672
f 329/414/369 330/415/371 570/656/674 569/655/673
f 330/415/371 331/416/372 571/657/675 570/656/674
f 331/416/372 332/417/373 572/658/676 571/657/675
f 332/417/375 333/418/374 573/659/677 572/658/676
f 333/418/374 334/419/376 574/660/678 573/659/677
f 334/419/376 335/420/377 575/661/679 574/660/678
f 335/420/377 336/421/378 576/662/680 575/661/679
f 336/421/381 337/422/380 577/663/681 576/662/680
f 337/422/380 338/423/382 578/664/682 577/663/681
f 338/423/382 339/424/383 579/665/683 578/664/682
f 339/424/383 340/425/385 580/666/684 579/665/683
f 340/425/387 341/426/386 581/667/685 580/666/684
f 341/426/386 342/427/388 582/668/686 581/667/685
f 342/427/388 343/428/389 583/669/687 582/668/686
f 343/428/389 344/429/390 584/670/688 583/669/687
f 344/429/392 345/430/391 585/671/689 584/670/688
f 345/430/391 346/431/393 586/672/690 585/671/689
f 346/431/393 347/432/394 587/673/691 586/672/690
f 347/432/394 348/433/395 588/674/692 587/673/691
f 348/433/398 349/434/397 589/675/693 588/674/692
f 349/434/397 350/435/399 590/676/694 589/675/693
f 350/435/399 351/436/400 591/677/695 590/676/694
f 351/436/400 352/437/402 592/678/696 591/677/695
f 352/437/404 353/438/403 593/679/697 592/678/696
f 353/438/403 354/439/405 594/680/698 593/679/697
f 354/439/405 355/440/406 595/681/699 594/680/698
f 355/440/406 356/441/407 596/682/700 595/681/699
f 356/441/409 357/442/408 597/683/701 596/682/700
f 357/442/408 358/443/410 598/684/702 597/683/701
f 358/443/410 359/444/411 599/685/703 598/684/702
f 359/444/411 360/445/412 600/686/704 599/685/703
f 360/445/415 361/446/414 601/687/705 600/686/704
f 361/446/414 362/447/416 602/688/706 601/687/705
f 362/447/416 363/448/417 603/689/707 602/688/706
f 363/448/417 364/449/419 604/690/708 603/689/707
f 364/449/421 365/450/420 605/691/709 604/690/708
f 365/450/420 366/451/422 606/692/710 605/691/709
f 366/451/422 367/452/423 607/693/711 606/692/710
f 367/452/423 368/453/424 608/694/712 607/693/711
f 368/453/426 369/454/425 609/695/713 608/694/712
f 369/454/425 370/455/427 610/696/714 609/695/713
f 370/455/427 371/456/428 611/697/715 610/696/714
f 371/456/428 372/457/429 612/698/716 611/697/715
f 372/457/432 373/458/431 613/699/717 612/698/716
f 373/458/431 374/459/433 614/700/718 613/699/717
f 374/459/433 375/460/434 615/701/719 614/700/718
f 375/460/434 376/461/436 616/702/720 615/701/719
f 376/461/438 377/462/437 617/703/721 616/702/720
f 377/462/437 378/463/439 618/704/722 617/703/721
f 378/463/439 379/464/440 619/705/723 618/704/722
f 379/464/440 380/465/441 620/706/724 619/705/723
f 380/465/443 381/466/442 621/707/725 620/706/724
f 381/466/442 382/467/444 622/708/726 621/707/725
f 382/467/444 383/468/445 623/709/727 622/708/726
f 383/468/445 384/469/446 624/710/728 623/709/727
f 384/469/449 385/470/448 625/711/729 624/710/728
f 385/470/448 386/471/450 626/712/730 625/711/729
f 386/471/450 387/472/451 627/713/731 626/712/730
f 387/472/451 388/473/453 628/714/732 627/713/731
f 388/473/455 389/474/454 629/715/733 628/714/732
f 389/474/454 390/475/456 630/716/734 629/715/733
f 390/475/456 391/476/457 631/717/735 630/716/734
f 391/476/457 392/477/458 632/1/1 631/717/735
f 392/477/460 393/478/459 633/2/2 632/1/1
f 393/478/459 394/479/461 634/718/736 633/2/2
f 394/479/461 395/480/462 635/719/737 634/718/736
f 395/480/462 396/481/463 636/720/738 635/719/737
f 396/481/466 397/482/465 637/721/739 636/720/738
f 397/482/465 398/483/467 638/722/740 637/721/739
f 398/483/467 399/484/468 639/723/741 638/722/740
f 399/484/468 400/485/470 640/724/742 639/723/741
f 400/485/472 401/486/471 641/725/743 640/724/742
f 401/486/471 402/487/473 642/726/744 641/725/743
f 402/487/473 403/488/474 643/727/745 642/726/744
f 403/488/474 404/489/475 644/728/746 643/727/745
f 404/489/477 405/490/476 645/729/747 644/728/746
f 405/490/476 406/491/478 646/730/748 645/729/747
f 406/491/478 407/492/479 647/731/749 646/730/748
f 407/492/479 408/493/480 648/732/750 647/731/749
f 408/493/483 409/494/482 649/733/751 648/732/750
f 409/494/482 410/495/484 650/734/752 649/733/751
f 410/495/484 411/496/485 651/735/753 650/734/752
f 411/496/485 412/497/487 652/736/754 651/735/753
f 412/497/489 413/498/488 653/737/755 652/736/754
f 413/498/488 414/499/490 654/738/756 653/737/755
f 414/499/490 415/500/491 655/739/757 654/738/756
f 415/500/491 416/501/492 656/740/758 655/739/757
f 416/501/494 417/502/493 657/741/759 656/740/758
f 417/502/493 418/503/495 658/742/760 657/741/759
f 418/503/495 419/504/496 659/743/761 658/742/760
f 419/504/496 420/505/497 660/744/762 659/743/761
f 420/505/500 421/506/499 661/745/763 660/744/762
f 421/506/499 422/507/501 662/746/764 661/745/763
f 422/507/501 423/508/502 663/747/765 662/746/764
f 423/508/502 424/509/504 664/748/766 663/747/765
f 424/509/506 425/510/505 665/749/767 664/748/766
f 425/510/505 426/511/507 666/750/768 665/749/767
f 426/511/507 427/512/508 667/751/769 666/750/768
f 427/512/508 428/513/509 668/752/770 667/751/769
f 428/513/511 429/514/510 669/753/771 668/752/770
f 429/514/510 430/515/512 670/754/772 669/753/771
f 430/515/512 431/516/513 671/755/773 670/754/772
f 431/516/513 432/517/514 672/756/774 671/755/773
f 432/517/517 433/518/516 673/757/775 672/756/774
f 433/518/516 434/519/518 674/758/776 673/757/775
f 434/519/518 435/520/519 675/759/777 674/758/776
f 435/520/519 436/521/521 676/760/778 675/759/777
f 436/521/523 437/522/522 677/761/779 676/760/778
f 437/522/522 438/523/524 678/762/780 677/761/779
f 438/523/524 439/524/525 679/763/781 678/762/780
f 439/524/525 440/525/526 680/764/782 679/763/781
f 440/525/528 441/526/527 681/765/783 680/764/782
f 441/526/527 442/527/529 682/766/784 681/765/783
f 442/527/529 443/528/530 683/767/785 682/766/784
f 443/528/530 444/529/531 684/768/786 683/767/785
f 444/529/534 445/530/533 685/769/787 684/768/786
f 445/530/533 446/531/535 686/770/788 685/769/787
f 446/531/535 447/532/536 687/771/789 686/770/788
f 447/532/536 448/533/538 688/772/790 687/771/789
f 448/533/540 449/534/539 689/773/791 688/772/790
f 449/534/539 450/535/541 690/774/792 689/773/791
f 450/535/541 451/536/542 691/775/793 690/774/792
f 451/536/542 452/537/543 692/776/794 691/775/793
f 452/537/545 453/538/544 693/777/795 692/776/794
f 453/538/544 454/539/546 694/778/796 693/777/795
f 454/539/546 455/540/547 695/779/797 694/778/796
f 455/540/547 456/541/548 696/780/798 695/779/797
f 456/541/551 457/542/550 697/781/799 696/780/798
f 457/542/550 458/543/552 698/782/800 697/781/799
f 458/543/552 459/544/553 699/783/801 698/782/800
f 459/544/553 460/545/555 700/784/802 699/783/801
f 460/545/557 461/546/556 701/785/803 700/784/802
f 461/546/556 462/547/558 702/786/804 701/785/803
f 462/547/558 463/548/559 703/787/805 702/786/804
f 463/548/559 464/549/560 704/788/806 703/787/805
f 464/549/562 465/550/561 705/789/807 704/788/806
f 465/550/561 466/551/563 706/790/808 705/789/807
f 466/551/563 467/552/564 707/791/809 706/790/808
f 467/552/564 468/553/565 708/792/810 707/791/809
f 468/553/568 469/554/567 709/793/811 708/792/810
f 469/554/567 470/555/569 710/794/812 709/793/811
f 470/555/569 471/556/570 711/795/813 710/794/812
f 471/556/570 472/557/572 712/796/814 711/795/813
f 472/557/574 473/558/573 713/797/815 712/796/814
f 473/558/573 474/559/575 714/798/816 713/797/815
f 474/559/575 475/560/576 715/799/817 714/798/816
f 475/560/576 476/561/577 716/800/818 715/799/817
f 476/561/579 477/562/578 717/801/819 716/800/818
f 477/562/578 478/563/580 718/802/820 717/801/819
f 478/563/580 479/564/581 719/803/821 718/802/820
f 479/564/581 480/565/582 720/804/822 719/803/821
f 480/565/585 481/566/584 721/805/823 720/804/822
f 481/566/584 242/567/247 482/806/587 721/805/823
f 482/569/587 483/568/586 723/807/824 722/808/825
f 483/568/586 484/570/588 724/809/826 723/807/824
f 484/570/588 485/571/589 725/810/827 724/809/826
f 485/571/589 486/572/590 726/811/828 725/810/827
f 486/572/590 487/573/591 727/812/829 726/811/828
f 487/573/591 488/574/592 728/813/830 727/812/829
f 488/574/592 489/575/593 729/814/831 728/813/830
f 489/575/593 490/576/594 730/815/832 729/814/831
f 490/576/594 491/577/595 731/816/833 730/815/832
f 491/577/595 492/578/596 732/817/834 731/816/833
f 492/578/596 493/579/597 733/818/835 732/817/834
f 493/579/597 494/580/598 734/819/836 733/818/835
f 494/580/598 495/581/599 735/820/837 734/819/836
f 495/581/599 496/582/600 736/821/838 735/820/837
f 496/582/600 497/583/601 737/822/839 736/821/838
f 497/583/601 498/584/602 738/823/840 737/822/839
f 498/584/602 499/585/603 739/824/841 738/823/840
f 499/585/603 500/586/604 740/825/842 739/824/841
f 500/586/604 501/587/605 741/826/843 740/825/842
f 501/587/605 502/588/606 742/827/844 741/826/843
f 502/588/606 503/589/607 743/828/845 742/827/844
f 503/589/607 504/590/608 744/829/846 743/828/845
f 504/590/608 505/591/609 745/830/847 744/829/846
f 505/591/609 506/592/610 746/831/848 745/830/847
f 506/592/610 507/593/611 747/832/849 746/831/848
f 507/593/611 508/594/612 748/833/850 747/832/849
f 508/594/612 509/595/613 749/834/851 748/833/850
f 509/595/613 510/596/614 750/835/852 749/834/851
f 510/596/614 511/597/615 751/836/853 750/835/852
f 511/597/615 512/598/616 752/837/854 751/836/853
f 512/598/616 513/599/617 753/838/855 752/837/854
f 513/599/617 514/600/618 754/839/856 753/838/855
f 514/600/618 515/601/619 755/840/857 754/839/856
f 515/601/619 516/602/620 756/841/858 755/840/857
f 516/602/620 517/603/621 757/842/859 756/841/858
f 517/603/621 518/604/622 758/843/860 757/842/859
f 518/604/622 519/605/623 759/844/861 758/843/860
f 519/605/623 520/606/624 760/845/862 759/844/861
f 520/606/624 521/607/625 761/846/863 760/845/862
f 521/607/625 522/608/626 762/847/864 761/846/863
f 522/608/626 523/609/627 763/848/865 762/847/864
f 523/609/627 524/610/628 764/849/866 763/848/865
f 524/610/628 525/611/629 765/850/867 764/849/866
f 525/611/629 526/612/630 766/851/868 765/850/867
f 526/612/630 527/613/631 767/852/869 766/851/868
f 527/613/631 528/614/632 768/853/870 767/852/869
f 528/614/632 529/615/633 769/854/871 768/853/870
f 529/615/633 530/616/634 770/855/872 769/854/871
f 530/616/634 531/617/635 771/856/873 770/855/872
f 531/617/635 532/618/636 772/857/874 771/856/873
f 532/618/636 533/619/637 773/858/875 772/857/874
f 533/619/637 534/620/638 774/859/876 773/858/875
f 534/620/638 535/621/639 775/860/877 774/859/876
f 535/621/639 536/622/640 776/861/878 775/860/877
f 536/622/640 537/623/641 777/862/879 776/861/878
f 537/623/641 538/624/642 778/863/880 777/862/879
f 538/624/642 539/625/643 779/864/881 778/863/880
f 539/625/643 540/626/644 780/865/882 779/864/881
f 540/626/644 541/627/645 781/866/883 780/865/882
f 541/627/645 542/628/646 782/867/884 781/866/883
f 542/628/646 543/629/647 783/868/885 782/867/884
f 543/629/647 544/630/648 784/869/886 783/868/885
f 544/630/648 545/631/649 785/870/887 784/869/886
f 545/631/649 546/632/650 786/871/888 785/870/887
f 546/632/650 547/633/651 787/872/889 786/871/888
f 547/633/651 548/634/652 788/873/890 787/872/889
f 548/634/652 549/635/653 789/874/891 788/873/890
f 549/635/653 550/636/654 790/875/892 789/874/891
f 550/636/654 551/637/655 791/876/893 790/875/892
f 551/637/655 552/638/656 792/877/894 791/876/893
f 552/638/656 553/639/657 793/878/895 792/877/894
f 553/639/657 554/640/658 794/879/896 793/878/895
f 554/640/658 555/641/659 795/880/897 794/879/896
f 555/641/659 556/642/660 796/881/898 795/880/897
f 556/642/660 557/643/661 797/882/899 796/881/898
f 557/643/661 558/644/662 798/883/900 797/882/899
f 558/644/662 559/645/663 799/884/901 798/883/900
f 559/645/663 560/646/664 800/885/902 799/884/901
f 560/646/664 561/647/665 801/886/903 800/885/902
f 561/647/665 562/648/666 802/887/904 801/886/903
f 562/648/666 563/649/667 803/888/905 802/887/904
f 563/649/667 564/650/668 804/889/906 803/888/905
f 564/650/668 565/651/669 805/890/907 804/889/906
f 565/651/669 566/652/670 806/891/908 805/890/907
f 566/652/670 567/653/671 807/892/909 806/891/908
f 567/653/671 568/654/672 808/893/910 807/892/909
f 568/654/672 569/655/673 809/894/911 808/893/910
f 569/655/673 570/656/674 810/895/912 809/894/911
f 570/656/674 571/657/675 811/896/913 810/895/912
f 571/657/675 572/658/676 812/897/914 811/896/913
f 572/658/676 573/659/677 813/898/915 812/897/914
f 573/659/677 574/660/678 814/899/916 813/898/915
f 574/660/678 575/661/679 815/900/917 814/899/916
f 575/661/679 576/662/680 816/901/918 815/900/917
f 576/662/680 577/663/681 817/902/919 816/901/918
f 577/663/681 578/664/682 818/903/920 817/902/919
f 578/664/682 579/665/683 819/904/921 818/903/920
f 579/665/683 580/666/684 820/905/922 819/904/921
f 580/666/684 581/667/685 821/906/923 820/905/922
f 581/667/685 582/668/686 822/907/924 821/906/923
f 582/668/686 583/669/687 823/908/925 822/907/924
f 583/669/687 584/670/688 824/909/926 823/908/925
f 584/670/688 585/671/689 825/910/927 824/909/926
f 585/671/689 586/672/690 826/911/928 825/910/927
f 586/672/690 587/673/691 827/912/929 826/911/928
f 587/673/691 588/674/692 828/913/930 827/912/929
f 588/674/692 589/675/693 829/914/931 828/913/930
f 589/675/693 590/676/694 830/915/932 829/914/931
f 590/676/694 591/677/695 831/916/933 830/915/932
f 591/677/695 592/678/696 832/917/934 831/916/933
f 592/678/696 593/679/697 833/918/935 832/917/934
f 593/679/697 594/680/698 834/919/936 833/918/935
f 594/680/698 595/681/699 835/920/937 834/919/936
f 595/681/699 596/682/700 836/921/938 835/920/937
f 596/682/700 597/683/701 837/922/939 836/921/938
f 597/683/701 598/684/702 838/923/940 837/922/939
f 598/684/702 599/685/703 839/924/941 838/923/940
f 599/685/703 600/686/704 840/925/942 839/924/941
f 600/686/704 601/687/705 841/926/943 840/925/942
f 601/687/705 602/688/706 842/927/944 841/926/943
f 602/688/706 603/689/707 843/928/945 842/927/944
f 603/689/707 604/690/708 844/929/946 843/928/945
f 604/690/708 605/691/709 845/930/947 844/929/946
f 605/691/709 606/692/710 846/931/948 845/930/947
f 606/692/710 607/693/711 847/932/949 846/931/948
f 607/693/711 608/694/712 848/933/950 847/932/949
f 608/694/712 609/695/713 849/934/951 848/933/950
f 609/695/713 610/696/714 850/935/952 849/934/951
f 610/696/714 611/697/715 851/936/953 850/935/952
f 611/697/715 612/698/716 852/937/954 851/936/953
f 612/698/716 613/699/717 853/938/955 852/937/954
f 613/699/717 614/700/718 854/939/956 853/938/955
f 614/700/718 615/701/719 855/940/957 854/939/956
f 615/701/719 616/702/720 856/941/958 855/940/957
f 616/702/720 617/703/721 857/942/959 856/941/958
f 617/703/721 618/704/722 858/943/960 857/942/959
f 618/704/722 619/705/723 859/944/961 858/943/960
f 619/705/723 620/706/724 860/945/962 859/944/961
f 620/706/724 621/707/725 861/946/963 860/945/962
f 621/707/725 622/708/726 862/947/964 861/946/963
f 622/708/726 623/709/727 863/948/965 862/947/964
f 623/709/727 624/710/728 864/949/966 863/948/965
f 624/710/728 625/711/729 865/950/967 864/949/966
f 625/711/729 626/712/730 866/951/968 865/950/967
f 626/712/730 627/713/731 867/952/969 866/951/968
f 627/713/731 628/714/732 868/953/970 867/952/969
f 628/714/732 629/715/733 869/954/971 868/953/970
f 629/715/733 630/716/734 870/955/972 869/954/971
f 630/716/734 631/717/735 871/956/973 870/955/972
f 631/717/735 632/1/1 872/4/4 871/956/973
f 1/957/5 3/7/5 2/164/5
f 633/2/2 634/718/736 874/958/974 873/3/3
f 634/718/736 635/719/737 875/959/975 874/958/974
f 635/719/737 636/720/738 876/960/976 875/959/975
f 636/720/738 637/721/739 877/961/977 876/960/976
f 637/721/739 638/722/740 878/962/978 877/961/977
f 638/722/740 639/723/741 879/963/979 878/962/978
f 639/723/741 640/724/742 880/964/980 879/963/979
f 640/724/742 641/725/743 881/965/981 880/964/980
f 641/725/743 642/726/744 882/966/982 881/965/981
f 642/726/744 643/727/745 883/967/983 882/966/982
f 643/727/745 644/728/746 884/968/984 883/967/983
f 644/728/746 645/729/747 885/969/985 884/968/984
f 645/729/747 646/730/748 886/970/986 885/969/985
f 646/730/748 647/731/749 887/971/987 886/970/986
f 647/731/749 648/732/750 888/972/988 887/971/987
f 648/732/750 649/733/751 889/973/989 888/972/988
f 649/733/751 650/734/752 890/974/990 889/973/989
f 650/734/752 651/735/753 891/975/991 890/974/990
f 651/735/753 652/736/754 892/976/992 891/975/991
f 652/736/754 653/737/755 893/977/993 892/976/992
f 653/737/755 654/738/756 894/978/994 893/977/993
f 654/738/756 655/739/757 895/979/995 894/978/994
f 655/739/757 656/740/758 896/980/996 895/979/995
f 656/740/758 657/741/759 897/981/997 896/980/996
f 657/741/759 658/742/760 898/982/998 897/981/997
f 658/742/760 659/743/761 899/983/999 898/982/998
f 659/743/761 660/744/762 900/984/1000 899/983/999
f 660/744/762 661/745/763 901/985/1001 900/984/1000
f 661/745/763 662/746/764 902/986/1002 901/985/1001
f 662/746/764 663/747/765 903/987/1003 902/986/1002
f 663/747/765 664/748/766 904/988/1004 903/987/1003
f 664/748/766 665/749/767 905/989/1005 904/988/1004
f 665/749/767 666/750/768 906/990/1006 905/989/1005
f 666/750/768 667/751/769 907/991/1007 906/990/1006
f 667/751/769 668/752/770 908/992/1008 907/991/1007
f 668/752/770 669/753/771 909/993/1009 908/992/1008
f 669/753/771 670/754/772 910/994/1010 909/993/1009
f 670/754/772 671/755/773 911/995/1011 910/994/1010
f 671/755/773 672/756/774 912/996/1012 911/995/1011
f 672/756/774 673/757/775 913/997/1013 912/996/1012
f 673/757/775 674/758/776 914/998/1014 913/997/1013
f 674/758/776 675/759/777 915/999/1015 914/998/1014
f 675/759/777 676/760/778 916/1000/1016 915/999/1015
f 676/760/778 677/761/779 917/1001/1017 916/1000/1016
f 677/761/779 678/762/780 918/1002/1018 917/1001/1017
f 678/762/780 679/763/781 919/1003/1019 918/1002/1018
f 679/763/781 680/764/782 920/1004/1020 919/1003/1019
f 680/764/782 681/765/783 921/1005/1021 920/1004/1020
f 681/765/783 682/766/784 922/1006/1022 921/1005/1021
f 682/766/784 683/767/785 923/1007/1023 922/1006/1022
f 683/767/785 684/768/786 924/1008/1024 923/1007/1023
f 684/768/786 685/769/787 925/1009/1025 924/1008/1024
f 685/769/787 686/770/788 926/1010/1026 925/1009/1025
f 686/770/788 687/771/789 927/1011/1027 926/1010/1026
f 687/771/789 688/772/790 928/1012/1028 927/1011/1027
f 688/772/790 689/773/791 929/1013/1029 928/1012/1028
f 689/773/791 690/774/792 930/1014/1030 929/1013/1029
f 690/774/792 691/775/793 931/1015/1031 930/1014/1030
f 691/775/793 692/776/794 932/1016/1032 931/1015/1031
f 692/776/794 693/777/795 933/1017/1033 932/1016/1032
f 693/777/795 694/778/796 934/1018/1034 933/1017/1033
f 694/778/796 695/779/797 935/1019/1035 934/1018/1034
f 695/779/797 696/780/798 936/1020/1036 935/1019/1035
f 696/780/798 697/781/799 937/1021/1037 936/1020/1036
f 697/781/799 698/782/800 938/1022/1038 937/1021/1037
f 698/782/800 699/783/801 939/1023/1039 938/1022/1038
f 699/783/801 700/784/802 940/1024/1040 939/1023/1039
f 700/784/802 701/785/803 941/1025/1041 940/1024/1040
f 701/785/803 702/786/804 942/1026/1042 941/1025/1041
f 702/786/804 703/787/805 943/1027/1043 942/1026/1042
f 703/787/805 704/788/806 944/1028/1044 943/1027/1043
f 704/788/806 705/789/807 945/1029/1045 944/1028/1044
f 705/789/807 706/790/808 946/1030/1046 945/1029/1045
f 706/790/808 707/791/809 947/1031/1047 946/1030/1046
f 707/791/809 708/792/810 948/1032/1048 947/1031/1047
f 708/792/810 709/793/811 949/1033/1049 948/1032/1048
f 709/793/811 710/794/812 950/1034/1050 949/1033/1049
f 710/794/812 711/795/813 951/1035/1051 950/1034/1050
f 711/795/813 712/796/814 952/1036/1052 951/1035/1051
f 712/796/814 713/797/815 953/1037/1053 952/1036/1052
f 713/797/815 714/798/816 954/1038/1054 953/1037/1053
f 714/798/816 715/799/817 955/1039/1055 954/1038/1054
f 715/799/817 716/800/818 956/1040/1056 955/1039/1055
f 716/800/818 717/801/819 957/1041/1057 956/1040/1056
f 717/801/819 718/802/820 958/1042/1058 957/1041/1057
f 718/802/820 719/803/821 959/1043/1059 958/1042/1058
f 719/803/821 720/804/822 960/1044/1060 959/1043/1059
f 720/804/822 721/805/823 961/1045/1061 960/1044/1060
f 721/805/823 482/806/587 722/1046/825 961/1045/1061
f 722/808/825 723/807/824 962/1047/1062
f 723/807/824 963/1048/1063 962/1047/1062
f 723/807/824 724/809/826 963/1048/1063
f 724/809/826 725/810/827 963/1048/1063
f 725/810/827 964/1049/1064 963/1048/1063
f 725/810/827 726/811/828 964/1049/1064
f 726/811/828 727/812/829 964/1049/1064
f 727/812/829 965/1050/1065 964/1049/1064
f 727/812/829 728/813/830 965/1050/1065
f 728/813/830 729/814/831 965/1050/1065
f 729/814/831 966/1051/1066 965/1050/1065
f 729/814/831 730/815/832 966/1051/1066
f 730/815/832 731/816/833 966/1051/1066
f 731/816/833 967/1052/1067 966/1051/1066
f 731/816/833 732/817/834 967/1052/1067
f 732/817/834 733/818/835 967/1052/1067
f 733/818/835 968/1053/1068 967/1052/1067
f 733/818/835 734/819/836 968/1053/1068
f 734/819/836 735/820/837 968/1053/1068
f 735/820/837 969/1054/1069 968/1053/1068
f 735/820/837 736/821/838 969/1054/1069
f 736/821/838 737/822/839 969/1054/1069
f 737/822/839 970/1055/1070 969/1054/1069
f 737/822/839 738/823/840 970/1055/1070
f 738/823/840 739/824/841 970/1055/1070
f 739/824/841 971/1056/1071 970/1055/1070
f 739/824/841 740/825/842 971/1056/1071
f 740/825/842 741/826/843 971/1056/1071
f 741/826/843 972/1057/1072 971/1056/1071
f 741/826/843 742/827/844 972/1057/1072
f 742/827/844 743/828/845 972/1057/1072
f 743/828/845 973/1058/1073 972/1057/1072
f 743/828/845 744/829/846 973/1058/1073
f 744/829/846 745/830/847 973/1058/1073
f 745/830/847 974/1059/1074 973/1058/1073
f 745/830/847 746/831/848 974/1059/1074
f 746/831/848 747/832/849 974/1059/1074
f 747/832/849 975/1060/1075 974/1059/1074
f 747/832/849 748/833/850 975/1060/1075
f 748/833/850 749/834/851 975/1060/1075
f 749/834/851 976/1061/1076 975/1060/1075
f 749/834/851 750/835/852 976/1061/1076
f 750/835/852 751/836/853 976/1061/1076
f 751/836/853 977/1062/1077 976/1061/1076
f 751/836/853 752/837/854 977/1062/1077
f 752/837/854 753/838/855 977/1062/1077
f 753/838/855 978/1063/1078 977/1062/1077
f 753/838/855 754/839/856 978/1063/1078
f 754/839/856 755/840/857 978/1063/1078
f 755/840/857 979/1064/1079 978/1063/1078
f 755/840/857 756/841/858 979/1064/1079
f 756/841/858 757/842/859 979/1064/1079
f 757/842/859 980/1065/1080 979/1064/1079
f 757/842/859 758/843/860 980/1065/1080
f 758/843/860 759/844/861 980/1065/1080
f 759/844/861 981/1066/1081 980/1065/1080
f 759/844/861 760/845/862 981/1066/1081
f 760/845/862 761/846/863 981/1066/1081
f 761/846/863 982/1067/1082 981/1066/1081
f 761/846/863 762/847/864 982/1067/1082
f 762/847/864 763/848/865 982/1067/1082
f 763/848/865 983/1068/1083 982/1067/1082
f 763/848/865 764/849/866 983/1068/1083
f 764/849/866 765/850/867 983/1068/1083
f 765/850/867 984/1069/1084 983/1068/1083
f 765/850/867 766/851/868 984/1069/1084
f 766/851/868 767/852/869 984/1069/1084
f 767/852/869 985/1070/1085 984/1069/1084
f 767/852/869 768/853/870 985/1070/1085
f 768/853/870 769/854/871 985/1070/1085
f 769/854/871 986/1071/1086 985/1070/1085
f 769/854/871 770/855/872 986/1071/1086
f 770/855/872 771/856/873 986/1071/1086
f 771/856/873 987/1072/1087 986/1071/1086
f 771/856/873 772/857/874 987/1072/1087
f 772/857/874 773/858/875 987/1072/1087
f 773/858/875 988/1073/1088 987/1072/1087
f 773/858/875 774/859/876 988/1073/1088
f 774/859/876 775/860/877 988/1073/1088
f 775/860/877 989/1074/1089 988/1073/1088
f 775/860/877 776/861/878 989/1074/1089
f 776/861/878 777/862/879 989/1074/1089
f 777/862/879 990/1075/1090 989/1074/1089
f 777/862/879 778/863/880 990/1075/1090
f 778/863/880 779/864/881 990/1075/1090
f 779/864/881 991/1076/1091 990/1075/1090
f 779/864/881 780/865/882 991/1076/1091
f 780/865/882 781/866/883 991/1076/1091
f 781/866/883 992/1077/1092 991/1076/1091
f 781/866/883 782/867/884 992/1077/1092
f 782/867/884 783/868/885 992/1077/1092
f 783/868/885 993/1078/1093 992/1077/1092
f 783/868/885 784/869/886 993/1078/1093
f 784/869/886 785/870/887 993/1078/1093
f 785/870/887 994/1079/1094 993/1078/1093
f 785/870/887 786/871/888 994/1079/1094
f 786/871/888 787/872/889 994/1079/1094
f 787/872/889 995/1080/1095 994/1079/1094
f 787/872/889 788/873/890 995/1080/1095
f 788/873/890 789/874/891 995/1080/1095
f 789/874/891 996/1081/1096 995/1080/1095
f 789/874/891 790/875/892 996/1081/1096
f 790/875/892 791/876/893 996/1081/1096
f 791/876/893 997/1082/1097 996/1081/1096
f 791/876/893 792/877/894 997/1082/1097
f 792/877/894 793/878/895 997/1082/1097
f 793/878/895 998/1083/1098 997/1082/1097
f 793/878/895 794/879/896 998/1083/1098
f 794/879/896 795/880/897 998/1083/1098
f 795/880/897 999/1084/1099 998/1083/1098
f 795/880/897 796/881/898 999/1084/1099
f 796/881/898 797/882/899 999/1084/1099
f 797/882/899 1000/1085/1100 999/1084/1099
f 797/882/899 798/883/900 1000/1085/1100
f 798/883/900 799/884/901 1000/1085/1100
f 799/884/901 1001/1086/1101 1000/1085/1100
f 799/884/901 800/885/902 1001/1086/1101
f 800/885/902 801/886/903 1001/1086/1101
f 801/886/903 1002/1087/1102 1001/1086/1101
f 801/886/903 802/887/904 1002/1087/1102
f 802/887/904 803/888/905 1002/1087/1102
f 803/888/905 1003/1088/1103 1002/1087/1102
f 803/888/905 804/889/906 1003/1088/1103
f 804/889/906 805/890/907 1003/1088/1103
f 805/890/907 1004/1089/1104 1003/1088/1103
f 805/890/907 806/891/908 1004/1089/1104
f 806/891/908 807/892/909 1004/1089/1104
f 807/892/909 1005/1090/1105 1004/1089/1104
f 807/892/909 808/893/910 1005/1090/1105
f 808/893/910 809/894/911 1005/1090/1105
f 809/894/911 1006/1091/1106 1005/1090/1105
f 809/894/911 810/895/912 1006/1091/1106
f 810/895/912 811/896/913 1006/1091/1106
f 811/896/913 1007/1092/1107 1006/1091/1106
f 811/896/913 812/897/914 1007/1092/1107
f 812/897/914 813/898/915 1007/1092/1107
f 813/898/915 1008/1093/1108 1007/1092/1107
f 813/898/915 814/899/916 1008/1093/1108
f 814/899/916 815/900/917 1008/1093/1108
f 815/900/917 1009/1094/1109 1008/1093/1108
f 815/900/917 816/901/918 1009/1094/1109
f 816/901/918 817/902/919 1009/1094/1109
f 817/902/919 1010/1095/1110 1009/1094/1109
f 817/902/919 818/903/920 1010/1095/1110
f 818/903/920 819/904/921 1010/1095/1110
f 819/904/921 1011/1096/1111 1010/1095/1110
f 819/904/921 820/905/922 1011/1096/1111
f 820/905/922 821/906/923 1011/1096/1111
f 821/906/923 1012/1097/1112 1011/1096/1111
f 821/906/923 822/907/924 1012/1097/1112
f 822/907/924 823/908/925 1012/1097/1112
f 823/908/925 1013/1098/1113 1012/1097/1112
f 823/908/925 824/909/926 1013/1098/1113
f 824/909/926 825/910/927 1013/1098/1113
f 825/910/927 1014/1099/1114 1013/1098/1113
f 825/910/927 826/911/928 1014/1099/1114
f 826/911/928 827/912/929 1014/1099/1114
f 827/912/929 1015/1100/1115 1014/1099/1114
f 827/912/929 828/913/930 1015/1100/1115
f 828/913/930 829/914/931 1015/1100/1115
f 829/914/931 1016/1101/1116 1015/1100/1115
f 829/914/931 830/915/932 1016/1101/1116
f 830/915/932 831/916/933 1016/1101/1116
f 831/916/933 1017/1102/1117 1016/1101/1116
f 831/916/933 832/917/934 1017/1102/1117
f 832/917/934 833/918/935 1017/1102/1117
f 833/918/935 1018/1103/1118 1017/1102/1117
f 833/918/935 834/919/936 1018/1103/1118
f 834/919/936 835/920/937 1018/1103/1118
f 835/920/937 1019/1104/1119 1018/1103/1118
f 835/920/937 836/921/938 1019/1104/1119
f 836/921/938 837/922/939 1019/1104/1119
f 837/922/939 1020/1105/1120 1019/1104/1119
f 837/922/939 838/923/940 1020/1105/1120
f 838/923/940 839/924/941 1020/1105/1120
f 839/924/941 1021/1106/1121 1020/1105/1120
f 839/924/941 840/925/942 1021/1106/1121
f 840/925/942 841/926/943 1021/1106/1121
f 841/926/943 1022/1107/1122 1021/1106/1121
f 841/926/943 842/927/944 1022/1107/1122
f 842/927/944 843/928/945 1022/1107/1122
f 843/928/945 1023/1108/1123 1022/1107/1122
f 843/928/945 844/929/946 1023/1108/1123
f 844/929/946 845/930/947 1023/1108/1123
f 845/930/947 1024/1109/1124 1023/1108/1123
f 845/930/947 846/931/948 1024/1109/1124
f 846/931/948 847/932/949 1024/1109/1124
f 847/932/949 1025/1110/1125 1024/1109/1124
f 847/932/949 848/933/950 1025/1110/1125
f 848/933/950 849/934/951 1025/1110/1125
f 849/934/951 1026/1111/1126 1025/1110/1125
f 849/934/951 850/935/952 1026/1111/1126
f 850/935/952 851/936/953 1026/1111/1126
f 851/936/953 1027/1112/1127 1026/1111/1126
f 851/936/953 852/937/954 1027/1112/1127
f 852/937/954 853/938/955 1027/1112/1127
f 853/938/955 1028/1113/1128 1027/1112/1127
f 853/938/955 854/939/956 1028/1113/1128
f 854/939/956 855/940/957 1028/1113/1128
f 855/940/957 1029/1114/1129 1028/1113/1128
f 855/940/957 856/941/958 1029/1114/1129
f 856/941/958 857/942/959 1029/1114/1129
f 857/942/959 1030/1115/1130 1029/1114/1129
f 857/942/959 858/943/960 1030/1115/1130
f 858/943/960 859/944/961 1030/1115/1130
f 859/944/961 1031/1116/1131 1030/1115/1130
f 859/944/961 860/945/962 1031/1116/1131
f 860/945/962 861/946/963 1031/1116/1131
f 861/946/963 1032/1117/1132 1031/1116/1131
f 861/946/963 862/947/964 1032/1117/1132
f 862/947/964 863/948/965 1032/1117/1132
f 863/948/965 1033/1118/1133 1032/1117/1132
f 863/948/965 864/949/966 1033/1118/1133
f 864/949/966 865/950/967 1033/1118/1133
f 865/950/967 1034/1119/1134 1033/1118/1133
f 865/950/967 866/951/968 1034/1119/1134
f 866/951/968 867/952/969 1034/1119/1134
f 867/952/969 1035/1120/1135 1034/1119/1134
f 867/952/969 868/953/970 1035/1120/1135
f 868/953/970 869/954/971 1035/1120/1135
f 869/954/971 1036/1121/1136 1035/1120/1135
f 869/954/971 870/955/972 1036/1121/1136
f 870/955/972 871/956/973 1036/1121/1136
f 871/956/973 1037/1122/1137 1036/1121/1136
f 871/956/973 872/4/4 1037/1122/1137
f 872/4/4 873/3/3 1037/1122/1137
f 873/3/3 1038/1123/1138 1037/1122/1137
f 873/3/3 874/958/974 1038/1123/1138
f 874/958/974 875/959/975 1038/1123/1138
f 875/959/975 1039/1124/1139 1038/1123/1138
f 875/959/975 876/960/976 1039/1124/1139
f 876/960/976 877/961/977 1039/1124/1139
f 877/961/977 1040/1125/1140 1039/1124/1139
f 877/961/977 878/962/978 1040/1125/1140
f 878/962/978 879/963/979 1040/1125/1140
f 879/963/979 1041/1126/1141 1040/1125/1140
f 879/963/979 880/964/980 1041/1126/1141
f 880/964/980 881/965/981 1041/1126/1141
f 881/965/981 1042/1127/1142 1041/1126/1141
f 881/965/981 882/966/982 1042/1127/1142
f 882/966/982 883/967/983 1042/1127/1142
f 883/967/983 1043/1128/1143 1042/1127/1142
f 883/967/983 884/968/984 1043/1128/1143
f 884/968/984 885/969/985 1043/1128/1143
f 885/969/985 1044/1129/1144 1043/1128/1143
f 885/969/985 886/970/986 1044/1129/1144
f 886/970/986 887/971/987 1044/1129/1144
f 887/971/987 1045/1130/1145 1044/1129/1144
f 887/971/987 888/972/988 1045/1130/1145
f 888/972/988 889/973/989 1045/1130/1145
f 889/973/989 1046/1131/1146 1045/1130/1145
f 889/973/989 890/974/990 1046/1131/1146
f 890/974/990 891/975/991 1046/1131/1146
f 891/975/991 1047/1132/1147 1046/1131/1146
f 891/975/991 892/976/992 1047/1132/1147
f 892/976/992 893/977/993 1047/1132/1147
f 893/977/993 1048/1133/1148 1047/1132/1147
f 893/977/993 894/978/994 1048/1133/1148
f 894/978/994 895/979/995 1048/1133/1148
f 895/979/995 1049/1134/1149 1048/1133/1148
f 895/979/995 896/980/996 1049/1134/1149
f 896/980/996 897/981/997 1049/1134/1149
f 897/981/997 1050/1135/1150 1049/1134/1149
f 897/981/997 898/982/998 1050/1135/1150
f 898/982/998 899/983/999 1050/1135/1150
f 899/983/999 1051/1136/1151 1050/1135/1150
f 899/983/999 900/984/1000 1051/1136/1151
f 900/984/1000 901/985/1001 1051/1136/1151
f 901/985/1001 1052/1137/1152 1051/1136/1151
f 901/985/1001 902/986/1002 1052/1137/1152
f 902/986/1002 903/987/1003 1052/1137/1152
f 903/987/1003 1053/1138/1153 1052/1137/1152
f 903/987/1003 904/988/1004 1053/1138/1153
f 904/988/1004 905/989/1005 1053/1138/1153
f 905/989/1005 1054/1139/1154 1053/1138/1153
f 905/989/1005 906/990/1006 1054/1139/1154
f 906/990/1006 907/991/1007 1054/1139/1154
f 907/991/1007 1055/1140/1155 1054/1139/1154
f 907/991/1007 908/992/1008 1055/1140/1155
f 908/992/1008 909/993/1009 1055/1140/1155
f 909/993/1009 1056/1141/1156 1055/1140/1155
f 909/993/1009 910/994/1010 1056/1141/1156
f 910/994/1010 911/995/1011 1056/1141/1156
f 911/995/1011 1057/1142/1157 1056/1141/1156
f 911/995/1011 912/996/1012 1057/1142/1157
f 912/996/1012 913/997/1013 1057/1142/1157
f 913/997/1013 1058/1143/1158 1057/1142/1157
f 913/997/1013 914/998/1014 1058/1143/1158
f 914/998/1014 915/999/1015 1058/1143/1158
f 915/999/1015 1059/1144/1159 1058/1143/1158
f 915/999/1015 916/1000/1016 1059/1144/1159
f 916/1000/1016 917/1001/1017 1059/1144/1159
f 917/1001/1017 1060/1145/1160 1059/1144/1159
f 917/1001/1017 918/1002/1018 1060/1145/1160
f 918/1002/1018 919/1003/1019 1060/1145/1160
f 919/1003/1019 1061/1146/1161 1060/1145/1160
f 919/1003/1019 920/1004/1020 1061/1146/1161
f 920/1004/1020 921/1005/1021 1061/1146/1161
f 921/1005/1021 1062/1147/1162 1061/1146/1161
f 921/1005/1021 922/1006/1022 1062/1147/1162
f 922/1006/1022 923/1007/1023 1062/1147/1162
f 923/1007/1023 1063/1148/1163 1062/1147/1162
f 923/1007/1023 924/1008/1024 1063/1148/1163
f 924/1008/1024 925/1009/1025 1063/1148/1163
f 925/1009/1025 1064/1149/1164 1063/1148/1163
f 925/1009/1025 926/1010/1026 1064/1149/1164
f 926/1010/1026 927/1011/1027 1064/1149/1164
f 927/1011/1027 1065/1150/1165 1064/1149/1164
f 927/1011/1027 928/1012/1028 1065/1150/1165
f 928/1012/1028 929/1013/1029 1065/1150/1165
f 929/1013/1029 1066/1151/1166 1065/1150/1165
f 929/1013/1029 930/1014/1030 1066/1151/1166
f 930/1014/1030 931/1015/1031 1066/1151/1166
f 931/1015/1031 1067/1152/1167 1066/1151/1166
f 931/1015/1031 932/1016/1032 1067/1152/1167
f 932/1016/1032 933/1017/1033 1067/1152/1167
f 933/1017/1033 1068/1153/1168 1067/1152/1167
f 933/1017/1033 934/1018/1034 1068/1153/1168
f 934/1018/1034 935/1019/1035 1068/1153/1168
f 935/1019/1035 1069/1154/1169 1068/1153/1168
f 935/1019/1035 936/1020/1036 1069/1154/1169
f 936/1020/1036 937/1021/1037 1069/1154/1169
f 937/1021/1037 1070/1155/1170 1069/1154/1169
f 937/1021/1037 938/1022/1038 1070/1155/1170
f 938/1022/1038 939/1023/1039 1070/1155/1170
f 939/1023/1039 1071/1156/1171 1070/1155/1170
f 939/1023/1039 940/1024/1040 1071/1156/1171
f 940/1024/1040 941/1025/1041 1071/1156/1171
f 941/1025/1041 1072/1157/1172 1071/1156/1171
f 941/1025/1041 942/1026/1042 1072/1157/1172
f 942/1026/1042 943/1027/1043 1072/1157/1172
f 943/1027/1043 1073/1158/1173 1072/1157/1172
f 943/1027/1043 944/1028/1044 1073/1158/1173
f 944/1028/1044 945/1029/1045 1073/1158/1173
f 945/1029/1045 1074/1159/1174 1073/1158/1173
f 945/1029/1045 946/1030/1046 1074/1159/1174
f 946/1030/1046 947/1031/1047 1074/1159/1174
f 947/1031/1047 1075/1160/1175 1074/1159/1174
f 947/1031/1047 948/1032/1048 1075/1160/1175
f 948/1032/1048 949/1033/1049 1075/1160/1175
f 949/1033/1049 1076/1161/1176 1075/1160/1175
f 949/1033/1049 950/1034/1050 1076/1161/1176
f 950/1034/1050 951/1035/1051 1076/1161/1176
f 951/1035/1051 1077/1162/1177 1076/1161/1176
f 951/1035/1051 952/1036/1052 1077/1162/1177
f 952/1036/1052 953/1037/1053 1077/1162/1177
f 953/1037/1053 1078/1163/1178 1077/1162/1177
f 953/1037/1053 954/1038/1054 1078/1163/1178
f 954/1038/1054 955/1039/1055 1078/1163/1178
f 955/1039/1055 1079/1164/1179 1078/1163/1178
f 955/1039/1055 956/1040/1056 1079/1164/1179
f 956/1040/1056 957/1041/1057 1079/1164/1179
f 957/1041/1057 1080/1165/1180 1079/1164/1179
f 957/1041/1057 958/1042/1058 1080/1165/1180
f 958/1042/1058 959/1043/1059 1080/1165/1180
f 959/1043/1059 1081/1166/1181 1080/1165/1180
f 959/1043/1059 960/1044/1060 1081/1166/1181
f 960/1044/1060 961/1045/1061 1081/1166/1181
f 961/1045/1061 962/1167/1062 1081/1166/1181
f 961/1045/1061 722/1046/825 962/1167/1062
f 962/1047/1062 963/1048/1063 1083/1168/1182 1082/1169/1183
f 963/1048/1063 964/1049/1064 1084/1170/1184 1083/1168/1182
f 964/1049/1064 965/1050/1065 1085/1171/1185 1084/1170/1184
f 965/1050/1065 966/1051/1066 1086/1172/1186 1085/1171/1185
f 966/1051/1066 967/1052/1067 1087/1173/1187 1086/1172/1186
f 967/1052/1067 968/1053/1068 1088/1174/1188 1087/1173/1187
f 968/1053/1068 969/1054/1069 1089/1175/1189 1088/1174/1188
f 969/1054/1069 970/1055/1070 1090/1176/1190 1089/1175/1189
f 970/1055/1070 971/1056/1071 1091/1177/1191 1090/1176/1190
f 971/1056/1071 972/1057/1072 1092/1178/1192 1091/1177/1191
f 972/1057/1072 973/1058/1073 1093/1179/1193 1092/1178/1192
f 973/1058/1073 974/1059/1074 1094/1180/1194 1093/1179/1193
f 974/1059/1074 975/1060/1075 1095/1181/1195 1094/1180/1194
f 975/1060/1075 976/1061/1076 1096/1182/1196 1095/1181/1195
f 976/1061/1076 977/1062/1077 1097/1183/1197 1096/1182/1196
f 977/1062/1077 978/1063/1078 1098/1184/1198 1097/1183/1197
f 978/1063/1078 979/1064/1079 1099/1185/1199 1098/1184/1198
f 979/1064/1079 980/1065/1080 1100/1186/1200 1099/1185/1199
f 980/1065/1080 981/1066/1081 1101/1187/1201 1100/1186/1200
f 981/1066/1081 982/1067/1082 1102/1188/1202 1101/1187/1201
f 982/1067/1082 983/1068/1083 1103/1189/1203 1102/1188/1202
f 983/1068/1083 984/1069/1084 1104/1190/1204 1103/1189/1203
f 984/1069/1084 985/1070/1085 1105/1191/1205 1104/1190/1204
f 985/1070/1085 986/1071/1086 1106/1192/1206 1105/1191/1205
f 986/1071/1086 987/1072/1087 1107/1193/1207 1106/1192/1206
f 987/1072/1087 988/1073/1088 1108/1194/1208 1107/1193/1207
f 988/1073/1088 989/1074/1089 1109/1195/1209 1108/1194/1208
f 989/1074/1089 990/1075/1090 1110/1196/1210 1109/1195/1209
f 990/1075/1090 991/1076/1091 1111/1197/1211 1110/1196/1210
f 991/1076/1091 992/1077/1092 1112/1198/1212 1111/1197/1211
f 992/1077/1092 993/1078/1093 1113/1199/1213 1112/1198/1212
f 993/1078/1093 994/1079/1094 1114/1200/1214 1113/1199/1213
f 994/1079/1094 995/1080/1095 1115/1201/1215 1114/1200/1214
f 995/1080/1095 996/1081/1096 1116/1202/1216 1115/1201/1215
f 996/1081/1096 997/1082/1097 1117/1203/1217 1116/1202/1216
f 997/1082/1097 998/1083/1098 1118/1204/1218 1117/1203/1217
f 998/1083/1098 999/1084/1099 1119/1205/1219 1118/1204/1218
f 999/1084/1099 1000/1085/1100 1120/1206/1220 1119/1205/1219
f 1000/1085/1100 1001/1086/1101 1121/1207/1221 1120/1206/1220
f 1001/1086/1101 1002/1087/1102 1122/1208/1222 1121/1207/1221
f 1002/1087/1102 1003/1088/1103 1123/1209/1223 1122/1208/1222
f 1003/1088/1103 1004/1089/1104 1124/1210/1224 1123/1209/1223
f 1004/1089/1104 1005/1090/1105 1125/1211/1225 1124/1210/1224
f 1005/1090/1105 1006/1091/1106 1126/1212/1226 1125/1211/1225
f 1006/1091/1106 1007/1092/1107 1127/1213/1227 1126/1212/1226
f 1007/1092/1107 1008/1093/1108 1128/1214/1228 1127/1213/1227
f 1008/1093/1108 1009/1094/1109 1129/1215/1229 1128/1214/1228
f 1009/1094/1109 1010/1095/1110 1130/1216/1230 1129/1215/1229
f 1010/1095/1110 1011/1096/1111 1131/1217/1231 1130/1216/1230
f 1011/1096/1111 1012/1097/1112 1132/1218/1232 1131/1217/1231
f 1012/1097/1112 1013/1098/1113 1133/1219/1233 1132/1218/1232
f 1013/1098/1113 1014/1099/1114 1134/1220/1234 1133/1219/1233
f 1014/1099/1114 1015/1100/1115 1135/1221/1235 1134/1220/1234
f 1015/1100/1115 1016/1101/1116 1136/1222/1236 1135/1221/1235
f 1016/1101/1116 1017/1102/1117 1137/1223/1237 1136/1222/1236
f 1017/1102/1117 1018/1103/1118 1138/1224/1238 1137/1223/1237
f 1018/1103/1118 1019/1104/1119 1139/1225/1239 1138/1224/1238
f 1019/1104/1119 1020/1105/1120 1140/1226/1240 1139/1225/1239
f 1020/1105/1120 1021/1106/1121 1141/1227/1241 1140/1226/1240
f 1021/1106/1121 1022/1107/1122 1142/1228/1242 1141/1227/1241
f 1022/1107/1122 1023/1108/1123 1143/1229/1243 1142/1228/1242
f 1023/1108/1123 1024/1109/1124 1144/1230/1244 1143/1229/1243
f 1024/1109/1124 1025/1110/1125 1145/1231/1245 1144/1230/1244
f 1025/1110/1125 1026/1111/1126 1146/1232/1246 1145/1231/1245
f 1026/1111/1126 1027/1112/1127 1147/1233/1247 1146/1232/1246
f 1027/1112/1127 1028/1113/1128 1148/1234/1248 1147/1233/1247
f 1028/1113/1128 1029/1114/1129 1149/1235/1249 1148/1234/1248
f 1029/1114/1129 1030/1115/1130 1150/1236/1250 1149/1235/1249
f 1030/1115/1130 1031/1116/1131 1151/1237/1251 1150/1236/1250
f 1031/1116/1131 1032/1117/1132 1152/1238/1252 1151/1237/1251
f 1032/1117/1132 1033/1118/1133 1153/1239/1253 1152/1238/1252
f 1033/1118/1133 1034/1119/1134 1154/1240/1254 1153/1239/1253
f 1034/1119/1134 1035/1120/1135 1155/1241/1255 1154/1240/1254
f 1035/1120/1135 1036/1121/1136 1156/1242/1256 1155/1241/1255
f 1036/1121/1136 1037/1122/1137 1157/1243/1257 1156/1242/1256
f 1037/1122/1137 1038/1123/1138 1158/1244/1258 1157/1243/1257
f 1038/1123/1138 1039/1124/1139 1159/1245/1259 1158/1244/1258
f 1039/1124/1139 1040/1125/1140 1160/1246/1260 1159/1245/1259
f 1040/1125/1140 1041/1126/1141 1161/1247/1261 1160/1246/1260
f 1041/1126/1141 1042/1127/1142 1162/1248/1262 1161/1247/1261
f 1042/1127/1142 1043/1128/1143 1163/1249/1263 1162/1248/1262
f 1043/1128/1143 1044/1129/1144 1164/1250/1264 1163/1249/1263
f 1044/1129/1144 1045/1130/1145 1165/1251/1265 1164/1250/1264
f 1045/1130/1145 1046/1131/1146 1166/1252/1266 1165/1251/1265
f 1046/1131/1146 1047/1132/1147 1167/1253/1267 1166/1252/1266
f 1047/1132/1147 1048/1133/1148 1168/1254/1268 1167/1253/1267
f 1048/1133/1148 1049/1134/1149 1169/1255/1269 1168/1254/1268
f 1049/1134/1149 1050/1135/1150 1170/1256/1270 1169/1255/1269
f 1050/1135/1150 1051/1136/1151 1171/1257/1271 1170/1256/1270
f 1051/1136/1151 1052/1137/1152 1172/1258/1272 1171/1257/1271
f 1052/1137/1152 1053/1138/1153 1173/1259/1273 1172/1258/1272
f 1053/1138/1153 1054/1139/1154 1174/1260/1274 1173/1259/1273
f 1054/1139/1154 1055/1140/1155 1175/1261/1275 1174/1260/1274
f 1055/1140/1155 1056/1141/1156 1176/1262/1276 1175/1261/1275
f 1056/1141/1156 1057/1142/1157 1177/1263/1277 1176/1262/1276
f 1057/1142/1157 1058/1143/1158 1178/1264/1278 1177/1263/1277
f 1058/1143/1158 1059/1144/1159 1179/1265/1279 1178/1264/1278
f 1059/1144/1159 1060/1145/1160 1180/1266/1280 1179/1265/1279
f 1060/1145/1160 1061/1146/1161 1181/1267/1281 1180/1266/1280
f 1061/1146/1161 1062/1147/1162 1182/1268/1282 1181/1267/1281
f 1062/1147/1162 1063/1148/1163 1183/1269/1283 1182/1268/1282
f 1063/1148/1163 1064/1149/1164 1184/1270/1284 1183/1269/1283
f 1064/1149/1164 1065/1150/1165 1185/1271/1285 1184/1270/1284
f 1065/1150/1165 1066/1151/1166 1186/1272/1286 1185/1271/1285
f 1066/1151/1166 1067/1152/1167 1187/1273/1287 1186/1272/1286
f 1067/1152/1167 1068/1153/1168 1188/1274/1288 1187/1273/1287
f 1068/1153/1168 1069/1154/1169 1189/1275/1289 1188/1274/1288
f 1069/1154/1169 1070/1155/1170 1190/1276/1290 1189/1275/1289
f 1070/1155/1170 1071/1156/1171 1191/1277/1291 1190/1276/1290
f 1071/1156/1171 1072/1157/1172 1192/1278/1292 1191/1277/1291
f 1072/1157/1172 1073/1158/1173 1193/1279/1293 1192/1278/1292
f 1073/1158/1173 1074/1159/1174 1194/1280/1294 1193/1279/1293
f 1074/1159/1174 1075/1160/1175 1195/1281/1295 1194/1280/1294
f 1075/1160/1175 1076/1161/1176 1196/1282/1296 1195/1281/1295
f 1076/1161/1176 1077/1162/1177 1197/1283/1297 1196/1282/1296
f 1077/1162/1177 1078/1163/1178 1198/1284/1298 1197/1283/1297
f 1078/1163/1178 1079/1164/1179 1199/1285/1299 1198/1284/1298
f 1079/1164/1179 1080/1165/1180 1200/1286/1300 1199/1285/1299
f 1080/1165/1180 1081/1166/1181 1201/1287/1301 1200/1286/1300
f 1081/1166/1181 962/1167/1062 1082/1288/1183 1201/1287/1301
f 1082/1169/1183 1083/1168/1182 1203/1289/1302 1202/1290/1302
f 1083/1168/1182 1084/1170/1184 1204/1291/1302 1203/1289/1302
f 1084/1170/1184 1085/1171/1185 1205/1292/1302 1204/1291/1302
f 1085/1171/1185 1086/1172/1186 1206/1293/1302 1205/1292/1302
f 1086/1172/1186 1087/1173/1187 1207/1294/1302 1206/1293/1302
f 1087/1173/1187 1088/1174/1188 1208/1295/1302 1207/1294/1302
f 1088/1174/1188 1089/1175/1189 1209/1296/1302 1208/1295/1302
f 1089/1175/1189 1090/1176/1190 1210/1297/1302 1209/1296/1302
f 1090/1176/1190 1091/1177/1191 1211/1298/1302 1210/1297/1302
f 1091/1177/1191 1092/1178/1192 1212/1299/1302 1211/1298/1302
f 1092/1178/1192 1093/1179/1193 1213/1300/1302 1212/1299/1302
f 1093/1179/1193 1094/1180/1194 1214/1301/1302 1213/1300/1302
f 1094/1180/1194 1095/1181/1195 1215/1302/1302 1214/1301/1302
f 1095/1181/1195 1096/1182/1196 1216/1303/1302 1215/1302/1302
f 1096/1182/1196 1097/1183/1197 1217/1304/1302 1216/1303/1302
f 1097/1183/1197 1098/1184/1198 1218/1305/1302 1217/1304/1302
f 1098/1184/1198 1099/1185/1199 1219/1306/1302 1218/1305/1302
f 1099/1185/1199 1100/1186/1200 1220/1307/1302 1219/1306/1302
f 1100/1186/1200 1101/1187/1201 1221/1308/1302 1220/1307/1302
f 1101/1187/1201 1102/1188/1202 1222/1309/1302 1221/1308/1302
f 1102/1188/1202 1103/1189/1203 1223/1310/1302 1222/1309/1302
f 1103/1189/1203 1104/1190/1204 1224/1311/1302 1223/1310/1302
f 1104/1190/1204 1105/1191/1205 1225/1312/1302 1224/1311/1302
f 1105/1191/1205 1106/1192/1206 1226/1313/1302 1225/1312/1302
f 1106/1192/1206 1107/1193/1207 1227/1314/1302 1226/1313/1302
f 1107/1193/1207 1108/1194/1208 1228/1315/1302 1227/1314/1302
f 1108/1194/1208 1109/1195/1209 1229/1316/1302 1228/1315/1302
f 1109/1195/1209 1110/1196/1210 1230/1317/1302 1229/1316/1302
f 1110/1196/1210 1111/1197/1211 1231/1318/1302 1230/1317/1302
f 1111/1197/1211 1112/1198/1212 1232/1319/1302 1231/1318/1302
f 1112/1198/1212 1113/1199/1213 1233/1320/1302 1232/1319/1302
f 1113/1199/1213 1114/1200/1214 1234/1321/1302 1233/1320/1302
f 1114/1200/1214 1115/1201/1215 1235/1322/1302 1234/1321/1302
f 1115/1201/1215 1116/1202/1216 1236/1323/1302 1235/1322/1302
f 1116/1202/1216 1117/1203/1217 1237/1324/1302 1236/1323/1302
f 1117/1203/1217 1118/1204/1218 1238/1325/1302 1237/1324/1302
f 1118/1204/1218 1119/1205/1219 1239/1326/1302 1238/1325/1302
f 1119/1205/1219 1120/1206/1220 1240/1327/1302 1239/1326/1302
f 1120/1206/1220 1121/1207/1221 1241/1328/1302 1240/1327/1302
f 1121/1207/1221 1122/1208/1222 1242/1329/1302 1241/1328/1302
f 1122/1208/1222 1123/1209/1223 1243/1330/1302 1242/1329/1302
f 1123/1209/1223 1124/1210/1224 1244/1331/1302 1243/1330/1302
f 1124/1210/1224 1125/1211/1225 1245/1332/1302 1244/1331/1302
f 1125/1211/1225 1126/1212/1226 1246/1333/1302 1245/1332/1302
f 1126/1212/1226 1127/1213/1227 1247/1334/1302 1246/1333/1302
f 1127/1213/1227 1128/1214/1228 1248/1335/1302 1247/1334/1302
f 1128/1214/1228 1129/1215/1229 1249/1336/1302 1248/1335/1302
f 1129/1215/1229 1130/1216/1230 1250/1337/1302 1249/1336/1302
f 1130/1216/1230 1131/1217/1231 1251/1338/1302 1250/1337/1302
f 1131/1217/1231 1132/1218/1232 1252/1339/1302 1251/1338/1302
f 1132/1218/1232 1133/1219/1233 1253/1340/1302 1252/1339/1302
f 1133/1219/1233 1134/1220/1234 1254/1341/1302 1253/1340/1302
f 1134/1220/1234 1135/1221/1235 1255/1342/1302 1254/1341/1302
f 1135/1221/1235 1136/1222/1236 1256/1343/1302 1255/1342/1302
f 1136/1222/1236 1137/1223/1237 1257/1344/1302 1256/1343/1302
f 1137/1223/1237 1138/1224/1238 1258/1345/1302 1257/1344/1302
f 1138/1224/1238 1139/1225/1239 1259/1346/1302 1258/1345/1302
f 1139/1225/1239 1140/1226/1240 1260/1347/1302 1259/1346/1302
f 1140/1226/1240 1141/1227/1241 1261/1348/1302 1260/1347/1302
f 1141/1227/1241 1142/1228/1242 1262/1349/1302 1261/1348/1302
f 1142/1228/1242 1143/1229/1243 1263/1350/1302 1262/1349/1302
f 1143/1229/1243 1144/1230/1244 1264/1351/1302 1263/1350/1302
f 1144/1230/1244 1145/1231/1245 1265/1352/1302 1264/1351/1302
f 1145/1231/1245 1146/1232/1246 1266/1353/1302 1265/1352/1302
f 1146/1232/1246 1147/1233/1247 1267/1354/1302 1266/1353/1302
f 1147/1233/1247 1148/1234/1248 1268/1355/1302 1267/1354/1302
f 1148/1234/1248 1149/1235/1249 1269/1356/1302 1268/1355/1302
f 1149/1235/1249 1150/1236/1250 1270/1357/1302 1269/1356/1302
f 1150/1236/1250 1151/1237/1251 1271/1358/1302 1270/1357/1302
f 1151/1237/1251 1152/1238/1252 1272/1359/1302 1271/1358/1302
f 1152/1238/1252 1153/1239/1253 1273/1360/1302 1272/1359/1302
f 1153/1239/1253 1154/1240/1254 1274/1361/1302 1273/1360/1302
f 1154/1240/1254 1155/1241/1255 1275/1362/1302 1274/1361/1302
f 1155/1241/1255 1156/1242/1256 1276/1363/1302 1275/1362/1302
f 1156/1242/1256 1157/1243/1257 1277/1364/1302 1276/1363/1302
f 1157/1243/1257 1158/1244/1258 1278/1365/1302 1277/1364/1302
f 1158/1244/1258 1159/1245/1259 1279/1366/1302 1278/1365/1302
f 1159/1245/1259 1160/1246/1260 1280/1367/1302 1279/1366/1302
f 1160/1246/1260 1161/1247/1261 1281/1368/1302 1280/1367/1302
f 1161/1247/1261 1162/1248/1262 1282/1369/1302 1281/1368/1302
f 1162/1248/1262 1163/1249/1263 1283/1370/1302 1282/1369/1302
f 1163/1249/1263 1164/1250/1264 1284/1371/1302 1283/1370/1302
f 1164/1250/1264 1165/1251/1265 1285/1372/1302 1284/1371/1302
f 1165/1251/1265 1166/1252/1266 1286/1373/1302 1285/1372/1302
f 1166/1252/1266 1167/1253/1267 1287/1374/1302 1286/1373/1302
f 1167/1253/1267 1168/1254/1268 1288/1375/1302 1287/1374/1302
f 1168/1254/1268 1169/1255/1269 1289/1376/1302 1288/1375/1302
f 1169/1255/1269 1170/1256/1270 1290/1377/1302 1289/1376/1302
f 1170/1256/1270 1171/1257/1271 1291/1378/1302 1290/1377/1302
f 1171/1257/1271 1172/1258/1272 1292/1379/1302 1291/1378/1302
f 1172/1258/1272 1173/1259/1273 1293/1380/1302 1292/1379/1302
f 1173/1259/1273 1174/1260/1274 1294/1381/1302 1293/1380/1302
f 1174/1260/1274 1175/1261/1275 1295/1382/1302 1294/1381/1302
f 1175/1261/1275 1176/1262/1276 1296/1383/1302 1295/1382/1302
f 1176/1262/1276 1177/1263/1277 1297/1384/1302 1296/1383/1302
f 1177/1263/1277 1178/1264/1278 1298/1385/1302 1297/1384/1302
f 1178/1264/1278 1179/1265/1279 1299/1386/1302 1298/1385/1302
f 1179/1265/1279 1180/1266/1280 1300/1387/1302 1299/1386/1302
f 1180/1266/1280 1181/1267/1281 1301/1388/1302 1300/1387/1302
f 1181/1267/1281 1182/1268/1282 1302/1389/1302 1301/1388/1302
f 1182/1268/1282 1183/1269/1283 1303/1390/1302 1302/1389/1302
f 1183/1269/1283 1184/1270/1284 1304/1391/1302 1303/1390/1302
f 1184/1270/1284 1185/1271/1285 1305/1392/1302 1304/1391/1302
f 1185/1271/1285 1186/1272/1286 1306/1393/1302 1305/1392/1302
f 1186/1272/1286 1187/1273/1287 1307/1394/1302 1306/1393/1302
f 1187/1273/1287 1188/1274/1288 1308/1395/1302 1307/1394/1302
f 1188/1274/1288 1189/1275/1289 1309/1396/1302 1308/1395/1302
f 1189/1275/1289 1190/1276/1290 1310/1397/1302 1309/1396/1302
f 1190/1276/1290 1191/1277/1291 1311/1398/1302 1310/1397/1302
f 1191/1277/1291 1192/1278/1292 1312/1399/1302 1311/1398/1302
f 1192/1278/1292 1193/1279/1293 1313/1400/1302 1312/1399/1302
f 1193/1279/1293 1194/1280/1294 1314/1401/1302 1313/1400/1302
f 1194/1280/1294 1195/1281/1295 1315/1402/1302 1314/1401/1302
f 1195/1281/1295 1196/1282/1296 1316/1403/1302 1315/1402/1302
f 1196/1282/1296 1197/1283/1297 1317/1404/1302 1316/1403/1302
f 1197/1283/1297 1198/1284/1298 1318/1405/1302 1317/1404/1302
f 1198/1284/1298 1199/1285/1299 1319/1406/1302 1318/1405/1302
f 1199/1285/1299 1200/1286/1300 1320/1407/1302 1319/1406/1302
f 1200/1286/1300 1201/1287/1301 1321/1408/1302 1320/1407/1302
f 1201/1287/1301 1082/1288/1183 1202/1409/1302 1321/1408/1302
f 1202/1290/1303 1203/1289/1304 1323/1410/1305 1322/1411/1306
f 1203/1289/1304 1204/1291/1307 1324/1412/1308 1323/1410/1305
f 1204/1291/1307 1205/1292/1309 1325/1413/1310 1324/1412/1308
f 1205/1292/1309 1206/1293/1311 1326/1414/1312 1325/1413/1310
f 1206/1293/1311 1207/1294/1313 1327/1415/1314 1326/1414/1312
f 1207/1294/1313 1208/1295/1315 1328/1416/1316 1327/1415/1314
f 1208/1295/1315 1209/1296/1317 1329/1417/1318 1328/1416/1316
f 1209/1296/1317 1210/1297/1319 1330/1418/1320 1329/1417/1318
f 1210/1297/1319 1211/1298/1321 1331/1419/1322 1330/1418/1320
f 1211/1298/1321 1212/1299/1323 1332/1420/1324 1331/1419/1322
f 1212/1299/1323 1213/1300/1325 1333/1421/1326 1332/1420/1324
f 1213/1300/1325 1214/1301/1327 1334/1422/1328 1333/1421/1326
f 1214/1301/1327 1215/1302/1329 1335/1423/1330 1334/1422/1328
f 1215/1302/1329 1216/1303/1331 1336/1424/1332 1335/1423/1330
f 1216/1303/1331 1217/1304/1333 1337/1425/1334 1336/1424/1332
f 1217/1304/1333 1218/1305/1335 1338/1426/1336 1337/1425/1334
f 1218/1305/1335 1219/1306/1337 1339/1427/1338 1338/1426/1336
f 1219/1306/1337 1220/1307/1339 1340/1428/1340 1339/1427/1338
f 1220/1307/1339 1221/1308/1341 1341/1429/1342 1340/1428/1340
f 1221/1308/1341 1222/1309/1343 1342/1430/1344 1341/1429/1342
f 1222/1309/1343 1223/1310/1345 1343/1431/1346 1342/1430/1344
f 1223/1310/1345 1224/1311/1347 1344/1432/1348 1343/1431/1346
f 1224/1311/1347 1225/1312/1349 1345/1433/1350 1344/1432/1348
f 1225/1312/1349 1226/1313/1351 1346/1434/1352 1345/1433/1350
f 1226/1313/1351 1227/1314/1353 1347/1435/1354 1346/1434/1352
f 1227/1314/1353 1228/1315/1355 1348/1436/1356 1347/1435/1354
f 1228/1315/1355 1229/1316/1357 1349/1437/1358 1348/1436/1356
f 1229/1316/1357 1230/1317/1359 1350/1438/1360 1349/1437/1358
f 1230/1317/1359 1231/1318/1361 1351/1439/1362 1350/1438/1360
f 1231/1318/1361 1232/1319/1363 1352/1440/1364 1351/1439/1362
f 1232/1319/1363 1233/1320/1365 1353/1441/1366 1352/1440/1364
f 1233/1320/1365 1234/1321/1367 1354/1442/1368 1353/1441/1366
f 1234/1321/1367 1235/1322/1369 1355/1443/1370 1354/1442/1368
f 1235/1322/1369 1236/1323/1371 1356/1444/1372 1355/1443/1370
f 1236/1323/1371 1237/1324/1373 1357/1445/1374 1356/1444/1372
f 1237/1324/1373 1238/1325/1375 1358/1446/1376 1357/1445/1374
f 1238/1325/1375 1239/1326/1377 1359/1447/1378 1358/1446/1376
f 1239/1326/1377 1240/1327/1379 1360/1448/1380 1359/1447/1378
f 1240/1327/1379 1241/1328/1381 1361/1449/1382 1360/1448/1380
f 1241/1328/1381 1242/1329/1383 1362/1450/1384 1361/1449/1382
f 1242/1329/1383 1243/1330/1385 1363/1451/1386 1362/1450/1384
f 1243/1330/1385 1244/1331/1387 1364/1452/1388 1363/1451/1386
f 1244/1331/1387 1245/1332/1389 1365/1453/1390 1364/1452/1388
f 1245/1332/1389 1246/1333/1391 1366/1454/1392 1365/1453/1390
f 1246/1333/1391 1247/1334/1393 1367/1455/1394 1366/1454/1392
f 1247/1334/1393 1248/1335/1395 1368/1456/1396 1367/1455/1394
f 1248/1335/1395 1249/1336/1397 1369/1457/1398 1368/1456/1396
f 1249/1336/1397 1250/1337/1399 1370/1458/1400 1369/1457/1398
f 1250/1337/1399 1251/1338/1401 1371/1459/1402 1370/1458/1400
f 1251/1338/1401 1252/1339/1403 1372/1460/1404 1371/1459/1402
f 1252/1339/1403 1253/1340/1405 1373/1461/1406 1372/1460/1404
f 1253/1340/1405 1254/1341/1407 1374/1462/1408 1373/1461/1406
f 1254/1341/1407 1255/1342/1409 1375/1463/1410 1374/1462/1408
f 1255/1342/1409 1256/1343/1411 1376/1464/1412 1375/1463/1410
f 1256/1343/1411 1257/1344/1413 1377/1465/1414 1376/1464/1412
f 1257/1344/1413 1258/1345/1415 1378/1466/1416 1377/1465/1414
f 1258/1345/1415 1259/1346/1417 1379/1467/1418 1378/1466/1416
f 1259/1346/1417 1260/1347/1419 1380/1468/1420 1379/1467/1418
f 1260/1347/1419 1261/1348/1421 1381/1469/1422 1380/1468/1420
f 1261/1348/1421 1262/1349/1423 1382/1470/1424 1381/1469/1422
f 1262/1349/1423 1263/1350/1425 1383/1471/1426 1382/1470/1424
f 1263/1350/1425 1264/1351/1427 1384/1472/1428 1383/1471/1426
f 1264/1351/1427 1265/1352/1429 1385/1473/1430 1384/1472/1428
f 1265/1352/1429 1266/1353/1431 1386/1474/1432 1385/1473/1430
f 1266/1353/1431 1267/1354/1433 1387/1475/1434 1386/1474/1432
f 1267/1354/1433 1268/1355/1435 1388/1476/1436 1387/1475/1434
f 1268/1355/1435 1269/1356/1437 1389/1477/1438 1388/1476/1436
f 1269/1356/1437 1270/1357/1439 1390/1478/1440 1389/1477/1438
f 1270/1357/1439 1271/1358/1441 1391/1479/1442 1390/1478/1440
f 1271/1358/1441 1272/1359/1443 1392/1480/1444 1391/1479/1442
f 1272/1359/1443 1273/1360/1445 1393/1481/1446 1392/1480/1444
f 1273/1360/1445 1274/1361/1447 1394/1482/1448 1393/1481/1446
f 1274/1361/1447 1275/1362/1449 1395/1483/1450 1394/1482/1448
f 1275/1362/1449 1276/1363/1451 1396/1484/1452 1395/1483/1450
f 1276/1363/1451 1277/1364/1453 1397/1485/1454 1396/1484/1452
f 1277/1364/1453 1278/1365/1455 1398/1486/1456 1397/1485/1454
f 1278/1365/1455 1279/1366/1457 1399/1487/1458 1398/1486/1456
f 1279/1366/1457 1280/1367/1459 1400/1488/1460 1399/1487/1458
f 1280/1367/1459 1281/1368/1461 1401/1489/1462 1400/1488/1460
f 1281/1368/1461 1282/1369/1463 1402/1490/1464 1401/1489/1462
f 1282/1369/1463 1283/1370/1465 1403/1491/1466 1402/1490/1464
f 1283/1370/1465 1284/1371/1467 1404/1492/1468 1403/1491/1466
f 1284/1371/1467 1285/1372/1469 1405/1493/1470 1404/1492/1468
f 1285/1372/1469 1286/1373/1471 1406/1494/1472 1405/1493/1470
f 1286/1373/1471 1287/1374/1473 1407/1495/1474 1406/1494/1472
f 1287/1374/1473 1288/1375/1475 1408/1496/1476 1407/1495/1474
f 1288/1375/1475 1289/1376/1477 1409/1497/1478 1408/1496/1476
f 1289/1376/1477 1290/1377/1479 1410/1498/1480 1409/1497/1478
f 1290/1377/1479 1291/1378/1481 1411/1499/1482 1410/1498/1480
f 1291/1378/1481 1292/1379/1483 1412/1500/1484 1411/1499/1482
f 1292/1379/1483 1293/1380/1485 1413/1501/1486 1412/1500/1484
f 1293/1380/1485 1294/1381/1487 1414/1502/1488 1413/1501/1486
f 1294/1381/1487 1295/1382/1489 1415/1503/1490 1414/1502/1488
f 1295/1382/1489 1296/1383/1491 1416/1504/1492 1415/1503/1490
f 1296/1383/1491 1297/1384/1493 1417/1505/1494 1416/1504/1492
f 1297/1384/1493 1298/1385/1495 1418/1506/1496 1417/1505/1494
f 1298/1385/1495 1299/1386/1497 1419/1507/1498 1418/1506/1496
f 1299/1386/1497 1300/1387/1499 1420/1508/1500 1419/1507/1498
f 1300/1387/1499 1301/1388/1501 1421/1509/1502 1420/1508/1500
f 1301/1388/1501 1302/1389/1503 1422/1510/1504 1421/1509/1502
f 1302/1389/1503 1303/1390/1505 1423/1511/1506 1422/1510/1504
f 1303/1390/1505 1304/1391/1507 1424/1512/1508 1423/1511/1506
f 1304/1391/1507 1305/1392/1509 1425/1513/1510 1424/1512/1508
f 1305/1392/1509 1306/1393/1511 1426/1514/1512 1425/1513/1510
f 1306/1393/1511 1307/1394/1513 1427/1515/1514 1426/1514/1512
f 1307/1394/1513 1308/1395/1515 1428/1516/1516 1427/1515/1514
f 1308/1395/1515 1309/1396/1517 1429/1517/1518 1428/1516/1516
f 1309/1396/1517 1310/1397/1519 1430/1518/1520 1429/1517/1518
f 1310/1397/1519 1311/1398/1521 1431/1519/1522 1430/1518/1520
f 1311/1398/1521 1312/1399/1523 1432/1520/1524 1431/1519/1522
f 1312/1399/1523 1313/1400/1525 1433/1521/1526 1432/1520/1524
f 1313/1400/1525 1314/1401/1527 1434/1522/1528 1433/1521/1526
f 1314/1401/1527 1315/1402/1529 1435/1523/1530 1434/1522/1528
f 1315/1402/1529 1316/1403/1531 1436/1524/1532 1435/1523/1530
f 1316/1403/1531 1317/1404/1533 1437/1525/1534 1436/1524/1532
f 1317/1404/1533 1318/1405/1535 1438/1526/1536 1437/1525/1534
f 1318/1405/1535 1319/1406/1537 1439/1527/1538 1438/1526/1536
f 1319/1406/1537 1320/1407/1539 1440/1528/1540 1439/1527/1538
f 1320/1407/1539 1321/1408/1541 1441/1529/1542 1440/1528/1540
f 1321/1408/1541 1202/1409/1303 1322/1530/1306 1441/1529/1542
f 1322/1411/1306 1323/1410/1305 1443/1531/1543 1442/1532/1544
f 1323/1410/1305 1324/1412/1308 1444/1533/1543 1443/1531/1543
f 1324/1412/1308 1325/1413/1310 1445/1534/1545 1444/1533/1543
f 1325/1413/1310 1326/1414/1312 1446/1535/1546 1445/1534/1545
f 1326/1414/1312 1327/1415/1314 1447/1536/1547 1446/1535/1546
f 1327/1415/1314 1328/1416/1316 1448/1537/1548 1447/1536/1547
f 1328/1416/1316 1329/1417/1318 1449/1538/1549 1448/1537/1548
f 1329/1417/1318 1330/1418/1320 1450/1539/1549 1449/1538/1549
f 1330/1418/1320 1331/1419/1322 1451/1540/1550 1450/1539/1549
f 1331/1419/1322 1332/1420/1324 1452/1541/1551 1451/1540/1550
f 1332/1420/1324 1333/1421/1326 1453/1542/1552 1452/1541/1551
f 1333/1421/1326 1334/1422/1328 1454/1543/1553 1453/1542/1552
f 1334/1422/1328 1335/1423/1330 1455/1544/1554 1454/1543/1553
f 1335/1423/1330 1336/1424/1332 1456/1545/1555 1455/1544/1554
f 1336/1424/1332 1337/1425/1334 1457/1546/1556 1456/1545/1555
f 1337/1425/1334 1338/1426/1336 1458/1547/1557 1457/1546/1556
f 1338/1426/1336 1339/1427/1338 1459/1548/1558 1458/1547/1557
f 1339/1427/1338 1340/1428/1340 1460/1549/1559 1459/1548/1558
f 1340/1428/1340 1341/1429/1342 1461/1550/1560 1460/1549/1559
f 1341/1429/1342 1342/1430/1344 1462/1551/1561 1461/1550/1560
f 1342/1430/1344 1343/1431/1346 1463/1552/1562 1462/1551/1561
f 1343/1431/1346 1344/1432/1348 1464/1553/1563 1463/1552/1562
f 1344/1432/1348 1345/1433/1350 1465/1554/1564 1464/1553/1563
f 1345/1433/1350 1346/1434/1352 1466/1555/1565 1465/1554/1564
f 1346/1434/1352 1347/1435/1354 1467/1556/1566 1466/1555/1565
f 1347/1435/1354 1348/1436/1356 1468/1557/1567 1467/1556/1566
f 1348/1436/1356 1349/1437/1358 1469/1558/1568 1468/1557/1567
f 1349/1437/1358 1350/1438/1360 1470/1559/1569 1469/1558/1568
f 1350/1438/1360 1351/1439/1362 1471/1560/1569 1470/1559/1569
f 1351/1439/1362 1352/1440/1364 1472/1561/1570 1471/1560/1569
f 1352/1440/1364 1353/1441/1366 1473/1562/1571 1472/1561/1570
f 1353/1441/1366 1354/1442/1368 1474/1563/1571 1473/1562/1571
f 1354/1442/1368 1355/1443/1370 1475/1564/1572 1474/1563/1571
f 1355/1443/1370 1356/1444/1372 1476/1565/1573 1475/1564/1572
f 1356/1444/1372 1357/1445/1374 1477/1566/1573 1476/1565/1573
f 1357/1445/1374 1358/1446/1376 1478/1567/1574 1477/1566/1573
f 1358/1446/1376 1359/1447/1378 1479/1568/1575 1478/1567/1574
f 1359/1447/1378 1360/1448/1380 1480/1569/1575 1479/1568/1575
f 1360/1448/1380 1361/1449/1382 1481/1570/1576 1480/1569/1575
f 1361/1449/1382 1362/1450/1384 1482/1571/1577 1481/1570/1576
f 1362/1450/1384 1363/1451/1386 1483/1572/1578 1482/1571/1577
f 1363/1451/1386 1364/1452/1388 1484/1573/1579 1483/1572/1578
f 1364/1452/1388 1365/1453/1390 1485/1574/1579 1484/1573/1579
f 1365/1453/1390 1366/1454/1392 1486/1575/1580 1485/1574/1579
f 1366/1454/1392 1367/1455/1394 1487/1576/1581 1486/1575/1580
f 1367/1455/1394 1368/1456/1396 1488/1577/1582 1487/1576/1581
f 1368/1456/1396 1369/1457/1398 1489/1578/1583 1488/1577/1582
f 1369/1457/1398 1370/1458/1400 1490/1579/1583 1489/1578/1583
f 1370/1458/1400 1371/1459/1402 1491/1580/1584 1490/1579/1583
f 1371/1459/1402 1372/1460/1404 1492/1581/1585 1491/1580/1584
f 1372/1460/1404 1373/1461/1406 1493/1582/1586 1492/1581/1585
f 1373/1461/1406 1374/1462/1408 1494/1583/1587 1493/1582/1586
f 1374/1462/1408 1375/1463/1410 1495/1584/1587 1494/1583/1587
f 1375/1463/1410 1376/1464/1412 1496/1585/1588 1495/1584/1587
f 1376/1464/1412 1377/1465/1414 1497/1586/1589 1496/1585/1588
f 1377/1465/1414 1378/1466/1416 1498/1587/1590 1497/1586/1589
f 1378/1466/1416 1379/1467/1418 1499/1588/1591 1498/1587/1590
f 1379/1467/1418 1380/1468/1420 1500/1589/1592 1499/1588/1591
f 1380/1468/1420 1381/1469/1422 1501/1590/1592 1500/1589/1592
f 1381/1469/1422 1382/1470/1424 1502/1591/1593 1501/1590/1592
f 1382/1470/1424 1383/1471/1426 1503/1592/1594 1502/1591/1593
f 1383/1471/1426 1384/1472/1428 1504/1593/1594 1503/1592/1594
f 1384/1472/1428 1385/1473/1430 1505/1594/1595 1504/1593/1594
f 1385/1473/1430 1386/1474/1432 1506/1595/1596 1505/1594/1595
f 1386/1474/1432 1387/1475/1434 1507/1596/1597 1506/1595/1596
f 1387/1475/1434 1388/1476/1436 1508/1597/1598 1507/1596/1597
f 1388/1476/1436 1389/1477/1438 1509/1598/1599 1508/1597/1598
f 1389/1477/1438 1390/1478/1440 1510/1599/1599 1509/1598/1599
f 1390/1478/1440 1391/1479/1442 1511/1600/1600 1510/1599/1599
f 1391/1479/1442 1392/1480/1444 1512/1601/1601 1511/1600/1600
f 1392/1480/1444 1393/1481/1446 1513/1602/1602 1512/1601/1601
f 1393/1481/1446 1394/1482/1448 1514/1603/1603 1513/1602/1602
f 1394/1482/1448 1395/1483/1450 1515/1604/1604 1514/1603/1603
f 1395/1483/1450 1396/1484/1452 1516/1605/1605 1515/1604/1604
f 1396/1484/1452 1397/1485/1454 1517/1606/1606 1516/1605/1605
f 1397/1485/1454 1398/1486/1456 1518/1607/1607 1517/1606/1606
f 1398/1486/1456 1399/1487/1458 1519/1608/1608 1518/1607/1607
f 1399/1487/1458 1400/1488/1460 1520/1609/1609 1519/1608/1608
f 1400/1488/1460 1401/1489/1462 1521/1610/1610 1520/1609/1609
f 1401/1489/1462 1402/1490/1464 1522/1611/1611 1521/1610/1610
f 1402/1490/1464 1403/1491/1466 1523/1612/1612 1522/1611/1611
f 1403/1491/1466 1404/1492/1468 1524/1613/1613 1523/1612/1612
f 1404/1492/1468 1405/1493/1470 1525/1614/1614 1524/1613/1613
f 1405/1493/1470 1406/1494/1472 1526/1615/1615 1525/1614/1614
f 1406/1494/1472 1407/1495/1474 1527/1616/1616 1526/1615/1615
f 1407/1495/1474 1408/1496/1476 1528/1617/1617 1527/1616/1616
f 1408/1496/1476 1409/1497/1478 1529/1618/1618 1528/1617/1617
f 1409/1497/1478 1410/1498/1480 1530/1619/1619 1529/1618/1618
f 1410/1498/1480 1411/1499/1482 1531/1620/1619 1530/1619/1619
f 1411/1499/1482 1412/1500/1484 1532/1621/1620 1531/1620/1619
f 1412/1500/1484 1413/1501/1486 1533/1622/1621 1532/1621/1620
f 1413/1501/1486 1414/1502/1488 1534/1623/1621 1533/1622/1621
f 1414/1502/1488 1415/1503/1490 1535/1624/1622 1534/1623/1621
f 1415/1503/1490 1416/1504/1492 1536/1625/1623 1535/1624/1622
f 1416/1504/1492 1417/1505/1494 1537/1626/1623 1536/1625/1623
f 1417/1505/1494 1418/1506/1496 1538/1627/1624 1537/1626/1623
f 1418/1506/1496 1419/1507/1498 1539/1628/1625 1538/1627/1624
f 1419/1507/1498 1420/1508/1500 1540/1629/1625 1539/1628/1625
f 1420/1508/1500 1421/1509/1502 1541/1630/1626 1540/1629/1625
f 1421/1509/1502 1422/1510/1504 1542/1631/1627 1541/1630/1626
f 1422/1510/1504 1423/1511/1506 1543/1632/1628 1542/1631/1627
f 1423/1511/1506 1424/1512/1508 1544/1633/1629 1543/1632/1628
f 1424/1512/1508 1425/1513/1510 1545/1634/1629 1544/1633/1629
f 1425/1513/1510 1426/1514/1512 1546/1635/1630 1545/1634/1629
f 1426/1514/1512 1427/1515/1514 1547/1636/1631 1546/1635/1630
f 1427/1515/1514 1428/1516/1516 1548/1637/1632 1547/1636/1631
f 1428/1516/1516 1429/1517/1518 1549/1638/1633 1548/1637/1632
f 1429/1517/1518 1430/1518/1520 1550/1639/1633 1549/1638/1633
f 1430/1518/1520 1431/1519/1522 1551/1640/1634 1550/1639/1633
f 1431/1519/1522 1432/1520/1524 1552/1641/1635 1551/1640/1634
f 1432/1520/1524 1433/1521/1526 1553/1642/1636 1552/1641/1635
f 1433/1521/1526 1434/1522/1528 1554/1643/1637 1553/1642/1636
f 1434/1522/1528 1435/1523/1530 1555/1644/1637 1554/1643/1637
f 1435/1523/1530 1436/1524/1532 1556/1645/1638 1555/1644/1637
f 1436/1524/1532 1437/1525/1534 1557/1646/1639 1556/1645/1638
f 1437/1525/1534 1438/1526/1536 1558/1647/1640 1557/1646/1639
f 1438/1526/1536 1439/1527/1538 1559/1648/1641 1558/1647/1640
f 1439/1527/1538 1440/1528/1540 1560/1649/1642 1559/1648/1641
f 1440/1528/1540 1441/1529/1542 1561/1650/1642 1560/1649/1642
f 1441/1529/1542 1322/1530/1306 1442/1651/1544 1561/1650/1642
f 1442/1532/1544 1443/1531/1543 1563/1652/1643 1562/1653/1644
f 1443/1531/1543 1444/1533/1543 1564/1654/1645 1563/1652/1643
f 1444/1533/1543 1445/1534/1545 1565/1655/1646 1564/1654/1645
f 1445/1534/1545 1446/1535/1546 1566/1656/1647 1565/1655/1646
f 1446/1535/1546 1447/1536/1547 1567/1657/1648 1566/1656/1647
f 1447/1536/1547 1448/1537/1548 1568/1658/1649 1567/1657/1648
f 1448/1537/1548 1449/1538/1549 1569/1659/1650 1568/1658/1649
f 1449/1538/1549 1450/1539/1549 1570/1660/1651 1569/1659/1650
f 1450/1539/1549 1451/1540/1550 1571/1661/1652 1570/1660/1651
f 1451/1540/1550 1452/1541/1551 1572/1662/1653 1571/1661/1652
f 1452/1541/1551 1453/1542/1552 1573/1663/1654 1572/1662/1653
f 1453/1542/1552 1454/1543/1553 1574/1664/1655 1573/1663/1654
f 1454/1543/1553 1455/1544/1554 1575/1665/1656 1574/1664/1655
f 1455/1544/1554 1456/1545/1555 1576/1666/1657 1575/1665/1656
f 1456/1545/1555 1457/1546/1556 1577/1667/1658 1576/1666/1657
f 1457/1546/1556 1458/1547/1557 1578/1668/1659 1577/1667/1658
f 1458/1547/1557 1459/1548/1558 1579/1669/1660 1578/1668/1659
f 1459/1548/1558 1460/1549/1559 1580/1670/1661 1579/1669/1660
f 1460/1549/1559 1461/1550/1560 1581/1671/1662 1580/1670/1661
f 1461/1550/1560 1462/1551/1561 1582/1672/1663 1581/1671/1662
f 1462/1551/1561 1463/1552/1562 1583/1673/1664 1582/1672/1663
f 1463/1552/1562 1464/1553/1563 1584/1674/1665 1583/1673/1664
f 1464/1553/1563 1465/1554/1564 1585/1675/1666 1584/1674/1665
f 1465/1554/1564 1466/1555/1565 1586/1676/1667 1585/1675/1666
f 1466/1555/1565 1467/1556/1566 1587/1677/1668 1586/1676/1667
f 1467/1556/1566 1468/1557/1567 1588/1678/1669 1587/1677/1668
f 1468/1557/1567 1469/1558/1568 1589/1679/1670 1588/1678/1669
f 1469/1558/1568 1470/1559/1569 1590/1680/1671 1589/1679/1670
f 1470/1559/1569 1471/1560/1569 1591/1681/1672 1590/1680/1671
f 1471/1560/1569 1472/1561/1570 1592/1682/1673 1591/1681/1672
f 1472/1561/1570 1473/1562/1571 1593/1683/1674 1592/1682/1673
f 1473/1562/1571 1474/1563/1571 1594/1684/1675 1593/1683/1674
f 1474/1563/1571 1475/1564/1572 1595/1685/1676 1594/1684/1675
f 1475/1564/1572 1476/1565/1573 1596/1686/1677 1595/1685/1676
f 1476/1565/1573 1477/1566/1573 1597/1687/1678 1596/1686/1677
f 1477/1566/1573 1478/1567/1574 1598/1688/1679 1597/1687/1678
f 1478/1567/1574 1479/1568/1575 1599/1689/1680 1598/1688/1679
f 1479/1568/1575 1480/1569/1575 1600/1690/1681 1599/1689/1680
f 1480/1569/1575 1481/1570/1576 1601/1691/1682 1600/1690/1681
f 1481/1570/1576 1482/1571/1577 1602/1692/1683 1601/1691/1682
f 1482/1571/1577 1483/1572/1578 1603/1693/1684 1602/1692/1683
f 1483/1572/1578 1484/1573/1579 1604/1694/1685 1603/1693/1684
f 1484/1573/1579 1485/1574/1579 1605/1695/1686 1604/1694/1685
f 1485/1574/1579 1486/1575/1580 1606/1696/1687 1605/1695/1686
f 1486/1575/1580 1487/1576/1581 1607/1697/1688 1606/1696/1687
f 1487/1576/1581 1488/1577/1582 1608/1698/1689 1607/1697/1688
f 1488/1577/1582 1489/1578/1583 1609/1699/1690 1608/1698/1689
f 1489/1578/1583 1490/1579/1583 1610/1700/1691 1609/1699/1690
f 1490/1579/1583 1491/1580/1584 1611/1701/1692 1610/1700/1691
f 1491/1580/1584 1492/1581/1585 1612/1702/1693 1611/1701/1692
f 1492/1581/1585 1493/1582/1586 1613/1703/1694 1612/1702/1693
f 1493/1582/1586 1494/1583/1587 1614/1704/1695 1613/1703/1694
f 1494/1583/1587 1495/1584/1587 1615/1705/1696 1614/1704/1695
f 1495/1584/1587 1496/1585/1588 1616/1706/1697 1615/1705/1696
f 1496/1585/1588 1497/1586/1589 1617/1707/1698 1616/1706/1697
f 1497/1586/1589 1498/1587/1590 1618/1708/1699 1617/1707/1698
f 1498/1587/1590 1499/1588/1591 1619/1709/1700 1618/1708/1699
f 1499/1588/1591 1500/1589/1592 1620/1710/1701 1619/1709/1700
f 1500/1589/1592 1501/1590/1592 1621/1711/1702 1620/1710/1701
f 1501/1590/1592 1502/1591/1593 1622/1712/1703 1621/1711/1702
f 1502/1591/1593 1503/1592/1594 1623/1713/1704 1622/1712/1703
f 1503/1592/1594 1504/1593/1594 1624/1714/1705 1623/1713/1704
f 1504/1593/1594 1505/1594/1595 1625/1715/1706 1624/1714/1705
f 1505/1594/1595 1506/1595/1596 1626/1716/1707 1625/1715/1706
f 1506/1595/1596 1507/1596/1597 1627/1717/1708 1626/1716/1707
f 1507/1596/1597 1508/1597/1598 1628/1718/1709 1627/1717/1708
f 1508/1597/1598 1509/1598/1599 1629/1719/1710 1628/1718/1709
f 1509/1598/1599 1510/1599/1599 1630/1720/1711 1629/1719/1710
f 1510/1599/1599 1511/1600/1600 1631/1721/1712 1630/1720/1711
f 1511/1600/1600 1512/1601/1601 1632/1722/1713 1631/1721/1712
f 1512/1601/1601 1513/1602/1602 1633/1723/1714 1632/1722/1713
f 1513/1602/1602 1514/1603/1603 1634/1724/1715 1633/1723/1714
f 1514/1603/1603 1515/1604/1604 1635/1725/1716 1634/1724/1715
f 1515/1604/1604 1516/1605/1605 1636/1726/1717 1635/1725/1716
f 1516/1605/1605 1517/1606/1606 1637/1727/1718 1636/1726/1717
f 1517/1606/1606 1518/1607/1607 1638/1728/1719 1637/1727/1718
f 1518/1607/1607 1519/1608/1608 1639/1729/1720 1638/1728/1719
f 1519/1608/1608 1520/1609/1609 1640/1730/1721 1639/1729/1720
f 1520/1609/1609 1521/1610/1610 1641/1731/1722 1640/1730/1721
f 1521/1610/1610 1522/1611/1611 1642/1732/1723 1641/1731/1722
f 1522/1611/1611 1523/1612/1612 1643/1733/1724 1642/1732/1723
f 1523/1612/1612 1524/1613/1613 1644/1734/1725 1643/1733/1724
f 1524/1613/1613 1525/1614/1614 1645/1735/1726 1644/1734/1725
f 1525/1614/1614 1526/1615/1615 1646/1736/1727 1645/1735/1726
f 1526/1615/1615 1527/1616/1616 1647/1737/1728 1646/1736/1727
f 1527/1616/1616 1528/1617/1617 1648/1738/1729 1647/1737/1728
f 1528/1617/1617 1529/1618/1618 1649/1739/1730 1648/1738/1729
f 1529/1618/1618 1530/1619/1619 1650/1740/1731 1649/1739/1730
f 1530/1619/1619 1531/1620/1619 1651/1741/1732 1650/1740/1731
f 1531/1620/1619 1532/1621/1620 1652/1742/1733 1651/1741/1732
f 1532/1621/1620 1533/1622/1621 1653/1743/1734 1652/1742/1733
f 1533/1622/1621 1534/1623/1621 1654/1744/1735 1653/1743/1734
f 1534/1623/1621 1535/1624/1622 1655/1745/1736 1654/1744/1735
f 1535/1624/1622 1536/1625/1623 1656/1746/1737 1655/1745/1736
f 1536/1625/1623 1537/1626/1623 1657/1747/1738 1656/1746/1737
f 1537/1626/1623 1538/1627/1624 1658/1748/1739 1657/1747/1738
f 1538/1627/1624 1539/1628/1625 1659/1749/1740 1658/1748/1739
f 1539/1628/1625 1540/1629/1625 1660/1750/1741 1659/1749/1740
f 1540/1629/1625 1541/1630/1626 1661/1751/1742 1660/1750/1741
f 1541/1630/1626 1542/1631/1627 1662/1752/1743 1661/1751/1742
f 1542/1631/1627 1543/1632/1628 1663/1753/1744 1662/1752/1743
f 1543/1632/1628 1544/1633/1629 1664/1754/1745 1663/1753/1744
f 1544/1633/1629 1545/1634/1629 1665/1755/1746 1664/1754/1745
f 1545/1634/1629 1546/1635/1630 1666/1756/1747 1665/1755/1746
f 1546/1635/1630 1547/1636/1631 1667/1757/1748 1666/1756/1747
f 1547/1636/1631 1548/1637/1632 1668/1758/1749 1667/1757/1748
f 1548/1637/1632 1549/1638/1633 1669/1759/1750 1668/1758/1749
f 1549/1638/1633 1550/1639/1633 1670/1760/1751 1669/1759/1750
f 1550/1639/1633 1551/1640/1634 1671/1761/1752 1670/1760/1751
f 1551/1640/1634 1552/1641/1635 1672/1762/1753 1671/1761/1752
f 1552/1641/1635 1553/1642/1636 1673/1763/1754 1672/1762/1753
f 1553/1642/1636 1554/1643/1637 1674/1764/1755 1673/1763/1754
f 1554/1643/1637 1555/1644/1637 1675/1765/1756 1674/1764/1755
f 1555/1644/1637 1556/1645/1638 1676/1766/1757 1675/1765/1756
f 1556/1645/1638 1557/1646/1639 1677/1767/1758 1676/1766/1757
f 1557/1646/1639 1558/1647/1640 1678/1768/1759 1677/1767/1758
f 1558/1647/1640 1559/1648/1641 1679/1769/1760 1678/1768/1759
f 1559/1648/1641 1560/1649/1642 1680/1770/1761 1679/1769/1760
f 1560/1649/1642 1561/1650/1642 1681/1771/1762 1680/1770/1761
f 1561/1650/1642 1442/1651/1544 1562/1772/1644 1681/1771/1762
f 1562/1653/1644 1563/1652/1643 1683/1773/1425 1682/1774/1423
f 1563/1652/1643 1564/1654/1645 1684/1775/1427 1683/1773/1425
f 1564/1654/1645 1565/1655/1646 1685/1776/1763 1684/1775/1427
f 1565/1655/1646 1566/1656/1647 1686/1777/1764 1685/1776/1763
f 1566/1656/1647 1567/1657/1648 1687/1778/1765 1686/1777/1764
f 1567/1657/1648 1568/1658/1649 1688/1779/1766 1687/1778/1765
f 1568/1658/1649 1569/1659/1650 1689/1780/1767 1688/1779/1766
f 1569/1659/1650 1570/1660/1651 1690/1781/1768 1689/1780/1767
f 1570/1660/1651 1571/1661/1652 1691/1782/1769 1690/1781/1768
f 1571/1661/1652 1572/1662/1653 1692/1783/1443 1691/1782/1769
f 1572/1662/1653 1573/1663/1654 1693/1784/1445 1692/1783/1443
f 1573/1663/1654 1574/1664/1655 1694/1785/1447 1693/1784/1445
f 1574/1664/1655 1575/1665/1656 1695/1786/1449 1694/1785/1447
f 1575/1665/1656 1576/1666/1657 1696/1787/1451 1695/1786/1449
f 1576/1666/1657 1577/1667/1658 1697/1788/1770 1696/1787/1451
f 1577/1667/1658 1578/1668/1659 1698/1789/1455 1697/1788/1770
f 1578/1668/1659 1579/1669/1660 1699/1790/1457 1698/1789/1455
f 1579/1669/1660 1580/1670/1661 1700/1791/1771 1699/1790/1457
f 1580/1670/1661 1581/1671/1662 1701/1792/1772 1700/1791/1771
f 1581/1671/1662 1582/1672/1663 1702/1793/1463 1701/1792/1772
f 1582/1672/1663 1583/1673/1664 1703/1794/1465 1702/1793/1463
f 1583/1673/1664 1584/1674/1665 1704/1795/1773 1703/1794/1465
f 1584/1674/1665 1585/1675/1666 1705/1796/1774 1704/1795/1773
f 1585/1675/1666 1586/1676/1667 1706/1797/1471 1705/1796/1774
f 1586/1676/1667 1587/1677/1668 1707/1798/1473 1706/1797/1471
f 1587/1677/1668 1588/1678/1669 1708/1799/1775 1707/1798/1473
f 1588/1678/1669 1589/1679/1670 1709/1800/1776 1708/1799/1775
f 1589/1679/1670 1590/1680/1671 1710/1801/1479 1709/1800/1776
f 1590/1680/1671 1591/1681/1672 1711/1802/1481 1710/1801/1479
f 1591/1681/1672 1592/1682/1673 1712/1803/1483 1711/1802/1481
f 1592/1682/1673 1593/1683/1674 1713/1804/1485 1712/1803/1483
f 1593/1683/1674 1594/1684/1675 1714/1805/1487 1713/1804/1485
f 1594/1684/1675 1595/1685/1676 1715/1806/1777 1714/1805/1487
f 1595/1685/1676 1596/1686/1677 1716/1807/1778 1715/1806/1777
f 1596/1686/1677 1597/1687/1678 1717/1808/1493 1716/1807/1778
f 1597/1687/1678 1598/1688/1679 1718/1809/1495 1717/1808/1493
f 1598/1688/1679 1599/1689/1680 1719/1810/1779 1718/1809/1495
f 1599/1689/1680 1600/1690/1681 1720/1811/1780 1719/1810/1779
f 1600/1690/1681 1601/1691/1682 1721/1812/1501 1720/1811/1780
f 1601/1691/1682 1602/1692/1683 1722/1813/1503 1721/1812/1501
f 1602/1692/1683 1603/1693/1684 1723/1814/1781 1722/1813/1503
f 1603/1693/1684 1604/1694/1685 1724/1815/1782 1723/1814/1781
f 1604/1694/1685 1605/1695/1686 1725/1816/1509 1724/1815/1782
f 1605/1695/1686 1606/1696/1687 1726/1817/1783 1725/1816/1509
f 1606/1696/1687 1607/1697/1688 1727/1818/1784 1726/1817/1783
f 1607/1697/1688 1608/1698/1689 1728/1819/1785 1727/1818/1784
f 1608/1698/1689 1609/1699/1690 1729/1820/1786 1728/1819/1785
f 1609/1699/1690 1610/1700/1691 1730/1821/1519 1729/1820/1786
f 1610/1700/1691 1611/1701/1692 1731/1822/1521 1730/1821/1519
f 1611/1701/1692 1612/1702/1693 1732/1823/1523 1731/1822/1521
f 1612/1702/1693 1613/1703/1694 1733/1824/1787 1732/1823/1523
f 1613/1703/1694 1614/1704/1695 1734/1825/1788 1733/1824/1787
f 1614/1704/1695 1615/1705/1696 1735/1826/1789 1734/1825/1788
f 1615/1705/1696 1616/1706/1697 1736/1827/1790 1735/1826/1789
f 1616/1706/1697 1617/1707/1698 1737/1828/1791 1736/1827/1790
f 1617/1707/1698 1618/1708/1699 1738/1829/1792 1737/1828/1791
f 1618/1708/1699 1619/1709/1700 1739/1830/1793 1738/1829/1792
f 1619/1709/1700 1620/1710/1701 1740/1831/1539 1739/1830/1793
f 1620/1710/1701 1621/1711/1702 1741/1832/1541 1740/1831/1539
f 1621/1711/1702 1622/1712/1703 1742/1833/1303 1741/1832/1541
f 1622/1712/1703 1623/1713/1704 1743/1834/1304 1742/1833/1303
f 1623/1713/1704 1624/1714/1705 1744/1835/1307 1743/1834/1304
f 1624/1714/1705 1625/1715/1706 1745/1836/1794 1744/1835/1307
f 1625/1715/1706 1626/1716/1707 1746/1837/1795 1745/1836/1794
f 1626/1716/1707 1627/1717/1708 1747/1838/1796 1746/1837/1795
f 1627/1717/1708 1628/1718/1709 1748/1839/1797 1747/1838/1796
f 1628/1718/1709 1629/1719/1710 1749/1840/1798 1748/1839/1797
f 1629/1719/1710 1630/1720/1711 1750/1841/1799 1749/1840/1798
f 1630/1720/1711 1631/1721/1712 1751/1842/1800 1750/1841/1799
f 1631/1721/1712 1632/1722/1713 1752/1843/1323 1751/1842/1800
f 1632/1722/1713 1633/1723/1714 1753/1844/1325 1752/1843/1323
f 1633/1723/1714 1634/1724/1715 1754/1845/1327 1753/1844/1325
f 1634/1724/1715 1635/1725/1716 1755/1846/1329 1754/1845/1327
f 1635/1725/1716 1636/1726/1717 1756/1847/1331 1755/1846/1329
f 1636/1726/1717 1637/1727/1718 1757/1848/1801 1756/1847/1331
f 1637/1727/1718 1638/1728/1719 1758/1849/1335 1757/1848/1801
f 1638/1728/1719 1639/1729/1720 1759/1850/1337 1758/1849/1335
f 1639/1729/1720 1640/1730/1721 1760/1851/1802 1759/1850/1337
f 1640/1730/1721 1641/1731/1722 1761/1852/1803 1760/1851/1802
f 1641/1731/1722 1642/1732/1723 1762/1853/1343 1761/1852/1803
f 1642/1732/1723 1643/1733/1724 1763/1854/1345 1762/1853/1343
f 1643/1733/1724 1644/1734/1725 1764/1855/1804 1763/1854/1345
f 1644/1734/1725 1645/1735/1726 1765/1856/1805 1764/1855/1804
f 1645/1735/1726 1646/1736/1727 1766/1857/1351 1765/1856/1805
f 1646/1736/1727 1647/1737/1728 1767/1858/1353 1766/1857/1351
f 1647/1737/1728 1648/1738/1729 1768/1859/1806 1767/1858/1353
f 1648/1738/1729 1649/1739/1730 1769/1860/1807 1768/1859/1806
f 1649/1739/1730 1650/1740/1731 1770/1861/1359 1769/1860/1807
f 1650/1740/1731 1651/1741/1732 1771/1862/1361 1770/1861/1359
f 1651/1741/1732 1652/1742/1733 1772/1863/1363 1771/1862/1361
f 1652/1742/1733 1653/1743/1734 1773/1864/1365 1772/1863/1363
f 1653/1743/1734 1654/1744/1735 1774/1865/1367 1773/1864/1365
f 1654/1744/1735 1655/1745/1736 1775/1866/1808 1774/1865/1367
f 1655/1745/1736 1656/1746/1737 1776/1867/1809 1775/1866/1808
f 1656/1746/1737 1657/1747/1738 1777/1868/1373 1776/1867/1809
f 1657/1747/1738 1658/1748/1739 1778/1869/1375 1777/1868/1373
f 1658/1748/1739 1659/1749/1740 1779/1870/1810 1778/1869/1375
f 1659/1749/1740 1660/1750/1741 1780/1871/1811 1779/1870/1810
f 1660/1750/1741 1661/1751/1742 1781/1872/1381 1780/1871/1811
f 1661/1751/1742 1662/1752/1743 1782/1873/1383 1781/1872/1381
f 1662/1752/1743 1663/1753/1744 1783/1874/1812 1782/1873/1383
f 1663/1753/1744 1664/1754/1745 1784/1875/1813 1783/1874/1812
f 1664/1754/1745 1665/1755/1746 1785/1876/1389 1784/1875/1813
f 1665/1755/1746 1666/1756/1747 1786/1877/1814 1785/1876/1389
f 1666/1756/1747 1667/1757/1748 1787/1878/1815 1786/1877/1814
f 1667/1757/1748 1668/1758/1749 1788/1879/1816 1787/1878/1815
f 1668/1758/1749 1669/1759/1750 1789/1880/1817 1788/1879/1816
f 1669/1759/1750 1670/1760/1751 1790/1881/1399 1789/1880/1817
f 1670/1760/1751 1671/1761/1752 1791/1882/1401 1790/1881/1399
f 1671/1761/1752 1672/1762/1753 1792/1883/1403 1791/1882/1401
f 1672/1762/1753 1673/1763/1754 1793/1884/1818 1792/1883/1403
f 1673/1763/1754 1674/1764/1755 1794/1885/1819 1793/1884/1818
f 1674/1764/1755 1675/1765/1756 1795/1886/1820 1794/1885/1819
f 1675/1765/1756 1676/1766/1757 1796/1887/1821 1795/1886/1820
f 1676/1766/1757 1677/1767/1758 1797/1888/1822 1796/1887/1821
f 1677/1767/1758 1678/1768/1759 1798/1889/1823 1797/1888/1822
f 1678/1768/1759 1679/1769/1760 1799/1890/1824 1798/1889/1823
f 1679/1769/1760 1680/1770/1761 1800/1891/1419 1799/1890/1824
f 1680/1770/1761 1681/1771/1762 1801/1892/1421 1800/1891/1419
f 1681/1771/1762 1562/1772/1644 1682/1893/1423 1801/1892/1421
f 1682/1774/1302 1683/1773/1302 1803/1894/1302 1802/1895/1302
f 1683/1773/1302 1684/1775/1302 1804/1896/1302 1803/1894/1302
f 1684/1775/1302 1685/1776/1302 1805/1897/1302 1804/1896/1302
f 1685/1776/1302 1686/1777/1302 1806/1898/1302 1805/1897/1302
f 1686/1777/1302 1687/1778/1302 1807/1899/1302 1806/1898/1302
f 1687/1778/1302 1688/1779/1302 1808/1900/1302 1807/1899/1302
f 1688/1779/1302 1689/1780/1302 1809/1901/1302 1808/1900/1302
f 1689/1780/1302 1690/1781/1302 1810/1902/1302 1809/1901/1302
f 1690/1781/1302 1691/1782/1302 1811/1903/1302 1810/1902/1302
f 1691/1782/1302 1692/1783/1302 1812/1904/1302 1811/1903/1302
f 1692/1783/1302 1693/1784/1302 1813/1905/1302 1812/1904/1302
f 1693/1784/1302 1694/1785/1302 1814/1906/1302 1813/1905/1302
f 1694/1785/1302 1695/1786/1302 1815/1907/1302 1814/1906/1302
f 1695/1786/1302 1696/1787/1302 1816/1908/1302 1815/1907/1302
f 1696/1787/1302 1697/1788/1302 1817/1909/1302 1816/1908/1302
f 1697/1788/1302 1698/1789/1302 1818/1910/1302 1817/1909/1302
f 1698/1789/1302 1699/1790/1302 1819/1911/1302 1818/1910/1302
f 1699/1790/1302 1700/1791/1302 1820/1912/1302 1819/1911/1302
f 1700/1791/1302 1701/1792/1302 1821/1913/1302 1820/1912/1302
f 1701/1792/1302 1702/1793/1302 1822/1914/1302 1821/1913/1302
f 1702/1793/1302 1703/1794/1302 1823/1915/1302 1822/1914/1302
f 1703/1794/1302 1704/1795/1302 1824/1916/1302 1823/1915/1302
f 1704/1795/1302 1705/1796/1302 1825/1917/1302 1824/1916/1302
f 1705/1796/1302 1706/1797/1302 1826/1918/1302 1825/1917/1302
f 1706/1797/1302 1707/1798/1302 1827/1919/1302 1826/1918/1302
f 1707/1798/1302 1708/1799/1302 1828/1920/1302 1827/1919/1302
f 1708/1799/1302 1709/1800/1302 1829/1921/1302 1828/1920/1302
f 1709/1800/1302 1710/1801/1302 1830/1922/1302 1829/1921/1302
f 1710/1801/1302 1711/1802/1302 1831/1923/1302 1830/1922/1302
f 1711/1802/1302 1712/1803/1302 1832/1924/1302 1831/1923/1302
f 1712/1803/1302 1713/1804/1302 1833/1925/1302 1832/1924/1302
f 1713/1804/1302 1714/1805/1302 1834/1926/1302 1833/1925/1302
f 1714/1805/1302 1715/1806/1302 1835/1927/1302 1834/1926/1302
f 1715/1806/1302 1716/1807/1302 1836/1928/1302 1835/1927/1302
f 1716/1807/1302 1717/1808/1302 1837/1929/1302 1836/1928/1302
f 1717/1808/1302 1718/1809/1302 1838/1930/1302 1837/1929/1302
f 1718/1809/1302 1719/1810/1302 1839/1931/1302 1838/1930/1302
f 1719/1810/1302 1720/1811/1302 1840/1932/1302 1839/1931/1302
f 1720/1811/1302 1721/1812/1302 1841/1933/1302 1840/1932/1302
f 1721/1812/1302 1722/1813/1302 1842/1934/1302 1841/1933/1302
f 1722/1813/1302 1723/1814/1302 1843/1935/1302 1842/1934/1302
f 1723/1814/1302 1724/1815/1302 1844/1936/1302 1843/1935/1302
f 1724/1815/1302 1725/1816/1302 1845/1937/1302 1844/1936/1302
f 1725/1816/1302 1726/1817/1302 1846/1938/1302 1845/1937/1302
f 1726/1817/1302 1727/1818/1302 1847/1939/1302 1846/1938/1302
f 1727/1818/1302 1728/1819/1302 1848/1940/1302 1847/1939/1302
f 1728/1819/1302 1729/1820/1302 1849/1941/1302 1848/1940/1302
f 1729/1820/1302 1730/1821/1302 1850/1942/1302 1849/1941/1302
f 1730/1821/1302 1731/1822/1302 1851/1943/1302 1850/1942/1302
f 1731/1822/1302 1732/1823/1302 1852/1944/1302 1851/1943/1302
f 1732/1823/1302 1733/1824/1302 1853/1945/1302 1852/1944/1302
f 1733/1824/1302 1734/1825/1302 1854/1946/1302 1853/1945/1302
f 1734/1825/1302 1735/1826/1302 1855/1947/1302 1854/1946/1302
f 1735/1826/1302 1736/1827/1302 1856/1948/1302 1855/1947/1302
f 1736/1827/1302 1737/1828/1302 1857/1949/1302 1856/1948/1302
f 1737/1828/1302 1738/1829/1302 1858/1950/1302 1857/1949/1302
f 1738/1829/1302 1739/1830/1302 1859/1951/1302 1858/1950/1302
f 1739/1830/1302 1740/1831/1302 1860/1952/1302 1859/1951/1302
f 1740/1831/1302 1741/1832/1302 1861/1953/1302 1860/1952/1302
f 1741/1832/1302 1742/1833/1302 1862/1954/1302 1861/1953/1302
f 1742/1833/1302 1743/1834/1302 1863/1955/1302 1862/1954/1302
f 1743/1834/1302 1744/1835/1302 1864/1956/1302 1863/1955/1302
f 1744/1835/1302 1745/1836/1302 1865/1957/1302 1864/1956/1302
f 1745/1836/1302 1746/1837/1302 1866/1958/1302 1865/1957/1302
f 1746/1837/1302 1747/1838/1302 1867/1959/1302 1866/1958/1302
f 1747/1838/1302 1748/1839/1302 1868/1960/1302 1867/1959/1302
f 1748/1839/1302 1749/1840/1302 1869/1961/1302 1868/1960/1302
f 1749/1840/1302 1750/1841/1302 1870/1962/1302 1869/1961/1302
f 1750/1841/1302 1751/1842/1302 1871/1963/1302 1870/1962/1302
f 1751/1842/1302 1752/1843/1302 1872/1964/1302 1871/1963/1302
f 1752/1843/1302 1753/1844/1302 1873/1965/1302 1872/1964/1302
f 1753/1844/1302 1754/1845/1302 1874/1966/1302 1873/1965/1302
f 1754/1845/1302 1755/1846/1302 1875/1967/1302 1874/1966/1302
f 1755/1846/1302 1756/1847/1302 1876/1968/1302 1875/1967/1302
f 1756/1847/1302 1757/1848/1302 1877/1969/1302 1876/1968/1302
f 1757/1848/1302 1758/1849/1302 1878/1970/1302 1877/1969/1302
f 1758/1849/1302 1759/1850/1302 1879/1971/1302 1878/1970/1302
f 1759/1850/1302 1760/1851/1302 1880/1972/1302 1879/1971/1302
f 1760/1851/1302 1761/1852/1302 1881/1973/1302 1880/1972/1302
f 1761/1852/1302 1762/1853/1302 1882/1974/1302 1881/1973/1302
f 1762/1853/1302 1763/1854/1302 1883/1975/1302 1882/1974/1302
f 1763/1854/1302 1764/1855/1302 1884/1976/1302 1883/1975/1302
f 1764/1855/1302 1765/1856/1302 1885/1977/1302 1884/1976/1302
f 1765/1856/1302 1766/1857/1302 1886/1978/1302 1885/1977/1302
f 1766/1857/1302 1767/1858/1302 1887/1979/1302 1886/1978/1302
f 1767/1858/1302 1768/1859/1302 1888/1980/1302 1887/1979/1302
f 1768/1859/1302 1769/1860/1302 1889/1981/1302 1888/1980/1302
f 1769/1860/1302 1770/1861/1302 1890/1982/1302 1889/1981/1302
f 1770/1861/1302 1771/1862/1302 1891/1983/1302 1890/1982/1302
f 1771/1862/1302 1772/1863/1302 1892/1984/1302 1891/1983/1302
f 1772/1863/1302 1773/1864/1302 1893/1985/1302 1892/1984/1302
f 1773/1864/1302 1774/1865/1302 1894/1986/1302 1893/1985/1302
f 1774/1865/1302 1775/1866/1302 1895/1987/1302 1894/1986/1302
f 1775/1866/1302 1776/1867/1302 1896/1988/1302 1895/1987/1302
f 1776/1867/1302 1777/1868/1302 1897/1989/1302 1896/1988/1302
f 1777/1868/1302 1778/1869/1302 1898/1990/1302 1897/1989/1302
f 1778/1869/1302 1779/1870/1302 1899/1991/1302 1898/1990/1302
f 1779/1870/1302 1780/1871/1302 1900/1992/1302 1899/1991/1302
f 1780/1871/1302 1781/1872/1302 1901/1993/1302 1900/1992/1302
f 1781/1872/1302 1782/1873/1302 1902/1994/1302 1901/1993/1302
f 1782/1873/1302 1783/1874/1302 1903/1995/1302 1902/1994/1302
f 1783/1874/1302 1784/1875/1302 1904/1996/1302 1903/1995/1302
f 1784/1875/1302 1785/1876/1302 1905/1997/1302 1904/1996/1302
f 1785/1876/1302 1786/1877/1302 1906/1998/1302 1905/1997/1302
f 1786/1877/1302 1787/1878/1302 1907/1999/1302 1906/1998/1302
f 1787/1878/1302 1788/1879/1302 1908/2000/1302 1907/1999/1302
f 1788/1879/1302 1789/1880/1302 1909/2001/1302 1908/2000/1302
f 1789/1880/1302 1790/1881/1302 1910/2002/1302 1909/2001/1302
f 1790/1881/1302 1791/1882/1302 1911/2003/1302 1910/2002/1302
f 1791/1882/1302 1792/1883/1302 1912/2004/1302 1911/2003/1302
f 1792/1883/1302 1793/1884/1302 1913/2005/1302 1912/2004/1302
f 1793/1884/1302 1794/1885/1302 1914/2006/1302 1913/2005/1302
f 1794/1885/1302 1795/1886/1302 1915/2007/1302 1914/2006/1302
f 1795/1886/1302 1796/1887/1302 1916/2008/1302 1915/2007/1302
f 1796/1887/1302 1797/1888/1302 1917/2009/1302 1916/2008/1302
f 1797/1888/1302 1798/1889/1302 1918/2010/1302 1917/2009/1302
f 1798/1889/1302 1799/1890/1302 1919/2011/1302 1918/2010/1302
f 1799/1890/1302 1800/1891/1302 1920/2012/1302 1919/2011/1302
f 1800/1891/1302 1801/1892/1302 1921/2013/1302 1920/2012/1302
f 1801/1892/1302 1682/1893/1302 1802/2014/1302 1921/2013/1302
f 1802/1895/1303 1803/1894/1304 1923/2015/1825 1922/2016/1826
f 1803/1894/1304 1804/1896/1307 1924/2017/1827 1923/2015/1825
f 1804/1896/1307 1805/1897/1794 1925/2018/1828 1924/2017/1827
f 1805/1897/1794 1806/1898/1795 1926/2019/1829 1925/2018/1828
f 1806/1898/1795 1807/1899/1796 1927/2020/1830 1926/2019/1829
f 1807/1899/1796 1808/1900/1797 1928/2021/1831 1927/2020/1830
f 1808/1900/1797 1809/1901/1798 1929/2022/1832 1928/2021/1831
f 1809/1901/1798 1810/1902/1799 1930/2023/1833 1929/2022/1832
f 1810/1902/1799 1811/1903/1800 1931/2024/1834 1930/2023/1833
f 1811/1903/1800 1812/1904/1323 1932/2025/1835 1931/2024/1834
f 1812/1904/1323 1813/1905/1325 1933/2026/1836 1932/2025/1835
f 1813/1905/1325 1814/1906/1327 1934/2027/1837 1933/2026/1836
f 1814/1906/1327 1815/1907/1329 1935/2028/1838 1934/2027/1837
f 1815/1907/1329 1816/1908/1331 1936/2029/1839 1935/2028/1838
f 1816/1908/1331 1817/1909/1801 1937/2030/1840 1936/2029/1839
f 1817/1909/1801 1818/1910/1335 1938/2031/1841 1937/2030/1840
f 1818/1910/1335 1819/1911/1337 1939/2032/1842 1938/2031/1841
f 1819/1911/1337 1820/1912/1802 1940/2033/1843 1939/2032/1842
f 1820/1912/1802 1821/1913/1803 1941/2034/1844 1940/2033/1843
f 1821/1913/1803 1822/1914/1343 1942/2035/1845 1941/2034/1844
f 1822/1914/1343 1823/1915/1345 1943/2036/1846 1942/2035/1845
f 1823/1915/1345 1824/1916/1847 1944/2037/1848 1943/2036/1846
f 1824/1916/1847 1825/1917/1805 1945/2038/1849 1944/2037/1848
f 1825/1917/1805 1826/1918/1351 1946/2039/1850 1945/2038/1849
f 1826/1918/1351 1827/1919/1353 1947/2040/1851 1946/2039/1850
f 1827/1919/1353 1828/1920/1806 1948/2041/1852 1947/2040/1851
f 1828/1920/1806 1829/1921/1807 1949/2042/1853 1948/2041/1852
f 1829/1921/1807 1830/1922/1359 1950/2043/1854 1949/2042/1853
f 1830/1922/1359 1831/1923/1361 1951/2044/1855 1950/2043/1854
f 1831/1923/1361 1832/1924/1363 1952/2045/1856 1951/2044/1855
f 1832/1924/1363 1833/1925/1365 1953/2046/1857 1952/2045/1856
f 1833/1925/1365 1834/1926/1367 1954/2047/1858 1953/2046/1857
f 1834/1926/1367 1835/1927/1808 1955/2048/1859 1954/2047/1858
f 1835/1927/1808 1836/1928/1809 1956/2049/1860 1955/2048/1859
f 1836/1928/1809 1837/1929/1373 1957/2050/1861 1956/2049/1860
f 1837/1929/1373 1838/1930/1375 1958/2051/1862 1957/2050/1861
f 1838/1930/1375 1839/1931/1810 1959/2052/1863 1958/2051/1862
f 1839/1931/1810 1840/1932/1864 1960/2053/1865 1959/2052/1863
f 1840/1932/1864 1841/1933/1381 1961/2054/1866 1960/2053/1865
f 1841/1933/1381 1842/1934/1383 1962/2055/1867 1961/2054/1866
f 1842/1934/1383 1843/1935/1812 1963/2056/1868 1962/2055/1867
f 1843/1935/1812 1844/1936/1813 1964/2057/1869 1963/2056/1868
f 1844/1936/1813 1845/1937/1389 1965/2058/1870 1964/2057/1869
f 1845/1937/1389 1846/1938/1814 1966/2059/1871 1965/2058/1870
f 1846/1938/1814 1847/1939/1815 1967/2060/1872 1966/2059/1871
f 1847/1939/1815 1848/1940/1816 1968/2061/1873 1967/2060/1872
f 1848/1940/1816 1849/1941/1817 1969/2062/1874 1968/2061/1873
f 1849/1941/1817 1850/1942/1399 1970/2063/1875 1969/2062/1874
f 1850/1942/1399 1851/1943/1401 1971/2064/1876 1970/2063/1875
f 1851/1943/1401 1852/1944/1403 1972/2065/1877 1971/2064/1876
f 1852/1944/1403 1853/1945/1818 1973/2066/1878 1972/2065/1877
f 1853/1945/1818 1854/1946/1819 1974/2067/1879 1973/2066/1878
f 1854/1946/1819 1855/1947/1820 1975/2068/1880 1974/2067/1879
f 1855/1947/1820 1856/1948/1821 1976/2069/1881 1975/2068/1880
f 1856/1948/1821 1857/1949/1822 1977/2070/1882 1976/2069/1881
f 1857/1949/1822 1858/1950/1823 1978/2071/1883 1977/2070/1882
f 1858/1950/1823 1859/1951/1824 1979/2072/1884 1978/2071/1883
f 1859/1951/1824 1860/1952/1419 1980/2073/1885 1979/2072/1884
f 1860/1952/1419 1861/1953/1421 1981/2074/1886 1980/2073/1885
f 1861/1953/1421 1862/1954/1423 1982/2075/1887 1981/2074/1886
f 1862/1954/1423 1863/1955/1425 1983/2076/1888 1982/2075/1887
f 1863/1955/1425 1864/1956/1427 1984/2077/1889 1983/2076/1888
f 1864/1956/1427 1865/1957/1763 1985/2078/1890 1984/2077/1889
f 1865/1957/1763 1866/1958/1764 1986/2079/1891 1985/2078/1890
f 1866/1958/1764 1867/1959/1765 1987/2080/1892 1986/2079/1891
f 1867/1959/1765 1868/1960/1766 1988/2081/1893 1987/2080/1892
f 1868/1960/1766 1869/1961/1767 1989/2082/1894 1988/2081/1893
f 1869/1961/1767 1870/1962/1768 1990/2083/1895 1989/2082/1894
f 1870/1962/1768 1871/1963/1769 1991/2084/1896 1990/2083/1895
f 1871/1963/1769 1872/1964/1443 1992/2085/1897 1991/2084/1896
f 1872/1964/1443 1873/1965/1445 1993/2086/1898 1992/2085/1897
f 1873/1965/1445 1874/1966/1447 1994/2087/1899 1993/2086/1898
f 1874/1966/1447 1875/1967/1449 1995/2088/1900 1994/2087/1899
f 1875/1967/1449 1876/1968/1451 1996/2089/1901 1995/2088/1900
f 1876/1968/1451 1877/1969/1770 1997/2090/1902 1996/2089/1901
f 1877/1969/1770 1878/1970/1455 1998/2091/1903 1997/2090/1902
f 1878/1970/1455 1879/1971/1457 1999/2092/1904 1998/2091/1903
f 1879/1971/1457 1880/1972/1771 2000/2093/1905 1999/2092/1904
f 1880/1972/1771 1881/1973/1772 2001/2094/1906 2000/2093/1905
f 1881/1973/1772 1882/1974/1463 2002/2095/1907 2001/2094/1906
f 1882/1974/1463 1883/1975/1465 2003/2096/1908 2002/2095/1907
f 1883/1975/1465 1884/1976/1909 2004/2097/1910 2003/2096/1908
f 1884/1976/1909 1885/1977/1774 2005/2098/1911 2004/2097/1910
f 1885/1977/1774 1886/1978/1471 2006/2099/1912 2005/2098/1911
f 1886/1978/1471 1887/1979/1473 2007/2100/1913 2006/2099/1912
f 1887/1979/1473 1888/1980/1775 2008/2101/1914 2007/2100/1913
f 1888/1980/1775 1889/1981/1776 2009/2102/1915 2008/2101/1914
f 1889/1981/1776 1890/1982/1479 2010/2103/1916 2009/2102/1915
f 1890/1982/1479 1891/1983/1481 2011/2104/1917 2010/2103/1916
f 1891/1983/1481 1892/1984/1483 2012/2105/1918 2011/2104/1917
f 1892/1984/1483 1893/1985/1485 2013/2106/1919 2012/2105/1918
f 1893/1985/1485 1894/1986/1487 2014/2107/1920 2013/2106/1919
f 1894/1986/1487 1895/1987/1777 2015/2108/1921 2014/2107/1920
f 1895/1987/1777 1896/1988/1778 2016/2109/1922 2015/2108/1921
f 1896/1988/1778 1897/1989/1493 2017/2110/1923 2016/2109/1922
f 1897/1989/1493 1898/1990/1495 2018/2111/1924 2017/2110/1923
f 1898/1990/1495 1899/1991/1779 2019/2112/1925 2018/2111/1924
f 1899/1991/1779 1900/1992/1926 2020/2113/1927 2019/2112/1925
f 1900/1992/1926 1901/1993/1501 2021/2114/1928 2020/2113/1927
f 1901/1993/1501 1902/1994/1503 2022/2115/1929 2021/2114/1928
f 1902/1994/1503 1903/1995/1781 2023/2116/1930 2022/2115/1929
f 1903/1995/1781 1904/1996/1782 2024/2117/1931 2023/2116/1930
f 1904/1996/1782 1905/1997/1509 2025/2118/1932 2024/2117/1931
f 1905/1997/1509 1906/1998/1783 2026/2119/1933 2025/2118/1932
f 1906/1998/1783 1907/1999/1784 2027/2120/1934 2026/2119/1933
f 1907/1999/1784 1908/2000/1785 2028/2121/1935 2027/2120/1934
f 1908/2000/1785 1909/2001/1786 2029/2122/1936 2028/2121/1935
f 1909/2001/1786 1910/2002/1519 2030/2123/1937 2029/2122/1936
f 1910/2002/1519 1911/2003/1521 2031/2124/1938 2030/2123/1937
f 1911/2003/1521 1912/2004/1523 2032/2125/1939 2031/2124/1938
f 1912/2004/1523 1913/2005/1787 2033/2126/1940 2032/2125/1939
f 1913/2005/1787 1914/2006/1788 2034/2127/1941 2033/2126/1940
f 1914/2006/1788 1915/2007/1789 2035/2128/1942 2034/2127/1941
f 1915/2007/1789 1916/2008/1790 2036/2129/1943 2035/2128/1942
f 1916/2008/1790 1917/2009/1791 2037/2130/1944 2036/2129/1943
f 1917/2009/1791 1918/2010/1792 2038/2131/1945 2037/2130/1944
f 1918/2010/1792 1919/2011/1793 2039/2132/1946 2038/2131/1945
f 1919/2011/1793 1920/2012/1539 2040/2133/1947 2039/2132/1946
f 1920/2012/1539 1921/2013/1541 2041/2134/1948 2040/2133/1947
f 1921/2013/1541 1802/2014/1303 1922/2135/1826 2041/2134/1948
f 1922/2016/1826 1923/2015/1825 2043/2136/1949 2042/2137/1950
f 1923/2015/1825 1924/2017/1827 2044/2138/1951 2043/2136/1949
f 1924/2017/1827 1925/2018/1828 2045/2139/1952 2044/2138/1951
f 1925/2018/1828 1926/2019/1829 2046/2140/1953 2045/2139/1952
f 1926/2019/1829 1927/2020/1830 2047/2141/1954 2046/2140/1953
f 1927/2020/1830 1928/2021/1831 2048/2142/1955 2047/2141/1954
f 1928/2021/1831 1929/2022/1832 2049/2143/1956 2048/2142/1955
f 1929/2022/1832 1930/2023/1833 2050/2144/1957 2049/2143/1956
f 1930/2023/1833 1931/2024/1834 2051/2145/1957 2050/2144/1957
f 1931/2024/1834 1932/2025/1835 2052/2146/1958 2051/2145/1957
f 1932/2025/1835 1933/2026/1836 2053/2147/1959 2052/2146/1958
f 1933/2026/1836 1934/2027/1837 2054/2148/1960 2053/2147/1959
f 1934/2027/1837 1935/2028/1838 2055/2149/1961 2054/2148/1960
f 1935/2028/1838 1936/2029/1839 2056/2150/1962 2055/2149/1961
f 1936/2029/1839 1937/2030/1840 2057/2151/1963 2056/2150/1962
f 1937/2030/1840 1938/2031/1841 2058/2152/1964 2057/2151/1963
f 1938/2031/1841 1939/2032/1842 2059/2153/1965 2058/2152/1964
f 1939/2032/1842 1940/2033/1843 2060/2154/1966 2059/2153/1965
f 1940/2033/1843 1941/2034/1844 2061/2155/1967 2060/2154/1966
f 1941/2034/1844 1942/2035/1845 2062/2156/1968 2061/2155/1967
f 1942/2035/1845 1943/2036/1846 2063/2157/1969 2062/2156/1968
f 1943/2036/1846 1944/2037/1848 2064/2158/1970 2063/2157/1969
f 1944/2037/1848 1945/2038/1849 2065/2159/1970 2064/2158/1970
f 1945/2038/1849 1946/2039/1850 2066/2160/1971 2065/2159/1970
f 1946/2039/1850 1947/2040/1851 2067/2161/1972 2066/2160/1971
f 1947/2040/1851 1948/2041/1852 2068/2162/1973 2067/2161/1972
f 1948/2041/1852 1949/2042/1853 2069/2163/1974 2068/2162/1973
f 1949/2042/1853 1950/2043/1854 2070/2164/1975 2069/2163/1974
f 1950/2043/1854 1951/2044/1855 2071/2165/1976 2070/2164/1975
f 1951/2044/1855 1952/2045/1856 2072/2166/1977 2071/2165/1976
f 1952/2045/1856 1953/2046/1857 2073/2167/1978 2072/2166/1977
f 1953/2046/1857 1954/2047/1858 2074/2168/1979 2073/2167/1978
f 1954/2047/1858 1955/2048/1859 2075/2169/1980 2074/2168/1979
f 1955/2048/1859 1956/2049/1860 2076/2170/1981 2075/2169/1980
f 1956/2049/1860 1957/2050/1861 2077/2171/1982 2076/2170/1981
f 1957/2050/1861 1958/2051/1862 2078/2172/1983 2077/2171/1982
f 1958/2051/1862 1959/2052/1863 2079/2173/1984 2078/2172/1983
f 1959/2052/1863 1960/2053/1865 2080/2174/1985 2079/2173/1984
f 1960/2053/1865 1961/2054/1866 2081/2175/1986 2080/2174/1985
f 1961/2054/1866 1962/2055/1867 2082/2176/1987 2081/2175/1986
f 1962/2055/1867 1963/2056/1868 2083/2177/1988 2082/2176/1987
f 1963/2056/1868 1964/2057/1869 2084/2178/1989 2083/2177/1988
f 1964/2057/1869 1965/2058/1870 2085/2179/1990 2084/2178/1989
f 1965/2058/1870 1966/2059/1871 2086/2180/1991 2085/2179/1990
f 1966/2059/1871 1967/2060/1872 2087/2181/1992 2086/2180/1991
f 1967/2060/1872 1968/2061/1873 2088/2182/1993 2087/2181/1992
f 1968/2061/1873 1969/2062/1874 2089/2183/1994 2088/2182/1993
f 1969/2062/1874 1970/2063/1875 2090/2184/1995 2089/2183/1994
f 1970/2063/1875 1971/2064/1876 2091/2185/1996 2090/2184/1995
f 1971/2064/1876 1972/2065/1877 2092/2186/1997 2091/2185/1996
f 1972/2065/1877 1973/2066/1878 2093/2187/1998 2092/2186/1997
f 1973/2066/1878 1974/2067/1879 2094/2188/1999 2093/2187/1998
f 1974/2067/1879 1975/2068/1880 2095/2189/1999 2094/2188/1999
f 1975/2068/1880 1976/2069/1881 2096/2190/2000 2095/2189/1999
f 1976/2069/1881 1977/2070/1882 2097/2191/2001 2096/2190/2000
f 1977/2070/1882 1978/2071/1883 2098/2192/2002 2097/2191/2001
f 1978/2071/1883 1979/2072/1884 2099/2193/2003 2098/2192/2002
f 1979/2072/1884 1980/2073/1885 2100/2194/2004 2099/2193/2003
f 1980/2073/1885 1981/2074/1886 2101/2195/2005 2100/2194/2004
f 1981/2074/1886 1982/2075/1887 2102/2196/2006 2101/2195/2005
f 1982/2075/1887 1983/2076/1888 2103/2197/2007 2102/2196/2006
f 1983/2076/1888 1984/2077/1889 2104/2198/2008 2103/2197/2007
f 1984/2077/1889 1985/2078/1890 2105/2199/2009 2104/2198/2008
f 1985/2078/1890 1986/2079/1891 2106/2200/2010 2105/2199/2009
f 1986/2079/1891 1987/2080/1892 2107/2201/2011 2106/2200/2010
f 1987/2080/1892 1988/2081/1893 2108/2202/2012 2107/2201/2011
f 1988/2081/1893 1989/2082/1894 2109/2203/2013 2108/2202/2012
f 1989/2082/1894 1990/2083/1895 2110/2204/2014 2109/2203/2013
f 1990/2083/1895 1991/2084/1896 2111/2205/2014 2110/2204/2014
f 1991/2084/1896 1992/2085/1897 2112/2206/2015 2111/2205/2014
f 1992/2085/1897 1993/2086/1898 2113/2207/2016 2112/2206/2015
f 1993/2086/1898 1994/2087/1899 2114/2208/2017 2113/2207/2016
f 1994/2087/1899 1995/2088/1900 2115/2209/2018 2114/2208/2017
f 1995/2088/1900 1996/2089/1901 2116/2210/2019 2115/2209/2018
f 1996/2089/1901 1997/2090/1902 2117/2211/2020 2116/2210/2019
f 1997/2090/1902 1998/2091/1903 2118/2212/2021 2117/2211/2020
f 1998/2091/1903 1999/2092/1904 2119/2213/2022 2118/2212/2021
f 1999/2092/1904 2000/2093/1905 2120/2214/2023 2119/2213/2022
f 2000/2093/1905 2001/2094/1906 2121/2215/2024 2120/2214/2023
f 2001/2094/1906 2002/2095/1907 2122/2216/2025 2121/2215/2024
f 2002/2095/1907 2003/2096/1908 2123/2217/2026 2122/2216/2025
f 2003/2096/1908 2004/2097/1910 2124/2218/2027 2123/2217/2026
f 2004/2097/1910 2005/2098/1911 2125/2219/2027 2124/2218/2027
f 2005/2098/1911 2006/2099/1912 2126/2220/2028 2125/2219/2027
f 2006/2099/1912 2007/2100/1913 2127/2221/2029 2126/2220/2028
f 2007/2100/1913 2008/2101/1914 2128/2222/2030 2127/2221/2029
f 2008/2101/1914 2009/2102/1915 2129/2223/2031 2128/2222/2030
f 2009/2102/1915 2010/2103/1916 2130/2224/2032 2129/2223/2031
f 2010/2103/1916 2011/2104/1917 2131/2225/2033 2130/2224/2032
f 2011/2104/1917 2012/2105/1918 2132/2226/2034 2131/2225/2033
f 2012/2105/1918 2013/2106/1919 2133/2227/2035 2132/2226/2034
f 2013/2106/1919 2014/2107/1920 2134/2228/2036 2133/2227/2035
f 2014/2107/1920 2015/2108/1921 2135/2229/2037 2134/2228/2036
f 2015/2108/1921 2016/2109/1922 2136/2230/2038 2135/2229/2037
f 2016/2109/1922 2017/2110/1923 2137/2231/2039 2136/2230/2038
f 2017/2110/1923 2018/2111/1924 2138/2232/2040 2137/2231/2039
f 2018/2111/1924 2019/2112/1925 2139/2233/2041 2138/2232/2040
f 2019/2112/1925 2020/2113/1927 2140/2234/2042 2139/2233/2041
f 2020/2113/1927 2021/2114/1928 2141/2235/2043 2140/2234/2042
f 2021/2114/1928 2022/2115/1929 2142/2236/2044 2141/2235/2043
f 2022/2115/1929 2023/2116/1930 2143/2237/2045 2142/2236/2044
f 2023/2116/1930 2024/2117/1931 2144/2238/2046 2143/2237/2045
f 2024/2117/1931 2025/2118/1932 2145/2239/2047 2144/2238/2046
f 2025/2118/1932 2026/2119/1933 2146/2240/2048 2145/2239/2047
f 2026/2119/1933 2027/2120/1934 2147/2241/2049 2146/2240/2048
f 2027/2120/1934 2028/2121/1935 2148/2242/2050 2147/2241/2049
f 2028/2121/1935 2029/2122/1936 2149/2243/2051 2148/2242/2050
f 2029/2122/1936 2030/2123/1937 2150/2244/2052 2149/2243/2051
f 2030/2123/1937 2031/2124/1938 2151/2245/2053 2150/2244/2052
f 2031/2124/1938 2032/2125/1939 2152/2246/2054 2151/2245/2053
f 2032/2125/1939 2033/2126/1940 2153/2247/2055 2152/2246/2054
f 2033/2126/1940 2034/2127/1941 2154/2248/2056 2153/2247/2055
f 2034/2127/1941 2035/2128/1942 2155/2249/2056 2154/2248/2056
f 2035/2128/1942 2036/2129/1943 2156/2250/2057 2155/2249/2056
f 2036/2129/1943 2037/2130/1944 2157/2251/2058 2156/2250/2057
f 2037/2130/1944 2038/2131/1945 2158/2252/2059 2157/2251/2058
f 2038/2131/1945 2039/2132/1946 2159/2253/2060 2158/2252/2059
f 2039/2132/1946 2040/2133/1947 2160/2254/2061 2159/2253/2060
f 2040/2133/1947 2041/2134/1948 2161/2255/2062 2160/2254/2061
f 2041/2134/1948 1922/2135/1826 2042/2256/1950 2161/2255/2062
f 2042/2137/1950 2043/2136/1949 2163/2257/2063 2162/2258/2064
f 2043/2136/1949 2044/2138/1951 2164/2259/2065 2163/2257/2063
f 2044/2138/1951 2045/2139/1952 2165/2260/2066 2164/2259/2065
f 2045/2139/1952 2046/2140/1953 2166/2261/2067 2165/2260/2066
f 2046/2140/1953 2047/2141/1954 2167/2262/2068 2166/2261/2067
f 2047/2141/1954 2048/2142/1955 2168/2263/2069 2167/2262/2068
f 2048/2142/1955 2049/2143/1956 2169/2264/2070 2168/2263/2069
f 2049/2143/1956 2050/2144/1957 2170/2265/2071 2169/2264/2070
f 2050/2144/1957 2051/2145/1957 2171/2266/2072 2170/2265/2071
f 2051/2145/1957 2052/2146/1958 2172/2267/2073 2171/2266/2072
f 2052/2146/1958 2053/2147/1959 2173/2268/2074 2172/2267/2073
f 2053/2147/1959 2054/2148/1960 2174/2269/2075 2173/2268/2074
f 2054/2148/1960 2055/2149/1961 2175/2270/2076 2174/2269/2075
f 2055/2149/1961 2056/2150/1962 2176/2271/2077 2175/2270/2076
f 2056/2150/1962 2057/2151/1963 2177/2272/2078 2176/2271/2077
f 2057/2151/1963 2058/2152/1964 2178/2273/2079 2177/2272/2078
f 2058/2152/1964 2059/2153/1965 2179/2274/2080 2178/2273/2079
f 2059/2153/1965 2060/2154/1966 2180/2275/2081 2179/2274/2080
f 2060/2154/1966 2061/2155/1967 2181/2276/2082 2180/2275/2081
f 2061/2155/1967 2062/2156/1968 2182/2277/2083 2181/2276/2082
f 2062/2156/1968 2063/2157/1969 2183/2278/2084 2182/2277/2083
f 2063/2157/1969 2064/2158/1970 2184/2279/2085 2183/2278/2084
f 2064/2158/1970 2065/2159/1970 2185/2280/2086 2184/2279/2085
f 2065/2159/1970 2066/2160/1971 2186/2281/2087 2185/2280/2086
f 2066/2160/1971 2067/2161/1972 2187/2282/2088 2186/2281/2087
f 2067/2161/1972 2068/2162/1973 2188/2283/2089 2187/2282/2088
f 2068/2162/1973 2069/2163/1974 2189/2284/2090 2188/2283/2089
f 2069/2163/1974 2070/2164/1975 2190/2285/2091 2189/2284/2090
f 2070/2164/1975 2071/2165/1976 2191/2286/2092 2190/2285/2091
f 2071/2165/1976 2072/2166/1977 2192/2287/2093 2191/2286/2092
f 2072/2166/1977 2073/2167/1978 2193/2288/2094 2192/2287/2093
f 2073/2167/1978 2074/2168/1979 2194/2289/2095 2193/2288/2094
f 2074/2168/1979 2075/2169/1980 2195/2290/2096 2194/2289/2095
f 2075/2169/1980 2076/2170/1981 2196/2291/2097 2195/2290/2096
f 2076/2170/1981 2077/2171/1982 2197/2292/2098 2196/2291/2097
f 2077/2171/1982 2078/2172/1983 2198/2293/2099 2197/2292/2098
f 2078/2172/1983 2079/2173/1984 2199/2294/2100 2198/2293/2099
f 2079/2173/1984 2080/2174/1985 2200/2295/2101 2199/2294/2100
f 2080/2174/1985 2081/2175/1986 2201/2296/2102 2200/2295/2101
f 2081/2175/1986 2082/2176/1987 2202/2297/2103 2201/2296/2102
f 2082/2176/1987 2083/2177/1988 2203/2298/2104 2202/2297/2103
f 2083/2177/1988 2084/2178/1989 2204/2299/2105 2203/2298/2104
f 2084/2178/1989 2085/2179/1990 2205/2300/2106 2204/2299/2105
f 2085/2179/1990 2086/2180/1991 2206/2301/2107 2205/2300/2106
f 2086/2180/1991 2087/2181/1992 2207/2302/2108 2206/2301/2107
f 2087/2181/1992 2088/2182/1993 2208/2303/2109 2207/2302/2108
f 2088/2182/1993 2089/2183/1994 2209/2304/2110 2208/2303/2109
f 2089/2183/1994 2090/2184/1995 2210/2305/2111 2209/2304/2110
f 2090/2184/1995 2091/2185/1996 2211/2306/2112 2210/2305/2111
f 2091/2185/1996 2092/2186/1997 2212/2307/2113 2211/2306/2112
f 2092/2186/1997 2093/2187/1998 2213/2308/2114 2212/2307/2113
f 2093/2187/1998 2094/2188/1999 2214/2309/2115 2213/2308/2114
f 2094/2188/1999 2095/2189/1999 2215/2310/2116 2214/2309/2115
f 2095/2189/1999 2096/2190/2000 2216/2311/2117 2215/2310/2116
f 2096/2190/2000 2097/2191/2001 2217/2312/2118 2216/2311/2117
f 2097/2191/2001 2098/2192/2002 2218/2313/2119 2217/2312/2118
f 2098/2192/2002 2099/2193/2003 2219/2314/2120 2218/2313/2119
f 2099/2193/2003 2100/2194/2004 2220/2315/2121 2219/2314/2120
f 2100/2194/2004 2101/2195/2005 2221/2316/2122 2220/2315/2121
f 2101/2195/2005 2102/2196/2006 2222/2317/2123 2221/2316/2122
f 2102/2196/2006 2103/2197/2007 2223/2318/2124 2222/2317/2123
f 2103/2197/2007 2104/2198/2008 2224/2319/2125 2223/2318/2124
f 2104/2198/2008 2105/2199/2009 2225/2320/2126 2224/2319/2125
f 2105/2199/2009 2106/2200/2010 2226/2321/2127 2225/2320/2126
f 2106/2200/2010 2107/2201/2011 2227/2322/2128 2226/2321/2127
f 2107/2201/2011 2108/2202/2012 2228/2323/2129 2227/2322/2128
f 2108/2202/2012 2109/2203/2013 2229/2324/2130 2228/2323/2129
f 2109/2203/2013 2110/2204/2014 2230/2325/2131 2229/2324/2130
f 2110/2204/2014 2111/2205/2014 2231/2326/2132 2230/2325/2131
f 2111/2205/2014 2112/2206/2015 2232/2327/2133 2231/2326/2132
f 2112/2206/2015 2113/2207/2016 2233/2328/2134 2232/2327/2133
f 2113/2207/2016 2114/2208/2017 2234/2329/2135 2233/2328/2134
f 2114/2208/2017 2115/2209/2018 2235/2330/2136 2234/2329/2135
f 2115/2209/2018 2116/2210/2019 2236/2331/2137 2235/2330/2136
f 2116/2210/2019 2117/2211/2020 2237/2332/2138 2236/2331/2137
f 2117/2211/2020 2118/2212/2021 2238/2333/2139 2237/2332/2138
f 2118/2212/2021 2119/2213/2022 2239/2334/2140 2238/2333/2139
f 2119/2213/2022 2120/2214/2023 2240/2335/2141 2239/2334/2140
f 2120/2214/2023 2121/2215/2024 2241/2336/2142 2240/2335/2141
f 2121/2215/2024 2122/2216/2025 2242/2337/2143 2241/2336/2142
f 2122/2216/2025 2123/2217/2026 2243/2338/2144 2242/2337/2143
f 2123/2217/2026 2124/2218/2027 2244/2339/2145 2243/2338/2144
f 2124/2218/2027 2125/2219/2027 2245/2340/2146 2244/2339/2145
f 2125/2219/2027 2126/2220/2028 2246/2341/2147 2245/2340/2146
f 2126/2220/2028 2127/2221/2029 2247/2342/2148 2246/2341/2147
f 2127/2221/2029 2128/2222/2030 2248/2343/2149 2247/2342/2148
f 2128/2222/2030 2129/2223/2031 2249/2344/2150 2248/2343/2149
f 2129/2223/2031 2130/2224/2032 2250/2345/2151 2249/2344/2150
f 2130/2224/2032 2131/2225/2033 2251/2346/2152 2250/2345/2151
f 2131/2225/2033 2132/2226/2034 2252/2347/2153 2251/2346/2152
f 2132/2226/2034 2133/2227/2035 2253/2348/2154 2252/2347/2153
f 2133/2227/2035 2134/2228/2036 2254/2349/2155 2253/2348/2154
f 2134/2228/2036 2135/2229/2037 2255/2350/2156 2254/2349/2155
f 2135/2229/2037 2136/2230/2038 2256/2351/2157 2255/2350/2156
f 2136/2230/2038 2137/2231/2039 2257/2352/2158 2256/2351/2157
f 2137/2231/2039 2138/2232/2040 2258/2353/2159 2257/2352/2158
f 2138/2232/2040 2139/2233/2041 2259/2354/2160 2258/2353/2159
f 2139/2233/2041 2140/2234/2042 2260/2355/2161 2259/2354/2160
f 2140/2234/2042 2141/2235/2043 2261/2356/2162 2260/2355/2161
f 2141/2235/2043 2142/2236/2044 2262/2357/2163 2261/2356/2162
f 2142/2236/2044 2143/2237/2045 2263/2358/2164 2262/2357/2163
f 2143/2237/2045 2144/2238/2046 2264/2359/2165 2263/2358/2164
f 2144/2238/2046 2145/2239/2047 2265/2360/2166 2264/2359/2165
f 2145/2239/2047 2146/2240/2048 2266/2361/2167 2265/2360/2166
f 2146/2240/2048 2147/2241/2049 2267/2362/2168 2266/2361/2167
f 2147/2241/2049 2148/2242/2050 2268/2363/2169 2267/2362/2168
f 2148/2242/2050 2149/2243/2051 2269/2364/2170 2268/2363/2169
f 2149/2243/2051 2150/2244/2052 2270/2365/2171 2269/2364/2170
f 2150/2244/2052 2151/2245/2053 2271/2366/2172 2270/2365/2171
f 2151/2245/2053 2152/2246/2054 2272/2367/2173 2271/2366/2172
f 2152/2246/2054 2153/2247/2055 2273/2368/2174 2272/2367/2173
f 2153/2247/2055 2154/2248/2056 2274/2369/2175 2273/2368/2174
f 2154/2248/2056 2155/2249/2056 2275/2370/2176 2274/2369/2175
f 2155/2249/2056 2156/2250/2057 2276/2371/2177 2275/2370/2176
f 2156/2250/2057 2157/2251/2058 2277/2372/2178 2276/2371/2177
f 2157/2251/2058 2158/2252/2059 2278/2373/2179 2277/2372/2178
f 2158/2252/2059 2159/2253/2060 2279/2374/2180 2278/2373/2179
f 2159/2253/2060 2160/2254/2061 2280/2375/2181 2279/2374/2180
f 2160/2254/2061 2161/2255/2062 2281/2376/2182 2280/2375/2181
f 2161/2255/2062 2042/2256/1950 2162/2377/2064 2281/2376/2182
f 2162/2258/2064 2163/2257/2063 2283/2378/1425 2282/2379/1423
f 2163/2257/2063 2164/2259/2065 2284/2380/1427 2283/2378/1425
f 2164/2259/2065 2165/2260/2066 2285/2381/1763 2284/2380/1427
f 2165/2260/2066 2166/2261/2067 2286/2382/1764 2285/2381/1763
f 2166/2261/2067 2167/2262/2068 2287/2383/1765 2286/2382/1764
f 2167/2262/2068 2168/2263/2069 2288/2384/1766 2287/2383/1765
f 2168/2263/2069 2169/2264/2070 2289/2385/1767 2288/2384/1766
f 2169/2264/2070 2170/2265/2071 2290/2386/1768 2289/2385/1767
f 2170/2265/2071 2171/2266/2072 2291/2387/1769 2290/2386/1768
f 2171/2266/2072 2172/2267/2073 2292/2388/1443 2291/2387/1769
f 2172/2267/2073 2173/2268/2074 2293/2389/1445 2292/2388/1443
f 2173/2268/2074 2174/2269/2075 2294/2390/1447 2293/2389/1445
f 2174/2269/2075 2175/2270/2076 2295/2391/1449 2294/2390/1447
f 2175/2270/2076 2176/2271/2077 2296/2392/1451 2295/2391/1449
f 2176/2271/2077 2177/2272/2078 2297/2393/1770 2296/2392/1451
f 2177/2272/2078 2178/2273/2079 2298/2394/1455 2297/2393/1770
f 2178/2273/2079 2179/2274/2080 2299/2395/1457 2298/2394/1455
f 2179/2274/2080 2180/2275/2081 2300/2396/1771 2299/2395/1457
f 2180/2275/2081 2181/2276/2082 2301/2397/1772 2300/2396/1771
f 2181/2276/2082 2182/2277/2083 2302/2398/1463 2301/2397/1772
f 2182/2277/2083 2183/2278/2084 2303/2399/1465 2302/2398/1463
f 2183/2278/2084 2184/2279/2085 2304/2400/1909 2303/2399/1465
f 2184/2279/2085 2185/2280/2086 2305/2401/1774 2304/2400/1909
f 2185/2280/2086 2186/2281/2087 2306/2402/1471 2305/2401/1774
f 2186/2281/2087 2187/2282/2088 2307/2403/1473 2306/2402/1471
f 2187/2282/2088 2188/2283/2089 2308/2404/1775 2307/2403/1473
f 2188/2283/2089 2189/2284/2090 2309/2405/1776 2308/2404/1775
f 2189/2284/2090 2190/2285/2091 2310/2406/1479 2309/2405/1776
f 2190/2285/2091 2191/2286/2092 2311/2407/1481 2310/2406/1479
f 2191/2286/2092 2192/2287/2093 2312/2408/1483 2311/2407/1481
f 2192/2287/2093 2193/2288/2094 2313/2409/1485 2312/2408/1483
f 2193/2288/2094 2194/2289/2095 2314/2410/1487 2313/2409/1485
f 2194/2289/2095 2195/2290/2096 2315/2411/1777 2314/2410/1487
f 2195/2290/2096 2196/2291/2097 2316/2412/1778 2315/2411/1777
f 2196/2291/2097 2197/2292/2098 2317/2413/1493 2316/2412/1778
f 2197/2292/2098 2198/2293/2099 2318/2414/1495 2317/2413/1493
f 2198/2293/2099 2199/2294/2100 2319/2415/1779 2318/2414/1495
f 2199/2294/2100 2200/2295/2101 2320/2416/1926 2319/2415/1779
f 2200/2295/2101 2201/2296/2102 2321/2417/1501 2320/2416/1926
f 2201/2296/2102 2202/2297/2103 2322/2418/1503 2321/2417/1501
f 2202/2297/2103 2203/2298/2104 2323/2419/1781 2322/2418/1503
f 2203/2298/2104 2204/2299/2105 2324/2420/1782 2323/2419/1781
f 2204/2299/2105 2205/2300/2106 2325/2421/1509 2324/2420/1782
f 2205/2300/2106 2206/2301/2107 2326/2422/1783 2325/2421/1509
f 2206/2301/2107 2207/2302/2108 2327/2423/1784 2326/2422/1783
f 2207/2302/2108 2208/2303/2109 2328/2424/1785 2327/2423/1784
f 2208/2303/2109 2209/2304/2110 2329/2425/1786 2328/2424/1785
f 2209/2304/2110 2210/2305/2111 2330/2426/1519 2329/2425/1786
f 2210/2305/2111 2211/2306/2112 2331/2427/1521 2330/2426/1519
f 2211/2306/2112 2212/2307/2113 2332/2428/1523 2331/2427/1521
f 2212/2307/2113 2213/2308/2114 2333/2429/1787 2332/2428/1523
f 2213/2308/2114 2214/2309/2115 2334/2430/1788 2333/2429/1787
f 2214/2309/2115 2215/2310/2116 2335/2431/1789 2334/2430/1788
f 2215/2310/2116 2216/2311/2117 2336/2432/1790 2335/2431/1789
f 2216/2311/2117 2217/2312/2118 2337/2433/1791 2336/2432/1790
f 2217/2312/2118 2218/2313/2119 2338/2434/1792 2337/2433/1791
f 2218/2313/2119 2219/2314/2120 2339/2435/1793 2338/2434/1792
f 2219/2314/2120 2220/2315/2121 2340/2436/1539 2339/2435/1793
f 2220/2315/2121 2221/2316/2122 2341/2437/1541 2340/2436/1539
f 2221/2316/2122 2222/2317/2123 2342/2438/1303 2341/2437/1541
f 2222/2317/2123 2223/2318/2124 2343/2439/1304 2342/2438/1303
f 2223/2318/2124 2224/2319/2125 2344/2440/1307 2343/2439/1304
f 2224/2319/2125 2225/2320/2126 2345/2441/1794 2344/2440/1307
f 2225/2320/2126 2226/2321/2127 2346/2442/1795 2345/2441/1794
f 2226/2321/2127 2227/2322/2128 2347/2443/1796 2346/2442/1795
f 2227/2322/2128 2228/2323/2129 2348/2444/1797 2347/2443/1796
f 2228/2323/2129 2229/2324/2130 2349/2445/1798 2348/2444/1797
f 2229/2324/2130 2230/2325/2131 2350/2446/1799 2349/2445/1798
f 2230/2325/2131 2231/2326/2132 2351/2447/1800 2350/2446/1799
f 2231/2326/2132 2232/2327/2133 2352/2448/1323 2351/2447/1800
f 2232/2327/2133 2233/2328/2134 2353/2449/1325 2352/2448/1323
f 2233/2328/2134 2234/2329/2135 2354/2450/1327 2353/2449/1325
f 2234/2329/2135 2235/2330/2136 2355/2451/1329 2354/2450/1327
f 2235/2330/2136 2236/2331/2137 2356/2452/1331 2355/2451/1329
f 2236/2331/2137 2237/2332/2138 2357/2453/1801 2356/2452/1331
f 2237/2332/2138 2238/2333/2139 2358/2454/1335 2357/2453/1801
f 2238/2333/2139 2239/2334/2140 2359/2455/1337 2358/2454/1335
f 2239/2334/2140 2240/2335/2141 2360/2456/1802 2359/2455/1337
f 2240/2335/2141 2241/2336/2142 2361/2457/1803 2360/2456/1802
f 2241/2336/2142 2242/2337/2143 2362/2458/1343 2361/2457/1803
f 2242/2337/2143 2243/2338/2144 2363/2459/1345 2362/2458/1343
f 2243/2338/2144 2244/2339/2145 2364/2460/1847 2363/2459/1345
f 2244/2339/2145 2245/2340/2146 2365/2461/1805 2364/2460/1847
f 2245/2340/2146 2246/2341/2147 2366/2462/1351 2365/2461/1805
f 2246/2341/2147 2247/2342/2148 2367/2463/1353 2366/2462/1351
f 2247/2342/2148 2248/2343/2149 2368/2464/1806 2367/2463/1353
f 2248/2343/2149 2249/2344/2150 2369/2465/1807 2368/2464/1806
f 2249/2344/2150 2250/2345/2151 2370/2466/1359 2369/2465/1807
f 2250/2345/2151 2251/2346/2152 2371/2467/1361 2370/2466/1359
f 2251/2346/2152 2252/2347/2153 2372/2468/1363 2371/2467/1361
f 2252/2347/2153 2253/2348/2154 2373/2469/1365 2372/2468/1363
f 2253/2348/2154 2254/2349/2155 2374/2470/1367 2373/2469/1365
f 2254/2349/2155 2255/2350/2156 2375/2471/1808 2374/2470/1367
f 2255/2350/2156 2256/2351/2157 2376/2472/1809 2375/2471/1808
f 2256/2351/2157 2257/2352/2158 2377/2473/1373 2376/2472/1809
f 2257/2352/2158 2258/2353/2159 2378/2474/1375 2377/2473/1373
f 2258/2353/2159 2259/2354/2160 2379/2475/1810 2378/2474/1375
f 2259/2354/2160 2260/2355/2161 2380/2476/1864 2379/2475/1810
f 2260/2355/2161 2261/2356/2162 2381/2477/1381 2380/2476/1864
f 2261/2356/2162 2262/2357/2163 2382/2478/1383 2381/2477/1381
f 2262/2357/2163 2263/2358/2164 2383/2479/1812 2382/2478/1383
f 2263/2358/2164 2264/2359/2165 2384/2480/1813 2383/2479/1812
f 2264/2359/2165 2265/2360/2166 2385/2481/1389 2384/2480/1813
f 2265/2360/2166 2266/2361/2167 2386/2482/1814 2385/2481/1389
f 2266/2361/2167 2267/2362/2168 2387/2483/1815 2386/2482/1814
f 2267/2362/2168 2268/2363/2169 2388/2484/1816 2387/2483/1815
f 2268/2363/2169 2269/2364/2170 2389/2485/1817 2388/2484/1816
f 2269/2364/2170 2270/2365/2171 2390/2486/1399 2389/2485/1817
f 2270/2365/2171 2271/2366/2172 2391/2487/1401 2390/2486/1399
f 2271/2366/2172 2272/2367/2173 2392/2488/1403 2391/2487/1401
f 2272/2367/2173 2273/2368/2174 2393/2489/1818 2392/2488/1403
f 2273/2368/2174 2274/2369/2175 2394/2490/1819 2393/2489/1818
f 2274/2369/2175 2275/2370/2176 2395/2491/1820 2394/2490/1819
f 2275/2370/2176 2276/2371/2177 2396/2492/1821 2395/2491/1820
f 2276/2371/2177 2277/2372/2178 2397/2493/1822 2396/2492/1821
f 2277/2372/2178 2278/2373/2179 2398/2494/1823 2397/2493/1822
f 2278/2373/2179 2279/2374/2180 2399/2495/1824 2398/2494/1823
f 2279/2374/2180 2280/2375/2181 2400/2496/1419 2399/2495/1824
f 2280/2375/2181 2281/2376/2182 2401/2497/1421 2400/2496/1419
f 2281/2376/2182 2162/2377/2064 2282/2498/1423 2401/2497/1421
f 2282/2379/1302 2283/2378/1302 2403/2499/1302 2402/2500/1302
f 2283/2378/1302 2284/2380/1302 2404/2501/1302 2403/2499/1302
f 2284/2380/1302 2285/2381/1302 2405/2502/1302 2404/2501/1302
f 2285/2381/1302 2286/2382/1302 2406/2503/1302 2405/2502/1302
f 2286/2382/1302 2287/2383/1302 2407/2504/1302 2406/2503/1302
f 2287/2383/1302 2288/2384/1302 2408/2505/1302 2407/2504/1302
f 2288/2384/1302 2289/2385/1302 2409/2506/1302 2408/2505/1302
f 2289/2385/1302 2290/2386/1302 2410/2507/1302 2409/2506/1302
f 2290/2386/1302 2291/2387/1302 2411/2508/1302 2410/2507/1302
f 2291/2387/1302 2292/2388/1302 2412/2509/1302 2411/2508/1302
f 2292/2388/1302 2293/2389/1302 2413/2510/1302 2412/2509/1302
f 2293/2389/1302 2294/2390/1302 2414/2511/1302 2413/2510/1302
f 2294/2390/1302 2295/2391/1302 2415/2512/1302 2414/2511/1302
f 2295/2391/1302 2296/2392/1302 2416/2513/1302 2415/2512/1302
f 2296/2392/1302 2297/2393/1302 2417/2514/1302 2416/2513/1302
f 2297/2393/1302 2298/2394/1302 2418/2515/1302 2417/2514/1302
f 2298/2394/1302 2299/2395/1302 2419/2516/1302 2418/2515/1302
f 2299/2395/1302 2300/2396/1302 2420/2517/1302 2419/2516/1302
f 2300/2396/1302 2301/2397/1302 2421/2518/1302 2420/2517/1302
f 2301/2397/1302 2302/2398/1302 2422/2519/1302 2421/2518/1302
f 2302/2398/1302 2303/2399/1302 2423/2520/1302 2422/2519/1302
f 2303/2399/1302 2304/2400/1302 2424/2521/1302 2423/2520/1302
f 2304/2400/1302 2305/2401/1302 2425/2522/1302 2424/2521/1302
f 2305/2401/1302 2306/2402/1302 2426/2523/1302 2425/2522/1302
f 2306/2402/1302 2307/2403/1302 2427/2524/1302 2426/2523/1302
f 2307/2403/1302 2308/2404/1302 2428/2525/1302 2427/2524/1302
f 2308/2404/1302 2309/2405/1302 2429/2526/1302 2428/2525/1302
f 2309/2405/1302 2310/2406/1302 2430/2527/1302 2429/2526/1302
f 2310/2406/1302 2311/2407/1302 2431/2528/1302 2430/2527/1302
f 2311/2407/1302 2312/2408/1302 2432/2529/1302 2431/2528/1302
f 2312/2408/1302 2313/2409/1302 2433/2530/1302 2432/2529/1302
f 2313/2409/1302 2314/2410/1302 2434/2531/1302 2433/2530/1302
f 2314/2410/1302 2315/2411/1302 2435/2532/1302 2434/2531/1302
f 2315/2411/1302 2316/2412/1302 2436/2533/1302 2435/2532/1302
f 2316/2412/1302 2317/2413/1302 2437/2534/1302 2436/2533/1302
f 2317/2413/1302 2318/2414/1302 2438/2535/1302 2437/2534/1302
f 2318/2414/1302 2319/2415/1302 2439/2536/1302 2438/2535/1302
f 2319/2415/1302 2320/2416/1302 2440/2537/1302 2439/2536/1302
f 2320/2416/1302 2321/2417/1302 2441/2538/1302 2440/2537/1302
f 2321/2417/1302 2322/2418/1302 2442/2539/1302 2441/2538/1302
f 2322/2418/1302 2323/2419/1302 2443/2540/1302 2442/2539/1302
f 2323/2419/1302 2324/2420/1302 2444/2541/1302 2443/2540/1302
f 2324/2420/1302 2325/2421/1302 2445/2542/1302 2444/2541/1302
f 2325/2421/1302 2326/2422/1302 2446/2543/1302 2445/2542/1302
f 2326/2422/1302 2327/2423/1302 2447/2544/1302 2446/2543/1302
f 2327/2423/1302 2328/2424/1302 2448/2545/1302 2447/2544/1302
f 2328/2424/1302 2329/2425/1302 2449/2546/1302 2448/2545/1302
f 2329/2425/1302 2330/2426/1302 2450/2547/1302 2449/2546/1302
f 2330/2426/1302 2331/2427/1302 2451/2548/1302 2450/2547/1302
f 2331/2427/1302 2332/2428/1302 2452/2549/1302 2451/2548/1302
f 2332/2428/1302 2333/2429/1302 2453/2550/1302 2452/2549/1302
f 2333/2429/1302 2334/2430/1302 2454/2551/1302 2453/2550/1302
f 2334/2430/1302 2335/2431/1302 2455/2552/1302 2454/2551/1302
f 2335/2431/1302 2336/2432/1302 2456/2553/1302 2455/2552/1302
f 2336/2432/1302 2337/2433/1302 2457/2554/1302 2456/2553/1302
f 2337/2433/1302 2338/2434/1302 2458/2555/1302 2457/2554/1302
f 2338/2434/1302 2339/2435/1302 2459/2556/1302 2458/2555/1302
f 2339/2435/1302 2340/2436/1302 2460/2557/1302 2459/2556/1302
f 2340/2436/1302 2341/2437/1302 2461/2558/1302 2460/2557/1302
f 2341/2437/1302 2342/2438/1302 2462/2559/1302 2461/2558/1302
f 2342/2438/1302 2343/2439/1302 2463/2560/1302 2462/2559/1302
f 2343/2439/1302 2344/2440/1302 2464/2561/1302 2463/2560/1302
f 2344/2440/1302 2345/2441/1302 2465/2562/1302 2464/2561/1302
f 2345/2441/1302 2346/2442/1302 2466/2563/1302 2465/2562/1302
f 2346/2442/1302 2347/2443/1302 2467/2564/1302 2466/2563/1302
f 2347/2443/1302 2348/2444/1302 2468/2565/1302 2467/2564/1302
f 2348/2444/1302 2349/2445/1302 2469/2566/1302 2468/2565/1302
f 2349/2445/1302 2350/2446/1302 2470/2567/1302 2469/2566/1302
f 2350/2446/1302 2351/2447/1302 2471/2568/1302 2470/2567/1302
f 2351/2447/1302 2352/2448/1302 2472/2569/1302 2471/2568/1302
f 2352/2448/1302 2353/2449/1302 2473/2570/1302 2472/2569/1302
f 2353/2449/1302 2354/2450/1302 2474/2571/1302 2473/2570/1302
f 2354/2450/1302 2355/2451/1302 2475/2572/1302 2474/2571/1302
f 2355/2451/1302 2356/2452/1302 2476/2573/1302 2475/2572/1302
f 2356/2452/1302 2357/2453/1302 2477/2574/1302 2476/2573/1302
f 2357/2453/1302 2358/2454/1302 2478/2575/1302 2477/2574/1302
f 2358/2454/1302 2359/2455/1302 2479/2576/1302 2478/2575/1302
f 2359/2455/1302 2360/2456/1302 2480/2577/1302 2479/2576/1302
f 2360/2456/1302 2361/2457/1302 2481/2578/1302 2480/2577/1302
f 2361/2457/1302 2362/2458/1302 2482/2579/1302 2481/2578/1302
f 2362/2458/1302 2363/2459/1302 2483/2580/1302 2482/2579/1302
f 2363/2459/1302 2364/2460/1302 2484/2581/1302 2483/2580/1302
f 2364/2460/1302 2365/2461/1302 2485/2582/1302 2484/2581/1302
f 2365/2461/1302 2366/2462/1302 2486/2583/1302 2485/2582/1302
f 2366/2462/1302 2367/2463/1302 2487/2584/1302 2486/2583/1302
f 2367/2463/1302 2368/2464/1302 2488/2585/1302 2487/2584/1302
f 2368/2464/1302 2369/2465/1302 2489/2586/1302 2488/2585/1302
f 2369/2465/1302 2370/2466/1302 2490/2587/1302 2489/2586/1302
f 2370/2466/1302 2371/2467/1302 2491/2588/1302 2490/2587/1302
f 2371/2467/1302 2372/2468/1302 2492/2589/1302 2491/2588/1302
f 2372/2468/1302 2373/2469/1302 2493/2590/1302 2492/2589/1302
f 2373/2469/1302 2374/2470/1302 2494/2591/1302 2493/2590/1302
f 2374/2470/1302 2375/2471/1302 2495/2592/1302 2494/2591/1302
f 2375/2471/1302 2376/2472/1302 2496/2593/1302 2495/2592/1302
f 2376/2472/1302 2377/2473/1302 2497/2594/1302 2496/2593/1302
f 2377/2473/1302 2378/2474/1302 2498/2595/1302 2497/2594/1302
f 2378/2474/1302 2379/2475/1302 2499/2596/1302 2498/2595/1302
f 2379/2475/1302 2380/2476/1302 2500/2597/1302 2499/2596/1302
f 2380/2476/1302 2381/2477/1302 2501/2598/1302 2500/2597/1302
f 2381/2477/1302 2382/2478/1302 2502/2599/1302 2501/2598/1302
f 2382/2478/1302 2383/2479/1302 2503/2600/1302 2502/2599/1302
f 2383/2479/1302 2384/2480/1302 2504/2601/1302 2503/2600/1302
f 2384/2480/1302 2385/2481/1302 2505/2602/1302 2504/2601/1302
f 2385/2481/1302 2386/2482/1302 2506/2603/1302 2505/2602/1302
f 2386/2482/1302 2387/2483/1302 2507/2604/1302 2506/2603/1302
f 2387/2483/1302 2388/2484/1302 2508/2605/1302 2507/2604/1302
f 2388/2484/1302 2389/2485/1302 2509/2606/1302 2508/2605/1302
f 2389/2485/1302 2390/2486/1302 2510/2607/1302 2509/2606/1302
f 2390/2486/1302 2391/2487/1302 2511/2608/1302 2510/2607/1302
f 2391/2487/1302 2392/2488/1302 2512/2609/1302 2511/2608/1302
f 2392/2488/1302 2393/2489/1302 2513/2610/1302 2512/2609/1302
f 2393/2489/1302 2394/2490/1302 2514/2611/1302 2513/2610/1302
f 2394/2490/1302 2395/2491/1302 2515/2612/1302 2514/2611/1302
f 2395/2491/1302 2396/2492/1302 2516/2613/1302 2515/2612/1302
f 2396/2492/1302 2397/2493/1302 2517/2614/1302 2516/2613/1302
f 2397/2493/1302 2398/2494/1302 2518/2615/1302 2517/2614/1302
f 2398/2494/1302 2399/2495/1302 2519/2616/1302 2518/2615/1302
f 2399/2495/1302 2400/2496/1302 2520/2617/1302 2519/2616/1302
f 2400/2496/1302 2401/2497/1302 2521/2618/1302 2520/2617/1302
f 2401/2497/1302 2282/2498/1302 2402/2619/1302 2521/2618/1302
f 2402/2500/2183 2403/2499/2184 2523/2620/2185 2522/2621/2186
f 2403/2499/2184 2404/2501/2187 2524/2622/2188 2523/2620/2185
f 2404/2501/2187 2405/2502/2189 2525/2623/2190 2524/2622/2188
f 2405/2502/2189 2406/2503/2191 2526/2624/2192 2525/2623/2190
f 2406/2503/2191 2407/2504/2193 2527/2625/2194 2526/2624/2192
f 2407/2504/2193 2408/2505/2195 2528/2626/2196 2527/2625/2194
f 2408/2505/2195 2409/2506/2197 2529/2627/2198 2528/2626/2196
f 2409/2506/2197 2410/2507/2199 2530/2628/2200 2529/2627/2198
f 2410/2507/2199 2411/2508/2201 2531/2629/2202 2530/2628/2200
f 2411/2508/2201 2412/2509/2203 2532/2630/2204 2531/2629/2202
f 2412/2509/2203 2413/2510/2205 2533/2631/2206 2532/2630/2204
f 2413/2510/2205 2414/2511/2207 2534/2632/2208 2533/2631/2206
f 2414/2511/2207 2415/2512/2209 2535/2633/2210 2534/2632/2208
f 2415/2512/2209 2416/2513/2211 2536/2634/2212 2535/2633/2210
f 2416/2513/2211 2417/2514/2213 2537/2635/2214 2536/2634/2212
f 2417/2514/2213 2418/2515/2215 2538/2636/2216 2537/2635/2214
f 2418/2515/2215 2419/2516/2217 2539/2637/2218 2538/2636/2216
f 2419/2516/2217 2420/2517/2219 2540/2638/2220 2539/2637/2218
f 2420/2517/2219 2421/2518/2221 2541/2639/2222 2540/2638/2220
f 2421/2518/2221 2422/2519/2223 2542/2640/2224 2541/2639/2222
f 2422/2519/2223 2423/2520/2225 2543/2641/2226 2542/2640/2224
f 2423/2520/2225 2424/2521/2227 2544/2642/2228 2543/2641/2226
f 2424/2521/2227 2425/2522/2229 2545/2643/2230 2544/2642/2228
f 2425/2522/2229 2426/2523/2231 2546/2644/2232 2545/2643/2230
f 2426/2523/2231 2427/2524/2233 2547/2645/2234 2546/2644/2232
f 2427/2524/2233 2428/2525/2235 2548/2646/2236 2547/2645/2234
f 2428/2525/2235 2429/2526/2237 2549/2647/2238 2548/2646/2236
f 2429/2526/2237 2430/2527/2239 2550/2648/2240 2549/2647/2238
f 2430/2527/2239 2431/2528/2241 2551/2649/2242 2550/2648/2240
f 2431/2528/2241 2432/2529/2243 2552/2650/2244 2551/2649/2242
f 2432/2529/2243 2433/2530/2245 2553/2651/2246 2552/2650/2244
f 2433/2530/2245 2434/2531/2247 2554/2652/2248 2553/2651/2246
f 2434/2531/2247 2435/2532/2249 2555/2653/2250 2554/2652/2248
f 2435/2532/2249 2436/2533/2251 2556/2654/2252 2555/2653/2250
f 2436/2533/2251 2437/2534/2253 2557/2655/2254 2556/2654/2252
f 2437/2534/2253 2438/2535/2255 2558/2656/2256 2557/2655/2254
f 2438/2535/2255 2439/2536/2257 2559/2657/2258 2558/2656/2256
f 2439/2536/2257 2440/2537/2259 2560/2658/2260 2559/2657/2258
f 2440/2537/2259 2441/2538/2261 2561/2659/2262 2560/2658/2260
f 2441/2538/2261 2442/2539/2263 2562/2660/2264 2561/2659/2262
f 2442/2539/2263 2443/2540/2265 2563/2661/2266 2562/2660/2264
f 2443/2540/2265 2444/2541/2267 2564/2662/2268 2563/2661/2266
f 2444/2541/2267 2445/2542/2269 2565/2663/2270 2564/2662/2268
f 2445/2542/2269 2446/2543/2271 2566/2664/2272 2565/2663/2270
f 2446/2543/2271 2447/2544/2273 2567/2665/2274 2566/2664/2272
f 2447/2544/2273 2448/2545/2275 2568/2666/2276 2567/2665/2274
f 2448/2545/2275 2449/2546/2277 2569/2667/2278 2568/2666/2276
f 2449/2546/2277 2450/2547/2279 2570/2668/2280 2569/2667/2278
f 2450/2547/2279 2451/2548/2281 2571/2669/2282 2570/2668/2280
f 2451/2548/2281 2452/2549/2283 2572/2670/2284 2571/2669/2282
f 2452/2549/2283 2453/2550/2285 2573/2671/2286 2572/2670/2284
f 2453/2550/2285 2454/2551/2287 2574/2672/2288 2573/2671/2286
f 2454/2551/2287 2455/2552/2289 2575/2673/2290 2574/2672/2288
f 2455/2552/2289 2456/2553/2291 2576/2674/2292 2575/2673/2290
f 2456/2553/2291 2457/2554/2293 2577/2675/2294 2576/2674/2292
f 2457/2554/2293 2458/2555/2295 2578/2676/2296 2577/2675/2294
f 2458/2555/2295 2459/2556/2297 2579/2677/2298 2578/2676/2296
f 2459/2556/2297 2460/2557/2299 2580/2678/2300 2579/2677/2298
f 2460/2557/2299 2461/2558/2301 2581/2679/2302 2580/2678/2300
f 2461/2558/2301 2462/2559/2303 2582/2680/2304 2581/2679/2302
f 2462/2559/2303 2463/2560/2305 2583/2681/2306 2582/2680/2304
f 2463/2560/2305 2464/2561/2307 2584/2682/2308 2583/2681/2306
f 2464/2561/2307 2465/2562/2309 2585/2683/2310 2584/2682/2308
f 2465/2562/2309 2466/2563/2311 2586/2684/2312 2585/2683/2310
f 2466/2563/2311 2467/2564/2313 2587/2685/2314 2586/2684/2312
f 2467/2564/2313 2468/2565/2315 2588/2686/2316 2587/2685/2314
f 2468/2565/2315 2469/2566/2317 2589/2687/2318 2588/2686/2316
f 2469/2566/2317 2470/2567/2319 2590/2688/2320 2589/2687/2318
f 2470/2567/2319 2471/2568/2321 2591/2689/2322 2590/2688/2320
f 2471/2568/2321 2472/2569/2323 2592/2690/2324 2591/2689/2322
f 2472/2569/2323 2473/2570/2325 2593/2691/2326 2592/2690/2324
f 2473/2570/2325 2474/2571/2327 2594/2692/2328 2593/2691/2326
f 2474/2571/2327 2475/2572/2329 2595/2693/2330 2594/2692/2328
f 2475/2572/2329 2476/2573/2331 2596/2694/2332 2595/2693/2330
f 2476/2573/2331 2477/2574/2333 2597/2695/2334 2596/2694/2332
f 2477/2574/2333 2478/2575/2335 2598/2696/2336 2597/2695/2334
f 2478/2575/2335 2479/2576/2337 2599/2697/2338 2598/2696/2336
f 2479/2576/2337 2480/2577/2339 2600/2698/2340 2599/2697/2338
f 2480/2577/2339 2481/2578/2341 2601/2699/2342 2600/2698/2340
f 2481/2578/2341 2482/2579/2343 2602/2700/2344 2601/2699/2342
f 2482/2579/2343 2483/2580/2345 2603/2701/2346 2602/2700/2344
f 2483/2580/2345 2484/2581/2347 2604/2702/2348 2603/2701/2346
f 2484/2581/2347 2485/2582/2349 2605/2703/2350 2604/2702/2348
f 2485/2582/2349 2486/2583/2351 2606/2704/2352 2605/2703/2350
f 2486/2583/2351 2487/2584/2353 2607/2705/2354 2606/2704/2352
f 2487/2584/2353 2488/2585/2355 2608/2706/2356 2607/2705/2354
f 2488/2585/2355 2489/2586/2357 2609/2707/2358 2608/2706/2356
f 2489/2586/2357 2490/2587/2359 2610/2708/2360 2609/2707/2358
f 2490/2587/2359 2491/2588/2361 2611/2709/2362 2610/2708/2360
f 2491/2588/2361 2492/2589/2363 2612/2710/2364 2611/2709/2362
f 2492/2589/2363 2493/2590/2365 2613/2711/2366 2612/2710/2364
f 2493/2590/2365 2494/2591/2367 2614/2712/2368 2613/2711/2366
f 2494/2591/2367 2495/2592/2369 2615/2713/2370 2614/2712/2368
f 2495/2592/2369 2496/2593/2371 2616/2714/2372 2615/2713/2370
f 2496/2593/2371 2497/2594/2373 2617/2715/2374 2616/2714/2372
f 2497/2594/2373 2498/2595/2375 2618/2716/2376 2617/2715/2374
f 2498/2595/2375 2499/2596/2377 2619/2717/2378 2618/2716/2376
f 2499/2596/2377 2500/2597/2379 2620/2718/2380 2619/2717/2378
f 2500/2597/2379 2501/2598/2381 2621/2719/2382 2620/2718/2380
f 2501/2598/2381 2502/2599/2383 2622/2720/2384 2621/2719/2382
f 2502/2599/2383 2503/2600/2385 2623/2721/2386 2622/2720/2384
f 2503/2600/2385 2504/2601/2387 2624/2722/2388 2623/2721/2386
f 2504/2601/2387 2505/2602/2389 2625/2723/2390 2624/2722/2388
f 2505/2602/2389 2506/2603/2391 2626/2724/2392 2625/2723/2390
f 2506/2603/2391 2507/2604/2393 2627/2725/2394 2626/2724/2392
f 2507/2604/2393 2508/2605/2395 2628/2726/2396 2627/2725/2394
f 2508/2605/2395 2509/2606/2397 2629/2727/2398 2628/2726/2396
f 2509/2606/2397 2510/2607/2399 2630/2728/2400 2629/2727/2398
f 2510/2607/2399 2511/2608/2401 2631/2729/2402 2630/2728/2400
f 2511/2608/2401 2512/2609/2403 2632/2730/2404 2631/2729/2402
f 2512/2609/2403 2513/2610/2405 2633/2731/2406 2632/2730/2404
f 2513/2610/2405 2514/2611/2407 2634/2732/2408 2633/2731/2406
f 2514/2611/2407 2515/2612/2409 2635/2733/2410 2634/2732/2408
f 2515/2612/2409 2516/2613/2411 2636/2734/2412 2635/2733/2410
f 2516/2613/2411 2517/2614/2413 2637/2735/2414 2636/2734/2412
f 2517/2614/2413 2518/2615/2415 2638/2736/2416 2637/2735/2414
f 2518/2615/2415 2519/2616/2417 2639/2737/2418 2638/2736/2416
f 2519/2616/2417 2520/2617/2419 2640/2738/2420 2639/2737/2418
f 2520/2617/2419 2521/2618/2421 2641/2739/2422 2640/2738/2420
f 2521/2618/2421 2402/2619/2183 2522/2740/2186 2641/2739/2422
f 2522/2621/2186 2523/2620/2185 2643/2741/2423 2642/2742/2424
f 2523/2620/2185 2524/2622/2188 2644/2743/2425 2643/2741/2423
f 2524/2622/2188 2525/2623/2190 2645/2744/2426 2644/2743/2425
f 2525/2623/2190 2526/2624/2192 2646/2745/2427 2645/2744/2426
f 2526/2624/2192 2527/2625/2194 2647/2746/2428 2646/2745/2427
f 2527/2625/2194 2528/2626/2196 2648/2747/2429 2647/2746/2428
f 2528/2626/2196 2529/2627/2198 2649/2748/2430 2648/2747/2429
f 2529/2627/2198 2530/2628/2200 2650/2749/2431 2649/2748/2430
f 2530/2628/2200 2531/2629/2202 2651/2750/2432 2650/2749/2431
f 2531/2629/2202 2532/2630/2204 2652/2751/2433 2651/2750/2432
f 2532/2630/2204 2533/2631/2206 2653/2752/2434 2652/2751/2433
f 2533/2631/2206 2534/2632/2208 2654/2753/2435 2653/2752/2434
f 2534/2632/2208 2535/2633/2210 2655/2754/2436 2654/2753/2435
f 2535/2633/2210 2536/2634/2212 2656/2755/2437 2655/2754/2436
f 2536/2634/2212 2537/2635/2214 2657/2756/2438 2656/2755/2437
f 2537/2635/2214 2538/2636/2216 2658/2757/2439 2657/2756/2438
f 2538/2636/2216 2539/2637/2218 2659/2758/2440 2658/2757/2439
f 2539/2637/2218 2540/2638/2220 2660/2759/2441 2659/2758/2440
f 2540/2638/2220 2541/2639/2222 2661/2760/2442 2660/2759/2441
f 2541/2639/2222 2542/2640/2224 2662/2761/2443 2661/2760/2442
f 2542/2640/2224 2543/2641/2226 2663/2762/2444 2662/2761/2443
f 2543/2641/2226 2544/2642/2228 2664/2763/2445 2663/2762/2444
f 2544/2642/2228 2545/2643/2230 2665/2764/2446 2664/2763/2445
f 2545/2643/2230 2546/2644/2232 2666/2765/2447 2665/2764/2446
f 2546/2644/2232 2547/2645/2234 2667/2766/2448 2666/2765/2447
f 2547/2645/2234 2548/2646/2236 2668/2767/2449 2667/2766/2448
f 2548/2646/2236 2549/2647/2238 2669/2768/2450 2668/2767/2449
f 2549/2647/2238 2550/2648/2240 2670/2769/2451 2669/2768/2450
f 2550/2648/2240 2551/2649/2242 2671/2770/2452 2670/2769/2451
f 2551/2649/2242 2552/2650/2244 2672/2771/2453 2671/2770/2452
f 2552/2650/2244 2553/2651/2246 2673/2772/2454 2672/2771/2453
f 2553/2651/2246 2554/2652/2248 2674/2773/2455 2673/2772/2454
f 2554/2652/2248 2555/2653/2250 2675/2774/2456 2674/2773/2455
f 2555/2653/2250 2556/2654/2252 2676/2775/2457 2675/2774/2456
f 2556/2654/2252 2557/2655/2254 2677/2776/2458 2676/2775/2457
f 2557/2655/2254 2558/2656/2256 2678/2777/2459 2677/2776/2458
f 2558/2656/2256 2559/2657/2258 2679/2778/2460 2678/2777/2459
f 2559/2657/2258 2560/2658/2260 2680/2779/2461 2679/2778/2460
f 2560/2658/2260 2561/2659/2262 2681/2780/2462 2680/2779/2461
f 2561/2659/2262 2562/2660/2264 2682/2781/2463 2681/2780/2462
f 2562/2660/2264 2563/2661/2266 2683/2782/2464 2682/2781/2463
f 2563/2661/2266 2564/2662/2268 2684/2783/2465 2683/2782/2464
f 2564/2662/2268 2565/2663/2270 2685/2784/2466 2684/2783/2465
f 2565/2663/2270 2566/2664/2272 2686/2785/2467 2685/2784/2466
f 2566/2664/2272 2567/2665/2274 2687/2786/2468 2686/2785/2467
f 2567/2665/2274 2568/2666/2276 2688/2787/2469 2687/2786/2468
f 2568/2666/2276 2569/2667/2278 2689/2788/2470 2688/2787/2469
f 2569/2667/2278 2570/2668/2280 2690/2789/2471 2689/2788/2470
f 2570/2668/2280 2571/2669/2282 2691/2790/2472 2690/2789/2471
f 2571/2669/2282 2572/2670/2284 2692/2791/2473 2691/2790/2472
f 2572/2670/2284 2573/2671/2286 2693/2792/2474 2692/2791/2473
f 2573/2671/2286 2574/2672/2288 2694/2793/2475 2693/2792/2474
f 2574/2672/2288 2575/2673/2290 2695/2794/2476 2694/2793/2475
f 2575/2673/2290 2576/2674/2292 2696/2795/2477 2695/2794/2476
f 2576/2674/2292 2577/2675/2294 2697/2796/2478 2696/2795/2477
f 2577/2675/2294 2578/2676/2296 2698/2797/2479 2697/2796/2478
f 2578/2676/2296 2579/2677/2298 2699/2798/2480 2698/2797/2479
f 2579/2677/2298 2580/2678/2300 2700/2799/2481 2699/2798/2480
f 2580/2678/2300 2581/2679/2302 2701/2800/2482 2700/2799/2481
f 2581/2679/2302 2582/2680/2304 2702/2801/2483 2701/2800/2482
f 2582/2680/2304 2583/2681/2306 2703/2802/2484 2702/2801/2483
f 2583/2681/2306 2584/2682/2308 2704/2803/2485 2703/2802/2484
f 2584/2682/2308 2585/2683/2310 2705/2804/2486 2704/2803/2485
f 2585/2683/2310 2586/2684/2312 2706/2805/2487 2705/2804/2486
f 2586/2684/2312 2587/2685/2314 2707/2806/2488 2706/2805/2487
f 2587/2685/2314 2588/2686/2316 2708/2807/2489 2707/2806/2488
f 2588/2686/2316 2589/2687/2318 2709/2808/2490 2708/2807/2489
f 2589/2687/2318 2590/2688/2320 2710/2809/2491 2709/2808/2490
f 2590/2688/2320 2591/2689/2322 2711/2810/2492 2710/2809/2491
f 2591/2689/2322 2592/2690/2324 2712/2811/2493 2711/2810/2492
f 2592/2690/2324 2593/2691/2326 2713/2812/2494 2712/2811/2493
f 2593/2691/2326 2594/2692/2328 2714/2813/2495 2713/2812/2494
f 2594/2692/2328 2595/2693/2330 2715/2814/2496 2714/2813/2495
f 2595/2693/2330 2596/2694/2332 2716/2815/2497 2715/2814/2496
f 2596/2694/2332 2597/2695/2334 2717/2816/2498 2716/2815/2497
f 2597/2695/2334 2598/2696/2336 2718/2817/2499 2717/2816/2498
f 2598/2696/2336 2599/2697/2338 2719/2818/2500 2718/2817/2499
f 2599/2697/2338 2600/2698/2340 2720/2819/2501 2719/2818/2500
f 2600/2698/2340 2601/2699/2342 2721/2820/2502 2720/2819/2501
f 2601/2699/2342 2602/2700/2344 2722/2821/2503 2721/2820/2502
f 2602/2700/2344 2603/2701/2346 2723/2822/2504 2722/2821/2503
f 2603/2701/2346 2604/2702/2348 2724/2823/2505 2723/2822/2504
f 2604/2702/2348 2605/2703/2350 2725/2824/2506 2724/2823/2505
f 2605/2703/2350 2606/2704/2352 2726/2825/2507 2725/2824/2506
f 2606/2704/2352 2607/2705/2354 2727/2826/2508 2726/2825/2507
f 2607/2705/2354 2608/2706/2356 2728/2827/2509 2727/2826/2508
f 2608/2706/2356 2609/2707/2358 2729/2828/2510 2728/2827/2509
f 2609/2707/2358 2610/2708/2360 2730/2829/2511 2729/2828/2510
f 2610/2708/2360 2611/2709/2362 2731/2830/2512 2730/2829/2511
f 2611/2709/2362 2612/2710/2364 2732/2831/2513 2731/2830/2512
f 2612/2710/2364 2613/2711/2366 2733/2832/2514 2732/2831/2513
f 2613/2711/2366 2614/2712/2368 2734/2833/2515 2733/2832/2514
f 2614/2712/2368 2615/2713/2370 2735/2834/2516 2734/2833/2515
f 2615/2713/2370 2616/2714/2372 2736/2835/2517 2735/2834/2516
f 2616/2714/2372 2617/2715/2374 2737/2836/2518 2736/2835/2517
f 2617/2715/2374 2618/2716/2376 2738/2837/2519 2737/2836/2518
f 2618/2716/2376 2619/2717/2378 2739/2838/2520 2738/2837/2519
f 2619/2717/2378 2620/2718/2380 2740/2839/2521 2739/2838/2520
f 2620/2718/2380 2621/2719/2382 2741/2840/2522 2740/2839/2521
f 2621/2719/2382 2622/2720/2384 2742/2841/2523 2741/2840/2522
f 2622/2720/2384 2623/2721/2386 2743/2842/2524 2742/2841/2523
f 2623/2721/2386 2624/2722/2388 2744/2843/2525 2743/2842/2524
f 2624/2722/2388 2625/2723/2390 2745/2844/2526 2744/2843/2525
f 2625/2723/2390 2626/2724/2392 2746/2845/2527 2745/2844/2526
f 2626/2724/2392 2627/2725/2394 2747/2846/2528 2746/2845/2527
f 2627/2725/2394 2628/2726/2396 2748/2847/2529 2747/2846/2528
f 2628/2726/2396 2629/2727/2398 2749/2848/2530 2748/2847/2529
f 2629/2727/2398 2630/2728/2400 2750/2849/2531 2749/2848/2530
f 2630/2728/2400 2631/2729/2402 2751/2850/2532 2750/2849/2531
f 2631/2729/2402 2632/2730/2404 2752/2851/2533 2751/2850/2532
f 2632/2730/2404 2633/2731/2406 2753/2852/2534 2752/2851/2533
f 2633/2731/2406 2634/2732/2408 2754/2853/2535 2753/2852/2534
f 2634/2732/2408 2635/2733/2410 2755/2854/2536 2754/2853/2535
f 2635/2733/2410 2636/2734/2412 2756/2855/2537 2755/2854/2536
f 2636/2734/2412 2637/2735/2414 2757/2856/2538 2756/2855/2537
f 2637/2735/2414 2638/2736/2416 2758/2857/2539 2757/2856/2538
f 2638/2736/2416 2639/2737/2418 2759/2858/2540 2758/2857/2539
f 2639/2737/2418 2640/2738/2420 2760/2859/2541 2759/2858/2540
f 2640/2738/2420 2641/2739/2422 2761/2860/2542 2760/2859/2541
f 2641/2739/2422 2522/2740/2186 2642/2861/2424 2761/2860/2542
f 2642/2742/2424 2643/2741/2423 2763/2862/2543 2762/2863/2544
f 2643/2741/2423 2644/2743/2425 2764/2864/2545 2763/2862/2543
f 2644/2743/2425 2645/2744/2426 2765/2865/2546 2764/2864/2545
f 2645/2744/2426 2646/2745/2427 2766/2866/2547 2765/2865/2546
f 2646/2745/2427 2647/2746/2428 2767/2867/2548 2766/2866/2547
f 2647/2746/2428 2648/2747/2429 2768/2868/2549 2767/2867/2548
f 2648/2747/2429 2649/2748/2430 2769/2869/2550 2768/2868/2549
f 2649/2748/2430 2650/2749/2431 2770/2870/2551 2769/2869/2550
f 2650/2749/2431 2651/2750/2432 2771/2871/2552 2770/2870/2551
f 2651/2750/2432 2652/2751/2433 2772/2872/2553 2771/2871/2552
f 2652/2751/2433 2653/2752/2434 2773/2873/2554 2772/2872/2553
f 2653/2752/2434 2654/2753/2435 2774/2874/2555 2773/2873/2554
f 2654/2753/2435 2655/2754/2436 2775/2875/2556 2774/2874/2555
f 2655/2754/2436 2656/2755/2437 2776/2876/2557 2775/2875/2556
f 2656/2755/2437 2657/2756/2438 2777/2877/2558 2776/2876/2557
f 2657/2756/2438 2658/2757/2439 2778/2878/2559 2777/2877/2558
f 2658/2757/2439 2659/2758/2440 2779/2879/2560 2778/2878/2559
f 2659/2758/2440 2660/2759/2441 2780/2880/2561 2779/2879/2560
f 2660/2759/2441 2661/2760/2442 2781/2881/2562 2780/2880/2561
f 2661/2760/2442 2662/2761/2443 2782/2882/2563 2781/2881/2562
f 2662/2761/2443 2663/2762/2444 2783/2883/2564 2782/2882/2563
f 2663/2762/2444 2664/2763/2445 2784/2884/2565 2783/2883/2564
f 2664/2763/2445 2665/2764/2446 2785/2885/2566 2784/2884/2565
f 2665/2764/2446 2666/2765/2447 2786/2886/2567 2785/2885/2566
f 2666/2765/2447 2667/2766/2448 2787/2887/2568 2786/2886/2567
f 2667/2766/2448 2668/2767/2449 2788/2888/2569 2787/2887/2568
f 2668/2767/2449 2669/2768/2450 2789/2889/2570 2788/2888/2569
f 2669/2768/2450 2670/2769/2451 2790/2890/2571 2789/2889/2570
f 2670/2769/2451 2671/2770/2452 2791/2891/2572 2790/2890/2571
f 2671/2770/2452 2672/2771/2453 2792/2892/2573 2791/2891/2572
f 2672/2771/2453 2673/2772/2454 2793/2893/2574 2792/2892/2573
f 2673/2772/2454 2674/2773/2455 2794/2894/2575 2793/2893/2574
f 2674/2773/2455 2675/2774/2456 2795/2895/2576 2794/2894/2575
f 2675/2774/2456 2676/2775/2457 2796/2896/2577 2795/2895/2576
f 2676/2775/2457 2677/2776/2458 2797/2897/2578 2796/2896/2577
f 2677/2776/2458 2678/2777/2459 2798/2898/2579 2797/2897/2578
f 2678/2777/2459 2679/2778/2460 2799/2899/2580 2798/2898/2579
f 2679/2778/2460 2680/2779/2461 2800/2900/2581 2799/2899/2580
f 2680/2779/2461 2681/2780/2462 2801/2901/2582 2800/2900/2581
f 2681/2780/2462 2682/2781/2463 2802/2902/2583 2801/2901/2582
f 2682/2781/2463 2683/2782/2464 2803/2903/2584 2802/2902/2583
f 2683/2782/2464 2684/2783/2465 2804/2904/2585 2803/2903/2584
f 2684/2783/2465 2685/2784/2466 2805/2905/2586 2804/2904/2585
f 2685/2784/2466 2686/2785/2467 2806/2906/2587 2805/2905/2586
f 2686/2785/2467 2687/2786/2468 2807/2907/2588 2806/2906/2587
f 2687/2786/2468 2688/2787/2469 2808/2908/2589 2807/2907/2588
f 2688/2787/2469 2689/2788/2470 2809/2909/2590 2808/2908/2589
f 2689/2788/2470 2690/2789/2471 2810/2910/2591 2809/2909/2590
f 2690/2789/2471 2691/2790/2472 2811/2911/2592 2810/2910/2591
f 2691/2790/2472 2692/2791/2473 2812/2912/2593 2811/2911/2592
f 2692/2791/2473 2693/2792/2474 2813/2913/2594 2812/2912/2593
f 2693/2792/2474 2694/2793/2475 2814/2914/2595 2813/2913/2594
f 2694/2793/2475 2695/2794/2476 2815/2915/2596 2814/2914/2595
f 2695/2794/2476 2696/2795/2477 2816/2916/2597 2815/2915/2596
f 2696/2795/2477 2697/2796/2478 2817/2917/2598 2816/2916/2597
f 2697/2796/2478 2698/2797/2479 2818/2918/2599 2817/2917/2598
f 2698/2797/2479 2699/2798/2480 2819/2919/2600 2818/2918/2599
f 2699/2798/2480 2700/2799/2481 2820/2920/2601 2819/2919/2600
f 2700/2799/2481 2701/2800/2482 2821/2921/2602 2820/2920/2601
f 2701/2800/2482 2702/2801/2483 2822/2922/2603 2821/2921/2602
f 2702/2801/2483 2703/2802/2484 2823/2923/2604 2822/2922/2603
f 2703/2802/2484 2704/2803/2485 2824/2924/2605 2823/2923/2604
f 2704/2803/2485 2705/2804/2486 2825/2925/2606 2824/2924/2605
f 2705/2804/2486 2706/2805/2487 2826/2926/2607 2825/2925/2606
f 2706/2805/2487 2707/2806/2488 2827/2927/2608 2826/2926/2607
f 2707/2806/2488 2708/2807/2489 2828/2928/2609 2827/2927/2608
f 2708/2807/2489 2709/2808/2490 2829/2929/2610 2828/2928/2609
f 2709/2808/2490 2710/2809/2491 2830/2930/2611 2829/2929/2610
f 2710/2809/2491 2711/2810/2492 2831/2931/2612 2830/2930/2611
f 2711/2810/2492 2712/2811/2493 2832/2932/2613 2831/2931/2612
f 2712/2811/2493 2713/2812/2494 2833/2933/2614 2832/2932/2613
f 2713/2812/2494 2714/2813/2495 2834/2934/2615 2833/2933/2614
f 2714/2813/2495 2715/2814/2496 2835/2935/2616 2834/2934/2615
f 2715/2814/2496 2716/2815/2497 2836/2936/2617 2835/2935/2616
f 2716/2815/2497 2717/2816/2498 2837/2937/2618 2836/2936/2617
f 2717/2816/2498 2718/2817/2499 2838/2938/2619 2837/2937/2618
f 2718/2817/2499 2719/2818/2500 2839/2939/2620 2838/2938/2619
f 2719/2818/2500 2720/2819/2501 2840/2940/2621 2839/2939/2620
f 2720/2819/2501 2721/2820/2502 2841/2941/2622 2840/2940/2621
f 2721/2820/2502 2722/2821/2503 2842/2942/2623 2841/2941/2622
f 2722/2821/2503 2723/2822/2504 2843/2943/2624 2842/2942/2623
f 2723/2822/2504 2724/2823/2505 2844/2944/2625 2843/2943/2624
f 2724/2823/2505 2725/2824/2506 2845/2945/2626 2844/2944/2625
f 2725/2824/2506 2726/2825/2507 2846/2946/2627 2845/2945/2626
f 2726/2825/2507 2727/2826/2508 2847/2947/2628 2846/2946/2627
f 2727/2826/2508 2728/2827/2509 2848/2948/2629 2847/2947/2628
f 2728/2827/2509 2729/2828/2510 2849/2949/2630 2848/2948/2629
f 2729/2828/2510 2730/2829/2511 2850/2950/2631 2849/2949/2630
f 2730/2829/2511 2731/2830/2512 2851/2951/2632 2850/2950/2631
f 2731/2830/2512 2732/2831/2513 2852/2952/2633 2851/2951/2632
f 2732/2831/2513 2733/2832/2514 2853/2953/2634 2852/2952/2633
f 2733/2832/2514 2734/2833/2515 2854/2954/2635 2853/2953/2634
f 2734/2833/2515 2735/2834/2516 2855/2955/2636 2854/2954/2635
f 2735/2834/2516 2736/2835/2517 2856/2956/2637 2855/2955/2636
f 2736/2835/2517 2737/2836/2518 2857/2957/2638 2856/2956/2637
f 2737/2836/2518 2738/2837/2519 2858/2958/2639 2857/2957/2638
f 2738/2837/2519 2739/2838/2520 2859/2959/2640 2858/2958/2639
f 2739/2838/2520 2740/2839/2521 2860/2960/2641 2859/2959/2640
f 2740/2839/2521 2741/2840/2522 2861/2961/2642 2860/2960/2641
f 2741/2840/2522 2742/2841/2523 2862/2962/2643 2861/2961/2642
f 2742/2841/2523 2743/2842/2524 2863/2963/2644 2862/2962/2643
f 2743/2842/2524 2744/2843/2525 2864/2964/2645 2863/2963/2644
f 2744/2843/2525 2745/2844/2526 2865/2965/2646 2864/2964/2645
f 2745/2844/2526 2746/2845/2527 2866/2966/2647 2865/2965/2646
f 2746/2845/2527 2747/2846/2528 2867/2967/2648 2866/2966/2647
f 2747/2846/2528 2748/2847/2529 2868/2968/2649 2867/2967/2648
f 2748/2847/2529 2749/2848/2530 2869/2969/2650 2868/2968/2649
f 2749/2848/2530 2750/2849/2531 2870/2970/2651 2869/2969/2650
f 2750/2849/2531 2751/2850/2532 2871/2971/2652 2870/2970/2651
f 2751/2850/2532 2752/2851/2533 2872/2972/2653 2871/2971/2652
f 2752/2851/2533 2753/2852/2534 2873/2973/2654 2872/2972/2653
f 2753/2852/2534 2754/2853/2535 2874/2974/2655 2873/2973/2654
f 2754/2853/2535 2755/2854/2536 2875/2975/2656 2874/2974/2655
f 2755/2854/2536 2756/2855/2537 2876/2976/2657 2875/2975/2656
f 2756/2855/2537 2757/2856/2538 2877/2977/2658 2876/2976/2657
f 2757/2856/2538 2758/2857/2539 2878/2978/2659 2877/2977/2658
f 2758/2857/2539 2759/2858/2540 2879/2979/2660 2878/2978/2659
f 2759/2858/2540 2760/2859/2541 2880/2980/2661 2879/2979/2660
f 2760/2859/2541 2761/2860/2542 2881/2981/2662 2880/2980/2661
f 2761/2860/2542 2642/2861/2424 2762/2982/2544 2881/2981/2662
f 2762/2863/1302 2763/2862/1302 2882/2983/1302
f 2763/2862/1302 2764/2864/1302 2882/2984/1302
f 2764/2864/1302 2765/2865/1302 2882/2985/1302
f 2765/2865/1302 2766/2866/1302 2882/2986/1302
f 2766/2866/1302 2767/2867/1302 2882/2987/1302
f 2767/2867/1302 2768/2868/1302 2882/2988/1302
f 2768/2868/1302 2769/2869/1302 2882/2989/1302
f 2769/2869/1302 2770/2870/1302 2882/2990/1302
f 2770/2870/1302 2771/2871/1302 2882/2991/1302
f 2771/2871/1302 2772/2872/1302 2882/2992/1302
f 2772/2872/1302 2773/2873/1302 2882/2993/1302
f 2773/2873/1302 2774/2874/1302 2882/2994/1302
f 2774/2874/1302 2775/2875/1302 2882/2995/1302
f 2775/2875/1302 2776/2876/1302 2882/2996/1302
f 2776/2876/1302 2777/2877/1302 2882/2997/1302
f 2777/2877/1302 2778/2878/1302 2882/2998/1302
f 2778/2878/1302 2779/2879/1302 2882/2999/1302
f 2779/2879/1302 2780/2880/1302 2882/3000/1302
f 2780/2880/1302 2781/2881/1302 2882/3001/1302
f 2781/2881/1302 2782/2882/1302 2882/3002/1302
f 2782/2882/1302 2783/2883/1302 2882/3003/1302
f 2783/2883/1302 2784/2884/1302 2882/3004/1302
f 2784/2884/1302 2785/2885/1302 2882/3005/1302
f 2785/2885/1302 2786/2886/1302 2882/3006/1302
f 2786/2886/1302 2787/2887/1302 2882/3007/1302
f 2787/2887/1302 2788/2888/1302 2882/3008/1302
f 2788/2888/1302 2789/2889/1302 2882/3009/1302
f 2789/2889/1302 2790/2890/1302 2882/3010/1302
f 2790/2890/1302 2791/2891/1302 2882/3011/1302
f 2791/2891/1302 2792/2892/1302 2882/3012/1302
f 2792/2892/1302 2793/2893/1302 2882/3013/1302
f 2793/2893/1302 2794/2894/1302 2882/3014/1302
f 2794/2894/1302 2795/2895/1302 2882/3015/1302
f 2795/2895/1302 2796/2896/1302 2882/3016/1302
f 2796/2896/1302 2797/2897/1302 2882/3017/1302
f 2797/2897/1302 2798/2898/1302 2882/3018/1302
f 2798/2898/1302 2799/2899/1302 2882/3019/1302
f 2799/2899/1302 2800/2900/1302 2882/3020/1302
f 2800/2900/1302 2801/2901/1302 2882/3021/1302
f 2801/2901/1302 2802/2902/1302 2882/3022/1302
f 2802/2902/1302 2803/2903/1302 2882/3023/1302
f 2803/2903/1302 2804/2904/1302 2882/3024/1302
f 2804/2904/1302 2805/2905/1302 2882/3025/1302
f 2805/2905/1302 2806/2906/1302 2882/3026/1302
f 2806/2906/1302 2807/2907/1302 2882/3027/1302
f 2807/2907/1302 2808/2908/1302 2882/3028/1302
f 2808/2908/1302 2809/2909/1302 2882/3029/1302
f 2809/2909/1302 2810/2910/1302 2882/3030/1302
f 2810/2910/1302 2811/2911/1302 2882/3031/1302
f 2811/2911/1302 2812/2912/1302 2882/3032/1302
f 2812/2912/1302 2813/2913/1302 2882/3033/1302
f 2813/2913/1302 2814/2914/1302 2882/3034/1302
f 2814/2914/1302 2815/2915/1302 2882/3035/1302
f 2815/2915/1302 2816/2916/1302 2882/3036/1302
f 2816/2916/1302 2817/2917/1302 2882/3037/1302
f 2817/2917/1302 2818/2918/1302 2882/3038/1302
f 2818/2918/1302 2819/2919/1302 2882/3039/1302
f 2819/2919/1302 2820/2920/1302 2882/3040/1302
f 2820/2920/1302 2821/2921/1302 2882/3041/1302
f 2821/2921/1302 2822/2922/1302 2882/3042/1302
f 2822/2922/1302 2823/2923/1302 2882/3043/1302
f 2823/2923/1302 2824/2924/1302 2882/3044/1302
f 2824/2924/1302 2825/2925/1302 2882/3045/1302
f 2825/2925/1302 2826/2926/1302 2882/3046/1302
f 2826/2926/1302 2827/2927/1302 2882/3047/1302
f 2827/2927/1302 2828/2928/1302 2882/3048/1302
f 2828/2928/1302 2829/2929/1302 2882/3049/1302
f 2829/2929/1302 2830/2930/1302 2882/3050/1302
f 2830/2930/1302 2831/2931/1302 2882/3051/1302
f 2831/2931/1302 2832/2932/1302 2882/3052/1302
f 2832/2932/1302 2833/2933/1302 2882/3053/1302
f 2833/2933/1302 2834/2934/1302 2882/3054/1302
f 2834/2934/1302 2835/2935/1302 2882/3055/1302
f 2835/2935/1302 2836/2936/1302 2882/3056/1302
f 2836/2936/1302 2837/2937/1302 2882/3057/1302
f 2837/2937/1302 2838/2938/1302 2882/3058/1302
f 2838/2938/1302 2839/2939/1302 2882/3059/1302
f 2839/2939/1302 2840/2940/1302 2882/3060/1302
f 2840/2940/1302 2841/2941/1302 2882/3061/1302
f 2841/2941/1302 2842/2942/1302 2882/3062/1302
f 2842/2942/1302 2843/2943/1302 2882/3063/1302
f 2843/2943/1302 2844/2944/1302 2882/3064/1302
f 2844/2944/1302 2845/2945/1302 2882/3065/1302
f 2845/2945/1302 2846/2946/1302 2882/3066/1302
f 2846/2946/1302 2847/2947/1302 2882/3067/1302
f 2847/2947/1302 2848/2948/1302 2882/3068/1302
f 2848/2948/1302 2849/2949/1302 2882/3069/1302
f 2849/2949/1302 2850/2950/1302 2882/3070/1302
f 2850/2950/1302 2851/2951/1302 2882/3071/1302
f 2851/2951/1302 2852/2952/1302 2882/3072/1302
f 2852/2952/1302 2853/2953/1302 2882/3073/1302
f 2853/2953/1302 2854/2954/1302 2882/3074/1302
f 2854/2954/1302 2855/2955/1302 2882/3075/1302
f 2855/2955/1302 2856/2956/1302 2882/3076/1302
f 2856/2956/1302 2857/2957/1302 2882/3077/1302
f 2857/2957/1302 2858/2958/1302 2882/3078/1302
f 2858/2958/1302 2859/2959/1302 2882/3079/1302
f 2859/2959/1302 2860/2960/1302 2882/3080/1302
f 2860/2960/1302 2861/2961/1302 2882/3081/1302
f 2861/2961/1302 2862/2962/1302 2882/3082/1302
f 2862/2962/1302 2863/2963/1302 2882/3083/1302
f 2863/2963/1302 2864/2964/1302 2882/3084/1302
f 2864/2964/1302 2865/2965/1302 2882/3085/1302
f 2865/2965/1302 2866/2966/1302 2882/3086/1302
f 2866/2966/1302 2867/2967/1302 2882/3087/1302
f 2867/2967/1302 2868/2968/1302 2882/3088/1302
f 2868/2968/1302 2869/2969/1302 2882/3089/1302
f 2869/2969/1302 2870/2970/1302 2882/3090/1302
f 2870/2970/1302 2871/2971/1302 2882/3091/1302
f 2871/2971/1302 2872/2972/1302 2882/3092/1302
f 2872/2972/1302 2873/2973/1302 2882/3093/1302
f 2873/2973/1302 2874/2974/1302 2882/3094/1302
f 2874/2974/1302 2875/2975/1302 2882/3095/1302
f 2875/2975/1302 2876/2976/1302 2882/3096/1302
f 2876/2976/1302 2877/2977/1302 2882/3097/1302
f 2877/2977/1302 2878/2978/1302 2882/3098/1302
f 2878/2978/1302 2879/2979/1302 2882/3099/1302
f 2879/2979/1302 2880/2980/1302 2882/3100/1302
f 2880/2980/1302 2881/2981/1302 2882/3101/1302
f 2881/2981/1302 2762/2982/1302 2882/3102/1302
usemtl trim
f 3362/3103/2663 3243/3104/2664 2883/3105/2664 3002/3106/2663
f 2884/3107/5 2885/3108/5 3005/3109/5 3004/3110/5
f 2885/3108/5 2886/3111/5 3006/3112/5 3005/3109/5
f 2886/3111/5 2887/3113/5 3007/3114/5 3006/3112/5
f 2887/3113/5 2888/3115/5 3008/3116/5 3007/3114/5
f 2888/3115/5 2889/3117/5 3009/3118/5 3008/3116/5
f 2889/3117/5 2890/3119/5 3010/3120/5 3009/3118/5
f 2890/3119/5 2891/3121/5 3011/3122/5 3010/3120/5
f 2891/3121/5 2892/3123/5 3012/3124/5 3011/3122/5
f 2892/3123/5 2893/3125/5 3013/3126/5 3012/3124/5
f 2893/3125/5 2894/3127/5 3014/3128/5 3013/3126/5
f 2894/3127/5 2895/3129/5 3015/3130/5 3014/3128/5
f 2895/3129/5 2896/3131/5 3016/3132/5 3015/3130/5
f 2896/3131/5 2897/3133/5 3017/3134/5 3016/3132/5
f 2897/3133/5 2898/3135/5 3018/3136/5 3017/3134/5
f 2898/3135/5 2899/3137/5 3019/3138/5 3018/3136/5
f 2899/3137/5 2900/3139/5 3020/3140/5 3019/3138/5
f 2900/3139/5 2901/3141/5 3021/3142/5 3020/3140/5
f 2901/3141/5 2902/3143/5 3022/3144/5 3021/3142/5
f 2902/3143/5 2903/3145/5 3023/3146/5 3022/3144/5
f 2903/3145/5 2904/3147/5 3024/3148/5 3023/3146/5
f 2904/3147/5 2905/3149/5 3025/3150/5 3024/3148/5
f 2905/3149/5 2906/3151/5 3026/3152/5 3025/3150/5
f 2906/3151/5 2907/3153/5 3027/3154/5 3026/3152/5
f 2907/3153/5 2908/3155/5 3028/3156/5 3027/3154/5
f 2908/3155/5 2909/3157/5 3029/3158/5 3028/3156/5
f 2909/3157/5 2910/3159/5 3030/3160/5 3029/3158/5
f 2910/3159/5 2911/3161/5 3031/3162/5 3030/3160/5
f 2911/3161/5 2912/3163/5 3032/3164/5 3031/3162/5
f 2912/3163/5 2913/3165/5 3033/3166/5 3032/3164/5
f 2913/3165/5 2914/3167/5 3034/3168/5 3033/3166/5
f 2914/3167/5 2915/3169/5 3035/3170/5 3034/3168/5
f 2915/3169/5 2916/3171/5 3036/3172/5 3035/3170/5
f 2916/3171/5 2917/3173/5 3037/3174/5 3036/3172/5
f 2917/3173/5 2918/3175/5 3038/3176/5 3037/3174/5
f 2918/3175/5 2919/3177/5 3039/3178/5 3038/3176/5
f 2919/3177/5 2920/3179/5 3040/3180/5 3039/3178/5
f 2920/3179/5 2921/3181/5 3041/3182/5 3040/3180/5
f 2921/3181/5 2922/3183/5 3042/3184/5 3041/3182/5
f 2922/3183/5 2923/3185/5 3043/3186/5 3042/3184/5
f 2923/3185/5 2924/3187/5 3044/3188/5 3043/3186/5
f 2924/3187/5 2925/3189/5 3045/3190/5 3044/3188/5
f 2925/3189/5 2926/3191/5 3046/3192/5 3045/3190/5
f 2926/3191/5 2927/3193/5 3047/3194/5 3046/3192/5
f 2927/3193/5 2928/3195/5 3048/3196/5 3047/3194/5
f 2928/3195/5 2929/3197/5 3049/3198/5 3048/3196/5
f 2929/3197/5 2930/3199/5 3050/3200/5 3049/3198/5
f 2930/3199/5 2931/3201/5 3051/3202/5 3050/3200/5
f 2931/3201/5 2932/3203/5 3052/3204/5 3051/3202/5
f 2932/3203/5 2933/3205/5 3053/3206/5 3052/3204/5
f 2933/3205/5 2934/3207/5 3054/3208/5 3053/3206/5
f 2934/3207/5 2935/3209/5 3055/3210/5 3054/3208/5
f 2935/3209/5 2936/3211/5 3056/3212/5 3055/3210/5
f 2936/3211/5 2937/3213/5 3057/3214/5 3056/3212/5
f 2937/3213/5 2938/3215/5 3058/3216/5 3057/3214/5
f 2938/3215/5 2939/3217/5 3059/3218/5 3058/3216/5
f 2939/3217/5 2940/3219/5 3060/3220/5 3059/3218/5
f 2940/3219/5 2941/3221/5 3061/3222/5 3060/3220/5
f 2941/3221/5 2942/3223/5 3062/3224/5 3061/3222/5
f 2942/3223/5 2943/3225/5 3063/3226/5 3062/3224/5
f 2943/3225/5 2944/3227/5 3064/3228/5 3063/3226/5
f 2944/3227/5 2945/3229/5 3065/3230/5 3064/3228/5
f 2945/3229/5 2946/3231/5 3066/3232/5 3065/3230/5
f 2946/3231/5 2947/3233/5 3067/3234/5 3066/3232/5
f 2947/3233/5 2948/3235/5 3068/3236/5 3067/3234/5
f 2948/3235/5 2949/3237/5 3069/3238/5 3068/3236/5
f 2949/3237/5 2950/3239/5 3070/3240/5 3069/3238/5
f 2950/3239/5 2951/3241/5 3071/3242/5 3070/3240/5
f 2951/3241/5 2952/3243/5 3072/3244/5 3071/3242/5
f 2952/3243/5 2953/3245/5 3073/3246/5 3072/3244/5
f 2953/3245/5 2954/3247/5 3074/3248/5 3073/3246/5
f 2954/3247/5 2955/3249/5 3075/3250/5 3074/3248/5
f 2955/3249/5 2956/3251/5 3076/3252/5 3075/3250/5
f 2956/3251/5 2957/3253/5 3077/3254/5 3076/3252/5
f 2957/3253/5 2958/3255/5 3078/3256/5 3077/3254/5
f 2958/3255/5 2959/3257/5 3079/3258/5 3078/3256/5
f 2959/3257/5 2960/3259/5 3080/3260/5 3079/3258/5
f 2960/3259/5 2961/3261/5 3081/3262/5 3080/3260/5
f 2961/3261/5 2962/3263/5 3082/3264/5 3081/3262/5
f 2962/3263/5 2963/3265/5 3083/3266/5 3082/3264/5
f 2963/3265/5 2964/3267/5 3084/3268/5 3083/3266/5
f 2964/3267/5 2965/3269/5 3085/3270/5 3084/3268/5
f 2965/3269/5 2966/3271/5 3086/3272/5 3085/3270/5
f 2966/3271/5 2967/3273/5 3087/3274/5 3086/3272/5
f 2967/3273/5 2968/3275/5 3088/3276/5 3087/3274/5
f 2968/3275/5 2969/3277/5 3089/3278/5 3088/3276/5
f 2969/3277/5 2970/3279/5 3090/3280/5 3089/3278/5
f 2970/3279/5 2971/3281/5 3091/3282/5 3090/3280/5
f 2971/3281/5 2972/3283/5 3092/3284/5 3091/3282/5
f 2972/3283/5 2973/3285/5 3093/3286/5 3092/3284/5
f 2973/3285/5 2974/3287/5 3094/3288/5 3093/3286/5
f 2974/3287/5 2975/3289/5 3095/3290/5 3094/3288/5
f 2975/3289/5 2976/3291/5 3096/3292/5 3095/3290/5
f 2976/3291/5 2977/3293/5 3097/3294/5 3096/3292/5
f 2977/3293/5 2978/3295/5 3098/3296/5 3097/3294/5
f 2978/3295/5 2979/3297/5 3099/3298/5 3098/3296/5
f 2979/3297/5 2980/3299/5 3100/3300/5 3099/3298/5
f 2980/3299/5 2981/3301/5 3101/3302/5 3100/3300/5
f 2981/3301/5 2982/3303/5 3102/3304/5 3101/3302/5
f 2982/3303/5 2983/3305/5 3103/3306/5 3102/3304/5
f 2983/3305/5 2984/3307/5 3104/3308/5 3103/3306/5
f 2984/3307/5 2985/3309/5 3105/3310/5 3104/3308/5
f 2985/3309/5 2986/3311/5 3106/3312/5 3105/3310/5
f 2986/3311/5 2987/3313/5 3107/3314/5 3106/3312/5
f 2987/3313/5 2988/3315/5 3108/3316/5 3107/3314/5
f 2988/3315/5 2989/3317/5 3109/3318/5 3108/3316/5
f 2989/3317/5 2990/3319/5 3110/3320/5 3109/3318/5
f 2990/3319/5 2991/3321/5 3111/3322/5 3110/3320/5
f 2991/3321/5 2992/3323/5 3112/3324/5 3111/3322/5
f 2992/3323/5 2993/3325/5 3113/3326/5 3112/3324/5
f 2993/3325/5 2994/3327/5 3114/3328/5 3113/3326/5
f 2994/3327/5 2995/3329/5 3115/3330/5 3114/3328/5
f 2995/3329/5 2996/3331/5 3116/3332/5 3115/3330/5
f 2996/3331/5 2997/3333/5 3117/3334/5 3116/3332/5
f 2997/3333/5 2998/3335/5 3118/3336/5 3117/3334/5
f 2998/3335/5 2999/3337/5 3119/3338/5 3118/3336/5
f 2999/3337/5 3000/3339/5 3120/3340/5 3119/3338/5
f 3000/3339/5 3001/3341/5 3121/3342/5 3120/3340/5
f 3001/3341/5 3002/3343/5 3122/3344/5 3121/3342/5
f 3002/3343/5 2883/3345/5 3003/3346/5 3122/3344/5
f 3003/3347/2665 3004/3110/2666 3124/3348/2666 3123/3349/2665
f 3004/3110/2666 3005/3109/2667 3125/3350/2667 3124/3348/2666
f 3005/3109/2667 3006/3112/2668 3126/3351/2668 3125/3350/2667
f 3006/3112/2668 3007/3114/2669 3127/3352/2669 3126/3351/2668
f 3007/3114/2669 3008/3116/2670 3128/3353/2670 3127/3352/2669
f 3008/3116/2670 3009/3118/2671 3129/3354/2671 3128/3353/2670
f 3009/3118/2671 3010/3120/2672 3130/3355/2672 3129/3354/2671
f 3010/3120/2672 3011/3122/2673 3131/3356/2673 3130/3355/2672
f 3011/3122/2673 3012/3124/2674 3132/3357/2674 3131/3356/2673
f 3012/3124/2674 3013/3126/2675 3133/3358/2675 3132/3357/2674
f 3013/3126/2675 3014/3128/2676 3134/3359/2676 3133/3358/2675
f 3014/3128/2676 3015/3130/2677 3135/3360/2677 3134/3359/2676
f 3015/3130/2677 3016/3132/2678 3136/3361/2678 3135/3360/2677
f 3016/3132/2678 3017/3134/2679 3137/3362/2679 3136/3361/2678
f 3017/3134/2679 3018/3136/2680 3138/3363/2680 3137/3362/2679
f 3018/3136/2680 3019/3138/2681 3139/3364/2681 3138/3363/2680
f 3019/3138/2681 3020/3140/2682 3140/3365/2682 3139/3364/2681
f 3020/3140/2682 3021/3142/2683 3141/3366/2683 3140/3365/2682
f 3021/3142/2683 3022/3144/2684 3142/3367/2684 3141/3366/2683
f 3022/3144/2684 3023/3146/2685 3143/3368/2685 3142/3367/2684
f 3023/3146/2685 3024/3148/2686 3144/3369/2686 3143/3368/2685
f 3024/3148/2686 3025/3150/2687 3145/3370/2687 3144/3369/2686
f 3025/3150/2687 3026/3152/2688 3146/3371/2688 3145/3370/2687
f 3026/3152/2688 3027/3154/2689 3147/3372/2689 3146/3371/2688
f 3027/3154/2689 3028/3156/2690 3148/3373/2690 3147/3372/2689
f 3028/3156/2690 3029/3158/2691 3149/3374/2691 3148/3373/2690
f 3029/3158/2691 3030/3160/2692 3150/3375/2692 3149/3374/2691
f 3030/3160/2692 3031/3162/2693 3151/3376/2693 3150/3375/2692
f 3031/3162/2693 3032/3164/2694 3152/3377/2694 3151/3376/2693
f 3032/3164/2694 3033/3166/2695 3153/3378/2695 3152/3377/2694
f 3033/3166/2695 3034/3168/2696 3154/3379/2696 3153/3378/2695
f 3034/3168/2696 3035/3170/2697 3155/3380/2697 3154/3379/2696
f 3035/3170/2697 3036/3172/2698 3156/3381/2698 3155/3380/2697
f 3036/3172/2698 3037/3174/2699 3157/3382/2699 3156/3381/2698
f 3037/3174/2699 3038/3176/2700 3158/3383/2700 3157/3382/2699
f 3038/3176/2700 3039/3178/2701 3159/3384/2701 3158/3383/2700
f 3039/3178/2701 3040/3180/2702 3160/3385/2702 3159/3384/2701
f 3040/3180/2702 3041/3182/2703 3161/3386/2703 3160/3385/2702
f 3041/3182/2703 3042/3184/2704 3162/3387/2704 3161/3386/2703
f 3042/3184/2704 3043/3186/2705 3163/3388/2705 3162/3387/2704
f 3043/3186/2705 3044/3188/2706 3164/3389/2706 3163/3388/2705
f 3044/3188/2706 3045/3190/2707 3165/3390/2707 3164/3389/2706
f 3045/3190/2707 3046/3192/2708 3166/3391/2708 3165/3390/2707
f 3046/3192/2708 3047/3194/2709 3167/3392/2709 3166/3391/2708
f 3047/3194/2709 3048/3196/2710 3168/3393/2710 3167/3392/2709
f 3048/3196/2710 3049/3198/2711 3169/3394/2711 3168/3393/2710
f 3049/3198/2711 3050/3200/2712 3170/3395/2712 3169/3394/2711
f 3050/3200/2712 3051/3202/2713 3171/3396/2713 3170/3395/2712
f 3051/3202/2713 3052/3204/2714 3172/3397/2714 3171/3396/2713
f 3052/3204/2714 3053/3206/2715 3173/3398/2715 3172/3397/2714
f 3053/3206/2715 3054/3208/2716 3174/3399/2716 3173/3398/2715
f 3054/3208/2716 3055/3210/2717 3175/3400/2717 3174/3399/2716
f 3055/3210/2717 3056/3212/2718 3176/3401/2718 3175/3400/2717
f 3056/3212/2718 3057/3214/2719 3177/3402/2719 3176/3401/2718
f 3057/3214/2719 3058/3216/2720 3178/3403/2720 3177/3402/2719
f 3058/3216/2720 3059/3218/2721 3179/3404/2721 3178/3403/2720
f 3059/3218/2721 3060/3220/2722 3180/3405/2722 3179/3404/2721
f 3060/3220/2722 3061/3222/2723 3181/3406/2723 3180/3405/2722
f 3061/3222/2723 3062/3224/2663 3182/3407/2663 3181/3406/2723
f 3062/3224/2663 3063/3226/2664 3183/3408/2664 3182/3407/2663
f 3063/3226/2664 3064/3228/2724 3184/3409/2724 3183/3408/2664
f 3064/3228/2724 3065/3230/2725 3185/3410/2725 3184/3409/2724
f 3065/3230/2725 3066/3232/2726 3186/3411/2726 3185/3410/2725
f 3066/3232/2726 3067/3234/2727 3187/3412/2727 3186/3411/2726
f 3067/3234/2727 3068/3236/2728 3188/3413/2728 3187/3412/2727
f 3068/3236/2728 3069/3238/2729 3189/3414/2729 3188/3413/2728
f 3069/3238/2729 3070/3240/2730 3190/3415/2730 3189/3414/2729
f 3070/3240/2730 3071/3242/2731 3191/3416/2731 3190/3415/2730
f 3071/3242/2731 3072/3244/2732 3192/3417/2732 3191/3416/2731
f 3072/3244/2732 3073/3246/2733 3193/3418/2733 3192/3417/2732
f 3073/3246/2733 3074/3248/2734 3194/3419/2734 3193/3418/2733
f 3074/3248/2734 3075/3250/2735 3195/3420/2735 3194/3419/2734
f 3075/3250/2735 3076/3252/2736 3196/3421/2736 3195/3420/2735
f 3076/3252/2736 3077/3254/2737 3197/3422/2737 3196/3421/2736
f 3077/3254/2737 3078/3256/2738 3198/3423/2738 3197/3422/2737
f 3078/3256/2738 3079/3258/2739 3199/3424/2739 3198/3423/2738
f 3079/3258/2739 3080/3260/2740 3200/3425/2740 3199/3424/2739
f 3080/3260/2740 3081/3262/2741 3201/3426/2741 3200/3425/2740
f 3081/3262/2741 3082/3264/2742 3202/3427/2742 3201/3426/2741
f 3082/3264/2742 3083/3266/2743 3203/3428/2743 3202/3427/2742
f 3083/3266/2743 3084/3268/2744 3204/3429/2744 3203/3428/2743
f 3084/3268/2744 3085/3270/2745 3205/3430/2745 3204/3429/2744
f 3085/3270/2745 3086/3272/2746 3206/3431/2746 3205/3430/2745
f 3086/3272/2746 3087/3274/2747 3207/3432/2747 3206/3431/2746
f 3087/3274/2747 3088/3276/2748 3208/3433/2748 3207/3432/2747
f 3088/3276/2748 3089/3278/2749 3209/3434/2749 3208/3433/2748
f 3089/3278/2749 3090/3280/2750 3210/3435/2750 3209/3434/2749
f 3090/3280/2750 3091/3282/2751 3211/3436/2751 3210/3435/2750
f 3091/3282/2751 3092/3284/2752 3212/3437/2752 3211/3436/2751
f 3092/3284/2752 3093/3286/2753 3213/3438/2753 3212/3437/2752
f 3093/3286/2753 3094/3288/2754 3214/3439/2754 3213/3438/2753
f 3094/3288/2754 3095/3290/2755 3215/3440/2755 3214/3439/2754
f 3095/3290/2755 3096/3292/2756 3216/3441/2756 3215/3440/2755
f 3096/3292/2756 3097/3294/2757 3217/3442/2757 3216/3441/2756
f 3097/3294/2757 3098/3296/2758 3218/3443/2758 3217/3442/2757
f 3098/3296/2758 3099/3298/2759 3219/3444/2759 3218/3443/2758
f 3099/3298/2759 3100/3300/2760 3220/3445/2760 3219/3444/2759
f 3100/3300/2760 3101/3302/2761 3221/3446/2761 3220/3445/2760
f 3101/3302/2761 3102/3304/2762 3222/3447/2762 3221/3446/2761
f 3102/3304/2762 3103/3306/2763 3223/3448/2763 3222/3447/2762
f 3103/3306/2763 3104/3308/2764 3224/3449/2764 3223/3448/2763
f 3104/3308/2764 3105/3310/2765 3225/3450/2765 3224/3449/2764
f 3105/3310/2765 3106/3312/2766 3226/3451/2766 3225/3450/2765
f 3106/3312/2766 3107/3314/2767 3227/3452/2767 3226/3451/2766
f 3107/3314/2767 3108/3316/2768 3228/3453/2768 3227/3452/2767
f 3108/3316/2768 3109/3318/2769 3229/3454/2769 3228/3453/2768
f 3109/3318/2769 3110/3320/2770 3230/3455/2770 3229/3454/2769
f 3110/3320/2770 3111/3322/2771 3231/3456/2771 3230/3455/2770
f 3111/3322/2771 3112/3324/2772 3232/3457/2772 3231/3456/2771
f 3112/3324/2772 3113/3326/2773 3233/3458/2773 3232/3457/2772
f 3113/3326/2773 3114/3328/2774 3234/3459/2774 3233/3458/2773
f 3114/3328/2774 3115/3330/2775 3235/3460/2775 3234/3459/2774
f 3115/3330/2775 3116/3332/2776 3236/3461/2776 3235/3460/2775
f 3116/3332/2776 3117/3334/2777 3237/3462/2777 3236/3461/2776
f 3117/3334/2777 3118/3336/2778 3238/3463/2778 3237/3462/2777
f 3118/3336/2778 3119/3338/2779 3239/3464/2779 3238/3463/2778
f 3119/3338/2779 3120/3340/2780 3240/3465/2780 3239/3464/2779
f 3120/3340/2780 3121/3342/2781 3241/3466/2781 3240/3465/2780
f 3121/3342/2781 3122/3344/2782 3242/3467/2782 3241/3466/2781
f 3122/3344/2782 3003/3346/2665 3123/3468/2665 3242/3467/2782
f 3123/3349/1302 3124/3348/1302 3244/3469/1302 3243/3470/1302
f 3124/3348/1302 3125/3350/1302 3245/3471/1302 3244/3469/1302
f 3125/3350/1302 3126/3351/1302 3246/3472/1302 3245/3471/1302
f 3126/3351/1302 3127/3352/1302 3247/3473/1302 3246/3472/1302
f 3127/3352/1302 3128/3353/1302 3248/3474/1302 3247/3473/1302
f 3128/3353/1302 3129/3354/1302 3249/3475/1302 3248/3474/1302
f 3129/3354/1302 3130/3355/1302 3250/3476/1302 3249/3475/1302
f 3130/3355/1302 3131/3356/1302 3251/3477/1302 3250/3476/1302
f 3131/3356/1302 3132/3357/1302 3252/3478/1302 3251/3477/1302
f 3132/3357/1302 3133/3358/1302 3253/3479/1302 3252/3478/1302
f 3133/3358/1302 3134/3359/1302 3254/3480/1302 3253/3479/1302
f 3134/3359/1302 3135/3360/1302 3255/3481/1302 3254/3480/1302
f 3135/3360/1302 3136/3361/1302 3256/3482/1302 3255/3481/1302
f 3136/3361/1302 3137/3362/1302 3257/3483/1302 3256/3482/1302
f 3137/3362/1302 3138/3363/1302 3258/3484/1302 3257/3483/1302
f 3138/3363/1302 3139/3364/1302 3259/3485/1302 3258/3484/1302
f 3139/3364/1302 3140/3365/1302 3260/3486/1302 3259/3485/1302
f 3140/3365/1302 3141/3366/1302 3261/3487/1302 3260/3486/1302
f 3141/3366/1302 3142/3367/1302 3262/3488/1302 3261/3487/1302
f 3142/3367/1302 3143/3368/1302 3263/3489/1302 3262/3488/1302
f 3143/3368/1302 3144/3369/1302 3264/3490/1302 3263/3489/1302
f 3144/3369/1302 3145/3370/1302 3265/3491/1302 3264/3490/1302
f 3145/3370/1302 3146/3371/1302 3266/3492/1302 3265/3491/1302
f 3146/3371/1302 3147/3372/1302 3267/3493/1302 3266/3492/1302
f 3147/3372/1302 3148/3373/1302 3268/3494/1302 3267/3493/1302
f 3148/3373/1302 3149/3374/1302 3269/3495/1302 3268/3494/1302
f 3149/3374/1302 3150/3375/1302 3270/3496/1302 3269/3495/1302
f 3150/3375/1302 3151/3376/1302 3271/3497/1302 3270/3496/1302
f 3151/3376/1302 3152/3377/1302 3272/3498/1302 3271/3497/1302
f 3152/3377/1302 3153/3378/1302 3273/3499/1302 3272/3498/1302
f 3153/3378/1302 3154/3379/1302 3274/3500/1302 3273/3499/1302
f 3154/3379/1302 3155/3380/1302 3275/3501/1302 3274/3500/1302
f 3155/3380/1302 3156/3381/1302 3276/3502/1302 3275/3501/1302
f 3156/3381/1302 3157/3382/1302 3277/3503/1302 3276/3502/1302
f 3157/3382/1302 3158/3383/1302 3278/3504/1302 3277/3503/1302
f 3158/3383/1302 3159/3384/1302 3279/3505/1302 3278/3504/1302
f 3159/3384/1302 3160/3385/1302 3280/3506/1302 3279/3505/1302
f 3160/3385/1302 3161/3386/1302 3281/3507/1302 3280/3506/1302
f 3161/3386/1302 3162/3387/1302 3282/3508/1302 3281/3507/1302
f 3162/3387/1302 3163/3388/1302 3283/3509/1302 3282/3508/1302
f 3163/3388/1302 3164/3389/1302 3284/3510/1302 3283/3509/1302
f 3164/3389/1302 3165/3390/1302 3285/3511/1302 3284/3510/1302
f 3165/3390/1302 3166/3391/1302 3286/3512/1302 3285/3511/1302
f 3166/3391/1302 3167/3392/1302 3287/3513/1302 3286/3512/1302
f 3167/3392/1302 3168/3393/1302 3288/3514/1302 3287/3513/1302
f 3168/3393/1302 3169/3394/1302 3289/3515/1302 3288/3514/1302
f 3169/3394/1302 3170/3395/1302 3290/3516/1302 3289/3515/1302
f 3170/3395/1302 3171/3396/1302 3291/3517/1302 3290/3516/1302
f 3171/3396/1302 3172/3397/1302 3292/3518/1302 3291/3517/1302
f 3172/3397/1302 3173/3398/1302 3293/3519/1302 3292/3518/1302
f 3173/3398/1302 3174/3399/1302 3294/3520/1302 3293/3519/1302
f 3174/3399/1302 3175/3400/1302 3295/3521/1302 3294/3520/1302
f 3175/3400/1302 3176/3401/1302 3296/3522/1302 3295/3521/1302
f 3176/3401/1302 3177/3402/1302 3297/3523/1302 3296/3522/1302
f 3177/3402/1302 3178/3403/1302 3298/3524/1302 3297/3523/1302
f 3178/3403/1302 3179/3404/1302 3299/3525/1302 3298/3524/1302
f 3179/3404/1302 3180/3405/1302 3300/3526/1302 3299/3525/1302
f 3180/3405/1302 3181/3406/1302 3301/3527/1302 3300/3526/1302
f 3181/3406/1302 3182/3407/1302 3302/3528/1302 3301/3527/1302
f 3182/3407/1302 3183/3408/1302 3303/3529/1302 3302/3528/1302
f 3183/3408/1302 3184/3409/1302 3304/3530/1302 3303/3529/1302
f 3184/3409/1302 3185/3410/1302 3305/3531/1302 3304/3530/1302
f 3185/3410/1302 3186/3411/1302 3306/3532/1302 3305/3531/1302
f 3186/3411/1302 3187/3412/1302 3307/3533/1302 3306/3532/1302
f 3187/3412/1302 3188/3413/1302 3308/3534/1302 3307/3533/1302
f 3188/3413/1302 3189/3414/1302 3309/3535/1302 3308/3534/1302
f 3189/3414/1302 3190/3415/1302 3310/3536/1302 3309/3535/1302
f 3190/3415/1302 3191/3416/1302 3311/3537/1302 3310/3536/1302
f 3191/3416/1302 3192/3417/1302 3312/3538/1302 3311/3537/1302
f 3192/3417/1302 3193/3418/1302 3313/3539/1302 3312/3538/1302
f 3193/3418/1302 3194/3419/1302 3314/3540/1302 3313/3539/1302
f 3194/3419/1302 3195/3420/1302 3315/3541/1302 3314/3540/1302
f 3195/3420/1302 3196/3421/1302 3316/3542/1302 3315/3541/1302
f 3196/3421/1302 3197/3422/1302 3317/3543/1302 3316/3542/1302
f 3197/3422/1302 3198/3423/1302 3318/3544/1302 3317/3543/1302
f 3198/3423/1302 3199/3424/1302 3319/3545/1302 3318/3544/1302
f 3199/3424/1302 3200/3425/1302 3320/3546/1302 3319/3545/1302
f 3200/3425/1302 3201/3426/1302 3321/3547/1302 3320/3546/1302
f 3201/3426/1302 3202/3427/1302 3322/3548/1302 3321/3547/1302
f 3202/3427/1302 3203/3428/1302 3323/3549/1302 3322/3548/1302
f 3203/3428/1302 3204/3429/1302 3324/3550/1302 3323/3549/1302
f 3204/3429/1302 3205/3430/1302 3325/3551/1302 3324/3550/1302
f 3205/3430/1302 3206/3431/1302 3326/3552/1302 3325/3551/1302
f 3206/3431/1302 3207/3432/1302 3327/3553/1302 3326/3552/1302
f 3207/3432/1302 3208/3433/1302 3328/3554/1302 3327/3553/1302
f 3208/3433/1302 3209/3434/1302 3329/3555/1302 3328/3554/1302
f 3209/3434/1302 3210/3435/1302 3330/3556/1302 3329/3555/1302
f 3210/3435/1302 3211/3436/1302 3331/3557/1302 3330/3556/1302
f 3211/3436/1302 3212/3437/1302 3332/3558/1302 3331/3557/1302
f 3212/3437/1302 3213/3438/1302 3333/3559/1302 3332/3558/1302
f 3213/3438/1302 3214/3439/1302 3334/3560/1302 3333/3559/1302
f 3214/3439/1302 3215/3440/1302 3335/3561/1302 3334/3560/1302
f 3215/3440/1302 3216/3441/1302 3336/3562/1302 3335/3561/1302
f 3216/3441/1302 3217/3442/1302 3337/3563/1302 3336/3562/1302
f 3217/3442/1302 3218/3443/1302 3338/3564/1302 3337/3563/1302
f 3218/3443/1302 3219/3444/1302 3339/3565/1302 3338/3564/1302
f 3219/3444/1302 3220/3445/1302 3340/3566/1302 3339/3565/1302
f 3220/3445/1302 3221/3446/1302 3341/3567/1302 3340/3566/1302
f 3221/3446/1302 3222/3447/1302 3342/3568/1302 3341/3567/1302
f 3222/3447/1302 3223/3448/1302 3343/3569/1302 3342/3568/1302
f 3223/3448/1302 3224/3449/1302 3344/3570/1302 3343/3569/1302
f 3224/3449/1302 3225/3450/1302 3345/3571/1302 3344/3570/1302
f 3225/3450/1302 3226/3451/1302 3346/3572/1302 3345/3571/1302
f 3226/3451/1302 3227/3452/1302 3347/3573/1302 3346/3572/1302
f 3227/3452/1302 3228/3453/1302 3348/3574/1302 3347/3573/1302
f 3228/3453/1302 3229/3454/1302 3349/3575/1302 3348/3574/1302
f 3229/3454/1302 3230/3455/1302 3350/3576/1302 3349/3575/1302
f 3230/3455/1302 3231/3456/1302 3351/3577/1302 3350/3576/1302
f 3231/3456/1302 3232/3457/1302 3352/3578/1302 3351/3577/1302
f 3232/3457/1302 3233/3458/1302 3353/3579/1302 3352/3578/1302
f 3233/3458/1302 3234/3459/1302 3354/3580/1302 3353/3579/1302
f 3234/3459/1302 3235/3460/1302 3355/3581/1302 3354/3580/1302
f 3235/3460/1302 3236/3461/1302 3356/3582/1302 3355/3581/1302
f 3236/3461/1302 3237/3462/1302 3357/3583/1302 3356/3582/1302
f 3237/3462/1302 3238/3463/1302 3358/3584/1302 3357/3583/1302
f 3238/3463/1302 3239/3464/1302 3359/3585/1302 3358/3584/1302
f 3239/3464/1302 3240/3465/1302 3360/3586/1302 3359/3585/1302
f 3240/3465/1302 3241/3466/1302 3361/3587/1302 3360/3586/1302
f 3241/3466/1302 3242/3467/1302 3362/3103/1302 3361/3587/1302
f 3242/3467/1302 3123/3468/1302 3243/3104/1302 3362/3103/1302
f 3243/3470/2664 3244/3469/2724 2884/3588/2724 2883/3589/2664
f 3244/3469/2724 3245/3471/2725 2885/3590/2725 2884/3588/2724
f 3245/3471/2725 3246/3472/2726 2886/3591/2726 2885/3590/2725
f 3246/3472/2726 3247/3473/2727 2887/3592/2727 2886/3591/2726
f 3247/3473/2727 3248/3474/2728 2888/3593/2728 2887/3592/2727
f 3248/3474/2728 3249/3475/2729 2889/3594/2729 2888/3593/2728
f 3249/3475/2729 3250/3476/2730 2890/3595/2730 2889/3594/2729
f 3250/3476/2730 3251/3477/2731 2891/3596/2731 2890/3595/2730
f 3251/3477/2731 3252/3478/2732 2892/3597/2732 2891/3596/2731
f 3252/3478/2732 3253/3479/2733 2893/3598/2733 2892/3597/2732
f 3253/3479/2733 3254/3480/2734 2894/3599/2734 2893/3598/2733
f 3254/3480/2734 3255/3481/2735 2895/3600/2735 2894/3599/2734
f 3255/3481/2735 3256/3482/2736 2896/3601/2736 2895/3600/2735
f 3256/3482/2736 3257/3483/2737 2897/3602/2737 2896/3601/2736
f 3257/3483/2737 3258/3484/2738 2898/3603/2738 2897/3602/2737
f 3258/3484/2738 3259/3485/2739 2899/3604/2739 2898/3603/2738
f 3259/3485/2739 3260/3486/2740 2900/3605/2740 2899/3604/2739
f 3260/3486/2740 3261/3487/2741 2901/3606/2741 2900/3605/2740
f 3261/3487/2741 3262/3488/2742 2902/3607/2742 2901/3606/2741
f 3262/3488/2742 3263/3489/2743 2903/3608/2743 2902/3607/2742
f 3263/3489/2743 3264/3490/2744 2904/3609/2744 2903/3608/2743
f 3264/3490/2744 3265/3491/2745 2905/3610/2745 2904/3609/2744
f 3265/3491/2745 3266/3492/2746 2906/3611/2746 2905/3610/2745
f 3266/3492/2746 3267/3493/2747 2907/3612/2747 2906/3611/2746
f 3267/3493/2747 3268/3494/2748 2908/3613/2748 2907/3612/2747
f 3268/3494/2748 3269/3495/2749 2909/3614/2749 2908/3613/2748
f 3269/3495/2749 3270/3496/2750 2910/3615/2750 2909/3614/2749
f 3270/3496/2750 3271/3497/2751 2911/3616/2751 2910/3615/2750
f 3271/3497/2751 3272/3498/2752 2912/3617/2752 2911/3616/2751
f 3272/3498/2752 3273/3499/2753 2913/3618/2753 2912/3617/2752
f 3273/3499/2753 3274/3500/2754 2914/3619/2754 2913/3618/2753
f 3274/3500/2754 3275/3501/2755 2915/3620/2755 2914/3619/2754
f 3275/3501/2755 3276/3502/2756 2916/3621/2756 2915/3620/2755
f 3276/3502/2756 3277/3503/2757 2917/3622/2757 2916/3621/2756
f 3277/3503/2757 3278/3504/2758 2918/3623/2758 2917/3622/2757
f 3278/3504/2758 3279/3505/2759 2919/3624/2759 2918/3623/2758
f 3279/3505/2759 3280/3506/2760 2920/3625/2760 2919/3624/2759
f 3280/3506/2760 3281/3507/2761 2921/3626/2761 2920/3625/2760
f 3281/3507/2761 3282/3508/2762 2922/3627/2762 2921/3626/2761
f 3282/3508/2762 3283/3509/2763 2923/3628/2763 2922/3627/2762
f 3283/3509/2763 3284/3510/2764 2924/3629/2764 2923/3628/2763
f 3284/3510/2764 3285/3511/2765 2925/3630/2765 2924/3629/2764
f 3285/3511/2765 3286/3512/2766 2926/3631/2766 2925/3630/2765
f 3286/3512/2766 3287/3513/2767 2927/3632/2767 2926/3631/2766
f 3287/3513/2767 3288/3514/2768 2928/3633/2768 2927/3632/2767
f 3288/3514/2768 3289/3515/2769 2929/3634/2769 2928/3633/2768
f 3289/3515/2769 3290/3516/2770 2930/3635/2770 2929/3634/2769
f 3290/3516/2770 3291/3517/2771 2931/3636/2771 2930/3635/2770
f 3291/3517/2771 3292/3518/2772 2932/3637/2772 2931/3636/2771
f 3292/3518/2772 3293/3519/2773 2933/3638/2773 2932/3637/2772
f 3293/3519/2773 3294/3520/2774 2934/3639/2774 2933/3638/2773
f 3294/3520/2774 3295/3521/2775 2935/3640/2775 2934/3639/2774
f 3295/3521/2775 3296/3522/2776 2936/3641/2776 2935/3640/2775
f 3296/3522/2776 3297/3523/2777 2937/3642/2777 2936/3641/2776
f 3297/3523/2777 3298/3524/2778 2938/3643/2778 2937/3642/2777
f 3298/3524/2778 3299/3525/2779 2939/3644/2779 2938/3643/2778
f 3299/3525/2779 3300/3526/2780 2940/3645/2780 2939/3644/2779
f 3300/3526/2780 3301/3527/2781 2941/3646/2781 2940/3645/2780
f 3301/3527/2781 3302/3528/2782 2942/3647/2782 2941/3646/2781
f 3302/3528/2782 3303/3529/2665 2943/3648/2665 2942/3647/2782
f 3303/3529/2665 3304/3530/2666 2944/3649/2666 2943/3648/2665
f 3304/3530/2666 3305/3531/2667 2945/3650/2667 2944/3649/2666
f 3305/3531/2667 3306/3532/2668 2946/3651/2668 2945/3650/2667
f 3306/3532/2668 3307/3533/2669 2947/3652/2669 2946/3651/2668
f 3307/3533/2669 3308/3534/2670 2948/3653/2670 2947/3652/2669
f 3308/3534/2670 3309/3535/2671 2949/3654/2671 2948/3653/2670
f 3309/3535/2671 3310/3536/2672 2950/3655/2672 2949/3654/2671
f 3310/3536/2672 3311/3537/2673 2951/3656/2673 2950/3655/2672
f 3311/3537/2673 3312/3538/2674 2952/3657/2674 2951/3656/2673
f 3312/3538/2674 3313/3539/2675 2953/3658/2675 2952/3657/2674
f 3313/3539/2675 3314/3540/2676 2954/3659/2676 2953/3658/2675
f 3314/3540/2676 3315/3541/2677 2955/3660/2677 2954/3659/2676
f 3315/3541/2677 3316/3542/2678 2956/3661/2678 2955/3660/2677
f 3316/3542/2678 3317/3543/2679 2957/3662/2679 2956/3661/2678
f 3317/3543/2679 3318/3544/2680 2958/3663/2680 2957/3662/2679
f 3318/3544/2680 3319/3545/2681 2959/3664/2681 2958/3663/2680
f 3319/3545/2681 3320/3546/2682 2960/3665/2682 2959/3664/2681
f 3320/3546/2682 3321/3547/2683 2961/3666/2683 2960/3665/2682
f 3321/3547/2683 3322/3548/2684 2962/3667/2684 2961/3666/2683
f 3322/3548/2684 3323/3549/2685 2963/3668/2685 2962/3667/2684
f 3323/3549/2685 3324/3550/2686 2964/3669/2686 2963/3668/2685
f 3324/3550/2686 3325/3551/2687 2965/3670/2687 2964/3669/2686
f 3325/3551/2687 3326/3552/2688 2966/3671/2688 2965/3670/2687
f 3326/3552/2688 3327/3553/2689 2967/3672/2689 2966/3671/2688
f 3327/3553/2689 3328/3554/2690 2968/3673/2690 2967/3672/2689
f 3328/3554/2690 3329/3555/2691 2969/3674/2691 2968/3673/2690
f 3329/3555/2691 3330/3556/2692 2970/3675/2692 2969/3674/2691
f 3330/3556/2692 3331/3557/2693 2971/3676/2693 2970/3675/2692
f 3331/3557/2693 3332/3558/2694 2972/3677/2694 2971/3676/2693
f 3332/3558/2694 3333/3559/2695 2973/3678/2695 2972/3677/2694
f 3333/3559/2695 3334/3560/2696 2974/3679/2696 2973/3678/2695
f 3334/3560/2696 3335/3561/2697 2975/3680/2697 2974/3679/2696
f 3335/3561/2697 3336/3562/2698 2976/3681/2698 2975/3680/2697
f 3336/3562/2698 3337/3563/2699 2977/3682/2699 2976/3681/2698
f 3337/3563/2699 3338/3564/2700 2978/3683/2700 2977/3682/2699
f 3338/3564/2700 3339/3565/2701 2979/3684/2701 2978/3683/2700
f 3339/3565/2701 3340/3566/2702 2980/3685/2702 2979/3684/2701
f 3340/3566/2702 3341/3567/2703 2981/3686/2703 2980/3685/2702
f 3341/3567/2703 3342/3568/2704 2982/3687/2704 2981/3686/2703
f 3342/3568/2704 3343/3569/2705 2983/3688/2705 2982/3687/2704
f 3343/3569/2705 3344/3570/2706 2984/3689/2706 2983/3688/2705
f 3344/3570/2706 3345/3571/2707 2985/3690/2707 2984/3689/2706
f 3345/3571/2707 3346/3572/2708 2986/3691/2708 2985/3690/2707
f 3346/3572/2708 3347/3573/2709 2987/3692/2709 2986/3691/2708
f 3347/3573/2709 3348/3574/2710 2988/3693/2710 2987/3692/2709
f 3348/3574/2710 3349/3575/2711 2989/3694/2711 2988/3693/2710
f 3349/3575/2711 3350/3576/2712 2990/3695/2712 2989/3694/2711
f 3350/3576/2712 3351/3577/2713 2991/3696/2713 2990/3695/2712
f 3351/3577/2713 3352/3578/2714 2992/3697/2714 2991/3696/2713
f 3352/3578/2714 3353/3579/2715 2993/3698/2715 2992/3697/2714
f 3353/3579/2715 3354/3580/2716 2994/3699/2716 2993/3698/2715
f 3354/3580/2716 3355/3581/2717 2995/3700/2717 2994/3699/2716
f 3355/3581/2717 3356/3582/2718 2996/3701/2718 2995/3700/2717
f 3356/3582/2718 3357/3583/2719 2997/3702/2719 2996/3701/2718
f 3357/3583/2719 3358/3584/2720 2998/3703/2720 2997/3702/2719
f 3358/3584/2720 3359/3585/2721 2999/3704/2721 2998/3703/2720
f 3359/3585/2721 3360/3586/2722 3000/3705/2722 2999/3704/2721
f 3360/3586/2722 3361/3587/2723 3001/3706/2723 3000/3705/2722
f 3361/3587/2723 3362/3103/2663 3002/3106/2663 3001/3706/2723
f 2883/3707/5 2884/3107/5 3004/3110/5 3003/3347/5
